id,record_type,date,region,locality,prosecutor_office,enterprise,sector,workers_affected,amount_rub,period_unpaid,months_unpaid,compensation_rub,measures,outcome,title_ru,key_sentence_ru,source_url,possible_duplicate
1,Case,2024-04-26,Donetsk,Donetsk city,Прокуратура Ленинского района,Not stated,Mining and metallurgy,3292,63000000.0,Mar 2024,1,,Prosecutor representation,Not stated,В Донецкой Народной Республике после вмешательства прокуратуры работникам Донецкого металлургического завода выплачены долги по заработной плате на сумму более 63 млн рублей,"В ходе надзорных мероприятий установлено, что перед 3292 работниками завода за март 2024 года образовалась задолженность по заработной плате на сумму свыше 63 млн рублей.",https://epp.genproc.gov.ru/ru/proc_dnr/mass-media/news/archive/e8112384/,False
2,Case,2024-05-14,Luhansk,Milove,Прокуратура Меловского района Луганской,«Стрелецкий конный завод № 60»,Municipal and state enterprises,41,3000000.0,Jan to Feb 2024,2,,Prosecutor representation,Paid in full after prosecutor intervention,В Луганской Народной Республике по требованию прокуратуры выплачена зарплата работникам конного завода на общую сумму более 3 млн рублей,"Установлено, что перед 41 работником предприятия образовалась задолженность по заработной плате за январь–февраль 2024 года.",https://epp.genproc.gov.ru/ru/proc_lnr/mass-media/news/archive/e8115510/,False
3,Case,2024-05-20,Zaporizhzhia,Zaporizhzhia (regional office),прокуратуры Запорожской области,«Центр досуга «Проминь»,Utilities and housing services,545,44000000.0,Feb to Mar 2024,2,,Prosecutor representation,Paid in full after prosecutor intervention,Благодаря вмешательству прокуратуры Запорожской области работникам коммунального предприятия выплачены долги по заработной плате на сумму свыше 44 млн рублей,"Установлено, что перед 545 работниками предприятия образовалась задолженность по заработной плате за февраль – март 2024 г., общая сумма которой составила более 44 млн рублей.",https://epp.genproc.gov.ru/ru/proc_zo/mass-media/news/archive/e4961040/,False
4,Case,2024-05-21,Luhansk,Lysychansk,прокуратура,«Кременское лесоохотничье хозяйство»,Municipal and state enterprises,156,20000000.0,Nov 2022,1,,Court claims on behalf of workers,Paid in full after prosecutor intervention,В Луганской Народной Республике по требованию прокуратуры выплачены долги по заработной плате на сумму свыше 20 млн рублей,"В ходе надзорных мероприятий установлено, что перед 156 работниками предприятия образовалась задолженность по заработной плате за ноябрь 2022 г.",https://epp.genproc.gov.ru/ru/proc_lnr/mass-media/news/archive/e8115489/,False
5,Case,2024-05-28,Luhansk,Markivka,Прокуратура Марковского района Луганской,«Беловодское лесоохотничье хозяйство»,Municipal and state enterprises,6,1000000.0,Oct 2022,1,,Court claims on behalf of workers,Paid in full after prosecutor intervention,В Луганской Народной Республике по требованию прокуратуры выплачена зарплата работникам на общую сумму более 1 млн рублей,"В ходе надзорных мероприятий установлено, что перед 6 работниками предприятия образовалась задолженность по заработной плате за октябрь 
2022 г.",https://epp.genproc.gov.ru/ru/proc_lnr/mass-media/news/archive/e8115468/,False
6,Case,2024-05-30,Zaporizhzhia,Zaporizhzhia (regional office),Прокуратура Запорожской области,«Комфорт»,Municipal and state enterprises,111,4600000.0,Feb to Mar 2024,2,,Prosecutor representation,Paid in full after prosecutor intervention,"В Запорожской области по требованию прокуратуры выплачена зарплата на общую сумму более 4,6 млн рублей","Установлено, что перед 111 работниками предприятия образовалась задолженность по заработной плате за февраль – март 2024 г., общая сумма которой составила более 4,6 млн рублей.",https://epp.genproc.gov.ru/ru/proc_zo/mass-media/news/archive/e4961028/,False
7,Case,2024-06-03,Kherson,Kherson (regional office),Органами прокуратуры Херсонской области,Not stated,Education,7700,300000000.0,Apr 2024,1,,Prosecutor representation,Not stated,В Херсонской области после вмешательства прокуратуры работникам бюджетных учреждений выплачены долги по заработной плате на сумму более 300 млн рублей,работников регионального министерства образования и ряда подведомственных учреждений за апрель текущего года образовалась задолженность по заработной плате на сумму свыше 300 млн рублей.,https://epp.genproc.gov.ru/ru/proc_ho/mass-media/news/archive/e4949064/,False
8,Case,2024-06-10,Luhansk,Troitske,Прокуратура Троицкого района Луганской,«Центр коммунальных услуг Троицкого района»,Utilities and housing services,86,5000000.0,Apr to Jun 2024,3,,Prosecutor representation,Paid in full after prosecutor intervention,В Луганской Народной Республике по требованию прокуратуры выплачена зарплата работникам коммунального предприятия на общую сумму почти 5 млн рублей,"В ходе надзорных мероприятий установлено, что перед 86 работниками предприятия образовалась задолженность по заработной плате за апрель-июнь 2024 г.",https://epp.genproc.gov.ru/ru/proc_lnr/mass-media/news/archive/e8115450/,False
9,Case,2024-06-18,Donetsk,Donetsk city,Прокуратура,ГУП «Городская поликлиника профилактических осмотров г. Донецка»,Healthcare,41,1400000.0,Apr 2024,1,,Prosecutor representation,Not stated,"В Донецкой Народной Республике после вмешательства прокуратуры перед работниками предприятия погашена задолженность по заработной плате на сумму более 1,4 млн рублей","Установлено, что перед 41 работником учреждения образовалась задолженность по заработной плате за апрель 2024 года в размере более 1,4 млн рублей.",https://epp.genproc.gov.ru/ru/proc_dnr/mass-media/news/archive/e8112330/,False
10,Case,2024-06-21,Luhansk,Rubizhne,Прокуратура,Not stated,Utilities and housing services,215,7000000.0,Apr 2024,1,,Prosecutor representation,Paid in full after prosecutor intervention,В Луганской Народной Республике по требованию прокуратуры выплачена зарплата работникам коммунального предприятия на общую сумму более 7 млн рублей,"В ходе надзорных мероприятий установлено, что перед 215 работниками предприятия образовалась задолженность по заработной плате за апрель 2024 г.",https://epp.genproc.gov.ru/ru/proc_lnr/mass-media/news/archive/e8115429/,False
11,Case,2024-06-24,Donetsk,Donetsk city (Proletarskyi district),Прокуратура Пролетарского района,«Городская клиническая стоматологическая поликлиника № 6 г. Донецка»,Healthcare,16,370000.0,Nov 2023 to Dec 2023,2,,Prosecutor representation,Paid in full after prosecutor intervention,В Донецкой Народной Республике после вмешательства прокуратуры перед 16 работниками государственного бюджетного учреждения погашена задолженность по заработной плате на сумму более 370 тыс. рублей,"Установлено, что с ноября по декабрь 2023 года перед 16 работниками учереждения образовалась задолженность по заработной плате в размере более 370 тыс.",https://epp.genproc.gov.ru/ru/proc_dnr/mass-media/news/archive/e8112327/,False
12,Case,2024-06-25,Kherson,Henichesk,Прокуратура Генического района Херсонской,Not stated,Not stated,,4099999.9999999995,,,,Prosecutor representation; Court claims on behalf of workers,Not stated,"В Херсонской области благодаря вмешательству прокуратуры погашена задолженность по оплате труда на сумму свыше 4,1 млн рублей","Руководителю организации внесено представление, в интересах работников направлено в суд исковое заявление о принудительном взыскании с работодателя задолженности по заработной плате.",https://epp.genproc.gov.ru/ru/proc_ho/mass-media/news/archive/e5822058/,False
13,Case,2024-07-01,Donetsk,Donetsk city (Budonnivskyi district),Прокуратура Буденновского района,ООО «Тепличный»,Not stated,152,5400000.0,Dec 2023 to Jan 2024,2,,Prosecutor representation,Not stated,"В Донецкой Народной Республике после вмешательства прокуратуры перед работниками организации погашена задолженность по заработной плате на сумму более 5,4 млн рублей","Установлено, что в период с декабря 2023 года по январь 2024 года перед 152 работниками предприятия, 11 из которых являются инвалидами 3 группы, образовалась задолженность по заработной плате в размере более 5,4 млн рублей.",https://epp.genproc.gov.ru/ru/proc_dnr/mass-media/news/archive/e8112309/,False
14,Case,2024-07-02,Donetsk,Torez (Chystiakove),Прокуратура города Тореза,«Кинотеатр им. Артема»,Municipal and state enterprises,10,239000.0,Apr 2024,1,,Prosecutor representation,Paid in full after prosecutor intervention,В Донецкой Народной Республике благодаря вмешательству прокуратуры перед 10 работниками муниципального унитарного предприятия погашена задолженность по заработной плате на сумму более 239 тыс. рублей,"Установлено, что за апрель 2024 года перед 10 работниками предприятия образовалась задолженность по заработной плате в размере более 239 тыс.",https://epp.genproc.gov.ru/ru/proc_dnr/mass-media/news/archive/e8112303/,False
15,Case,2024-07-03,Donetsk,Torez (Chystiakove),Прокуратура города Тореза,«Городская стоматологическая поликлиника г. Тореза»,Healthcare,7,498000.0,Mar 2024 to Apr 2024,2,,Prosecutor representation,Paid in full after prosecutor intervention,В Донецкой Народной Республике благодаря вмешательству прокуратуры перед 7 работниками государственного бюджетного учреждения погашена задолженность по заработной плате на сумму более 498 тыс. рублей,"Установлено, что в период с марта по апрель 2024 года перед 7 работниками учереждения образовалась задолженность по заработной плате в размере более 498 тыс.",https://epp.genproc.gov.ru/ru/proc_dnr/mass-media/news/archive/e8112300/,False
16,Case,2024-07-03,Luhansk,Sievierodonetsk,Прокуратура города Северодонецка,«Северодонецкая детская музыкальная школа № 1»,Education,25,1000000.0,Mar and May 2024,2,,Prosecutor representation,Paid in full after prosecutor intervention,В Луганской Народной Республике после вмешательства прокуратуры погашена задолженность по заработной плате в размере более 1 млн рублей,"Установлено, что за март, май 2024 года в муниципальном бюджетном учреждении дополнительного образования «Северодонецкая детская музыкальная школа № 1» 25 работникам не выплачена заработная плата.",https://epp.genproc.gov.ru/ru/proc_lnr/mass-media/news/archive/e8115408/,False
17,Case,2024-07-03,Zaporizhzhia,Zaporizhzhia (regional office),Прокуратура Запорожской области,«Благоустройство-Васильевка»,Utilities and housing services,1,270000.0,,,270000.0,Court claims on behalf of workers,Paid in full after prosecutor intervention,Прокуратура Запорожской области выявила нарушения трудового законодательства,В целях защиты трудовых прав заявителя прокуратурой области в суд направлено исковое заявление о взыскании с предприятия задолженности по заработной плате и компенсации морального вреда в общей сумме 270 тыс.,https://epp.genproc.gov.ru/ru/proc_zo/mass-media/news/archive/e4960989/,False
18,Case,2024-07-05,Donetsk,Mariupol,Прокуратура,«Мариупольавтодор»,Municipal and state enterprises,211,8300000.000000001,Apr 2024 to May 2024,2,,Prosecutor representation; Administrative case (Art. 5.27 CAO),Paid in full after prosecutor intervention,"В ДНР после вмешательства прокуратуры перед работниками муниципального унитарного предприятия погашена задолженность по заработной плате в размере более 8,3 млн рублей","Установлено, что перед 211 работниками предприятия образовалась задолженность по заработной плате за период с апреля по май 2024 года в размере более 8,3 млн рублей.",https://epp.genproc.gov.ru/ru/proc_dnr/mass-media/news/archive/e8112288/,False
19,Case,2024-07-05,Donetsk,Donetsk city,Прокуратура города Донецка,«Донецкое лесное хозяйство»,Municipal and state enterprises,33,491000.0,Nov 2023,1,,Prosecutor representation,Paid in full after prosecutor intervention,В Донецкой Народной Республике благодаря вмешательству прокуратуры перед 33 работниками государственного унитарного предприятия погашена задолженность по заработной плате на сумму более 491 тыс. рублей,"Установлено, что в ноябре 2023 года перед 33 работниками предприятия образовалась частичная задолженность по заработной плате в размере более 491 тыс.",https://epp.genproc.gov.ru/ru/proc_dnr/mass-media/news/archive/e8112294/,False
20,Case,2024-07-08,Donetsk,Shakhtarsk,Прокуратура Шахтерского района Донецкой,МУП «Транспортное предприятие «ПАРТНЕР»,Coal mining,33,3100000.0,Mar 2024 to Apr 2024,2,,Prosecutor representation,Paid in full after prosecutor intervention,"В Донецкой Народной Республике после вмешательства прокуратуры перед работниками муниципального унитарного предприятия погашена задолженность по заработной плате в размере более 3,1 млн рублей","Установлено, что перед 33 работниками предприятия образовалась задолженность по заработной плате за период с марта по апрель 2024 года в размере более 3,1 млн рублей.",https://epp.genproc.gov.ru/ru/proc_dnr/mass-media/news/archive/e8112282/,False
21,Case,2024-07-08,Luhansk,Starobilsk,Прокуратурой Старобельского района Луганской,«СТАРСЕРВИС»,Municipal and state enterprises,93,2500000.0,Mar to Apr 2024,2,,Prosecutor representation,Paid in full after prosecutor intervention,"В ЛНР по требованию прокуратуры выплачена зарплата работникам на общую сумму более 2,5 млн рублей","Установлено, что перед 93 работниками предприятия образовалась задолженность по заработной плате за март-апрель 2024 г.",https://epp.genproc.gov.ru/ru/proc_lnr/mass-media/news/archive/e8115390/,False
22,Case,2024-07-09,Luhansk,Markivka,Прокуратурой Марковского района Луганской,Not stated,Municipal and state enterprises,81,4500000.0,May to Jun 2024,2,,Prosecutor representation,Paid in full after prosecutor intervention,"В ЛНР по требованию прокуратуры выплачена зарплата работникам на сумму более 4,5 млн рублей","Установлено, что перед 81 работником учреждений культуры Марковского муниципального округа образовалась задолженность по заработной плате за май-июнь 2024 г.",https://epp.genproc.gov.ru/ru/proc_lnr/mass-media/news/archive/e8115387/,False
23,Case,2024-07-09,Zaporizhzhia,Zaporizhzhia (regional office),прокуратуры Запорожской области,Not stated,Municipal and state enterprises,148,9800000.0,1 month,1,,Prosecutor representation,Paid in full after prosecutor intervention,"После вмешательства прокуратуры Запорожской области погашена задолженность по заработной плате на сумму свыше 9,8 млн рублей","Установлено, что перед 148 работниками администрации Куйбышевского района Запорожской области и подведомственных ей бюджетных учреждений за один месяц образовалась задолженность по заработной плате в сумме свыше 9,8 млн рублей.",https://epp.genproc.gov.ru/ru/proc_zo/mass-media/news/archive/e4960983/,False
24,Case,2024-07-16,Luhansk,Stakhanov (Kadiivka),Прокуратура,«Стахановский ремонтно-механический завод»,Municipal and state enterprises,116,250000.0,Oct 2022,1,,Prosecutor representation,Paid in full after prosecutor intervention,В Луганской Народной Республике по требованию прокуратуры выплачена зарплата работникам ремонтно-механического завода на общую сумму более 250 тыс. рублей,"В ходе надзорных мероприятий установлено, что перед 116 работниками предприятия образовалась задолженность по заработной плате за октябрь 2022 г.",https://epp.genproc.gov.ru/ru/proc_lnr/mass-media/news/archive/e8115360/,False
25,Case,2024-07-17,Donetsk,Makiivka (Hirnytskyi district),Прокуратура Горняцкого района,ООО «Истэк»,Not stated,170,2000000.0,Apr 2024,1,,Prosecutor representation,Paid in full after prosecutor intervention,В Донецкой Народной Республике после вмешательства прокуратуры перед работниками организации погашена задолженность по заработной плате на сумму более 2 млн рублей,образовалась частичная задолженность по заработной плате в размере более 2 млн рублей.,https://epp.genproc.gov.ru/ru/proc_dnr/mass-media/news/archive/e8112267/,False
26,Case,2024-07-18,Donetsk,Dokuchaievsk,Прокуратура города Докучаевска,«Центральная городская больница г. Докучаевска»,Healthcare,,64000.0,May 2024,1,,Prosecutor representation,Paid in full after prosecutor intervention,В городе Докучаевске после принятия мер прокурорского реагирования погашена задолженность по заработной плате,Докучаевска» образовалась задолженность по заработной плате в общей сумме более 64 тыс.,https://epp.genproc.gov.ru/ru/proc_dnr/mass-media/news/archive/e8112261/,False
27,Case,2024-07-19,Luhansk,Kreminna,Прокуратура Кременского района Луганской,«Центр обеспечения деятельности образовательных организаций Кременского района»,Education,513,,May to Jun 2024,2,,Prosecutor representation,Paid in full after prosecutor intervention,По требованию прокуратуры выплачена зарплата работникам образовательных учреждений Кременского района ЛНР на общую сумму более 15 млн. руб.,"В ходе надзорных мероприятий установлено, что перед 513 работниками образовательных учреждений района образовалась задолженность по заработной плате за май – июнь 2024 г.",https://epp.genproc.gov.ru/ru/proc_lnr/mass-media/news/archive/e8115345/,False
28,Case,2024-07-30,Luhansk,Rubizhne,Прокуратура города Рубежное,«Муниципальный сервис г. Рубежное»,Utilities and housing services,73,11000000.0,,,,Prosecutor representation,Paid in full after prosecutor intervention,В Луганской Народной Республике по требованию прокуратуры выплачена зарплата работникам коммунального предприятия на общую сумму более 11 млн рублей,"Установлено, что перед 73 работниками коммунального предприятия образовалась задолженность по заработной плате в размере более 11 млн рублей.",https://epp.genproc.gov.ru/ru/proc_lnr/mass-media/news/archive/e8115324/,False
29,Case,2024-08-02,Luhansk,Rovenky,Прокуратура,Not stated,Coal mining,45,800000.0,Jul 2017 to Dec 2017,6,,Criminal case (Art. 145.1 CC),Under prosecutor control (unpaid at time of report),В ЛНР директор угледобывающего предприятия предстанет перед судом за невыплату заработной платы,"145.1 УК РФ (полная невыплата заработной платы свыше двух месяцев).По версии следствия, обвиняемый, являясь руководителем предприятия, в период с июля 2017 года по декабрь 2017 года не выплачивал заработную плату 45 шахтерам.",https://epp.genproc.gov.ru/ru/proc_lnr/mass-media/news/archive/e8115312/,False
30,Case,2024-08-07,Luhansk,Krasnodon (Sorokyne),Прокуратура Краснодонского района Луганской,«Краснодонское троллейбусно-автотранспортное управление»,Utilities and housing services,16,1500000.0,Mar 2023,1,,Prosecutor representation,Paid in full after prosecutor intervention,В Луганской Народной Республике по требованию прокуратуры выплачена зарплата работникам на общую сумму более 1.5 млн рублей,"В ходе надзорных мероприятий установлено, что перед 16 работниками предприятия образовалась задолженность по заработной плате за март 2023 г.",https://epp.genproc.gov.ru/ru/proc_lnr/mass-media/news/archive/e8115291/,False
31,Case,2024-08-08,Donetsk,Donetsk (regional office),Прокуратура Донецкой Народной Республики,«Коммунтранс»,Municipal and state enterprises,125,7000000.0,Mar 2024 to Apr 2024,2,150000.0,Prosecutor representation,Paid in full after prosecutor intervention,В Донецкой Народной Республике после вмешательства прокуратуры перед работниками предприятия погашена задолженность по заработной плате на сумму более 7 млн рублей,"Установлено, что с марта по апрель 2024 года перед 125 работниками предприятия образовалась задолженность по заработной плате в размере более 7 млн рублей.",https://epp.genproc.gov.ru/ru/proc_dnr/mass-media/news/archive/e4942398/,False
32,Case,2024-08-27,Luhansk,Rovenky,Прокуратура,Not stated,Not stated,1,,Feb to Mar 2024,2,150000.0,Administrative case (Art. 5.27 CAO),Paid in full after prosecutor intervention,В Луганской Народной Республике по инициативе прокуратуры работодатель привлечен к административной и материальной ответственности за задержку выплаты заработной платы,"Принятыми мерами прокурорского реагирования права работника восстановлены, задолженность по заработной плате и иной выплате погашена в полном объеме.",https://epp.genproc.gov.ru/ru/proc_lnr/mass-media/news/archive/e8115249/,False
33,Case,2024-09-04,Luhansk,Svatove,Прокуратура Сватовского района Луганской,Not stated,Utilities and housing services,60,2600000.0,Jun to Jul 2024,2,,Prosecutor representation,Paid in full after prosecutor intervention,"В Луганской Народной Республике по требованию прокуратуры выплачена зарплата работникам коммунального предприятия на общую сумму 2,6 млн рублей","В ходе надзорных мероприятий установлено, что перед 60 работниками образовалась задолженность по заработной плате за июнь-июль 2024 года на сумму более 2.6 млн рублей.",https://epp.genproc.gov.ru/ru/proc_lnr/mass-media/news/archive/e8115240/,False
34,Case,2024-09-10,Luhansk,Luhansk city (Artemivskyi district),Прокуратура Артемовского района,«Аграрный фонд»,Agriculture,214,33000000.0,Apr to Jul 2024,4,,Prosecutor representation; Administrative case (Art. 5.27 CAO),Paid in full after prosecutor intervention,В Луганской Народной Республике по требованию прокуратуры выплачена заработная плата работникам предприятия на общую сумму 33 млн рублей,"В ходе надзорных мероприятий установлено, что перед 214 работниками образовалась задолженность по заработной плате за апрель-июль 2024 года на сумму более 33 млн рублей.",https://epp.genproc.gov.ru/ru/proc_lnr/mass-media/news/archive/e8115228/,False
35,Case,2024-09-10,Kherson,Kherson (regional office),Прокуратурой Херсонской области,«Многофункциональный центр предоставления услуг»,Municipal and state enterprises,160,5000000.0,Aug 2024,1,,Prosecutor representation,Not stated,В Херсонской области после вмешательства прокуратуры работникам бюджетного учреждения выплачена задолженность по заработной плате на сумму более 5 млн рублей,"Установлено, что перед 160 работниками ГКУ ХО «Многофункциональный центр предоставления услуг» в августе 2024 года образовалась задолженность по заработной плате на сумму свыше 5 млн рублей.",https://epp.genproc.gov.ru/ru/proc_ho/mass-media/news/archive/e4948980/,False
36,Case,2024-09-12,Kherson,Kherson (regional office),Прокуратурой Херсонской области,Not stated,Transport,1000,40000000.0,Jul 2024,1,,Prosecutor representation,Not stated,В Херсонской области благодаря вмешательству прокуратуры погашена задолженность по оплате труда на сумму свыше 40 млн рублей,работников министерства транспорта и транспортной инфраструктуры Херсонской области и ряда подведомственных учреждений образовалась задолженность по заработной плате на сумму свыше 40 млн рублей.,https://epp.genproc.gov.ru/ru/proc_ho/mass-media/news/archive/e4948971/,False
37,Case,2024-09-16,Luhansk,Svatove,Прокуратура Сватовского района ЛНР,Not stated,Utilities and housing services,60,3000000.0,Jun to Jul 2024,2,,Prosecutor representation,Paid in full after prosecutor intervention,В Луганской Народной Республики по требованию прокурора выплачена заработная плата работникам коммунального предприятия в размере около 3 млн рублей,"В ходе надзорных мероприятий установлено, что перед 60 работниками образовалась задолженность по заработной плате за июнь-июль 2024 года
на сумму около 3 млн рублей.",https://epp.genproc.gov.ru/ru/proc_lnr/mass-media/news/archive/e8115222/,False
38,Case,2024-09-16,Kherson,Kherson (regional office),Прокуратурой Херсонской области,Not stated,Utilities and housing services,2000,26000000.0,Jul 2024,1,,Prosecutor representation,Not stated,В Херсонской области благодаря вмешательству прокуратуры погашена задолженность по оплате труда на сумму свыше 26 млн рублей,"работниками министерства строительства, архитектуры и жилищно-коммунального хозяйства Херсонской области и ряда подведомственных учреждений образовалась задолженность по заработной плате на сумму свыше 26 млн рублей.",https://epp.genproc.gov.ru/ru/proc_ho/mass-media/news/archive/e4948968/,False
39,Case,2024-09-17,Zaporizhzhia,Yakymivka,прокуратуры Акимовского района,МУП «Жилищно-коммунальное хозяйство Акимовского района Запорожской области»,Utilities and housing services,95,11700000.0,May 2024 to Jul 2024,3,,Prosecutor representation; Administrative case (Art. 5.27 CAO),Not stated,"Благодаря вмешательству прокуратуры Акимовского района работникам предприятия выплачены долги по заработной плате на сумму свыше 11,7 млн рублей","перед 95 работниками образовалась задолженность по заработной плате в размере более 11,7 млн рублей.",https://epp.genproc.gov.ru/ru/proc_zo/mass-media/news/archive/e8127534/,False
40,Case,2024-09-19,Luhansk,Luhansk (regional office),Прокуратура,КП «Алчевскпастранс»,Transport,17,4600000.0,,,,Court claims on behalf of workers,Paid in full after prosecutor intervention,"В Луганской Народной Республики по требованию прокурора погашена задолженность по заработной плате работникам транспортного предприятия свыше 4,6 млн руб.","В ходе надзорных мероприятий установлено, что перед уволенными 17 работниками предприятия образовалась задолженность по заработной плате на сумму свыше 4,6 млн рублей.",https://epp.genproc.gov.ru/ru/proc_lnr/mass-media/news/archive/e8115216/,False
41,Case,2024-09-20,Donetsk,Mariupol,Прокуратура города Мариуполя,Not stated,Construction,1,,,,52000.0,Prosecutor representation,Paid in full after prosecutor intervention,В Донецкой Народной Республике благодаря вмешательству прокуратуры перед работником строительной компании погашена задолженность по заработной плате,"Установлено, что у общества с ограниченной ответственностью на момент увольнения заявителя образовалась задолженность по заработной плате, а также не была выплачена компенсация за неиспользованный отпуск в размере более 52 тыс.",https://epp.genproc.gov.ru/ru/proc_dnr/mass-media/news/archive/e8112204/,False
42,Case,2024-09-26,Donetsk,Mariupol,Прокуратура города Мариуполя,Not stated,Trade and services,9,200000.0,,,,Prosecutor representation; Administrative case (Art. 5.27 CAO),Not stated,В Донецкой Народной Республике благодаря вмешательству прокуратуры работникам охранных организаций выплачены долги по заработным платам на сумму свыше 200 тыс. рублей,"Установлено, что у обществ с ограниченной ответственностью перед 9 работниками организаций образовалась задолженность по заработной плате в размере более 200 тыс.",https://epp.genproc.gov.ru/ru/proc_dnr/mass-media/news/archive/e8112201/,False
43,Case,2024-10-03,Luhansk,Lutuhyne,Прокуратура Лутугинского района ЛНР,«Аграрный фонд»,Agriculture,20,2000000.0,Apr to Jul 2024,4,,Prosecutor representation,Not stated,В Луганской Народной Республике по требованию прокуратуры выплачена заработная плата работникам завода на общую сумму более 2 млн рублей,"В ходе надзорных мероприятий установлено, что перед 20 работниками завода образовалась задолженность по заработной плате за апрель-июль 2024 года на сумму более 2 млн рублей.",https://epp.genproc.gov.ru/ru/proc_lnr/mass-media/news/archive/e8115180/,False
44,Case,2024-10-04,Luhansk,Krasnodon (Sorokyne),Прокуратура Краснодонского района ЛНР,«Шахтоуправление «Краснодонское»,Coal mining,,200000.0,,,,Prosecutor representation,Paid in full after prosecutor intervention,В ЛНР благодаря вмешательству прокуратуры шахтерам выплачена задолженность по заработной плате,"В ходе надзорных мероприятий установлено, что перед двумя работниками ПП «Шахтоуправление «Краснодонское» ГУП ЛНР «РСК «Востокуголь» образовалась задолженность по заработной плате и компенсационным начислениям за период апрель 2024 г.",https://epp.genproc.gov.ru/ru/proc_lnr/mass-media/news/archive/e8115171/,False
45,Case,2024-10-07,Zaporizhzhia,Zaporizhzhia (regional office),прокуратура Запорожской области,МУП «Бердянскводоканал»,Utilities and housing services,402,42900000.0,Jul 2024 to Aug 2024,2,,Prosecutor representation; Disciplinary action,Paid in full after prosecutor intervention,"В Запорожской области благодаря вмешательству прокуратуры работникам предприятия выплачены долги по заработной плате на сумму свыше 42,9 млн рублей","Установлено, что в период с июля по август 2024 года перед 402 работниками МУП «Бердянскводоканал» образовалась задолженностьпо заработной плате на сумму свыше 42,9 млн рублей.",https://epp.genproc.gov.ru/ru/proc_zo/mass-media/news/archive/e4960896/,False
46,Case,2024-10-08,Luhansk,Kreminna,прокуратуры Кременского района,МУП «Водопроводно-канализационное хозяйство»,Municipal and state enterprises,67,,Jul 2024,1,,,Paid in full after prosecutor intervention,"После вмешательства прокуратуры Кременского района погашена задолженность по заработной плате работникам МУП «Водопроводно-канализационное хозяйство» свыше 2,8 млн. рублей","В ходе надзорных мероприятий установлено, что перед 67 работниками предприятия образовалась задолженность по заработной плате за июль 2024 года на сумму свыше 2,8 млн.",https://epp.genproc.gov.ru/ru/proc_lnr/mass-media/news/archive/e8115165/,False
47,Case,2024-10-09,Luhansk,Starobilsk,Прокуратура Старобельского района Луганской,«Старобельское лесоохотничье хозяйство»,Utilities and housing services,60,,May to Jul 2024,3,,,Paid in full after prosecutor intervention,В Луганской Народной Республике по требованию прокуратуры выплачена заработная плата работникам коммунального предприятия на сумму почти 2 млн. рублей,"В ходе надзорных мероприятий установлено, что перед 60 работниками предприятия образовалась задолженность по заработной плате за май-июль 2024 года на сумму почти 2 млн.",https://epp.genproc.gov.ru/ru/proc_lnr/mass-media/news/archive/e4949280/,False
48,Case,2024-10-15,Luhansk,Rubizhne,Прокуратура,«Муниципальный сервис города Рубежное»,Municipal and state enterprises,66,,Jul 2024,1,,,Paid in full after prosecutor intervention,"В Луганской Народной Республике по требованию прокуратуры выплачена заработная плата работникам муниципального предприятия на общую сумму 2,5 млн. рублей","В ходе надзорных мероприятий установлено, что перед 66 работниками предприятия образовалась задолженность по заработной плате за июль 2024 года на сумму 2,5 млн.",https://epp.genproc.gov.ru/ru/proc_lnr/mass-media/news/archive/e4949262/,False
49,Case,2024-10-21,Luhansk,Troitske,Прокуратура Троицкого района Луганской,«Центр коммунальных услуг Троицкого района»,Utilities and housing services,70,,Jul to Aug 2024,2,,,Paid in full after prosecutor intervention,В Луганской Народной Республике по требованию прокуратуры выплачена заработная плата работникам муниципального предприятия на сумму почти 2 млн. рублей,"В ходе надзорных мероприятий установлено, что перед 70 работниками предприятия образовалась задолженность по заработной плате за июль-август 2024 года на сумму почти 2 млн.",https://epp.genproc.gov.ru/ru/proc_lnr/mass-media/news/archive/e4949244/,False
50,Case,2024-10-21,Zaporizhzhia,Melitopol,прокуратуры Мелитопольского района,«Государственный зерновой оператор»,Mining and metallurgy,120,2400000.0,,,,Prosecutor representation,Not stated,"Благодаря вмешательству прокуратуры Мелитопольского района работникам предприятия выплачены долги по заработной плате на сумму свыше 2,4 млн рублей","Установлено, что за вторую декаду июня 2024 года перед 120 работниками филиала № 17 государственного унитарного предприятия «Государственный зерновой оператор» образовалась задолженность по заработной плате на сумму свыше 2,4 млн рублей.",https://epp.genproc.gov.ru/ru/proc_zo/mass-media/news/archive/e8127486/,False
51,Case,2024-10-22,Luhansk,Rubizhne,Прокуратура,Not stated,Municipal and state enterprises,207,,Jul 2024,1,,,Paid in full after prosecutor intervention,"В Луганской Народной Республике по требованию прокуратуры выплачена заработная плата работникам муниципального предприятия на сумму 3,3 млн. рублей","В ходе надзорных мероприятий установлено, что перед 207 работниками предприятия образовалась задолженность по заработной плате за июль 2024 года на сумму 3,3 млн.",https://epp.genproc.gov.ru/ru/proc_lnr/mass-media/news/archive/e4949238/,False
52,Case,2024-10-23,Luhansk,Stakhanov (Kadiivka),Прокуратура,ООО «Техпромтранс»,Construction,,12000000.0,,,,Prosecutor representation,Paid in full after prosecutor intervention,В Луганской Народной Республике по требованию прокуратуры выплачена заработная плата работникам вагоностроительного завода на сумму почти 12 млн рублей,"В ходе надзорных мероприятий установлено, что перед тремястами работниками организации образовалась задолженность по заработной плате за период сентябрь 2024 г.",https://epp.genproc.gov.ru/ru/proc_lnr/mass-media/news/archive/e8115156/,False
53,Case,2024-10-31,Zaporizhzhia,Melitopol,прокуратуры города Мелитополя,ГУП «Курорты Запорожской области»,Municipal and state enterprises,170,4000000.0,,,,Prosecutor representation; Administrative case (Art. 5.27 CAO),Paid in full after prosecutor intervention,Благодаря вмешательству прокуратуры города Мелитополя работникам предприятия выплачены долги по заработной плате на сумму свыше 4 млн рублей,"Установлено, что перед 170 работниками ГУП «Курорты Запорожской области» образовалась задолженность по заработной плате в размере свыше 4 млн рублей.",https://epp.genproc.gov.ru/ru/proc_zo/mass-media/news/archive/e8127471/,False
54,Case,2024-11-01,Donetsk,Donetsk (regional office),Прокуратура Донецкой Народной Республики,«Автодор»,Municipal and state enterprises,1,53000.0,Sep 2023 to Nov 2023,3,,,Not stated,В Донецкой Народной Республике после вмешательства прокуратуры перед работником унитарного предприятия Донецкой Народной Республики «Автодор» погашена задолженность по заработной плате в размере более 53 тыс. рублей,"Установлено, что за период с сентября по ноябрь 2023 года перед работником предприятия образовалась задолженность по заработной плате в размере более 53 тыс.",https://epp.genproc.gov.ru/ru/proc_dnr/mass-media/news/archive/e4942164/,False
55,Case,2024-11-01,Donetsk,Donetsk (regional office),Прокуратура Донецкой Народной Республики,«Эми»,Not stated,1,107000.0,May 2024 to Jun 2024,2,,Prosecutor representation,Paid in full after prosecutor intervention,В Донецкой Народной Республике после вмешательства прокуратуры перед работником организации погашена задолженность по заработной плате на сумму более 107 тыс. рублей,"Установлено, что с мая по июнь 2024 года перед работником общества образовалась задолженность по заработной плате в размере более 107 тыс.",https://epp.genproc.gov.ru/ru/proc_dnr/mass-media/news/archive/e4942167/,False
56,Case,2024-11-05,Zaporizhzhia,Zaporizhzhia (regional office),прокуратура Запорожской области,«Свободный Бердянск»,Municipal and state enterprises,9,2000000.0,,,,Prosecutor representation,Not stated,В Бердянске после вмешательства прокуратуры работникам муниципального предприятия выплачено более 2 млн рублей,Благодаря вмешательству надзорного ведомства задолженность по заработной плате с учетом компенсационных выплат погашена.,https://epp.genproc.gov.ru/ru/proc_zo/mass-media/news/archive/e8127462/,False
57,Case,2024-11-11,Kherson,Henichesk,Прокуратура Генического района Херсонской,ГУП «Производственное управление мелиорации и водного хозяйства Херсонской области»,Municipal and state enterprises,1800,45000000.0,Jul to Aug 2024,2,,Prosecutor representation,Not stated,В Херсонской области благодаря вмешательству прокуратуры погашена задолженность по оплате труда на сумму свыше 45 млн рублей,работников организации образовалась задолженность по заработной плате на сумму свыше 45 млн рублей.,https://epp.genproc.gov.ru/ru/proc_ho/mass-media/news/archive/e5821785/,False
58,Case,2024-11-13,Zaporizhzhia,Melitopol,Прокуратура Мелитопольского района,«Жилсервис»,Municipal and state enterprises,130,6700000.0,,,,Prosecutor representation; Disciplinary action,Paid in full after prosecutor intervention,Прокуратура Мелитопольского района защитила права работников организации на своевременную оплату труда,"Установлено, что на муниципальном унитарном предприятии «Жилсервис» полтора месяца не выплачивалась заработная плата 130 работникам.",https://epp.genproc.gov.ru/ru/proc_zo/mass-media/news/archive/e8127447/,False
59,Case,2024-11-13,Kherson,Henichesk,Прокуратура Генического района Херсонской,«Херсон Теплосети»,Utilities and housing services,90,14700000.0,,,,Prosecutor representation,Not stated,"В Херсонской области благодаря вмешательству прокуратуры погашена задолженность по оплате труда на сумму свыше 14,7 млн рублей","Установлено, что перед более чем 90 работниками организации образовалась задолженность по заработной плате на сумму свыше 14,7 млн рублей.",https://epp.genproc.gov.ru/ru/proc_ho/mass-media/news/archive/e5821782/,False
60,Case,2024-11-19,Zaporizhzhia,Yakymivka,прокуратуры Акимовского района,«Жилищно-коммунальное хозяйство Акимовского района Запорожской области»,Utilities and housing services,83,8000000.0,Aug and Sep 2024,2,,Prosecutor representation; Administrative case (Art. 5.27 CAO),Paid in full after prosecutor intervention,Благодаря вмешательству прокуратуры Акимовского района 83 работникам выплачена заработная плата на сумму свыше 8 млн рублей,"В ходе надзорных мероприятий установлено, что перед 83 работниками муниципального унитарного предприятия «Жилищно-коммунальное хозяйство Акимовского района Запорожской области» образовалась задолженностьпо заработной плате за август и сентябрь 2024 г.",https://epp.genproc.gov.ru/ru/proc_zo/mass-media/news/archive/e8127435/,False
61,Case,2024-11-21,Donetsk,Makiivka (Hirnytskyi district),Прокуратура Горняцкого района,«Обогатительная фабрика «Пролетарская»,Industry and manufacturing,122,4000000.0,,,,Prosecutor representation,Paid in full after prosecutor intervention,В Донецкой Народной Республике прокуратура защитила права работников организации на получение оплаты труда в сумме более 4 млн рублей,После вмешательства надзорного ведомства задолженность перед работниками полностью погашена.,https://epp.genproc.gov.ru/ru/proc_dnr/mass-media/news/archive/e8112186/,False
62,Case,2024-11-25,Luhansk,Rubizhne,Прокуратура,Not stated,Utilities and housing services,202,12000000.0,Aug to Sep 2024,2,,Prosecutor representation,Paid in full after prosecutor intervention,В Луганской Народной Республике по требованию прокуратуры выплачена зарплата работникам коммунального предприятия на общую сумму более 12 млн рублей,"В ходе надзорных мероприятий установлено, что перед 202 работниками предприятия образовалась задолженность по заработной плате за август-сентябрь 2024 г.",https://epp.genproc.gov.ru/ru/proc_lnr/mass-media/news/archive/e8115084/,False
63,Case,2024-11-25,Zaporizhzhia,Pryazovske,прокуратуры Приазовского района,«Приазовское ЖКХ»,Utilities and housing services,74,2000000.0,Sep 2024,1,,Prosecutor representation,Paid in full after prosecutor intervention,По требованию прокуратуры Приазовского района выплачена заработная плата работникам предприятия на сумму более 2 млн рублей,"В ходе надзорных мероприятий установлено, что перед 74 работниками муниципального унитарного предприятия «Приазовское ЖКХ» образовалась задолженность по заработной плате за сентябрь 2024 года на сумму свыше 2 млн рублей.",https://epp.genproc.gov.ru/ru/proc_zo/mass-media/news/archive/e8127420/,False
64,Case,2024-12-03,Zaporizhzhia,Prymorsk,Прокуратура Приморского района,«Чистый город Приморск»,Utilities and housing services,88,9600000.0,Aug and Sep 2024,2,,Prosecutor representation; Disciplinary action,Paid in full after prosecutor intervention,"В Приморском районе после вмешательства прокуратуры выплачена зарплата работникам предприятия на общую сумму более 9,6 млн рублей","В ходе надзорных мероприятий установлено, что перед 88 работниками муниципального унитарного предприятия «Чистый город Приморск», осуществляющего деятельность в сфере предоставления коммунальных услуг населению, образовалась задолженность по заработной плате за август и сентябрь 2024 г.",https://epp.genproc.gov.ru/ru/proc_zo/mass-media/news/archive/e8127408/,False
65,Case,2024-12-09,Luhansk,Rubizhne,Прокуратура,«Муниципальный сервис города Рубежное»,Utilities and housing services,38,1400000.0,Sep 2024,1,,Prosecutor representation,Paid in full after prosecutor intervention,"В Луганской Народной Республике по требованию прокуратуры выплачена зарплата работникам коммунального предприятия на общую сумму более 1,4 млн рублей","В ходе надзорных мероприятий установлено, что перед 38 работниками предприятия образовалась задолженность по заработной плате за сентябрь 2024 г.",https://epp.genproc.gov.ru/ru/proc_lnr/mass-media/news/archive/e8115051/,False
66,Case,2024-12-18,Luhansk,Starobilsk,Прокуратура Старобельского района Луганской,«Старсервис»,Utilities and housing services,76,4500000.0,Aug to Sep 2024,2,,Prosecutor representation,Paid in full after prosecutor intervention,"В Луганской Народной Республике по требованию прокуратуры выплачена зарплата работникам коммунального предприятия на общую сумму более 4,5 млн рублей","В ходе надзорных мероприятий установлено, что перед 76 работниками предприятия образовалась задолженность по заработной плате за август - сентябрь 2024 г.",https://epp.genproc.gov.ru/ru/proc_lnr/mass-media/news/archive/e8115045/,False
67,Case,2024-12-26,Luhansk,Starobilsk,Прокуратура Старобельского района Луганской,«Старобельское лесоохотничье хозяйство»,Municipal and state enterprises,53,5000000.0,,,,Prosecutor representation,Paid in full after prosecutor intervention,В Старобельском районе ЛНР по требованию прокуратуры выплачена зарплата работникам лесоохотничьего хозяйства в размере более 5 млн рублей,"Установлено, что перед 53 работниками предприятия образовалась задолженность по заработной плате в размере более 5 млн рублей.",https://epp.genproc.gov.ru/ru/proc_lnr/mass-media/news/archive/e8115018/,False
68,Case,2025-01-01,Luhansk,Luhansk (regional office),Прокуратура Луганской Народной Республики,Not stated,Not stated,439,54000000.0,,,,Prosecutor representation,Paid in full after prosecutor intervention,В ЛНР по требованию прокуратуры выплачена задолженность по заработной плате работникам лесоохотничьих хозяйств на общую сумму более 54 млн рублей,"В ходе надзорных мероприятий установлено, что в подведомственных министерству 11 лесоохотничьих хозяйствам перед 439 работниками образовалась задолженность по заработной плате на сумму более 54 млн рублей.",https://epp.genproc.gov.ru/ru/proc_lnr/mass-media/news/archive/e4949118/,False
69,Case,2025-01-02,Luhansk,Svatove,Прокуратура Сватовского района Луганской,Not stated,Utilities and housing services,54,1000000.0,Oct 2024,1,,Prosecutor representation,Paid in full after prosecutor intervention,В Сватовском районе ЛНР по требованию прокуратуры выплачена задолженность по заработной плате работникам коммунального предприятия на общую сумму более 1 млн рублей,"В ходе надзорных мероприятий установлено, что перед 54 работниками предприятия образовалась задолженность по заработной плате за октябрь 2024 г.",https://epp.genproc.gov.ru/ru/proc_lnr/mass-media/news/archive/e8115006/,False
70,Case,2025-01-03,Zaporizhzhia,Zaporizhzhia (regional office),Прокуратура Запорожской области,Not stated,Mining and metallurgy,60,3300000.0,1 month,1,,Prosecutor representation,Paid in full after prosecutor intervention,"В Запорожской области в результате принятых мер прокурорского реагирования погашена задолженность по заработной плате на сумму свыше 3,3 млн рублей",Прокуратура Запорожской области провела проверку соблюдения трудового законодательства в части невыплаты заработной платы.,https://epp.genproc.gov.ru/ru/proc_zo/mass-media/news/archive/e4960779/,False
71,Case,2025-01-06,Luhansk,Antratsyt,Прокуратура Антрацитовского района Луганской,«Ивановское лесоохотничье хозяйство»,Municipal and state enterprises,49,11000000.0,,,,Prosecutor representation,Paid in full after prosecutor intervention,В Антрацитовском районе ЛНР по требованию прокуратуры выплачена задолженность по заработной плате работникам лесоохотничьего хозяйства на общую сумму более 11 млн рублей,"В ходе надзорных мероприятий установлено, что перед 49 работниками предприятия образовалась задолженность по заработной плате на сумму более 11 млн рублей.",https://epp.genproc.gov.ru/ru/proc_lnr/mass-media/news/archive/e8115003/,False
72,Case,2025-01-08,Luhansk,Starobilsk,Прокуратура Старобельского района Луганской,«Старобельский профессиональный колледж»,Education,29,1000000.0,Sep to Nov 2024,3,,Prosecutor representation,Paid in full after prosecutor intervention,В Старобельском районе ЛНР по требованию прокуратуры выплачена задолженность по заработной плате педагогическим работникам на общую сумму почти 1 млн рублей,"В ходе надзорных мероприятий установлено, что перед 29 педагогическими работниками образовалась задолженность по заработной плате за сентябрь - ноябрь 2024 г.",https://epp.genproc.gov.ru/ru/proc_lnr/mass-media/news/archive/e8114997/,True
73,Case,2025-01-14,Luhansk,Rubizhne,Прокуратура,Not stated,Utilities and housing services,201,6000000.0,Oct 2024,1,,Prosecutor representation,Paid in full after prosecutor intervention,В Луганской Народной Республике по требованию прокуратуры выплачена заработная плата работникам коммунального предприятия на общую сумму более 6 млн рублей,"В ходе надзорных мероприятий установлено, что перед 201 работником предприятия образовалась задолженность по заработной плате за октябрь 2024 г.",https://epp.genproc.gov.ru/ru/proc_lnr/mass-media/news/archive/e8114982/,False
74,Case,2025-01-14,Zaporizhzhia,Zaporizhzhia (regional office),Прокуратура Запорожской области,«Акимовское ЖКХ»,Utilities and housing services,142,4400000.0,1 month,1,,Prosecutor representation,Paid in full after prosecutor intervention,"В Запорожской области в результате принятых мер прокурорского реагирования погашена задолженность по заработной плате на сумму свыше 4,4 млн рублей",Прокуратура Запорожской области провела проверку исполнения трудового законодательства в части невыплаты заработной платы.,https://epp.genproc.gov.ru/ru/proc_zo/mass-media/news/archive/e4960770/,False
75,Case,2025-01-16,Luhansk,Kirovsk (Holubivka),Прокуратура,«Кировский кузнечный завод «Центрокуз»,Industry and manufacturing,,2000000.0,,,,Prosecutor representation,Paid in full after prosecutor intervention,В Луганской Народной Республике по требованию прокуратуры выплачена заработная плата работникам кузнечного завода на общую сумму около 2 млн рублей,"В ходе надзорных мероприятий установлено, что перед работниками организации образовалась задолженность по заработной плате в размере около 2 млн рублей.",https://epp.genproc.gov.ru/ru/proc_lnr/mass-media/news/archive/e8114973/,False
76,Case,2025-01-16,Kherson,Kherson (regional office),Органами прокуратуры Херсонской области,ГУП «Почта Херсон»,Municipal and state enterprises,800,35000000.0,Sep and Nov 2024,2,,Prosecutor representation,Not stated,В Херсонской области после вмешательства прокуратуры выплачены долги по заработной плате на сумму более 35 млн рублей,"Установлено, что почти перед 800 работниками за сентябрь и ноябрь 2024 года образовалась задолженность по заработной плате на сумму свыше 35 млн рублей.",https://epp.genproc.gov.ru/ru/proc_ho/mass-media/news/archive/e4948863/,False
77,Case,2025-01-17,Luhansk,Starobilsk,Прокуратура Старобельского района Луганской,«Старобельский профессиональный колледж»,Education,29,1000000.0,Sep to Nov 2024,3,,Prosecutor representation,Not stated,В Старобельском районе ЛНР по требованию прокуратуры выплачена заработная плата педагогическим работникам,"В ходе надзорных мероприятий установлено, что перед 29 педагогическими работниками образовательного учреждения образовалась задолженность по заработной плате за сентябрь – ноябрь 2024 г.",https://epp.genproc.gov.ru/ru/proc_lnr/mass-media/news/archive/e8114967/,False
78,Case,2025-01-20,Luhansk,Sverdlovsk (Dovzhansk),Прокуратура,«Луганский государственный медицинский университет Святителя Луки»,Healthcare,90,3000000.0,Oct to Nov 2024,2,,Court claims on behalf of workers,Paid in full after prosecutor intervention,В Свердловске ЛНР по требованию прокуратуры выплачена заработная плата работникам филиала университета на общую сумму почти 3 млн рублей,"В ходе надзорных мероприятий установлено, что перед 90 работниками образовательного учреждения образовалась задолженность по заработной плате за октябрь – ноябрь 2024 г.",https://epp.genproc.gov.ru/ru/proc_lnr/mass-media/news/archive/e8114961/,False
79,Case,2025-01-20,Kherson,Kherson (regional office),Органами прокуратуры Херсонской области,«Херсонавтотранссервис»,Municipal and state enterprises,530,52000000.0,Oct and Nov 2024,2,,Prosecutor representation,Not stated,После вмешательства прокуратуры работникам бюджетных учреждений выплачены долги по заработной плате на сумму более 52 млн рублей,"Установлено, что перед более чем 530 работниками за октябрь и ноябрь 2024 года образовалась задолженность по заработной плате на сумму свыше 52 млн рублей.",https://epp.genproc.gov.ru/ru/proc_ho/mass-media/news/archive/e4948860/,False
80,Case,2025-01-22,Luhansk,Pervomaisk,Прокуратура города Первомайска,Not stated,Utilities and housing services,114,2000000.0,Oct to Nov 2024,2,,Prosecutor representation; Disciplinary action,Paid in full after prosecutor intervention,В Первомайске ЛНР по требованию прокуратуры выплачена задолженность по заработной плате работникам коммунального предприятия в размере почти 2 млн рублей,"В ходе надзорных мероприятий установлено, что перед 114 работниками предприятия образовалась задолженность по заработной плате за октябрь – ноябрь 2024 года на сумму почти 2 млн рублей.",https://epp.genproc.gov.ru/ru/proc_lnr/mass-media/news/archive/e8114952/,False
81,Case,2025-01-24,Donetsk,Torez (Chystiakove),Прокуратурой города Тореза,«Энергия Донбасса»,Municipal and state enterprises,28,320000.0,Oct 2024,1,,Prosecutor representation,Paid in full after prosecutor intervention,В Донецкой Народной Республике после вмешательства прокуратуры перед работниками государственного унитарного предприятия погашена задолженность по заработной плате в размере более 320 тыс. рублей,"Установлено, что за октябрь 2024 года перед 28 работниками предприятия образовалась задолженность по заработной плате в размере более 320 тыс.",https://epp.genproc.gov.ru/ru/proc_dnr/mass-media/news/archive/e8112150/,False
82,Case,2025-01-28,Luhansk,Sievierodonetsk,Прокуратура города Северодонецка,«Единая транспортная компания»,Transport,79,3000000.0,Sep to Dec 2024,4,,Prosecutor representation,Paid in full after prosecutor intervention,В Луганской Народной Республике по требованию прокуратуры выплачена задолженность по заработной плате работникам автотранспортного предприятия в размере почти 3 млн рублей,"В ходе надзорных мероприятий установлено, что перед 79 работниками предприятия образовалась задолженность по заработной плате за сентябрь–декабрь 2024 года на сумму почти 3 млн рублей.",https://epp.genproc.gov.ru/ru/proc_lnr/mass-media/news/archive/e8114940/,False
83,Case,2025-02-12,Luhansk,Krasnodon (Sorokyne),прокуратуры Краснодонского района ЛНР,Not stated,Not stated,1,50000.0,,,,Prosecutor representation; Administrative case (Art. 5.27 CAO),Paid in full after prosecutor intervention,По инициативе прокуратуры Краснодонского района ЛНР предприниматель привлечен к ответственности за нарушение прав работника на оплату труда,"Принятыми мерами прокурорского реагирования трудовые права заявительницы восстановлены, задолженность по оплате труда в размере почти 50 тыс.",https://epp.genproc.gov.ru/ru/proc_lnr/mass-media/news/archive/e8114889/,False
84,Case,2025-02-13,Zaporizhzhia,Melitopol,Прокуратура города Мелитополя,ООО «Самоцветыстройсервис»,Construction,8,1000000.0,,,,Prosecutor representation; Administrative case (Art. 5.27 CAO),Paid in full after prosecutor intervention,В Мелитополе благодаря вмешательству прокуратуры работникам строительной организации выплачен долг по заработной плате,"Установлено, что в организации, осуществляющей деятельность в области строительства, образовалась задолженность по заработной плате перед 8 работниками за два месяца в размере около 1 млн рублей.",https://epp.genproc.gov.ru/ru/proc_zo/mass-media/news/archive/e8127285/,False
85,Aggregate statement,2025-02-14,Luhansk,,прокуратуре,«Востокгеология»,Municipal and state enterprises,,,,,,Prosecutor representation; Administrative case (Art. 5.27 CAO),Not stated,"Под председательством прокурора республики Глеба Михайлова проведено заседание межведомственной рабочей группы, посвященное вопросам погашения задолженности по заработной плате","В прокуратуре ЛНР под председательством прокурора республики Глеба Михайлова проведено заседание межведомственной рабочей группы, посвященное вопросам погашения задолженности по заработной плате прошлых лет, большую часть которой составляет задолженность, образованная в период 2014-2015 годов в бюджетной сфере.",https://epp.genproc.gov.ru/ru/proc_lnr/mass-media/news/archive/e5822559/,False
86,Case,2025-02-19,Donetsk,,Донецкая межрайонная прокуратура по надзору за исполнением законов в угледобывающей отрасли провела проверку исполнения зак,Not stated,Coal mining,6032,261000000.0,Nov to Dec 2024,2,,Prosecutor representation,Paid in full after prosecutor intervention,В Донецкой Народной Республике по требованию прокуратуры выплачена зарплата работникам трех угледобывающих предприятий на сумму более 261 млн рублей,"В ходе надзорных мероприятий установлено, что перед 6032 работниками трех угледобывающих предприятий образовалась задолженность по заработной плате за ноябрь – декабрь 2024 года на сумму более 261 млн рублей.",https://epp.genproc.gov.ru/ru/proc_dnr/mass-media/news/archive/e8112138/,False
87,Case,2025-02-19,Luhansk,Luhansk city (Zhovtnevyi district),Прокуратура Жовтневого района,ООО «ОКБ Транспортер»,Transport,24,,Jan 2022 to Dec 2022,12,,Criminal case (Art. 145.1 CC),Not stated,В ЛНР по материалам прокурорской проверки возбуждено уголовное дело в отношении директора коммерческой организации по факту невыплаты заработной платы на сумму более 9 млн рублей,"Установлено, что директор коммерческой организации в период с января по декабрь 2022 года, а также с июня по октябрь 2024 года не выплачивал заработную плату 24 работникам.",https://epp.genproc.gov.ru/ru/proc_lnr/mass-media/news/archive/e8114862/,False
88,Case,2025-02-21,Luhansk,Antratsyt,Прокуратура Антрацитовского района Луганской,«Антрацитовский комбинат ритуальных услуг»,Municipal and state enterprises,16,1600000.0,Aug to Dec 2024,5,,Court claims on behalf of workers,Paid in full after prosecutor intervention,В Луганской Народной Республике по требованию прокуратуры выплачена задолженность по заработной плате работникам на общую сумму почти 1.6 млн рублей,"В ходе надзорных мероприятий установлено, что перед 16 работниками предприятия образовалась задолженность по заработной плате за август – декабрь 2024 г.",https://epp.genproc.gov.ru/ru/proc_lnr/mass-media/news/archive/e8114856/,False
89,Case,2025-02-24,Zaporizhzhia,Melitopol,Прокуратура города Мелитополя,Not stated,Utilities and housing services,515,34500000.0,,,,Prosecutor representation; Administrative case (Art. 5.27 CAO),Paid in full after prosecutor intervention,В Мелитополе после вмешательства прокуратуры перед 515 работниками муниципального предприятия погашена задолженность по заработной плате,"Установлено, что в организации, занимающейся забором воды и поставкой ее потребителям, образовалась задолженность по заработной плате перед 515 работниками за два месяца в размере более 34,5 млн рублей.",https://epp.genproc.gov.ru/ru/proc_zo/mass-media/news/archive/e8127267/,False
90,Case,2025-03-03,Donetsk,Donetsk (regional office),Прокуратура Донецкой Народной Республики,Not stated,Not stated,122,2300000.0,Nov 2024,1,,Prosecutor representation,Paid in full after prosecutor intervention,"В Донецкой Народной Республике по требованию прокуратуры выплачена зарплата работникам предприятия на сумму более 2,3 млн рублей","Установлено, что в ноябре 2024 года перед 122 работниками предприятия образовалась задолженность по заработной плате в размере более 2,3 млн рублей.",https://epp.genproc.gov.ru/ru/proc_dnr/mass-media/news/archive/e5820585/,False
91,Case,2025-03-03,Luhansk,Kreminna,Прокуратура Кременского района Луганской,«Кременское лесоохотничье хозяйство»,Municipal and state enterprises,45,12000000.0,,,,Prosecutor representation,Paid in full after prosecutor intervention,В Кременском районе ЛНР по требованию прокуратуры выплачена задолженность по заработной плате работникам лесоохотничьего хозяйства в размере почти 12 млн рублей,"В ходе надзорных мероприятий установлено, что перед 45 работниками учреждения образовалась задолженность по заработной плате на сумму почти 12 млн рублей.",https://epp.genproc.gov.ru/ru/proc_lnr/mass-media/news/archive/e8114823/,False
92,Case,2025-03-04,Luhansk,Svatove,Прокуратура Сватовского района ЛНР,«ССШ им. ГСС П.Л. Перепелицы»,Education,1,200000.0,,,,Prosecutor representation,Paid in full after prosecutor intervention,В Сватово ЛНР прокуратура восстановила трудовые права преподавателя школы,Задолженность по заработной плате составила более 200 тыс.,https://epp.genproc.gov.ru/ru/proc_lnr/mass-media/news/archive/e8114817/,False
93,Case,2025-03-10,Luhansk,Sievierodonetsk,Прокуратура города Северодонецка,Not stated,Utilities and housing services,95,3000000.0,Nov to Dec 2024,2,,Prosecutor representation,Paid in full after prosecutor intervention,В Луганской Народной Республике по требованию прокуратуры перед работниками коммунального предприятия погашено свыше 3 млн рублей задолженности по заработной плате,"В ходе надзорных мероприятий установлено, что перед 95 работниками предприятия образовалась задолженность по заработной плате за ноябрь - декабрь 2024 года в сумме более 3 млн рублей.",https://epp.genproc.gov.ru/ru/proc_lnr/mass-media/news/archive/e8114805/,False
94,Case,2025-03-10,Kherson,Henichesk,Прокуратура Генического района Херсонской,«Центр социальной рекламы Херсонской области»,Not stated,22,2200000.0,Nov and Dec 2024,2,,Prosecutor representation,Not stated,"В Херсонской области благодаря вмешательству прокуратуры погашена задолженность по оплате труда на сумму свыше 2,2 млн рублей","Установлено, что за ноябрь и декабрь 2024 года перед 22 работниками организации образовался долг по заработной плате в сумме более 2,2 млн рублей.",https://epp.genproc.gov.ru/ru/proc_ho/mass-media/news/archive/e5821512/,False
95,Case,2025-03-12,Kherson,Henichesk,Прокуратура Генического района,Not stated,Construction,2,330000.0,,,,Court claims on behalf of workers,Paid in full after prosecutor intervention,Суд удовлетворил требования прокурора о взыскании задолженности по заработной плате работникам строительной компании,"Установлено, что ООО «Приазовье Инвест, осуществляющего строительную деятельность на территории Генического района за апрель - июнь и октябрь 2024 года перед двумя работниками образовалась задолженность по заработной плате.",https://epp.genproc.gov.ru/ru/proc_ho/mass-media/news/archive/e5821506/,False
96,Case,2025-03-13,Luhansk,Kreminna,Прокуратура Кременского района Луганской,«Коммунальное хозяйство»,Utilities and housing services,104,2000000.0,,,,Prosecutor representation,Paid in full after prosecutor intervention,В ЛНР по требованию прокуратуры выплачена задолженность по заработной плате работникам коммунального предприятия в размере более 2 млн рублей,"В ходе надзорных мероприятий установлено, что перед 104 работниками предприятия образовалась задолженность по заработной плате на сумму более 2 млн рублей.",https://epp.genproc.gov.ru/ru/proc_lnr/mass-media/news/archive/e8114790/,False
97,Case,2025-03-19,Zaporizhzhia,Prymorsk,прокуратуры Приморского района,«Чистый город Приморск»,Utilities and housing services,102,11700000.0,Jan 2025,1,,Prosecutor representation; Disciplinary action,Paid in full after prosecutor intervention,"Благодаря вмешательству прокуратуры Приморского района перед работниками предприятия коммунальной сферы погашена задолженность по заработной плате в сумме более 11,7 млн рублей","Установлено, что на муниципальном унитарном предприятии «Чистый город Приморск», предоставляющем коммунальные услуги населению, образовалась задолженность по выплате заработной платы за январь 2025 года перед 102 работниками на общую сумму 11,7 млн рублей.",https://epp.genproc.gov.ru/ru/proc_zo/mass-media/news/archive/e8127210/,False
98,Case,2025-03-25,Kherson,Nyzhni Sirohozy,Прокуратура Нижнесерогозского района Херсонской,Not stated,Mining and metallurgy,,1800000.0,,,,Prosecutor representation,Paid in full after prosecutor intervention,"В Херсонской области после вмешательства прокуратуры погашена задолженность по оплате труда на сумму свыше 1,8 млн рублей","Прокуратура Нижнесерогозского района Херсонской области провела проверку исполнения трудового законодательства в деятельности администрации Горностаевского муниципального округа.
Установлено, что перед девятью сотрудниками администрации на конец февраля текущего года образовалась задолженность по оп",https://epp.genproc.gov.ru/ru/proc_ho/mass-media/news/archive/e5821479/,False
99,Case,2025-03-26,Donetsk,Yasynuvata,Ясиноватская межрайонная прокуратура,Not stated,Not stated,,157000.0,Nov 2024,1,,Prosecutor representation,Paid in full after prosecutor intervention,В Донецкой Народной Республике по требованию прокуратуры выплачена зарплата работникам ремонтно-восстановительных работ в г. Авдеевке,"Авдеевке, образовалась задолженность по заработной плате в размере более 157 тыс.",https://epp.genproc.gov.ru/ru/proc_dnr/mass-media/news/archive/e8112102/,False
100,Case,2025-03-28,Kherson,Kalanchak,Прокуратура Каланчакского района Херсонской,«Каланчакский комплексный центр социального обслуживания населения»,Municipal and state enterprises,71,2800000.0,,,,Prosecutor representation,Not stated,"После вмешательства прокуратуры перед работниками бюджетного учреждения погашена задолженность по оплате труда на сумму свыше 2,8 млн рублей","Установлено, что за январь и первую половину февраля 2025 года перед 71 работником учреждения образовался долг по заработной плате на сумму более 2,8 млн рублей.",https://epp.genproc.gov.ru/ru/proc_ho/mass-media/news/archive/e5821467/,False
101,Case,2025-04-02,Luhansk,Svatove,Прокуратура Сватовского района Луганской,Not stated,Utilities and housing services,53,3000000.0,2024 (full year),12,,Prosecutor representation; Administrative case (Art. 5.27 CAO),Paid in full after prosecutor intervention,В Сватовском районе ЛНР по требованию прокуратуры выплачена задолженность по заработной плате работникам коммунального предприятия в размере более 3 млн рублей,"В ходе надзорных мероприятий установлено, что за 2024 год перед 53 работниками предприятия образовалась задолженность по заработной плате на сумму более 3 млн рублей.",https://epp.genproc.gov.ru/ru/proc_lnr/mass-media/news/archive/e8114754/,False
102,Case,2025-04-02,Kherson,Novotroitske,Новотроицкая межрайонная прокуратура Херсонской области,Not stated,Municipal and state enterprises,83,5500000.0,Jan to Mar 2025,3,,Prosecutor representation,Paid in full after prosecutor intervention,"В Херсонской области по требованию прокуратуры погашена задолженность по оплате труда на сумму около 5,5 млн рублей",После чего задолженность по заработной плате перед работниками учреждения полностью погашена.,https://epp.genproc.gov.ru/ru/proc_ho/mass-media/news/archive/e5821449/,False
103,Case,2025-04-07,Luhansk,Luhansk (regional office),Прокуратура,Not stated,Utilities and housing services,235,30000000.0,Jan to Feb 2025,2,,Prosecutor representation,Paid in full after prosecutor intervention,В Луганской Народной Республики по требованию прокуратуры перед работниками водоканала погашен долг по зарплате на сумму 30 млн рублей,"В ходе надзорных мероприятий установлено, что за январь–февраль 2025 года перед 235 работниками предприятия образовалась задолженность по заработной плате на сумму более 30 млн рублей.",https://epp.genproc.gov.ru/ru/proc_lnr/mass-media/news/archive/e8114745/,False
104,Case,2025-04-09,Luhansk,Sievierodonetsk,Прокуратура города Северодонецка,«Северодонецкоммунсервис»,Utilities and housing services,86,5000000.0,Feb 2025,1,,Prosecutor representation,Paid in full after prosecutor intervention,В Северодонецке ЛНР по требованию прокуратуры выплачена задолженность по заработной плате работникам коммунального предприятия в размере почти 5 млн рублей,"В ходе надзорных мероприятий установлено, что перед 86 работниками предприятия образовалась задолженность по заработной плате за февраль 2025 года на сумму почти 5 млн рублей.",https://epp.genproc.gov.ru/ru/proc_lnr/mass-media/news/archive/e8114739/,False
105,Case,2025-04-10,Donetsk,Donetsk city (Kalininskyi district),Прокуратура Калининского района,Not stated,Mining and metallurgy,241,23000000.0,Dec 2024 to Jan 2025,2,,Prosecutor representation,Paid in full after prosecutor intervention,В Донецкой Народной Республике по требованию прокуратуры выплачена зарплата работникам горнодобывающего предприятия на сумму более 23 млн рублей,"Установлено, что в период с декабря 2024 года по январь 2025 года перед 241 работником образовалась задолженность по заработной плате в размере более 23 млн рублей.",https://epp.genproc.gov.ru/ru/proc_dnr/mass-media/news/archive/e8112093/,False
106,Case,2025-04-11,Donetsk,Donetsk city,Прокуратура,ООО «Монолит групп»,Mining and metallurgy,41,2200000.0,Jan 2025,1,,Prosecutor representation,Paid in full after prosecutor intervention,"В Донецкой Народной Республике по требованию прокуратуры выплачена зарплата работникам предприятия на сумму более 2,2 млн рублей","Установлено, что в январе 2025 года перед 41 сотрудником организации образовалась задолженность по заработной плате в размере более 2,2 млн рублей.",https://epp.genproc.gov.ru/ru/proc_dnr/mass-media/news/archive/e8112090/,False
107,Case,2025-04-11,Luhansk,Rubizhne,Прокуратура,Not stated,Utilities and housing services,182,4000000.0,Jan 2025,1,,Prosecutor representation,Paid in full after prosecutor intervention,В Луганской Народной Республике по требованию прокуратуры выплачена заработная плата работникам коммунального предприятия на общую сумму почти 4 млн рублей,"В ходе надзорных мероприятий установлено, что перед 182 работниками предприятия образовалась задолженность по заработной плате за январь 2025 года на сумму почти 4 млн рублей.",https://epp.genproc.gov.ru/ru/proc_lnr/mass-media/news/archive/e8114733/,False
108,Case,2025-04-11,Kherson,Skadovsk,Прокуратура Скадовского района Херсонской,ГУП «Антоновское опытно-экспериментальное хозяйство»,Municipal and state enterprises,54,10000000.0,Nov 2024 to Feb 2025,4,,Prosecutor representation,Paid in full after prosecutor intervention,В Херсонской области после вмешательства прокуратуры погашена задолженность по оплате труда перед работниками предприятия в размере свыше 10 млн рублей,"Установлено, что с ноября 2024 года по февраль 2025 года перед 54 работниками организации образовалась задолженность по заработной плате в размере более 10 млн рублей.",https://epp.genproc.gov.ru/ru/proc_ho/mass-media/news/archive/e5821425/,False
109,Case,2025-04-15,Luhansk,Bilokurakyne,Прокуратура Белокуракинского района ЛНР,«Белокуракинское лесоохотничье хозяйство»,Municipal and state enterprises,53,7000000.0,Aug 2024 to Jan 2025,6,,Prosecutor representation,Paid in full after prosecutor intervention,В Луганской Народной Республике по требованию прокуратуры выплачена заработная плата работникам лесоохотничьего хозяйства на общую сумму более 7 млн рублей,"В ходе надзорных мероприятий установлено, что за период с августа 2024 года по январь 2025 год перед 53 работниками предприятия образовалась задолженность по заработной плате на сумму более 7 млн рублей.",https://epp.genproc.gov.ru/ru/proc_lnr/mass-media/news/archive/e8114721/,False
110,Case,2025-04-25,Luhansk,Kreminna,Прокуратура Кременского района Луганской,Not stated,Utilities and housing services,80,6000000.0,Mar to Apr 2025,2,,Prosecutor representation,Paid in full after prosecutor intervention,В Кременском районе ЛНР по требованию прокуратуры выплачена задолженность по заработной плате работникам коммунального предприятия в размере более 6 млн рублей,"В ходе надзорных мероприятий установлено, что за март-апрель 2025 года перед 80 работниками предприятия образовалась задолженность по заработной плате на сумму более 6 млн рублей.",https://epp.genproc.gov.ru/ru/proc_lnr/mass-media/news/archive/e8114679/,False
111,Case,2025-04-30,Luhansk,Antratsyt,Прокуратура Антрацитовского района Луганской,ООО «Александр»,Not stated,6,2000000.0,May 2024 to Feb 2025,10,,Prosecutor representation; Administrative case (Art. 5.27 CAO),Paid in full after prosecutor intervention,В Антрацитовском районе ЛНР по требованию прокуратуры выплачена задолженность по заработной плате работникам углеперерабатывающей организации в размере почти 2 млн рублей,"В ходе надзорных мероприятий установлено, что за период с мая 2024 года по февраль 2025 года перед 6 работниками организации образовалась задолженность по заработной плате на сумму почти 2 млн рублей.",https://epp.genproc.gov.ru/ru/proc_lnr/mass-media/news/archive/e8114670/,False
112,Case,2025-05-20,Luhansk,Rubizhne,Прокуратура,«Муниципальный сервис города Рубежное»,Utilities and housing services,27,2000000.0,Jan to Mar 2025,3,,Prosecutor representation,Paid in full after prosecutor intervention,В Луганской Народной Республике по требованию прокуратуры выплачена заработная плата работникам коммунального предприятия на общую сумму более 2 млн рублей,"В ходе надзорных мероприятий установлено, что перед 27 работниками предприятия образовалась задолженность по заработной плате за январь -март 2025 года на сумму более 2 млн рублей.",https://epp.genproc.gov.ru/ru/proc_lnr/mass-media/news/archive/e8114619/,False
113,Case,2025-05-27,Luhansk,Troitske,Прокуратура Троицкого района Луганской,«Центр коммунальных услуг Троицкого района»,Utilities and housing services,66,3000000.0,Feb to Mar 2025,2,,Prosecutor representation,Paid in full after prosecutor intervention,В Троицком районе ЛНР по требованию прокуратуры выплачена задолженность по заработной плате работникам коммунального предприятия в размере свыше 3 млн рублей,"В ходе надзорных мероприятий установлено, что за февраль-март 2025 года перед 66 работниками предприятия образовалась задолженность по заработной плате на сумму более 3 млн рублей.",https://epp.genproc.gov.ru/ru/proc_lnr/mass-media/news/archive/e8114598/,False
114,Case,2025-05-30,Donetsk,Donetsk (regional office),Прокуратура Донецкой Народной Республики,Not stated,Not stated,1,161000.0,Mar 2025,1,,Prosecutor representation,Paid in full after prosecutor intervention,В Донецкой Народной Республике по требованию прокуратуры выплачена зарплата работнику общества с ограниченной ответственностью,"Установлено, что в марте 2025 года перед заявителем, работавшим на предприятии, образовалась задолженность по заработной плате в размере более 161 тыс.",https://epp.genproc.gov.ru/ru/proc_dnr/mass-media/news/archive/e8112048/,False
115,Case,2025-06-04,Luhansk,Luhansk city,Прокуратура Каменнобродского района Луганска,«Луганское лесоохотничье хозяйство»,Municipal and state enterprises,34,1000000.0,Nov to Dec 2024,2,,Prosecutor representation,Paid in full after prosecutor intervention,В Луганске по требованию прокуратуры выплачена задолженность по заработной плате работникам лесоохотничьего хозяйства в размере около 1 млн рублей,"В ходе надзорных мероприятий установлено, что за ноябрь-декабрь 2024 года перед 34 работниками лесоохотничьего хозяйства образовалась задолженность по заработной плате в размере около 1 млн руб.",https://epp.genproc.gov.ru/ru/proc_lnr/mass-media/news/archive/e6324173/,False
116,Case,2025-06-17,Zaporizhzhia,Enerhodar,Представители прокуратуры города Энергодара,ООО «Тепловодоканал»,Mining and metallurgy,60,,,,,,Not stated,Представители прокуратуры города Энергодара встретились с трудовым коллективом коммунального предприятия,"Так, в ходе встречи работники прокуратуры присутствующим разъяснили особенности законодательства, регулирующего трудовые отношения, дали ответы на интересующие вопросы, касающиеся порядка взыскания заработной платы, компенсации за задержку заработной платы, неиспользованный отпуск и компенсации морального вреда в судебном порядке.",https://epp.genproc.gov.ru/ru/proc_zo/mass-media/news/archive/e8126964/,False
117,Case,2025-06-20,Zaporizhzhia,Yakymivka,Прокуратура Акимовского района,МУП «Жилищно-коммунальное хозяйство Акимовского района Запорожской области»,Utilities and housing services,71,3900000.0,Apr 2025,1,,Prosecutor representation; Administrative case (Art. 5.27 CAO),Not stated,Прокуратура Акимовского района защитила трудовые права 71 работника,"Установлено, что МУП «Жилищно-коммунальное хозяйство Акимовского района Запорожской области» 71 работнику не выплачена заработная плата за апрель 2025 года на общую сумму более 3,9 млн рублей.",https://epp.genproc.gov.ru/ru/proc_zo/mass-media/news/archive/e8126949/,False
118,Case,2025-06-23,Donetsk,Donetsk city (Kalininskyi district),Прокуратура Калининского района,«Проектно-конструкторское бюро»,Municipal and state enterprises,18,500000.0,Aug 2024 to Dec 2024,5,,Prosecutor representation,Paid in full after prosecutor intervention,В Донецкой Народной Республике по требованию прокуратуры выплачена зарплата работникам предприятия на сумму более 500 тыс. рублей,"Установлено, что в период с августа по декабрь 2024 года и за январь – февраль 2025 года в филиале «Проектно-конструкторское бюро» ГУП ДНР «ДУЭК» перед 18 работниками образовалась задолженность по заработной плате в размере более 500 тыс.",https://epp.genproc.gov.ru/ru/proc_dnr/mass-media/news/archive/e6323447/,False
119,Case,2025-06-24,Donetsk,Donetsk city (Budonnivskyi district),Прокуратура Буденновского района,Not stated,Not stated,37,1500000.0,Feb 2025 to Mar 2025,2,,Prosecutor representation,Paid in full after prosecutor intervention,"В Донецкой Народной Республике по требованию прокуратуры выплачена зарплата работникам предприятия на сумму более 1,5 млн рублей","Установлено, что в период с февраля по март 2025 года у организации перед 37 работниками образовалась задолженность по заработной плате в размере более 1,5 млн рублей.",https://epp.genproc.gov.ru/ru/proc_dnr/mass-media/news/archive/e6323441/,False
120,Case,2025-06-25,Zaporizhzhia,Chernihivka,Представитель прокуратуры Черниговского района,ГУП «Государственный зерновой оператор»,Mining and metallurgy,21,,,,,,Not stated,Представитель прокуратуры Черниговского района встретился с работниками зернового предприятия,"В ходе мероприятия работник прокуратуры присутствующим разъяснил особенности законодательства, регулирующего трудовые отношения, дал ответы на интересующие вопросы, касающиеся порядка взыскания заработной платы, компенсации за задержку заработной платы, неиспользованный отпуск и компенсации морального вреда в судебном порядке.",https://epp.genproc.gov.ru/ru/proc_zo/mass-media/news/archive/e8126931/,False
121,Aggregate statement,2025-06-26,Kherson,,прокуратуре области,Not stated,Transport,,,,,,,Not stated,В прокуратуре области состоялось заседание межведомственной рабочей группы по вопросам состояния законности в сфере трудовых правоотношений,Членами рабочей группы обсуждены вопросы погашения задолженности по оплате труда на территории региона.,https://epp.genproc.gov.ru/ru/proc_ho/mass-media/news/archive/e5860528/,False
122,Case,2025-06-30,Zaporizhzhia,Zaporizhzhia (regional office),прокуратуру Запорожской области,Not stated,Trade and services,1,1200.0,Feb and Mar 2025,2,,Prosecutor representation; Administrative case (Art. 5.27 CAO),Paid in full after prosecutor intervention,Бердянский предприниматель заплатил штраф и выплатил долг по зарплате работнику после проверки прокуратуры,"Задолженность по заработной плате перед заявителем выплачена в полном объеме, его трудовые права восстановлены.",https://epp.genproc.gov.ru/ru/proc_zo/mass-media/news/archive/e8126913/,False
123,Case,2025-07-03,Donetsk,Donetsk city,Прокуратура города Донецка,«Донецкгормаш»,Municipal and state enterprises,250,30000000.0,Jul 2024 to Feb 2025,8,,Prosecutor representation,Paid in full after prosecutor intervention,В Донецкой Народной Республике по требованию прокуратуры выплачена зарплата работникам предприятия на сумму более 30 млн рублей,"Установлено, что в период с июля 2024 года по февраль 2025 года в государственном унитарном предприятии перед 250 работниками образовалась задолженность по заработной плате в размере более 30 млн рублей.",https://epp.genproc.gov.ru/ru/proc_dnr/mass-media/news/archive/e6323396/,False
124,Case,2025-07-03,Luhansk,Lysychansk,Прокуратура города Лисичанска,«Комплексный центр коммунального обслуживания Лисичанска ЛНР»,Utilities and housing services,117,18000000.0,Feb to Apr 2025,3,,Prosecutor representation,Paid in full after prosecutor intervention,В ЛНР по требованию прокуратуры выплачена задолженность по заработной плате работникам коммунального предприятия в размере более 18 млн рублей,"Установлено, что за февраль-апрель 2025 года перед 117 работниками предприятия образовалась задолженность по заработной плате на сумму более 18 млн рублей.",https://epp.genproc.gov.ru/ru/proc_lnr/mass-media/news/archive/e6324080/,False
125,Case,2025-07-07,Donetsk,Debaltseve,Прокуратура города Дебальцево,«Углегорская тепловая электростанция»,Municipal and state enterprises,1327,19000000.0,Jan to Feb 2025,2,,Prosecutor representation,Paid in full after prosecutor intervention,После вмешательства надзорного ведомства работникам тепловых электростанций выплачены долги по заработной плате на общую сумму более 19 млн рублей,"Установлено, что за январь – февраль 2025 года в государственном унитарном предприятии перед 1327 работниками образовалась задолженность по заработной плате в размере более 19 млн рублей.",https://epp.genproc.gov.ru/ru/proc_dnr/mass-media/news/archive/e6323381/,False
126,Case,2025-07-14,Kherson,Kherson (regional office),прокуратуре Херсонской области,«Херсон Теплосети»,Utilities and housing services,45,8000000.0,,,,,Paid in full after prosecutor intervention,В Херсонской области после вмешательства прокуратуры работникам унитарного предприятия выплачены долги по заработной плате на сумму около 8 млн рублей,перед 45 работниками унитарного предприятия Херсонской области «Херсон Теплосети» задолженность по заработной плате на сумму около 8 млн рублей.,https://epp.genproc.gov.ru/ru/proc_ho/mass-media/news/archive/e5860462/,False
127,Case,2025-07-22,Luhansk,Krasnyi Luch (Khrustalnyi),Прокуратурой города Красный,«Краснолучская автомобильная школа республиканского общества автомобилистов»,Education,17,1000000.0,Feb to Mar 2025,2,,Prosecutor representation; Administrative case (Art. 5.27 CAO),Paid in full after prosecutor intervention,В Красном Луче по требованию прокуратуры выплачена задолженность по заработной плате работникам автошколы в размере более 1 млн рублей,"Благодаря вмешательству надзорного ведомства права работников восстановлены, задолженность по оплате труда погашена в полном объеме.",https://epp.genproc.gov.ru/ru/proc_lnr/mass-media/news/archive/e6324011/,False
128,Case,2025-07-23,Donetsk,Donetsk city,Прокуратура города Донецка,«Киара»,Not stated,24,3200000.0,Jan 2025 to May 2025,5,,Prosecutor representation,Paid in full after prosecutor intervention,"В Донецкой Народной Республике по требованию прокуратуры выплачена зарплата работникам общества с ограниченной ответственностью на сумму более 3,2 млн рублей","Установлено, что в период с января по май 2025 года в организации перед 24 работниками образовалась задолженность по заработной плате в размере более 3,2 млн рублей.",https://epp.genproc.gov.ru/ru/proc_dnr/mass-media/news/archive/e6323303/,False
129,Case,2025-07-24,Kherson,Nyzhni Sirohozy,Прокуратура Нижнесерогозского района Херсонской,Not stated,Municipal and state enterprises,53,3000000.0,Feb to May 2025,4,3000000.0,Prosecutor representation,Paid in full after prosecutor intervention,После вмешательства прокуратуры погашена задолженность по оплате труда на сумму около 3 млн рублей,"Установлено, что с февраля по май текущего года перед 53 работниками учреждения образовалась задолженность по оплате ежегодных отпусков и положенной компенсации за нарушение сроков выплаты заработной платы в сумме около 3 млн рублей.",https://epp.genproc.gov.ru/ru/proc_ho/mass-media/news/archive/e5864293/,False
130,Case,2025-07-29,Luhansk,Luhansk city,Прокуратурой Ленинского района Луганска,ООО «Техсервис»,Not stated,11,3000000.0,Oct 2024,1,,Prosecutor representation; Administrative case (Art. 5.27 CAO),Paid in full after prosecutor intervention,В Луганске благодаря вмешательству прокуратуры выплачена заработная плата работникам коммерческой организации в размере более 3 млн рублей,"Благодаря вмешательству надзорного ведомства права работников восстановлены, задолженность по оплате труда погашена в полном объеме.",https://epp.genproc.gov.ru/ru/proc_lnr/mass-media/news/archive/e6323987/,False
131,Case,2025-07-31,Donetsk,Donetsk city,Прокуратура,Not stated,Mining and metallurgy,254,7700000.0,May 2025,1,143000.0,Prosecutor representation,Paid in full after prosecutor intervention,"В Донецкой Народной Республике по требованию прокуратуры выплачена зарплата работникам управляющей компании на сумму более 7,7 млн рублей","Установлено, что в мае 2025 года перед 254 сотрудниками управляющей компании образовалась задолженность по заработной плате в размере более 7,7 млн рублей.",https://epp.genproc.gov.ru/ru/proc_dnr/mass-media/news/archive/e6323276/,False
132,Case,2025-07-31,Luhansk,Rubizhne,Прокуратура,«Муниципальный сервис города Рубежное»,Utilities and housing services,20,1600000.0,Apr to May 2025,2,,Prosecutor representation,Paid in full after prosecutor intervention,"В Луганской Народной Республике по требованию прокуратуры выплачена заработная плата работникам коммунального предприятия на общую сумму более 1,6 млн рублей","В ходе надзорных мероприятий установлено, что перед 20 работниками предприятия образовалась задолженность по заработной плате за апрель -май 2025 года на сумму более 1,6 млн рублей.",https://epp.genproc.gov.ru/ru/proc_lnr/mass-media/news/archive/e6323978/,False
133,Case,2025-08-06,Luhansk,Svatove,Прокуратура Сватовского района ЛНР,«Сватовский детский сад «Ромашка»,Education,4,1000000.0,Oct 2024 to Jul 2025,10,,Criminal case (Art. 145.1 CC),Not stated,В Сватовском районе ЛНР по материалам прокурорской проверки возбуждено уголовное дело в отношении начальника управления образования по факту невыплаты заработной платы на сумму почти 1 млн рублей,"Установлено, что начальник Управления образования по муниципальным образованиям Сватовского муниципального округа, Троицкого муниципального округа и Кременского муниципального округа Министерства образования и науки Луганской Народной Республики в период с октября 2024 года по июль 2025 года не выплачивал заработную плату 4 работникам детского сада.",https://epp.genproc.gov.ru/ru/proc_lnr/mass-media/news/archive/e6323954/,False
134,Case,2025-08-07,Luhansk,Pervomaisk,Прокуратура города Первомайска,Not stated,Utilities and housing services,119,6000000.0,Mar to Apr 2025,2,,Prosecutor representation; Disciplinary action,Paid in full after prosecutor intervention,В Первомайске ЛНР по требованию прокуратуры выплачена задолженность по заработной плате работникам коммунального предприятия в размере более 6 млн рублей,"В ходе надзорных мероприятий установлено, что перед 119 работниками предприятия образовалась задолженность по заработной плате за март – апрель 2025 года на сумму более 6 млн рублей.",https://epp.genproc.gov.ru/ru/proc_lnr/mass-media/news/archive/e6323951/,False
135,Case,2025-08-12,Donetsk,Mariupol,Прокуратура города Мариуполя,ООО «Агроресурсстрой»,Agriculture,494,66000000.0,Nov 2024 to Mar 2025,5,,Prosecutor representation; Criminal case (Art. 145.1 CC); Court claims on behalf of workers,Partially paid,В Донецкой Народной Республике по материалам прокурорской проверки возбуждено уголовное дело о невыплате заработной платы на сумму свыше 66 млн рублей,"Установлено, что директор коммерческой организации при наличии финансовой возможности в период с ноября 2024 года по март 2025 года частично не выплачивал заработную плату 494 работникам.",https://epp.genproc.gov.ru/ru/proc_dnr/mass-media/news/archive/e6323225/,False
136,Case,2025-08-12,Donetsk,Donetsk (regional office),Прокуратура Донецкой Народной Республики,«Донецкая промышленная компания»,Mining and metallurgy,133,45000000.0,Mar 2024 to Jan 2025,11,,Prosecutor representation,Paid in full after prosecutor intervention,В Донецкой Народной Республике по требованию прокуратуры погашена задолженность по заработной плате перед работниками предприятия на сумму около 45 млн рублей,"Установлено, что с марта 2024 года по январь 2025 года перед 133 сотрудниками предприятия образовалась задолженность по заработной плате в размере около 45 млн рублей.",https://epp.genproc.gov.ru/ru/proc_dnr/mass-media/news/archive/e6323228/,False
137,Case,2025-08-13,Luhansk,Kreminna,Прокуратура Кременского района Луганской,«Коммунальное хозяйство»,Utilities and housing services,112,12000000.0,Mar to Apr 2025,2,,Prosecutor representation; Disciplinary action,Paid in full after prosecutor intervention,В Кременском районе ЛНР по требованию прокуратуры выплачена задолженность по заработной плате работникам коммунального предприятия в размере более 12 млн рублей,"В ходе надзорных мероприятий установлено, что за март -апрель 2025 года перед 112 работниками предприятия образовалась задолженность по заработной плате на сумму более 12 млн рублей.",https://epp.genproc.gov.ru/ru/proc_lnr/mass-media/news/archive/e6323924/,False
138,Case,2025-08-14,Donetsk,Donetsk city,Прокуратура города Донецка,Not stated,Utilities and housing services,129,5600000.0,May 2025,1,,Prosecutor representation,Paid in full after prosecutor intervention,"В Донецке по требованию прокуратуры погашена задолженность по заработной плате перед работниками предприятия на сумму более 5,6 млн рублей","Установлено, что в мае 2025 года перед 129 работниками управляющей компании образовалась задолженность по заработной плате в размере более 5,6 млн рублей.",https://epp.genproc.gov.ru/ru/proc_dnr/mass-media/news/archive/e6323210/,False
139,Case,2025-08-15,Donetsk,Donetsk city,Прокуратура города Донецка,«Управляющая компания Ленинского района города Донецка»,Mining and metallurgy,277,1000000.0,May 2025,1,,Prosecutor representation,Paid in full after prosecutor intervention,В Донецкой Народной Республике по требованию прокуратуры погашена задолженность по заработной плате перед работниками предприятия на сумму более 1 млн рублей,"Установлено, что в мае 2025 года перед 277 сотрудниками предприятия образовалась задолженность по заработной плате в размере более 1 млн рублей.",https://epp.genproc.gov.ru/ru/proc_dnr/mass-media/news/archive/e6323207/,False
140,Case,2025-08-18,Donetsk,Donetsk city,Прокуратура,Not stated,Utilities and housing services,255,4900000.0,May 2025,1,,Prosecutor representation,Paid in full after prosecutor intervention,"В Донецкой Народной Республике по требованию прокуратуры погашена задолженность по заработной плате перед работниками предприятия на сумму более 4,9 млн рублей","Установлено, что в мае 2025 года перед 255 работниками организации образовалась задолженность по заработной плате в размере более 4,9 млн рублей.",https://epp.genproc.gov.ru/ru/proc_dnr/mass-media/news/archive/e6323204/,False
141,Case,2025-08-19,Luhansk,Antratsyt,Прокуратура Антрацитовского района ЛНР,ООО «Александр»,Not stated,6,2000000.0,May 2024 to Feb 2025,10,,Criminal case (Art. 145.1 CC),Paid in full after prosecutor intervention,В Антрацитовском районе ЛНР по материалам прокурорской проверки возбуждено уголовное дело в отношении директора коммерческой организации по факту невыплаты заработной платы на сумму почти 2 млн рублей,"Установлено, что директор коммерческой организации в период с мая 2024 года по февраль 2025 года не выплачивала заработную плату 6 работникам.",https://epp.genproc.gov.ru/ru/proc_lnr/mass-media/news/archive/e6323906/,False
142,Case,2025-08-27,Luhansk,Lysychansk,Прокуратура,Not stated,Utilities and housing services,235,14000000.0,Jul 2025,1,,Prosecutor representation,Paid in full after prosecutor intervention,В Лисичанске ЛНР по требованию прокуратуры выплачена задолженность по заработной плате работникам коммунального предприятия в размере более 14 млн рублей,"В ходе надзорных мероприятий установлено, что за июль 2025 года перед 235 работниками предприятия образовалась задолженность по заработной плате на сумму более 14 млн рублей.",https://epp.genproc.gov.ru/ru/proc_lnr/mass-media/news/archive/e6323876/,False
143,Case,2025-08-27,Kherson,Skadovsk,Прокуратурой Скадовского района Херсонской,«Центр занятости населения Херсонской области»,Not stated,102,3400000.0,,,,Prosecutor representation,Not stated,"В Херсонской области после вмешательства прокуратуры выплачены долги по заработной плате на сумму 3,4 млн рублей","Установлено, что за первую половину июля 2025 года перед 102 работниками Центра образовалась задолженность по оплате труда в общем размере 3,4 млн рублей.",https://epp.genproc.gov.ru/ru/proc_ho/mass-media/news/archive/e6323795/,False
144,Case,2025-08-28,Luhansk,Svatove,Прокуратура Сватовского района Луганской,Not stated,Utilities and housing services,50,1000000.0,Jul 2025,1,,Prosecutor representation; Disciplinary action,Paid in full after prosecutor intervention,В Сватовском районе ЛНР по требованию прокуратуры выплачена задолженность по заработной плате работникам коммунального предприятия в размере более 1 млн рублей,"В ходе надзорных мероприятий установлено, что за июль 2025 года перед 50 работниками предприятия образовалась задолженность по заработной плате на сумму более 1 млн рублей.",https://epp.genproc.gov.ru/ru/proc_lnr/mass-media/news/archive/e6323870/,False
145,Case,2025-09-03,Donetsk,,Донецкой межрайонной прокуратурой по надзору за исполнением законов в угледобывающей отрасли по обращению работника ООО «Гор,ООО «Горняк-95»,Coal mining,1,237000.0,May to Jul 2025,3,12000.0,Prosecutor representation,Paid in full after prosecutor intervention,В Донецкой Народной Республике по требованию прокуратуры погашена задолженность по заработной плате перед работником общества с ограниченной ответственностью,"Установлено, что за май – июль 2025 года перед мужчиной образовалась задолженность по заработной плате в размере более 237 тыс.",https://epp.genproc.gov.ru/ru/proc_dnr/mass-media/news/archive/e5944891/,False
146,Case,2025-09-04,Luhansk,Lysychansk,Прокуратура,«Объединение эксплуатационного обслуживания города Лисичанска ЛНР»,Utilities and housing services,231,11000000.0,,,,Prosecutor representation,Paid in full after prosecutor intervention,В Лисичанске ЛНР по требованию прокуратуры выплачена задолженность по заработной плате работникам коммунального предприятия в размере более 11 млн рублей,"В ходе надзорных мероприятий установлено, что за период май-июнь 2025 года перед 231 работником предприятия образовалась задолженность по заработной плате на сумму более 11 млн рублей.",https://epp.genproc.gov.ru/ru/proc_lnr/mass-media/news/archive/e8114565/,False
147,Case,2025-09-05,Donetsk,,Донецкой межрайонной прокуратурой по надзору за исполнением законов в угледобывающей отрасли по обращению работника ООО «Гор,ООО «Горняк-95»,Coal mining,1,42000.0,May to Jul 2025,3,4500.0,Prosecutor representation,Paid in full after prosecutor intervention,В Донецкой Народной Республике по требованию прокуратуры погашена задолженность по заработной плате перед работником общества с ограниченной ответственностью,"Установлено, что за май – июль 2025 года перед мужчиной образовалась задолженность по заработной плате в размере более 42 тыс.",https://epp.genproc.gov.ru/ru/proc_dnr/mass-media/news/archive/e5944879/,False
148,Case,2025-09-05,Luhansk,Rubizhne,Прокуратура,Not stated,Utilities and housing services,191,7000000.0,Jul 2025,1,,Prosecutor representation,Paid in full after prosecutor intervention,В Луганской Народной Республике по требованию прокуратуры выплачена заработная плата работникам коммунального предприятия на общую сумму почти 7 млн рублей,"В ходе надзорных мероприятий установлено, что перед 191 работником предприятия образовалась задолженность по заработной плате за июль 2025 года на сумму почти 7 млн рублей.",https://epp.genproc.gov.ru/ru/proc_lnr/mass-media/news/archive/e8114562/,False
149,Case,2025-09-12,Luhansk,Luhansk (regional office),Прокуратура Луганской Народной Республики,Not stated,Coal mining,2000,1000000000.0,,,,Prosecutor representation,Paid in full after prosecutor intervention,В ЛНР по требованию прокуратуры выплачена задолженность по заработной плате работникам угольной промышленности на сумму более 1 млрд рублей,работниками образовалась задолженность по заработной плате на сумму более 1 млрд рублей.,https://epp.genproc.gov.ru/ru/proc_lnr/mass-media/news/archive/e5945026/,False
150,Case,2025-09-12,Kherson,Nyzhni Sirohozy,Прокуратурой Нижнесерогозского района Херсонской,ООО «Б-Агро»,Agriculture,12,2300000.0,Jul to Aug 2025,2,,Prosecutor representation,Not stated,"В Херсонской области после вмешательства прокуратуры выплачены долги по заработной плате на сумму около 2,3 млн рублей","Установлено, что за июль-август текущего года перед 12 работниками организации образовалась задолженность по оплате труда в общем размере около 2,3 млн рублей.",https://epp.genproc.gov.ru/ru/proc_ho/mass-media/news/archive/e8114367/,False
151,Case,2025-09-15,Luhansk,Krasnodon (Sorokyne),Прокуратура Краснодонского района Луганской,ООО «Завод Юность»,Industry and manufacturing,190,13000000.0,,,,Prosecutor representation,Paid in full after prosecutor intervention,В Краснодоне ЛНР по требованию прокуратуры погашена задолженность по заработной плате 190 работникам завода в размере более 13 млн рублей,"В ходе надзорных мероприятий установлено, что за период июнь-июль 2025 года перед 190 работниками организации образовалась задолженность по заработной плате на сумму более 13 млн рублей.",https://epp.genproc.gov.ru/ru/proc_lnr/mass-media/news/archive/e8114541/,False
152,Case,2025-09-16,Zaporizhzhia,Enerhodar,Прокуратура города Энергодара,Not stated,Utilities and housing services,425,92000000.0,,,,Prosecutor representation; Administrative case (Art. 5.27 CAO); Court claims on behalf of workers,Paid in full after prosecutor intervention,В Энергодаре прокуратура добилась выплаты долгов по зарплате,"Установлено, что в МУП Энергодарского городского округа «Тепловодоканал» 425 работникам не выплачена заработная плата за три месяца на общую сумму более 92 млн рублей.",https://epp.genproc.gov.ru/ru/proc_zo/mass-media/news/archive/e8126760/,False
153,Case,2025-09-18,Donetsk,Donetsk city,Донецкой межрайонной прокуратурой по надзору за исполнением законов в угледобывающей отрасли проведена проверка исполнения т,ООО «Горняк-95»,Coal mining,512,84100000.0,May 2025 to Aug 2025,4,,Criminal case (Art. 145.1 CC); Court claims on behalf of workers,Not stated,"В Донецке по материалам прокурорской проверки возбуждено уголовное дело о невыплате заработной платы в сумме свыше 84,1 млн рублей","Установлено, что в обществе с мая по август 2025 года по вине работодателя образовалась задолженность по заработной плате перед 512 работниками на сумму свыше 84,1 млн рублей.",https://epp.genproc.gov.ru/ru/proc_dnr/mass-media/news/archive/e5989873/,False
154,Case,2025-09-25,Luhansk,Rubizhne,Прокуратура,«Муниципальный сервис города Рубежное»,Utilities and housing services,19,1000000.0,Jul 2025,1,,Prosecutor representation,Paid in full after prosecutor intervention,В Луганской Народной Республике по требованию прокуратуры выплачена заработная плата работникам коммунального предприятия на общую сумму почти 1 млн рублей,"В ходе надзорных мероприятий установлено, что перед 19 работниками предприятия образовалась задолженность по заработной плате за июль 2025 года на сумму почти 1 млн рублей.",https://epp.genproc.gov.ru/ru/proc_lnr/mass-media/news/archive/e8114514/,False
155,Case,2025-09-25,Zaporizhzhia,Melitopol,Прокуратура города Мелитополя,«Служба единого заказчика в сфере строительства»,Municipal and state enterprises,30,14600000.0,,,,Prosecutor representation; Administrative case (Art. 5.27 CAO); Disciplinary action,Not stated,"В Мелитополе после вмешательства прокуратуры погашена задолженность по заработной плате в размере 14,6 млн рублей",Благодаря вмешательству надзорного ведомства задолженность по заработной плате погашена.,https://epp.genproc.gov.ru/ru/proc_zo/mass-media/news/archive/e8126730/,False
156,Case,2025-10-08,Luhansk,Luhansk city (Kamianobridskyi district),Прокуратура Каменнобродского района ЛНР,МУП «Парк культуры и отдыха им. 1-го Мая»,Municipal and state enterprises,5,600000.0,Jan 2025 to Mar 2025,3,,Prosecutor representation; Administrative case (Art. 5.27 CAO),Paid in full after prosecutor intervention,В Луганске по требованию прокуратуры выплачена задолженность по заработной плате работникам парка культуры,"В ходе надзорных мероприятий установлено, что перед 5 работниками образовалась задолженность по заработной плате за период с января по март 2025 года на сумму более 600 тыс.",https://epp.genproc.gov.ru/ru/proc_lnr/mass-media/news/archive/e8114490/,False
157,Case,2025-10-14,Kherson,Nyzhni Sirohozy,Прокуратурой Нижнесерогозского района Херсонской,Not stated,Mining and metallurgy,1,,,,,Administrative case (Art. 5.27 CAO),Not stated,Работодатель оштрафован за невыплату заработной платы сотруднику при увольнении,"Прокуратурой Нижнесерогозского района Херсонской области проведена проверка соблюдения трудового законодательства. 
Установлено, что индивидуальный предприниматель в нарушение требований законодательства не выплатил все полагающиеся суммы работнику при расторжении трудового договора в последний рабо",https://epp.genproc.gov.ru/ru/proc_ho/mass-media/news/archive/e6246305/,False
158,Case,2025-10-15,Luhansk,Kreminna,Прокуратура Кременского района Луганской,«Малютка»,Education,12,1000000.0,Jul to Aug 2025,2,,Prosecutor representation; Disciplinary action,Paid in full after prosecutor intervention,В Кременском районе ЛНР по требованию прокуратуры выплачена задолженность по заработной плате работникам детского сада в размере почти 1 млн рублей,"В ходе надзорных мероприятий установлено, что за июль -август 2025 года перед 12 работниками детского сада образовалась задолженность по заработной плате на сумму почти 1 млн рублей.",https://epp.genproc.gov.ru/ru/proc_lnr/mass-media/news/archive/e6246395/,False
159,Case,2025-10-20,Kherson,Kalanchak,Прокуратура Каланчакского района Херсонской,АО «Каланчакский комбинат хлебопродуктов»,Industry and manufacturing,29,3600000.0,Apr 2025 to Sep 2025,6,,Prosecutor representation,Not stated,"В Херсонской области после вмешательства прокуратуры погашена задолженность по заработной плате на сумму свыше 3,6 млн рублей","Установлено, что за период с апреля по сентябрь 2025 года перед 29 работниками предприятия образовалась задолженность по выплате заработной платы на сумму свыше 3,6 млн рублей.",https://epp.genproc.gov.ru/ru/proc_ho/mass-media/news/archive/e6249776/,False
160,Case,2025-10-24,Luhansk,Troitske,Прокуратура Троицкого района,«Детская музыкальная школа Троицкого муниципального округа»,Education,,250000.0,Aug 2025 to Sep 2025,2,,Prosecutor representation,Paid in full after prosecutor intervention,В Троицком районе по требованию прокуратуры выплачена задолженность по заработной плате,"В ходе надзорных мероприятий установлено, что перед работниками учреждения образовалась задолженность по заработной плате за период с августа по сентябрь 2025 года на сумму около 250 тыс.",https://epp.genproc.gov.ru/ru/proc_lnr/mass-media/news/archive/e6330935/,False
161,Case,2025-10-30,Luhansk,Kreminna,Прокуратурой Кременского района Луганской,«Коммунальное хозяйство»,Utilities and housing services,109,20000000.0,,,,Prosecutor representation,Paid in full after prosecutor intervention,В Кременском районе Луганской Народной Республики по требованию прокуратуры выплачена задолженность по заработной плате работникам предприятия «Коммунальное хозяйство» в размере более 20 миллионов рублей,Прокуратурой Кременского района Луганской Народной Республики выявлен факт невыплаты 109 работникам предприятия задолженности по заработной плате на общую сумму более 20 миллионов рублей.,https://epp.genproc.gov.ru/ru/proc_lnr/mass-media/news/archive/e6337748/,False
162,Case,2025-11-13,Kherson,Skadovsk,Прокуратурой Скадовского района,«Готов к труду и обороне»,Transport,,,,,,Prosecutor representation; Administrative case (Art. 5.27 CAO); Court claims on behalf of workers,Not stated,Прокуратурой Скадовского района приняты меры к восстановлению трудовых прав работников бюджетного учреждения,"Установлено, что перед девятью работниками учреждения имелась задолженность по выплате заработной платы.",https://epp.genproc.gov.ru/ru/proc_ho/mass-media/news/archive/e6357936/,False
163,Case,2025-11-14,Luhansk,Luhansk city (Artemivskyi district),Прокуратура Артемовского района,«Управление оросительных систем»,Municipal and state enterprises,87,22000000.0,,,,Prosecutor representation; Administrative case (Art. 5.27 CAO),Paid in full after prosecutor intervention,В Луганске по требованию прокуратуры погашена задолженность по заработной плате в размере более 22 млн рублей,"В ходе надзорных мероприятий установлено, что за период январь - октябрь 2025 года перед 87 работниками предприятия образовалась задолженность по заработной плате на сумму более 22 млн рублей.",https://epp.genproc.gov.ru/ru/proc_lnr/mass-media/news/archive/e6346176/,False
164,Case,2025-11-17,Luhansk,Kreminna,Прокуратура Кременского района Луганской,«Коммунальное хозяйство»,Utilities and housing services,3,500000.0,May 2025 to Jun 2025,2,,Court claims on behalf of workers,Paid in full after prosecutor intervention,В Кременском районе Луганской Народной Республики по требованию прокуратуры выплачена задолженность по заработной плате работникам предприятия «Коммунальное хозяйство» в размере более 500 тысяч рублей,"В ходе надзорных мероприятий установлено, что за период с мая по июнь 2025 года перед 3 работниками предприятия образовалась задолженность по заработной плате на сумму более 500 тысяч рублей.",https://epp.genproc.gov.ru/ru/proc_lnr/mass-media/news/archive/e6361791/,False
165,Case,2025-11-21,Kherson,Skadovsk,прокуратуры Скадовского района,«Джарылгач»,Municipal and state enterprises,1,20000.0,,,,Prosecutor representation; Administrative case (Art. 5.27 CAO); Disciplinary action,Paid in full after prosecutor intervention,По требованию прокуратуры Скадовского района восстановлены трудовые права работника государственного учреждения,"После вмешательства надзорного ведомства права заявителя восстановлены, ему выплачена задолженность по заработной плате.",https://epp.genproc.gov.ru/ru/proc_ho/mass-media/news/archive/e6482463/,False
166,Case,2025-12-05,Luhansk,Kirovsk (Holubivka),Прокуратура города Кировска,«Жилищник города Кировска»,Utilities and housing services,40,2000000.0,Aug to Sep 2025,2,,Prosecutor representation,Paid in full after prosecutor intervention,В Кировске ЛНР по требованию прокуратуры выплачена задолженность по заработной плате работникам коммунального предприятия в размере более 2 млн рублей,"В ходе надзорных мероприятий установлено, что перед 40 работниками предприятия образовалась задолженность по заработной плате за август – сентябрь 2025 года на сумму более 2 млн рублей.",https://epp.genproc.gov.ru/ru/proc_lnr/mass-media/news/archive/e8300535/,False
167,Case,2025-12-09,Luhansk,Krasnyi Luch (Khrustalnyi),Прокуратура города Красный,ГУП «Химическое казенное объединение имени Г.И. Петровского»,Municipal and state enterprises,11,1300000.0,Mar to Oct 2025,8,,Prosecutor representation,Paid in full after prosecutor intervention,"В Красном Луче ЛНР по требованию прокуратуры выплачена задолженность по заработной плате работникам предприятия в размере более 1,3 млн рублей","В ходе надзорных мероприятий установлено, что перед 11 работниками предприятия образовалась задолженность по заработной плате за март – октябрь 2025 года на сумму более 1,3 млн рублей.",https://epp.genproc.gov.ru/ru/proc_lnr/mass-media/news/archive/e8304543/,False
168,Case,2025-12-09,Zaporizhzhia,Prymorsk,Прокуратура Приморского района,Not stated,Municipal and state enterprises,,340000.0,,,,Prosecutor representation,Not stated,Прокуратура Приморского района защитила трудовые права участника СВО,"В ходе проверки на муниципальном предприятии Приморского района, где трудится заявитель, установлено, что перед работником образовалась задолженность по заработной плате.",https://epp.genproc.gov.ru/ru/proc_zo/mass-media/news/archive/e8305905/,False
169,Case,2025-12-12,Luhansk,Stanytsia Luhanska,Прокуратура Станично-Луганского района Луганской,ООО «Агро-Союз»,Agriculture,21,1000000.0,Oct to Nov 2025,2,,Prosecutor representation,Paid in full after prosecutor intervention,В Станично-Луганском районе ЛНР по требованию прокуратуры выплачена задолженность по заработной плате работникам сельскохозяйственного предприятия в размере более 1 млн рублей,"В ходе надзорных мероприятий установлено, что перед 21 работником сельскохозяйственного предприятия образовалась задолженность по заработной плате за октябрь – ноябрь 2025 года на сумму более 1 млн рублей.",https://epp.genproc.gov.ru/ru/proc_lnr/mass-media/news/archive/e8310327/,False
170,Case,2025-12-23,Zaporizhzhia,Vasylivka,Прокуратура Васильевского района,«КОМФОРТ»,Municipal and state enterprises,26,807000.0,Oct 2025,1,,Prosecutor representation; Administrative case (Art. 5.27 CAO); Disciplinary action,Paid in full after prosecutor intervention,Прокуратура Васильевского района добилась погашения задолженности по заработной плате перед работниками предприятия,Прокуратура Васильевского района провела проверку соблюдения трудового законодательства в части невыплаты заработной платы.,https://epp.genproc.gov.ru/ru/proc_zo/mass-media/news/archive/e8330094/,False
171,Case,2025-12-26,Kherson,Kalanchak,Прокуратурой Каланчакского района Херсонской,Not stated,Not stated,11,,,,1300000.0,Court claims on behalf of workers,Under prosecutor control (unpaid at time of report),Прокуратурой в судебном порядке защищены трудовые права работников коммерческой организации,"Установлено, что с середины августа по октябрь текущего года перед 11 работниками организации образовалась задолженность по оплате труда в общем размере свыше миллиона рублей.",https://epp.genproc.gov.ru/ru/proc_ho/mass-media/news/archive/e8337963/,False
172,Case,2026-01-12,Luhansk,Kirovsk (Holubivka),Прокуратура города Кировска,«Кировский транспортный техникум»,Education,83,3000000.0,Oct 2025,1,,Prosecutor representation,Paid in full after prosecutor intervention,В Кировске по требованию прокуратуры выплачена задолженность по заработной плате педагогам в размере более 3 млн рублей,"В ходе надзорных мероприятий установлено, что перед 83 педагогическими работниками образовалась задолженность по заработной плате за октябрь 2025 года на сумму более 3 млн рублей.",https://epp.genproc.gov.ru/ru/proc_lnr/mass-media/news/archive/e8345313/,False
173,Case,2026-01-14,Luhansk,Luhansk city (Zhovtnevyi district),Прокуратура Жовтневого района,ООО «Строительно-монтажная компания»,Construction,1,300000.0,Sep 2024 to Mar 2025,7,,Criminal case (Art. 145.1 CC),Paid in full after prosecutor intervention,Прокурор Жовтневого района г. Луганска утвердил обвинительное заключение по уголовному делу по факту невыплату заработной платы,"Установлено, что директор коммерческой организации в период с сентября 2024 года по март 2025 года не выплачивал заработную плату работнику.",https://epp.genproc.gov.ru/ru/proc_lnr/mass-media/news/archive/e8348139/,False
174,Case,2026-01-19,Zaporizhzhia,Pryazovske,Прокуратура Приазовского района,ООО «МДК»,Not stated,83,5200000.0,1 month,1,,Prosecutor representation; Administrative case (Art. 5.27 CAO),Paid in full after prosecutor intervention,"В Запорожской области прокуратура добилась выплаты долгов по зарплате на сумму свыше 5,2 млн рублей","Установлено, что в обособленном подразделении «Литейщик» ООО «МДК», специализирующемся на изготовлении деталей из алюминия, за один месяц образовалась задолженность по заработной плате перед 83 работниками на общую сумму более 5,2 млн рублей.",https://epp.genproc.gov.ru/ru/proc_zo/mass-media/news/archive/e8352054/,False
175,Case,2026-02-09,Kherson,Kalanchak,Прокуратурой Каланчакского района Херсонской,ООО «АП ЗОРЯ-ЮГ»,Not stated,28,2500000.0,Sep 2025 to Jan 2026,5,,Prosecutor representation,Not stated,"После вмешательства прокуратуры погашена задолженность по заработной плате на сумму свыше 2,5 млн рублей","Установлено, что за период с сентября 2025 года по январь 2026 года перед 28 работниками организации образовалась задолженность по оплате труда на сумму свыше 2,5 млн рублей.",https://epp.genproc.gov.ru/ru/proc_ho/mass-media/news/archive/e8378949/,False
176,Case,2026-02-11,Zaporizhzhia,Melitopol,Прокуратура Мелитопольского района Запорожской,ООО «МДК»,Agriculture,241,23500000.0,,,243000.0,Prosecutor representation; Administrative case (Art. 5.27 CAO),Paid in full after prosecutor intervention,"В Запорожской области прокуратура добилась выплаты работникам организации задолженности по заработной плате на сумму свыше 23,5 млн рублей","Установлено, что в обособленном подразделении «Мелитопольский завод автотракторных запчастей» филиале ООО «МДК», специализирующемся на производстве и поставке запчастей для сельскохозяйственной техники, за два месяца образовалась задолженность по заработной плате перед 241 работником на общую сумму более 23,5 млн рублей.",https://epp.genproc.gov.ru/ru/proc_zo/mass-media/news/archive/e8384013/,False
177,Case,2026-02-16,Donetsk,Donetsk (regional office),Прокуратура Донецкой Народной Республики,«Республиканский центр социальной защиты населения»,Municipal and state enterprises,710,75000000.0,Jul 2025 to Oct 2025,4,1700000.0,Prosecutor representation,Paid in full after prosecutor intervention,В Донецкой Народной Республике по требованию прокуратуры выплачена зарплата работникам государственного бюджетного учреждения на сумму свыше 75 млн рублей,"Установлено, что в период с июля по октябрь 2025 года, а также за первую половину ноября 2025 года перед 710 работниками отделений социальной защиты населения – филиалов государственного бюджетного учреждения Донецкой Народной Республики «Республиканский центр социальной защиты населения» образовалась задолженность по заработной плате в размере более 75 млн рублей.",https://epp.genproc.gov.ru/ru/proc_dnr/mass-media/news/archive/e8389233/,False
178,Case,2026-03-02,Donetsk,Khartsyzk,Прокуратура города Харцызска,«Ростэкспоснаб 8»,Not stated,539,70000000.0,Jul 2025 to Dec 2025,6,,Criminal case (Art. 145.1 CC),Under prosecutor control (unpaid at time of report),В ДНР по материалам прокурорской проверки возбуждено уголовное дело по факту невыплаты заработной платы на сумму более 70 млн рублей,"Установлено, что в период с июля по декабрь 2025 года перед 539 работниками предприятия и 116 уволенными работниками образовалась задолженность по заработной плате в размере более 70 млн рублей.",https://epp.genproc.gov.ru/ru/proc_dnr/mass-media/news/archive/e8406636/,False
179,Case,2026-03-11,Luhansk,Pervomaisk,Прокуратура города Первомайска,Not stated,Utilities and housing services,15,1000000.0,Jul to Sep 2025,3,,Court claims on behalf of workers,Paid in full after prosecutor intervention,В Первомайске ЛНР по требованию прокуратуры выплачена задолженность по заработной плате работникам коммунального предприятия в размере почти 1 млн рублей,"В ходе надзорных мероприятий установлено, что перед 15 работниками предприятия образовалась задолженность по заработной плате за июль – сентябрь 2025 года на сумму почти 1 млн рублей.",https://epp.genproc.gov.ru/ru/proc_lnr/mass-media/news/archive/e8417592/,False
180,Case,2026-03-11,Luhansk,Luhansk city (Artemivskyi district),Прокуратура Артемовского района,ГБУЗ «Луганская городская поликлиника № 12»,Healthcare,18,,Jan 2014,1,,Prosecutor representation,Paid in full after prosecutor intervention,В Луганске по требованию прокуратуры выплачена задолженность по заработной плате 18 медицинским работникам,"В ходе надзорных мероприятий установлено, что перед 18 медицинскими работниками образовалась задолженность по заработной плате за январь 2014 г.",https://epp.genproc.gov.ru/ru/proc_lnr/mass-media/news/archive/e8417586/,False
181,Case,2026-03-12,Zaporizhzhia,Melitopol,Прокуратура города Мелитополя,ООО «Мелитопольские сады»,Not stated,1,25000.0,Dec 2025,1,,Prosecutor representation; Administrative case (Art. 5.27 CAO),Paid in full after prosecutor intervention,Прокуратура города Мелитополя провела проверку соблюдения трудового законодательства в части невыплаты заработной платы,"Установлено, что перед работником ООО «Мелитопольские сады» образовалась задолженность по заработной плате и иным выплатам за декабрь 2025 года в размере 25 тыс.",https://epp.genproc.gov.ru/ru/proc_zo/mass-media/news/archive/e8418384/,False
182,Case,2026-03-16,Luhansk,Krasnyi Luch (Khrustalnyi),Прокуратура,«Краснолучский приборостроительный техникум»,Construction,31,,Sep 2025,1,,Prosecutor representation,Paid in full after prosecutor intervention,В Красном Луче по требованию прокуратуры выплачена задолженность по заработной плате педагогическим работникам,"В ходе надзорных мероприятий установлено, что перед 31 педагогическим работником образовалась задолженность по заработной плате за сентябрь 2025 г.",https://epp.genproc.gov.ru/ru/proc_lnr/mass-media/news/archive/e8424684/,False
183,Case,2026-03-17,Kherson,Nyzhni Sirohozy,Прокуратурой Нижнесерогозского района Херсонской,«Ремонтник»,Education,57,4000000.0,Jan 2026 to Feb 2026,2,,Prosecutor representation,Not stated,После вмешательства прокуратуры погашена задолженность по заработной плате на сумму свыше 4 млн рублей,"Установлено, что за период с января по февраль 2026 года перед 57 работниками организации образовалась задолженность по оплате труда на сумму свыше 4 млн рублей.",https://epp.genproc.gov.ru/ru/proc_ho/mass-media/news/archive/e8425545/,False
184,Case,2026-03-18,Kherson,Nyzhni Sirohozy,Прокуратурой Нижнесерогозского района Херсонской,«Дворец культуры и отдыха»,Mining and metallurgy,15,1200000.0,Jan to Feb 2026,2,,Prosecutor representation,Paid in full after prosecutor intervention,"После вмешательства прокуратуры погашена задолженность по заработной плате на сумму свыше 1,2 млн рублей","Установлено, что за период с января по февраль текущего года перед 15 сотрудниками учреждения образовалась задолженность по оплате труда на сумму свыше 1,2 млн рублей.",https://epp.genproc.gov.ru/ru/proc_ho/mass-media/news/archive/e8428209/,False
185,Case,2026-03-20,Zaporizhzhia,Yakymivka,Прокуратура Акимовского района Запорожской,МБУ «Акимовское ЖКХ»,Utilities and housing services,50,2200000.0,,,72000.0,Prosecutor representation; Administrative case (Art. 5.27 CAO),Paid in full after prosecutor intervention,В Акимовке прокуратура восстановила трудовые права 50 работников коммунального предприятия,"Установлено, что в МБУ «Акимовское ЖКХ», специализирующемся на благоустройстве территории, за полтора месяца образовалась задолженность по заработной плате перед 50 работниками на общую сумму более 2,2 млн рублей.",https://epp.genproc.gov.ru/ru/proc_zo/mass-media/news/archive/e8431104/,False
186,Case,2026-03-24,Kherson,Ivanivka,Прокуратурой в адрес главы администрации округа,«Централизованная библиотечная система»,Municipal and state enterprises,1,125000.0,,,,Prosecutor representation,Paid in full after prosecutor intervention,В Ивановском округе после вмешательства прокуратуры перед работником погашена задолженность по оплате труда,"Установлено, что за период январь и февраль текущего года перед работником муниципального бюджетного учреждения культуры «Централизованная библиотечная система» Ивановского муниципального округа образовалась задолженность по оплате труда на сумму свыше 125 тыс.",https://epp.genproc.gov.ru/ru/proc_ho/mass-media/news/archive/e8435274/,False
187,Case,2026-03-30,Luhansk,Lysychansk,Прокуратура,Not stated,Utilities and housing services,286,38000000.0,Jan to Feb 2026,2,,Prosecutor representation,Paid in full after prosecutor intervention,В Лисичанске ЛНР по требованию прокуратуры выплачена задолженность по заработной плате работникам коммунального предприятия в размере более 38 млн рублей,"В ходе надзорных мероприятий установлено, что за январь-февраль 2026 года перед 286 работниками предприятия образовалась задолженность по заработной плате на сумму более 38 млн рублей.",https://epp.genproc.gov.ru/ru/proc_lnr/mass-media/news/archive/e8442663/,False
188,Case,2026-04-01,Kherson,Skadovsk,Прокуратурой Скадовского района Херсонской,«Готов к труду и обороне»,Transport,,,,,,Prosecutor representation; Administrative case (Art. 5.27 CAO); Disciplinary action,Not stated,Руководитель бюджетного учреждения привлечен к административной ответственности за нарушение трудовых прав работников,"Установлено, что ранее перед несколькими работниками учреждения имелась задолженность по заработной плате.",https://epp.genproc.gov.ru/ru/proc_ho/mass-media/news/archive/e8445207/,False
189,Case,2026-04-02,Donetsk,Donetsk city,Прокуратура города Донецка,«Донэлектроавтотранс»,Municipal and state enterprises,1200,118000000.0,Jan 2026,1,,Prosecutor representation,Paid in full after prosecutor intervention,В Донецкой Народной Республике по требованию прокуратуры выплачена зарплата работникам предприятия на сумму более 118 млн рублей,работниками унитарного предприятия образовалась задолженность по заработной плате в размере более 118 млн рублей.,https://epp.genproc.gov.ru/ru/proc_dnr/mass-media/news/archive/e8447997/,False
190,Case,2026-04-03,Luhansk,Rubizhne,Прокуратура,«Дорожно-эксплуатационное предприятие города Рубежное»,Utilities and housing services,83,2000000.0,Feb 2026,1,,Prosecutor representation,Paid in full after prosecutor intervention,В Луганской Народной Республике по требованию прокуратуры выплачена заработная плата работникам коммунального предприятия на общую сумму почти 2 млн рублей,"В ходе надзорных мероприятий установлено, что перед 83 работниками предприятия образовалась задолженность по заработной плате за февраль 2026 года на сумму почти 2 млн рублей.",https://epp.genproc.gov.ru/ru/proc_lnr/mass-media/news/archive/e8449446/,False
191,Case,2026-04-06,Luhansk,Rubizhne,Прокуратура города Рубежное,Not stated,Utilities and housing services,194,12000000.0,Feb 2026,1,,Prosecutor representation,Paid in full after prosecutor intervention,В ЛНР по требованию прокуратуры выплачена задолженность по заработной плате работникам коммунального предприятия в размере более 12 млн рублей,"В ходе надзорных мероприятий установлено, что перед 194 работниками предприятия образовалась задолженность по заработной плате за февраль 2026 года на сумму более 12 млн рублей.",https://epp.genproc.gov.ru/ru/proc_lnr/mass-media/news/archive/e8451966/,False
192,Case,2026-04-06,Luhansk,Sievierodonetsk,Прокуратура города Северодонецка,«Северодонецкоммунсервис»,Utilities and housing services,74,4000000.0,Feb 2026,1,,Prosecutor representation,Paid in full after prosecutor intervention,В Северодонецке ЛНР по требованию прокуратуры выплачена задолженность по заработной плате работникам коммунального предприятия в размере более 4 млн рублей,"В ходе надзорных мероприятий установлено, что перед 74 работниками предприятия образовалась задолженность по заработной плате за февраль 2026 года на сумму более 4 млн рублей.",https://epp.genproc.gov.ru/ru/proc_lnr/mass-media/news/archive/e8451969/,False
193,Case,2026-04-08,Luhansk,Kreminna,Прокуратура Кременского района Луганской,Not stated,Utilities and housing services,80,4000000.0,Jan to Feb 2026,2,,Prosecutor representation,Paid in full after prosecutor intervention,В Кременском районе ЛНР по требованию прокуратуры выплачена задолженность по заработной плате работникам коммунального предприятия в размере более 4 млн рублей,"В ходе надзорных мероприятий установлено, что за январь-февраль 2026 года перед 80 работниками предприятия образовалась задолженность по заработной плате на сумму более 4 млн рублей.",https://epp.genproc.gov.ru/ru/proc_lnr/mass-media/news/archive/e8454081/,False
194,Case,2026-04-09,Zaporizhzhia,Zaporizhzhia (regional office),прокуратуру Запорожской области,«Вест»,Utilities and housing services,60,11800000.0,Dec 2025,1,560000.0,Prosecutor representation; Administrative case (Art. 5.27 CAO),Paid in full after prosecutor intervention,"В Бердянске после вмешательства прокуратуры погашена задолженность по заработной плате на сумму более 11,8 млн рублей","Установлено, что за декабрь 2025 года и январь 2026 года перед 60 работниками муниципального унитарного предприятия «Вест», которое специализируется на предоставлении коммунальных услуг и благоустройстве территории муниципального образования, образовалась задолженность по заработной плате на общую сумму свыше 11,8 млн рублей.",https://epp.genproc.gov.ru/ru/proc_zo/mass-media/news/archive/e8456511/,False
195,Case,2026-04-15,Luhansk,Krasnodon (Sorokyne),Прокуратура Краснодонского района Луганской,«Троллейбусно-автотранспортное управление г. Краснодона и Краснодонского района»,Transport,67,1000000.0,Feb 2026,1,,Prosecutor representation; Administrative case (Art. 5.27 CAO),Paid in full after prosecutor intervention,В г. Краснодоне по требованию прокуратуры выплачена задолженность по заработной плате работникам автотранспортного предприятия в размере более 1 млн рублей,"В ходе надзорных мероприятий установлено, что перед 67 работниками предприятия образовалась задолженность по заработной плате за февраль 2026 года на сумму более 1 млн рублей.",https://epp.genproc.gov.ru/ru/proc_lnr/mass-media/news/archive/e8463858/,False
196,Case,2026-04-18,Zaporizhzhia,Melitopol,Прокуратура города Мелитополя,«Автотранс Запорожской области»,Municipal and state enterprises,641,9300000.0,,,,Prosecutor representation,Paid in full after prosecutor intervention,"В Запорожской области после вмешательства прокуратуры погашена задолженность по заработной плате на сумму более 9,3 млн рублей","В результате вмешательства надзорного ведомства задолженность по заработной плате и иным выплатам погашена в полном объеме, трудовые права работников восстановлены.",https://epp.genproc.gov.ru/ru/proc_zo/mass-media/news/archive/e8467374/,False
197,Aggregate statement,2026-04-21,Zaporizhzhia,Zaporizhzhia (regional office),прокуратуре Запорожской области,Not stated,Municipal and state enterprises,13400,1700000000.0,,,,,Not stated,В прокуратуре Запорожской области подведены итоги работы по надзору за соблюдением трудовых прав граждан,"Вследствие принятых мер погашена задолженность по заработной плате на сумму 1,7 млрд рублей перед 13,4 тыс.",https://epp.genproc.gov.ru/ru/proc_zo/mass-media/news/archive/e8469909/,False
198,Case,2026-04-22,Luhansk,Antratsyt,Прокуратура Антрацитовского района Луганской,ООО «Айсберг»,Utilities and housing services,21,1000000.0,Jan 2026,1,,Prosecutor representation; Administrative case (Art. 5.27 CAO),Paid in full after prosecutor intervention,В Антрацитовском районе ЛНР по требованию прокуратуры выплачена задолженность по заработной плате работникам коммунального предприятия в размере почти 1 млн рублей,"В ходе надзорных мероприятий установлено, что за январь 2026 года перед 21 работником предприятия образовалась задолженность по заработной плате на сумму почти 1 млн рублей.",https://epp.genproc.gov.ru/ru/proc_lnr/mass-media/news/archive/e8472195/,False
199,Case,2026-04-22,Zaporizhzhia,Vasylivka,Прокуратура Васильевского района,ООО «Днепрорудненский железорудный комбинат»,Mining and metallurgy,3552,93000000.0,Mar 2026,1,,Prosecutor representation; Administrative case (Art. 5.27 CAO),Paid in full after prosecutor intervention,В Запорожской области после вмешательства прокуратуры погашена задолженность по заработной плате на сумму 93 млн рублей,"Установлено, что у ООО «Днепрорудненский железорудный комбинат» за март 2026 года образовалась задолженность по заработной плате перед 3552 работниками на общую сумму 93 млн рублей.",https://epp.genproc.gov.ru/ru/proc_zo/mass-media/news/archive/e8472270/,False
200,Case,2026-04-24,Luhansk,Pervomaisk,прокуратурой города,АО «Первомайский механический завод»,Industry and manufacturing,84,4000000.0,Jan to Feb 2026,2,,Prosecutor representation; Administrative case (Art. 5.27 CAO),Paid in full after prosecutor intervention,В г. Первомайске ЛНР по требованию прокуратуры выплачена задолженность по заработной плате работникам механического завода в размере более 4 млн рублей,"В ходе надзорных мероприятий установлено, что за январь-февраль 2026 года перед 84 работником завода образовалась задолженность по заработной плате на сумму более 4 млн рублей.",https://epp.genproc.gov.ru/ru/proc_lnr/mass-media/news/archive/e8475888/,False
201,Case,2026-04-30,Luhansk,Sverdlovsk (Dovzhansk),прокуратурой района,АО «Свердловская швейная фабрика»,Industry and manufacturing,5,250000.0,Jan and Feb 2026,2,,Prosecutor representation; Administrative case (Art. 5.27 CAO),Paid in full after prosecutor intervention,В г. Свердловске ЛНР по требованию прокуратуры выплачена задолженность по заработной плате работникам швейной фабрики,"В ходе надзорных мероприятий установлено, что за январь, февраль 2026 года перед 5 работниками фабрики образовалась задолженность по заработной плате на сумму почти 250 тыс.",https://epp.genproc.gov.ru/ru/proc_lnr/mass-media/news/archive/e8483076/,False
202,Case,2026-05-04,Donetsk,Donetsk (regional office),Прокуратура Донецкой Народной Республики,Not stated,Not stated,1,150000.0,Mar 2024 to May 2025,15,,Court claims on behalf of workers,Not stated,В Донецке по иску прокуратуры восстановлено право жителя республики на выплату задолженности по заработной плате по предыдущему месту работы,"Прокуратура Донецкой Народной Республики провела проверку по обращению местного жителя о нарушении его трудовых прав.
 Установлено, что мужчина в период с марта 2024 года по май 2025 года работал на условиях бессрочного трудового договора. После увольнения с предприятия работодатель не произвел с н",https://epp.genproc.gov.ru/ru/proc_dnr/mass-media/news/archive/e8483985/,False
203,Case,2026-05-08,Donetsk,Donetsk (regional office),Прокуратура Донецкой Народной Республики,Unnamed organisation,Not stated,1,360000.0,Jul 2025 to Feb 2026,8,,Court claims on behalf of workers,Not stated,"Прокуратура Донецкой Народной Республики востановила права местного жителя, взыскав задолженность по заработной плате в размере свыше 360 тыс. рублей","Прокуратура Донецкой Народной Республики провела проверку исполнения трудового законодательства на одном из предприятий города Донецка. 
 В ходе проверки было установлено, что работник, трудившийся на предприятии в период с июля 2025 года по февраль 2026 года, после своего увольнения не получил око",https://epp.genproc.gov.ru/ru/proc_dnr/mass-media/news/archive/e8490966/,False
204,Case,2026-05-08,Kherson,Henichesk,Прокуратурой Генического района,ГБУ «Херсонтранс»,Mining and metallurgy,150,,Mar 2026,1,,Prosecutor representation,Paid in full after prosecutor intervention,После вмешательства прокуратуры перед работниками бюджетного учреждения погашена задолженность по заработной плате,"Установлено, что за март 2026 года перед 150 сотрудниками учреждения образовалась задолженность по оплате труда на сумму 7 млн.",https://epp.genproc.gov.ru/ru/proc_ho/mass-media/news/archive/e8491317/,False
205,Case,2026-06-01,Donetsk,Yasynuvata,Прокуратура Ясиноватского района Донецкой,ООО «НПО «Ясиноватский машиностроительный завод»,Construction,216,10000000.0,Mar 2026 to Apr 2026,2,1500000.0,Prosecutor representation; Administrative case (Art. 5.27 CAO),Paid in full after prosecutor intervention,"В Донецкой Народной Республике после вмешательства прокуратуры погашена задолженность по заработной плате перед работниками местного предприятия на общую сумму свыше 11,5 млн рублей","В ходе надзорных мероприятий установлено, что на предприятии образовалась задолженность по выплате зарплаты за период с марта по апрель 2026 года перед 216 работниками в размере более 10 млн рублей.",https://epp.genproc.gov.ru/ru/proc_dnr/mass-media/news/archive/e8520936/,False
206,Case,2026-06-26,Zaporizhzhia,Zaporizhzhia (regional office),прокуратуру Запорожской области,ООО «Бердянский опытный нефтемаслозавод плюс»,Industry and manufacturing,70,6000000.0,Mar and Apr 2026,2,,Prosecutor representation; Administrative case (Art. 5.27 CAO),Paid in full after prosecutor intervention,"В Бердянске прокуратура восстановила права работников завода, погасив долг по зарплате свыше 6 млн рублей","Установлено, что на предприятии по производству смазочных материалов, присадок к смазочным материалам и антифризов образовалась задолженность по заработной плате за март и апрель 2026 года перед 70 работниками на общую сумму более 6 млн рублей.",https://epp.genproc.gov.ru/ru/proc_zo/mass-media/news/archive/e8556717/,False
207,Case,2026-07-01,Donetsk,Donetsk city,Прокуратура города Донецка,Not stated,Not stated,10,580000.0,Jan 2026 to Mar 2026,3,,Prosecutor representation,Paid in full after prosecutor intervention,После вмешательства прокуратуры работникам предприятия выплачена зарплата,"Установлено, что в период с января по март 2026 года перед 10 работниками предприятия образовалась задолженность по заработной плате в размере более 580 тысяч рублей.",https://epp.genproc.gov.ru/ru/proc_dnr/mass-media/news/archive/e8565738/,False
208,Case,2026-07-01,Luhansk,Krasnyi Luch (Khrustalnyi),Прокуратура,ООО «Строительная компания Донбасс Строй»,Construction,168,50000000.0,Feb to Mar 2026,2,,Prosecutor representation; Administrative case (Art. 5.27 CAO),Paid in full after prosecutor intervention,В г. Красный Луч ЛНР по требованию прокуратуры выплачена задолженность по заработной плате работникам строительной компании в размере более 50 млн рублей,"В ходе надзорных мероприятий установлено, что за февраль-март 2026 года перед 168 работниками строительной компании образовалась задолженность по заработной плате на сумму более 50 млн рублей.",https://epp.genproc.gov.ru/ru/proc_lnr/mass-media/news/archive/e8564568/,False
209,Case,2026-07-09,Luhansk,Luhansk city (Zhovtnevyi district),Прокуратура Жовтневого района,ООО «НПЦ Трансмаш»,Construction,76,4000000.0,Apr to May 2026,2,,Prosecutor representation,Paid in full after prosecutor intervention,В г. Луганске по требованию прокуратуры выплачена задолженность по заработной плате работникам машиностроительного завода,"В ходе надзорных мероприятий установлено, что перед 76 работниками машиностроительного завода образовалась задолженность по заработной плате за апрель-май 2026 года на сумму более 4 млн рублей.",https://epp.genproc.gov.ru/ru/proc_lnr/mass-media/news/archive/e8573622/,False
210,Case,2026-07-09,Luhansk,Novoaidar,Прокуратура Новоайдарского района ЛНР,ООО «Энки Бетон»,Industry and manufacturing,23,2500000.0,May to Jun 2026,2,,Prosecutor representation,Paid in full after prosecutor intervention,В Новоайдаре по требованию прокуратуры выплачена задолженность по заработной плате работникам асфальтобетонного завода,"В ходе надзорных мероприятий установлено, что перед 23 работниками асфальтобетонного завода образовалась задолженность по заработной плате за май-июнь 2026 года на сумму 2.5 млн рублей.",https://epp.genproc.gov.ru/ru/proc_lnr/mass-media/news/archive/e8573619/,False
211,Case,2026-08-17,Donetsk,Donetsk city (Proletarskyi district),Прокуратура Пролетарского района,Not stated,Not stated,12,2700000.0,Jun 2025 to Nov 2025,6,,Criminal case (Art. 145.1 CC); Court claims on behalf of workers,Not stated,По материалам прокурорской проверки возбуждено уголовное дело о невыплате заработной платы,"Установлено, что организацией с июня по ноябрь 2025 года двенадцати работникам не выплачивалась заработная плата на общую сумму более 2,7 млн рублей.",https://epp.genproc.gov.ru/ru/proc_dnr/mass-media/news/archive/e8617878/,False
212,Case,2026-08-17,Luhansk,Luhansk city,прокуратуры района,АО «ИНЕОФАРМ»,Not stated,67,,Aug 2024 to May 2025,10,,Criminal case (Art. 145.1 CC); Court claims on behalf of workers,Paid in full after prosecutor intervention,"В Луганске вынесен приговор работодателю, не выплатившему заработную плату работникам организации",Погашение задолженности по заработной плате находится на контроле прокуратуры района.,https://epp.genproc.gov.ru/ru/proc_lnr/mass-media/news/archive/e8617500/,False
213,Case,2026-08-26,Donetsk,Donetsk city (Kalininskyi district),Прокуратура Калининского района,Not stated,Mining and metallurgy,185,13800000.0,Feb 2026 to May 2026,4,,Prosecutor representation,Paid in full after prosecutor intervention,"В Донецкой Народной Республике после вмешательства прокуратуры погашена задолженность по заработной плате на сумму свыше 13,8 млн рублей","Установлено, что предприятие допустило невыплату заработной платы 185 работникам с февраля по май 2026 года в размере свыше 13,8 млн рублей.",https://epp.genproc.gov.ru/ru/proc_dnr/mass-media/news/archive/e8630281/,False
214,Case,2026-08-31,Luhansk,Lysychansk,Прокуратурой города Лисичанска,ООО «АвангардЭнергоСтрой»,Construction,,400000.0,Mar 2025 to Nov 2025,9,,Court claims on behalf of workers,Under prosecutor control (unpaid at time of report),В г. Лисичанске по требованию прокуратуры выплачена задолженность по заработной плате работнику строительной компании в размере более 400 тыс. рублей,"В ходе надзорных мероприятий установлено, что перед бывшим работником организации образовалась задолженность по заработной плате за период с марта по ноябрь 2025 года на сумму более 400 тыс.",https://epp.genproc.gov.ru/ru/proc_lnr/mass-media/news/archive/e8634379/,False
215,Case,2026-09-03,Donetsk,,Донецкая межрайонная прокуратура по надзору за исполнением законов в угледобывающей отрасли провела проверку исполнения тру,Unnamed organisation,Coal mining,378,15000000.0,Jun 2026,1,,Prosecutor representation,Paid in full after prosecutor intervention,В ДНР после вмешательства прокуратуры перед 378 работниками организации погашена задолженность по заработной плате в сумме более 15 млн рублей,"Установлено, что у фирмы за июнь 2026 года образовалась задолженность по заработной плате перед 378 работниками на общую сумму более 15 млн рублей.",https://epp.genproc.gov.ru/ru/proc_dnr/mass-media/news/archive/e8638852/,False
216,Case,2026-09-07,Luhansk,Rubizhne,Прокуратура города Рубежное,Not stated,Utilities and housing services,207,9000000.0,Jun 2026,1,,Prosecutor representation,Paid in full after prosecutor intervention,В ЛНР по требованию прокуратуры выплачена задолженность по заработной плате работникам коммунального предприятия в размере более 9 млн рублей,"В ходе надзорных мероприятий установлено, что перед 207 работниками предприятия образовалась задолженность по заработной плате за июнь 2026 года на сумму более 9 млн рублей.",https://epp.genproc.gov.ru/ru/proc_lnr/mass-media/news/archive/e8643634/,False
