"Official_ID","Name","Name_Cyrillic","Territory","Role","Level","Location","Year_Start","Year_End","Status","Origin"
"OFC-002","Leonid Pasechnik","Леонид Пасечник","LNR","Глава ЛНР","Regional","Luhansk","2023","","Yes","Luhansk region"
"OFC-003","Andrey Skory","Андрей Скорый","LNR","и.о. главы городской Администрации","City","Лисичанск","2022","2023","No","Luhansk region"
"OFC-004","Evgeny Murylev","Евгений Мурылев","LNR","председатель регионального отделения Союза журналистов России","Regional","Luhansk","2023","","Yes","Horlivka, Donetsk Oblast"
"OFC-005","Vladimir Sankin","Владимир Санкин","LNR","Депутат Народного Совета ЛНР","Regional","Лисичанск","2018","","Yes","Luhansk region"
"OFC-006","Violetta Vorobyeva","Виолетта Воробьева","LNR","руководитель регионального ФРП (Фонд развития промышленности ЛНР)","Regional","Luhansk","2023","","Yes","Nakhodka-Vrangel', Russia"
"OFC-007","Albert Apshev","Альберт Апшев","LNR","Глава Администрации города Алчевска","City","Алчевск","2025","","Yes","Born in Poltava, Ukraine"
"OFC-008","Aleksandr Cherkasov","Александр Черкасов","LNR","начальник УГИБДД МВД по ЛНР","Regional","Luhansk","2015 (at least)","","Yes","Unknown"
"OFC-009","Konstantin Glushko","Константин Глушко","LNR","и.о. директора МУП «Объединение эксплуатационного обслуживания г. Лисичанска»","City","Лисичанск","","","Yes","Местный житель"
"OFC-010","Ivan Kusov","Иван Кусов","LNR","министр образования и науки ЛНР","Regional","Luhansk","2022","","Yes","Born in Semipalatinsk, Kazakhstan. Educated in Moscow."
"OFC-011","Olga Kobtseva","Ольга Кобцева","LNR","депутат Народного Совета Республики, член партии «Единая Россия»","Regional","Severodonetsk","2014","","Yes","Rubizhne, Ukraine"
"OFC-012","Elena Nikolaevna Kostenko","Елена Николаевна Костенко","LNR","заместитель Председателя Правительства","Regional","Severodonetsk","2018","","Yes","Luhansk region"
"OFC-013","Alexander Krierenko","Александр Криеренко","LNR","Депутат, член профильного комитета по вопросам законодательной деятельности","Regional","Luhansk","2019","","Yes","Luhansk region"
"OFC-014","Tatiana Bogorodko","Татьяна Богородько","LNR","Генеральный директор ГУП «Луганскгаз»","Regional","Северодонецк, Лисичанск, Рубежное","2018 (at least)","","Yes","Luhansk region"
"OFC-015","Sergey Kozlov","Сергей Козлов","LNR","Председатель Правительства ЛНР","Regional","Луганск","2015","2024","No","Krasnodar, Russia"
"OFC-016","Sergey Khortiv","Сергей Хортив","LNR","и.о. администрации города Рубежное","City","Рубежное","2022","","Yes",""
"OFC-017","Denis Pushilin","Пушилин Д.В.","DPR","head of Donetsk occupation administration (after recognised by Russia)","Regional","Donetsk","2022","","Yes","Donetsk region"
"OFC-018","Mikhail Sanakoev","Михаил Санакоев","DPR","Acting Deputy Chairman of the Government of the so-called DNR","Regional","Donetsk","2024","2025","No","Ossetian origin, born in Khabarovsk"
"OFC-019","Yana Paschenko","Яна Валерьевна Пащенко","LNR","mayor of Luhansk","City","Luhansk","2026","","Yes","Luhansk region"
"OFC-020","Elena Kravchenko","Елена Кравченко","LNR","head of so-called Election Commission of LPR","Regional","Luhansk","2018 (at least)","","Yes","Luhansk region"
"OFC-021","Sergey Aksyonov","Серге́й Вале́рьевич Аксёнов","Crimea","head of Crimea","Regional","Crimea","2014","","Yes","Moldova"
"OFC-022","Mikhail Razvozhayev","Михаил Владимирович Развожаев","Crimea","governor of Sevastopol","City","Sevastopol","2020","","Yes","Krasnoyarsk, Russia"
"OFC-023","Vladimir Konstantinov","Владимир Андреевич Константинов","Crimea","state council chair","Regional","Crimea","2014","","Yes","Constantinovca, Moldova"
"OFC-025","Vladimir Saldo","Владимир Сальдо","Kherson Oblast","head of Kherson Oblast occupation administration","Regional","Kherson Oblast","2022","","Yes","Mykolaiv Oblast, Ukraine"
"OFC-026","Bishop Bronnitsky Luka","Епи́скоп Лука́, Андрей Евгеньевич Волчков","Zaporizhzhia Oblast","head of the Berdyansk Diocese","Sector","Berdyansk","2023","2024","No","Moscow region, Russia"
"OFC-027","Konstantin Stotskiy","Константин Стоцкий","LNR","директор предприятия","City","Лисичанск","2023","2025","No",""
"OFC-028","Oleg Koval","Олег Коваль","LNR","заместитель Председателя Народного Совета","Regional","Luhansk","2018","","Yes","Luhansk region"
"OFC-031","Darya Chelapko","Дарья Челапко","LNR","Начальник Лисичанского отделения МФЦ ЛНР","City","Лисичанск","2023","","Yes","Жительница Лисичанска"
"OFC-032","Oleg Teslyuchenko","Олег Теслюченко","LNR","первый заместитель директора МФЦ ЛНР","Regional","Luhansk","","","Yes",""
"OFC-033","Mikhail Golubovich","Михаил Голубович","LNR","Minister of Youth Policy LPR","Regional","Luhansk","2025","","Yes","Luhansk region"
"OFC-034","Eduard Sakhnenko","Эдуард Сахненко","LNR","и. о. главы Администрации Лисичанска","City","Лисичанск","2023","","Yes","Luhansk region"
"OFC-035","Yulia Velichko","Юлия Величко","LNR","министр молодежной политики Луганской Народной Республики","Regional","Luhansk","2023","2025","No","Luhansk region"
"OFC-036","Zatyshny","","Zaporizhzhia Oblast","outsider leader who now manages the region","Regional","Zaporizhzhia","","","Unknown","sent from the DPR"
"OFC-037","Evgeny Varakin","Евгений Варакин","LNR","Вице-премьер Республики Татарстан, курирующий восстановление Лисичанска и Рубежного в ЛНР","Regional","Лисичанск, Рубежное","2022","2024","No","From Russia (Tatarstan Republic)"
"OFC-038","Alexey Samoylov","Алексей Самойлов","LNR","Руководитель Администрации Главы ЛНР","Regional","Luhansk","2022","","Yes","Luhansk region"
"OFC-042","Emirali Albayev","Эмирали Аблаев","Crimea","Mufti of the Republic of Crimea and Sevastopol","Sector","Crimea","1999","","Yes","Crimean Tatar, born in Tashkent Region, Uzbekistan"
"OFC-043","E.A. Solntsev","Е.А. Солнцев","DPR","Председатель Правительства","Regional","Donetsk","2023","2025","No","From Russia / Russian federal appointee"
"OFC-045","E. A. Shapurova","Е. А. Шапурова","Zaporizhzhia Oblast","Министр образования и науки Запорожской области","Regional","Мелитополь","2022","","Unknown","Born in Melitopol, father from Russia."
"OFC-047","Vladimir Rogov","Владимир Рогов","Zaporizhzhia Oblast","Propagandist / occupation official","Regional","Zaporizhzhia","2022","","Yes","Born in Zaporizhzhia, Ukraine"
"OFC-048","Serhii Zolotariov","Сергей Золотарев","Zaporizhzhia Oblast","City head","City","Melitopol","2025","","Yes","Born in Melitopol"
"OFC-049","Halyna Katiushchenko","Галина Катющенко","Zaporizhzhia Oblast","Chair of regional election commission","Regional","Zaporizhzhia","2022","","Yes","From Vitebsk, Belarus"
"OFC-050","Olena Sivenkova","Елена Сивенкова","Zaporizhzhia Oblast","Election commission member","Regional","Zaporizhzhia","2023","","Yes","From Melitopol"
"OFC-051","Kirill Stremousov","Кирилл Сергеевич Стремоусов","Zaporizhzhia Oblast","Collaborator","Unknown","","2022","2022","No","Born in Donetsk region"
"OFC-052","Yaroslav Stremousov","Ярослав Стремоусов","Zaporizhzhia Oblast","Occupation figure involved in information space","Unknown","","2025 (At least)","","Yes","Kherson"
"OFC-053","Pikalov","Валерий Иванович Пикалёв","Zaporizhzhia Oblast","Head of the Federal Customs Service of the Russian Federation","Regional","Berdyansk","2024","","Yes","Russia"
"OFC-054","Balitskyi","Евгений Витальевич Балицкий","Zaporizhzhia Oblast","глава окупаційної адміністрації (implied)","Regional","Zaporizhzhia","2023","","Yes","Melitopol"
"OFC-055","Rogov","Рогов","Zaporizhzhia Oblast","окупаційний чиновник (implied regional influence)","Regional","Zaporizhzhia","2022","","Yes","Born in Zaporizhzhia, Ukraine"
"OFC-056","Kharmy̆shev","Хармишев","DPR","очільник партії «Єдина Росія» (колишній), де-факто керував містом у перші роки окупації","City","Маріуполь","2022","2025","No","Local DPR political figure"
"OFC-059","Kiriyenko Sergiy","Кірієнко Сергій","Multiple","кремлівський куратор","Regional","","2022","","Yes","From Russia (Kremlin)"
"OFC-060","Khusnullin Marat","Хуснуллін Марат","Multiple","куратор з питань будівництва та інфраструктури","Regional","","2022","","Yes","From Russia (Russian federal government)"
"OFC-061","Lvova-Belova Mariya","Львова-Білова Марія","Multiple","реалізація спеціалізованої політики мобільності та туризму молоді","Regional","","2021","","Yes","From Russia (Russian federal government)"
"OFC-062","Sablin","Саблін","Multiple","","Unknown","","","","Unknown","From Russia (Russian military intelligence)"
"OFC-064","Rodion Miroshnik","Родион Мирошник","LNR","Special envoy of Russia / LPR collaborator","Regional","Severodonetsk","2023","","Yes","Luhansk region"
"OFC-065","Andriy Marochko","Андрей Витальевич Марочко","LNR","Military expert (collaborator)","Unknown","Luhansk","2014","","Yes","Donetsk region"
"OFC-066","Svetlana Petrenko","Светла́на Льво́вна Петре́нко","LNR","Representative of Russian Investigative Committee","Unknown","Luhansk","2016","","Yes","Tver Oblast, Russia"
"OFC-067","Dmitry Shlopak","Дмитрий Шлопак","LNR","Head of Russian initiative establishing 'spiritual-historical complex' in Ushakov's honour","Unknown","Lysychansk","","","Unknown","Born in  Chisinau, Moldova. Lives in Russia."
"OFC-068","Yuriy Chernichuk","Черничук Юрий","Zaporizhzhia Oblast","Rosatom's ZNPP director","Sector","Enerhodar","2022","","No","From Russia (Rosatom)"
"OFC-071","Alexander Nikolayevich Kostomarov","","Zaporizhzhia Oblast","Director of OOO DEKARGOLOGISTIK","Sector","Berdiansk","2025","","Yes","Russian citizen linked to St. Petersburg"
"OFC-072","Andrey Anatolyevich Vasiltsov","Васильцов Андрей Анатольевич","Zaporizhzhia Oblast","Director and owner of OOO Partner Union","Sector","Berdiansk","2025","","Yes",""
"OFC-073","Vladislav Golovin","Владислав Николаевич Головин","Zaporizhzhia Oblast","Chief of the Yunarmiya General Staff","Sector","Melitopol","2024","","Yes","From Kirov, Russia"
"OFC-074","Anton Koltsov","Антон Кольцов","DPR","керівник адміністрації Маріуполя","City","Маріуполь","2025","","Yes","Cherepovets, Russia"
"OFC-075","Yuliia Smyrnova","Юлія Миколаївна Смирнова","DPR","Перший заступник керівника управи Орджонікідзевського внутрішньоміського району м. Маріуполь; Секретар місцевого відділення партії «Єдина Росія» у Маріуполі","District","Маріуполь, Орджонікідзевський район","2025 (At least)","","Yes","Ukrainian, likely from Mariupol"
"OFC-076","Yurii Senin","Сенін Юрій Анатолійович","DPR","голова Маріупольської ради (окупаційної)","City","Маріуполь","2025","","Yes","м. Донецьк, Донецької області"
"OFC-077","Roman Trofymov","Трофимов Роман Васильович","DPR","Секретар ради; заступник голови Маріупольського міського совета","City","Маріуполь","2026","","Yes",""
"OFC-080","Tatyana Kuzmich","Татьяна Кузьмич","Kherson Oblast","Deputy Governor","Regional","Henichesk","2022","","Yes","Kherson"
"OFC-081","Vladislav Yarchenko","Владислав Ярченко","Kherson Oblast","Acting Minister of Youth Policy of the Kherson region","Sector","Henichesk","2025","","Yes","Krasnodar Krai"
"OFC-082","Artem Lagoysky","Артем Лагойский","Kherson Oblast","Occupation minister of culture of the Kherson region","Sector","Kherson","2024","","Yes","Kherson"
"OFC-083","Marina Zakharova","Марина Захарова","Kherson Oblast","Head of the election commission of the Kherson region","Regional","Kherson","2023","","Yes",""
"OFC-084","Alla Barkhatnova","Алла Бархатнова","Kherson Oblast","Minister of Labor and Social Protection of the Kherson region","Sector","Henichesk","2023","2025","No","Oryol Oblast, Russia"
"OFC-085","Alexander Khlyustov","Александр Хлюстов","Kherson Oblast","Deputy of the Kherson Regional Duma","Regional","Kherson Oblast","2023 (At least)","","Yes","Volgograd"
"OFC-086","Semen Mashkaucan","Семён Машкауцан","Kherson Oblast","Acting head of the Kherson region government","Regional","Henichesk","2025","","Yes","Born in Chelyabinsk educated in Moscow"
"OFC-087","Sergei Cherevko","Черевко Сергей Николаевич","Kherson Oblast","Deputy head of government","Regional","Henichesk","2022","","Yes","Kherson"
"OFC-088","Igor Noskov","НОСКОВ ИГОРЬ ИВАНОВИЧ","Kherson Oblast","General director of Obvodokanal","Sector","Kherson Oblast","2024","","Yes",""
"OFC-089","Filaret","Гаврин Дмитрий Викторович","Kherson Oblast","Bishop of Skadovsk and Alyoshki","Sector","Skadovsk, Alyoshki","2024","","Yes","Tver Oblast, Russia"
"OFC-090","Kirill Makarov","Кирилл Макаров","DPR","Deputy Chairman of the Government of the DPR.","Sector","Donetsk","2025","","Yes","Donetsk region"
"OFC-091","Vladimir Dubovka","Владимир Дубовка","DPR","""Minister of Construction""","Sector","Donetsk","2024","","Yes","Born in Odesa"
"OFC-092","Andrey Purgin","Андрей Евгеньевич Пургин","DPR","Former ""DPR"" leader/founder","Regional","Donetsk","2014","2015","No","Local DPR founding figure"
"OFC-093","Alexander Zakharchenko","Александр Владимирович Захарченко","DPR","Former DPR leader","Regional","Donetsk","2014","2018","No","Local DPR founding figure"
"OFC-094","Dmitry Vatagin","Дмитрий Ватагин","DPR","Former Zabaykalsky construction minister (involved in Donbas reconstruction)","Sector","Donetsk","2021","2022","No","From Russia (Zabaykalsky region)"
"OFC-095","Leonard Svidovskov","Леона́рд Вячесла́вович Свидовсков","LNR","head of the LNR state media network","Sector","Luhansk","2018","","Yes","Luhansk region"
"OFC-096","Manolis Pilavov","Манолис Васильевич Пилавов","LNR","Former 'mayor' of Luhansk / head of the occupation administration in Luhansk","City","Luhansk","2014","2023","No","Local collaborationist elite"
"OFC-097","Olena Andreyeva","Елена Андреева","LNR","head of the 'LNR's Department of Investment Policy'","Regional","Luhansk","2024 (at least)","","Yes",""
"OFC-098","Anna Roslyakova","Анна Рослякова","LNR","First Deputy Head of the 'Administration of the Head of the LNR'","Regional","Luhansk","2025","","Yes","Russian national, formerly a bureaucrat in the Ryazan region"
"OFC-099","Filip Drobinyak","Филипп Дробиняк","LNR","head of the 'My Business' programme","Sector","Luhansk","2023","","Yes","Luhansk region"
"OFC-100","Mykola Ovsiyenko","Николай Павлович Овсиенко","LNR","Deputy Chairman of the Russian Military-Historical Society (RVIO)","Regional","","2022 (at least)","","Yes","From Russia (Russian Military-Historical Society), Born in Cherkasy Oblast"
"OFC-101","Alexander Malkevich","Алекса́ндр Алекса́ндрович Мальке́вич","Zaporizhzhia Oblast","Public curator of Russia's information policy in temporarily occupied territories, ideological curator synchronizing regional agenda with federal theses","Regional","","2022","","Yes","From St Petersburg, Russia"
"OFC-102","Yershov Sergey Yuryevich","Ершов Сергей Юрьевич","Zaporizhzhia Oblast","Head (warden) of FKU IK-1 UFSIN of Russia for Zaporizhzhia region","Sector","Melitopol","2025","","Yes","From Russia (Federal Penitentiary Service UFSIN)"
"OFC-103","Lepeshkin Yuliy Aleksandrovich","Лепешкин Юлий Александрович","Zaporizhzhia Oblast","Head (warden) of FKU IK-2 UFSIN of Russia for Zaporizhzhia region","Sector","Berdiansk","2023","","Yes","From Russia (Federal Penitentiary Service UFSIN)"
"OFC-104","Khozhaev Konstantin Vladimirovich","Хожаев Константин Владимирович","Zaporizhzhia Oblast","Acting Head of FKU KP-3 UFSIN of Russia for Zaporizhzhia region","Sector","Ozerne, Vesele district","2025","","Yes","From Russia (Federal Penitentiary Service UFSIN)"
"OFC-105","Ramil Galeev","Рамиль Галиев","Zaporizhzhia Oblast","Head of the created 'operating organization' for the ZNPP","Sector","Zaporizhzhia NPP","2024","","Yes","From Russia (Rosatom)"
"OFC-106","Dmytro Voron","Дмитрий Николаевич Ворона","Zaporizhzhia Oblast","Senator from Zaporizhzhia region","Regional","","2022","","Yes","Donetsk region"
"OFC-107","Oleksandr Zinchenko","Александр Зинченко","Zaporizhzhia Oblast","Former deputy governor","Regional","Melitopol","","2025","No","Melitopol"
"OFC-108","Andriy Svistunov","Свистунов Андрей Владимирович","Zaporizhzhia Oblast","New rector of occupation 'MelDU' (Melitopol State University)","Sector","Melitopol","2026","","Yes","Taganrog, Russia"
"OFC-109","Toivonen","Николай Тойвонен","Zaporizhzhia Oblast","Previous head of occupation 'MelDU' (Melitopol State University)","Sector","Melitopol","","2026","No","Ivanovo Oblast"
"OFC-113","Ivan Shumakov","Іван Шумаков","Kherson Oblast","заступник голови Херсонської обласної думи","Regional","Henichesk","2025","","Yes","Educated in St Petersburg"
"OFC-114","Liudmyla Kovtun","Людмила Ковтун","Kherson Oblast","міністр освіти і науки Херсонської області","Sector","Henichesk","2023","2025","No","Henichesk, Kherson Oblast."
"OFC-115","Oleksii Hryhoriev","Олексій Григор'єв","Kherson Oblast","виконуючий обов'язки міністра освіти і науки Херсонської області","Sector","Henichesk","2025","","Yes","З Росії (Псковська область)"
"OFC-116","Tetiana Tomilina","Тетяна Томіліна","Kherson Oblast","голова Херсонської обласної думи","Regional","Henichesk","2023","","Yes","Kherson"
"OFC-117","Oleksii Hryshyn","Олексій Гришин","Kherson Oblast","депутат Херсонської обласної думи","Regional","Іванівський муніципальний округ","2023","","Yes","Ulyanovsk, Russia"
"OFC-118","Nadiia Babeshko","Надія Бабешко","Kherson Oblast","секретар місцевого відділення партії «Єдина Росія»","District","Іванівський муніципальний округ","2023","","Yes","Melitopol"
"OFC-119","Serhii Kozupytsia","Сергій Козупиця","Kherson Oblast","міністр будівництва, архітектури та житлово-комунального господарства Херсонської області","Sector","Henichesk","2024","","Yes","Born in Republic of Tatarstan, Russia"
"OFC-120","Ihor Kastiukevych","Ігор Кастюкевич","Kherson Oblast","сенатор Федеральних Зборів РФ від Херсонської області","Regional","Henichesk","2023","","Yes","Born in Saratov"
"OFC-123","Aleksei Kulemzin","Алексей Валерьевич Кулемзин","DPR","head of administration","City","Donetsk","2016","","Yes","Transferred from LNR (former mayor of Luhansk)"
"OFC-124","Viktor Puduk","Виктор Пудак Викторович","DPR","head of the regional Yunarmiya headquarters","Regional","Donetsk Oblast","2023","","Yes","Donetsk region"
"OFC-125","Denis Epifanov","Епифанов Денис Николаевич","DPR","Minister of Coal and Energy of the DPR","Regional","Donetsk","2023","","Yes","Born in Crimea"
"OFC-126","Dmitry Chernyshev","Чернышев Дмитрий","DPR","representative of the so-called ""Public Chamber of the DPR""","Regional","Donetsk","2021","","Yes",""
"OFC-127","Aleksandr Voloshin","Александр Викторович Волошин","DPR","DPR senator","Regional","Donetsk","2023","","Yes","Born in Minsk, Belarus"
"OFC-128","Tatyana Bondarenko","Татьяна Бондаренко","DPR","Deputy of the ""People's Council of the DPR"", member of committee for reconstruction, construction and infrastructure development","Regional","","2023","2025","No","Native of Kursk"
"OFC-129","Anna Kondrykinskaya","Кондрыкинская Анна Викторовна","DPR","Deputy of the People's Council, head of the Housing and Utilities Committee","Regional","Donetsk","2023","","Yes","Donetsk region"
"OFC-130","Yulia Skubayeva","Юлия Скубаева","DPR","Former head of the Donetsk Republic organisation","Regional","Donetsk","","","No","Local DPR figure"
"OFC-131","Andrei Kalyuzhny","Андрей Калюжный","DPR","Former head of the Donbas Development Corporation","Regional","Donetsk","2023","2025","No",""
"OFC-133","Aleksandr Krierenko","Криеренко Александр Валерьевич","LNR","deputy of the so-called 'people's council'","Regional","Luhansk","2023","","Yes","Originally from Luhansk, lived in Moscow."
"OFC-134","Olha Bas","Ольга Бас","LNR","collaborator (official receiving reports on language violations), Senator of the Russian Federation","Regional","Luhansk","2022","","Yes","Nolinsk, Kirov Oblast, Russia"
"OFC-135","Marianna Sumska","Марианна Сумская","LNR","head of the 'LPR election commission'","Regional","Luhansk","2025","","Unknown","Born in Luhansk oblast, finished university in Kharkiv"
"OFC-136","Dmitry Kozak","Дмитрий Николаевич Козак","Multiple","deputy head of the Russian presidential administration","Regional","","2022","2025","No","Born in the Ukrainian SSR, lived most of the life in Russia."
"OFC-137","Andrey Chertkov","Андрей Геннадьевич Чертков","DPR","Chairman of the DPR Government","Regional","Donetsk","2025","","Yes","Originally from Nizhny Novgorod Oblast"
"OFC-138","Oleg Trofimov","Олег Трофимов","DPR","acting Minister of Education and Science of the DPR","Sector","Donetsk","2024","","Yes","Tyumen, Russia"
"OFC-139","Boris Litvinov","Борис Алексеевич Литвинов","DPR","First Secretary of the Donetsk regional branch of the CPRF","Regional","Donetsk","2022","","Yes","Toretsk, Donetsk Oblast"
"OFC-140","Sergei Zakharchenko","Сергей Захарченко","DPR","Member of the Central Committee of the Communist Party of the Russian Federation (CPRF)","Regional","","2023","","Yes","Local (Donbas-born)"
"OFC-141","Valeriy Sherin","Шерин Валерий Витальевич","DPR","Head of ""Soyuzmetallservice""","Sector","Donetsk","2023","","Yes","Kemerovo, Russia"
"OFC-142","Vasyl Romanov","Василь Романов","Kherson Oblast","керівник регіонального підрозділу Росреєстру","Regional","Henichesk","2024","","Yes","From Russia (Russian federal service)"
"OFC-143","Serhii Olihorskyi","Сергій Олігорський","Kherson Oblast","керівник Херсонського відділення ДТСАФ","Regional","Henichesk","2024 (at least)","","Yes","From Kherson"
"OFC-144","Iryna Kravchenko","Ірина Кравченко","Kherson Oblast","уповноважена з прав дитини в Херсонській області","Regional","Henichesk","2024","","Yes",""
"OFC-145","Olha Baranovska","Ольга Барановська","Kherson Oblast","глава Великолепетиського муніципального округу","District","Велика Лепетиха","2023","","Yes","From Kherson"
"OFC-146","Mykhailo Shpir","Михайло Шпір","Kherson Oblast","заступник окупаційного міністра цифрового розвитку та масових комунікацій Херсонської області","Regional","Henichesk","2022","","Yes","Born in Chernivtsi, Ukraine"
"OFC-147","Oleh Lopatko","Олег Лопатко","Kherson Oblast","начальник управління рослинництва, механізації та меліорації окупаційного Міністерства аграрної політики Херсонської області","Sector","Henichesk","","","Yes",""
"OFC-148","Yuliia Semiakina","Юлія Семякіна","Kherson Oblast","глава Генічеського муніципального округу","District","Генічеськ","2024","","Yes","From Kherson"
"OFC-149","Mykhailo Panchenko","Михайло Панченко","Kherson Oblast","директор окупаційного Фонду розвитку промисловості Херсонської області","Regional","Henichesk","2023","","Yes","From Kherson"
"OFC-150","Pavlo Filipchuk","Павло Філіпчук","Kherson Oblast","глава Каховського муніципального округу","District","Каховка","2022","","Yes","From Kherson"
"OFC-151","Nataliia Klochkova","Наталія Клочкова","DPR","начальниця управління архітектури","City","Маріуполь","2022","","Yes","From Russia (Union of Architects of Russia). Born in Mariupol."
"OFC-154","Valery Skorokhodov","Скороходов Валерий Владимирович","DPR","deputy (in DPR administration)","Regional","Donetsk","2014","","Yes","Born in Shymkent, Kazakh SSR"
"OFC-155","Yelena Nikitina","Никитина Елена Николаевна","DPR","adviser to Denis Pushilin","Regional","Donetsk","2024","","Yes","Donetsk region"
"OFC-156","Yuriy Martynov","Юрий Мартынов","DPR","Minister of sport and tourism of the DPR","Sector","Donetsk","2014","2025","No","Donetsk region"
"OFC-157","Yevgeniy Shirshov","Евгений Ширшов","DPR","acting minister of sport and tourism of the DPR","Sector","Donetsk","2025","","Yes",""
"OFC-158","Dmitry Shevchenko","Дмитрий Шевченко","DPR","head of Yasinovatsky district","District","Yasinovatsky district","2019","","Unknown","Donetsk region"
"OFC-159","Ivan Prikhodko","Иван Приходько","DPR","""head of Horlivka administration""","City","Horlivka","2016","","Yes","Donetsk region"
"OFC-160","Oleh Koval","Олег Валерьевич Коваль","LNR","LNR deputy, MP","Regional","Luhansk","2018","","Yes",""
"OFC-161","Natalia Pashchenko","Пащенко Наталия Александровна","LNR","Minister of Health of the LNR","Sector","Luhansk","2018","","Yes","Luhansk region"
"OFC-162","Egor Kovalchuk","Егор Викторович Ковальчук","LNR","Prime Minister / Head of LNR government","Regional","Luhansk","2024","","Yes","From Chelyabinsk, Russia"
"OFC-163","Vladislav Varshavsky","Владислав Варшавский","LNR","Minister of Industry and Trade","Sector","Luhansk","2024","","Yes","From Krasnodar Krai"
"OFC-164","Viktor Volodatsky","Виктор Володацкий","LNR","Russian State Duma deputy promoting Cossack movement","Regional","Alchevsk","2007","","Yes","From Rostov Oblast, Russia"
"OFC-165","Aleksandr Malkevich","Александр Александрович Малькевич","LNR","Kremlin propagandist, Member of the Legislative Assembly of St Petersburg","Unknown","Lysychansk","2024","","Unknown","From St Petersburg, Russia"
"OFC-166","Eleonora Mikhailovna Fedorenko","Элеонора Михайловна Федоренко","DPR","Advisor to the Head of the DNR on Children's Rights, Children's Ombudsman of the DNR","Regional","Donetsk","2017","2025","No","Born in Vinnytsia Oblast, Ukraine"
"OFC-167","Oksana Plotnitskaya","Плотницкая Оксана Владимировна","DPR","Director of Amvrosievo boarding school No. 4","Sector","Amvrosievo","","","Unknown",""
"OFC-168","Anna Nikolaevna","Федоренко Анна Николаевна","DPR","Head of the Department of Education of the Administration of the Shakhtarsk Municipal District","District","Shakhtarsk","2024","","Yes",""
"OFC-169","Viktor","Виктор Гончаров","DPR","Chief doctor of the Republican Children's Home in Makiivka","Sector","Makiivka","2016 (at least)","","Unknown",""
"OFC-170","Igor Dubinin","Игорь Дубинин","DPR","Coach of the Yenakiieve children's and youth sports school","Sector","Yenakiieve","2024 (at least)","","Unknown",""
"OFC-171","Kirichenko Tatyana Sergeevna","Кириченко Татьяна Сергеевна","Crimea","методист отдела культурно-просветительной работы Государственного бюджетного учреждения Республики Крым «Дом дружбы народов»","Sector","Симферополь","","","Yes",""
"OFC-172","Pavel Ermolenko","Павлом Ермоленко","Crimea","заслуженный ремесленник Республики Крым","Sector","Simferopol","2023 (At least)","","Unknown",""
"OFC-173","Deynego Vladislav Nikolayevich","Владислав Николаевич Дейнего","LNR","Minister of Foreign Affairs of the Lugansk People's Republic","Regional","","2017","2022","No","Luhansk region"
"OFC-176","Diky Alexei Alexandrovich","Дикий Алексей Александрович","DPR","Minister of Internal Affairs","Regional","Donetsk","2015","","Yes","Donetsk region"
"OFC-177","Pavlenko Vladimir Nikolaevich","Павленко Владимир Николаевич","DPR","Minister of State Security","Regional","Donetsk","2018","","Yes",""
"OFC-178","Kostrubytsky Alexei Alexandrovich","Кострубицкий Алексей Александрович","DPR","Minister of Civil Defence and Emergency Situations","Regional","Donetsk","2014","2023","No","Born in Bryansk Oblast, Russia"
"OFC-179","Nikonorova Natalia Yuryevna","Никонорова Наталья Юрьевна","DPR","Senator of the Russian Federation — representative of the executive branch of the Donetsk People’s Republic","Regional","Donetsk","2022","","Yes","Donetsk region"
"OFC-180","Lavrenov Evgeny Evgenyevich","Лавренов Евгений Евгеньевич","DPR","Minister of Revenue and Collections","Regional","Donetsk","2018","2022","No","Born in Nikopol, Ukraine"
"OFC-181","Chausova Yana Sergeyevna","Чаусова Яна Сергеевна","DPR","Minister of Finance","Regional","Donetsk","2018","2024","No","Donetsk region"
"OFC-182","Polovyan Alexei Vladimirovich","Половян Алексей Владимирович","DPR","Minister of Economic Development","Regional","Donetsk","2018","2022","No","Donetsk region"
"OFC-183","Dubovsky Ruslan Mikhailovich","Дубовский Руслан Михайлович","DPR","Minister of Coal and Energy","Regional","Donetsk","2018","2022","No","Donetsk region"
"OFC-184","Naumets Sergei Sergeyevich","Наумец Сергей Сергеевич","DPR","Minister of Construction and Housing","Regional","Donetsk","2018","2021","No","Donetsk region"
"OFC-185","Tolstykina Larisa Valentinovna","Толстыкина Лариса Валентиновна","DPR","Deputy Prime Minister of the Donetsk People’s Republic","Regional","Donetsk","2022","","Yes","Donetsk region"
"OFC-186","Kramarenko Artyom Alexandrovich","Крамаренко Артём Александрович","DPR","Deputy Chairman of the Government of the Donetsk People’s Republic","Regional","Donetsk","2025","","Yes","Born in Tula Oblast, Russia"
"OFC-187","Kushakov Mikhail Nikolaevich","Кушаков Михаил Николаевич","DPR","Minister of Education and Science, later advisor to DPR head","Regional","Donetsk","2019","2024","No","Born in Moldova"
"OFC-188","Dolgoshapko Olga Nikolaevna","Долгошапко Ольга Николаевна","DPR","Minister of Health","Regional","Donetsk","2018","2020","No","Donetsk region"
"OFC-189","Sirovatko Yuri Nikolaevich","Сироватко Юрий Николаевич","DPR","Minister of Justice","Regional","Donetsk","2018","2023","No","Donetsk region"
"OFC-190","Antipov Igor Yuryevich","Антипов Игорь Юрьевич","DPR","Minister of Information","Regional","Donetsk","2018","2023","No","Moscow, Russia"
"OFC-191","Podlipanov Dmitry Viktorovich","Подлипанов Дмитрий Викторович","DPR","Minister of Transport","Regional","Donetsk","2018","2023","No","Donetsk region"
"OFC-192","Khalepa Igor Nikolaevich","Халепа Игорь Николаевич","DPR","Minister of Communications","Regional","Donetsk","2019","2023","No","Donetsk region"
"OFC-193","Gromakov Alexander Yuryevich","Громаков Александр Юрьевич","DPR","Minister of Youth, Sport and Tourism","Regional","Donetsk","2018","2023","No","Donetsk region"
"OFC-194","Zheltyakov Mikhail Vasilyevich","Желтяков Михаил Васильевич","DPR","Minister of Culture","Regional","Donetsk","2018","","Yes","Born in Kryvyi Rih, Ukraine"
"OFC-195","Armatov Eduard Viktorovich","Арматов Эдуард Викторович","DPR","Minister of Industry and Trade","Regional","Donetsk","2018","2020","No","Donetsk region"
"OFC-196","Martynov Igor Yuryevich","Мартынов Игорь Юрьевич","DPR","Deputy Chairman of DPR Government","Regional","Donetsk","2019","2019","No","Donetsk region"
"OFC-197","Khotsenko Vitaly Pavlovich","Хоценко Виталий Павлович","DPR","Chairman of Government (Prime Minister)","Regional","Donetsk","2022","2023","No","Ukrainian-born, Russian career"
"OFC-198","Ananченко Alexander","Ананченко Александр","DPR","Chairman of Government (Prime Minister)","Regional","Donetsk","2018","2022","No","Local DPR government figure"
"OFC-199","Antonov Vladimir Nikolaevich","Антонов Владимир Николаевич","DPR","Deputy Chairman of Government","Regional","Donetsk","2022","2022","No","Born in Omsk, Russia"
"OFC-200","Solntsev Evgeny Alexandrovich","Солнцев Евгений Александрович","DPR","Deputy Chairman of Government, later Chairman of the Government of the DPR","Regional","Donetsk","2022","2025","No","Born in Voronezh Oblast, Russia"
"OFC-201","Pereverzeva Tatyana Viktorovna","Переверзева Татьяна Викторовна","DPR","Deputy Chairman of Government","Regional","Donetsk","2022","","Yes",""
"OFC-202","Rushchak Vladimir Mikhailovich","Рущак Владимир Михайлович","DPR","Minister of Industry and Trade / Acting Deputy Chairman","Regional","Donetsk","2022","2023","No","Donetsk region"
"OFC-203","Gartsev Dmitry Anatolyevich","Гарцев Дмитрий Анатольевич","DPR","Minister of Health","Regional","Donetsk","2022","2025","No","Born in Amur Oblast, lived mostly in Moscow oblast"
"OFC-204","Petkun Denis Sergeyevich","Петкун Денис Сергеевич","DPR","Deputy Chairman / Head of Government Apparatus","Regional","Donetsk","2023","2024","No",""
"OFC-205","Koludarova Olga Pavlovna","Колударова Ольга Павловна","DPR","Acting Minister of Education and Science","Regional","Donetsk","2022","2024","No","From Udmurt Republic, Russia"
"OFC-206","Kurashov Denis Sergeyevich","Курашов Денис Сергеевич","DPR","Acting Minister of Communications","Regional","Donetsk","2022","2025","No","Born in Stavropol, Russia"
"OFC-207","Shamov Alexei Sergeyevich","Шамов Алексей Сергеевич","DPR","Deputy Head of the Administration of the Head and Government of the DPR","Regional","Donetsk","2025","","Yes","Donetsk region"
"OFC-208","Zverkov Vladimir Igorevich","Зверков Владимир Игоревич","DPR","Acting Minister of Economic Development, later Deputy Chariman of DPR","Regional","Donetsk","2022","2025","No","Russian"
"OFC-209","Martynov Yuri Igorevich","Мартынов Юрий Игоревич","DPR","Acting Minister of Youth, Sport and Tourism","Regional","Donetsk","2022","2025","No","Donetsk region"
"OFC-210","Makaov Kirill Borisovich","Макаов Кирилл Борисович","DPR","Deputy Chairman of DPR","Regional","Donetsk","2025","","Yes","Donetsk region"
"OFC-211","Kostomаrov Alexander","Костомаров Александр","DPR","First Deputy Head of DPR Administration","Regional","Donetsk","2022","2024","No","Chelyabinsk, Russia"
"OFC-212","Kozlov Sergei Ivanovich","Козлов Сергей Иванович","LNR","Chairman of Council of Ministers","Regional","Luhansk","2015","2024","No","Luhansk region"
"OFC-214","Podlipaeva Svetlana Nikolaevna","Подлипаева Светлана Николаевна","LNR","Minister of Economic Development","Regional","Luhansk","2018","2024","No","Luhansk region"
"OFC-215","Protasov Maxim Alekseyevich","Протасов Максим Алексеевич","LNR","Acting Minister of Construction and Housing","Regional","Luhansk","2018","2020","No","Luhansk region"
"OFC-216","Bozhich Dmitry Viktorovich","Божич Дмитрий Викторович","LNR","Minister of Industry and Trade","Regional","Luhansk","2018","","Unknown","Russian"
"OFC-217","Manuylov Evgeny Vladimirovich","Мануйлов Евгений Владимирович","LNR","Minister of Finance","Regional","Luhansk","2018","","Yes","Luhansk region"
"OFC-218","Malgin Pavel Vladimirovich","Мальгин Павел Владимирович","LNR","Minister of Fuel, Energy and Coal","Regional","Luhansk","2018","2020","No","Born in Kursk, Russia"
"OFC-219","Borodin Sergei Alekseyevich","Бородин Сергей Алексеевич","LNR","Head of State Committee for Taxes and Collections","Regional","Luhansk","2018","","Unknown","Luhansk region"
"OFC-220","Lantratova Darya Sergeyevna","Лантратова Дарья Сергеевна","LNR","LNR Representative to Russian Federation Council","Regional","Moscow/Luhansk","2022","","Yes","Moscow Oblast, Russia"
"OFC-222","Miroshchenko Denis Nikolaevich","Мирошниченко Денис Николаевич","LNR","Chairman of People's Council (legislature)","Regional","Luhansk","2017","","Yes","Luhansk region"
"OFC-223","Rogovenko Konstantin Yuryevich","Роговенко Константин Юрьевич","LNR","Minister of Fuel, Energy and Coal","Regional","Luhansk","2022","","Yes","Luhansk region"
"OFC-225","Antonova Alena Alexandrovna","Антонова Алена Александровна","LNR","Minister of Property and Land Relations","Regional","Luhansk","2022","","Yes","Luhansk region"
"OFC-226","Kharitonov Vladimir Ivanovich","Харитонов Владимир Иванович","LNR","Acting Minister of Digital Development, Communications and Mass Media","Regional","Luhansk","2022","","Yes",""
"OFC-227","Sherenesheev Oleg","Шеренешев Олег","LNR","Minister of Sport","Regional","Luhansk","2022","","Yes","Luhansk region"
"OFC-228","Balitsky Evgeny Vitalyevich","Балицкий Евгений Витальевич","Zaporizhzhia Oblast","Head of VGA / Acting Governor / Governor","Regional","Melitopol (admin capital)","2022","","Yes","Ukrainian-born, collaborator"
"OFC-229","Koltsov Anton Viktorovich","Кольцов Антон Викторович","Zaporizhzhia Oblast","Head of Government (Prime Minister)","Regional","Melitopol","2022","2024","No","Born in Cherepovets, Russia"
"OFC-230","Rogov Vladimir","Рогов Владимир","Zaporizhzhia Oblast","Member of VGA Main Council","Regional","Zaporizhzhia Oblast","2022","","Yes","Ukrainian-born, collaborator"
"OFC-231","Kozenko Andrei","Козенко Андрей","Zaporizhzhia Oblast","Deputy Head of VGA","Regional","Melitopol","2022","","Yes","Russian (Born in Crimea)"
"OFC-232","Danilchenko Galina","Данильченко Галина","Zaporizhzhia Oblast","Acting Mayor of Melitopol","City","Melitopol","2022","2025","No","Ukrainian-born, collaborator"
"OFC-233","Yemelyanienko V.A.","Емельяненко В.А.","Zaporizhzhia Oblast","Chairman of Legislative Assembly","Regional","Melitopol","2023","","Yes","Born in Zaporizhzhia, Ukraine"
"OFC-235","Yeliseyev Sergei","Елисеев Сергей","Kherson Oblast","Prime Minister / Head of Government","Regional","Kherson/Henichesk","2022","2022","No","Russian"
"OFC-236","Alekseyenko Andrei","Алексеенко Андрей","Kherson Oblast","Head of Government (Prime Minister)","Regional","Henichesk","2022","2025","No","Born in Krasnodarsk Krai, Russia"
"OFC-237","Bespalov Vladimir","Беспалов Владимир","Kherson Oblast","Deputy Prime Minister","Regional","Kherson/Henichesk","2022","","Unknown","Russian"
"OFC-238","Kovalev Alexei","Ковалев Алексей","Kherson Oblast","Deputy Prime Minister (Agriculture)","Regional","Kherson","2022","2022","No","Ukrainian-born, collaborator"
"OFC-239","Rodikov Mikhail","Родиков Михаил","Kherson Oblast","Minister of Education and Science","Regional","Kherson/Henichesk","2022","2023","No","Russian, born in Moscow oblast"
"OFC-240","Tomilina Tatyana","Томилина Татьяна","Kherson Oblast","Chairman of Oblast Duma","Regional","Henichesk","2023","","Yes","Born in Kherson"
"OFC-242","Kobets Alexander","Кобец Александр","Kherson Oblast","Head of Kherson City occupation administration","City","Kherson","2022","2022","No","Born in Kherson"
"OFC-243","Akopyan Georgy Robertovich","Акопян Георгий Робертович","Crimea","Deputy, State Council of Republic of Crimea; Chair, Regional Armenian National-Cultural Autonomy of Crimea","Regional","Simferopol","2023","","Yes","Crimea-based local politician"
"OFC-244","Aksyonov Valery Nikolaevich","Аксёнов Валерий Николаевич","Crimea","Deputy, State Council of Republic of Crimea; Deputy Chair, Committee on Construction, Housing Policy and Fuel-Energy Complex","Regional","Simferopol","2023","","Yes","Crimea-based local politician"
"OFC-245","Anosov Viktor Yuryevich","Аносов Виктор Юрьевич","Crimea","Deputy, State Council of Republic of Crimea; Executive Director, Association of SVO Veterans of Republic of Crimea","Regional","Simferopol","2023","","Yes","Crimea-based local politician"
"OFC-246","Batalin Alexander Sergeyevich","Баталин Александр Сергеевич","Crimea","Deputy, State Council of Republic of Crimea; General Director, JSC Zavod Fiolent","Regional","Simferopol","2023","","Yes","Crimea-based local politician"
"OFC-247","Batova Sofya Stanislavovna","Батова Софья Станиславовна","Crimea","Deputy, State Council; Deputy General Director / Investment Development Director, JSC Corporation for Development of Republic of Crimea","Regional","Simferopol","2023","","Yes","Crimea-based local politician"
"OFC-248","Bilan Victoria Leonidovna","Билан Виктория Леонидовна","Crimea","Deputy, State Council of Republic of Crimea","Regional","Simferopol","2023","","Yes","Crimea-based local politician"
"OFC-249","Bobkov Vladimir Vitalyevich","Бобков Владимир Витальевич","Crimea","Deputy, State Council; Chair, Committee on Patriotic Education and Youth Policy","Regional","Simferopol","2023","","Yes","Crimea-based local politician"
"OFC-250","Bogatyrenko Sergei Vasilyevich","Богатыренко Сергей Васильевич","Crimea","Deputy, State Council; Chair, Committee on Family Affairs and Veterans","Regional","Simferopol","2023","","Yes","Crimea-based local politician"
"OFC-251","Borodkin Sergei Anatolyevich","Бородкин Сергей Анатольевич","Crimea","Deputy, State Council of Republic of Crimea","Regional","Simferopol","2023","","Yes","Crimea-based local politician"
"OFC-252","Vinogradova Olga Mikhailovna","Виноградова Ольга Михайловна","Crimea","Deputy, State Council; Chair, Committee on Economic, Budget-Financial, Investment and Tax Policy","Regional","Simferopol","2023","","Yes","Crimea-based local politician"
"OFC-253","Gafarov Edip","Гафаров Эдип","Crimea","Deputy, State Council; Chair, Committee on Inter-Ethnic Relations","Regional","Simferopol","2023","","Yes","Crimea-based local politician"
"OFC-254","Goncharov Alexander Alexandrovich","Гончаров Александр Александрович","Crimea","Deputy, State Council; Director, JSC Sharkhinskiy Karier","Regional","Simferopol","2023","","Yes","Crimea-based local politician"
"OFC-255","Gridchina Anastasia Sergeyevna","Гридчина Анастасия Сергеевна","Crimea","Deputy, State Council; Chair, Committee on Public Diplomacy and Inter-Regional Relations","Regional","Simferopol","2023","","Yes","Crimea-based local politician"
"OFC-256","Demchenko Vladimir Leonidovich","Демченко Владимир Леонидович","Crimea","Deputy, State Council of Republic of Crimea; Entrepreneur","Regional","Simferopol","2023","","Yes","Crimea-based local politician"
"OFC-257","Dobrorez Oksana Gennadyevna","Доброрез Оксана Геннадьевна","Crimea","Deputy, State Council; Chair, Committee on Industry, Trade and Entrepreneurship","Regional","Simferopol","2023","","Yes","Crimea-based local politician"
"OFC-258","Dobryna Evgenia Alexandrovna","Добрыня Евгения Александровна","Crimea","Deputy, State Council; Chair, Committee on Property and Land Relations","Regional","Simferopol","2023","","Yes","Crimea-based local politician"
"OFC-259","Dryagin Oleg Valeryevich","Дрягин Олег Валерьевич","Crimea","Deputy, State Council; Individual Entrepreneur","Regional","Simferopol","2023","","Yes","Crimea-based local politician"
"OFC-260","Emelyanova Elena Viktorovna","Емельянова Елена Викторовна","Crimea","Deputy, State Council; Correspondent, ANO TRK Krym (state Crimea TV)","Regional","Simferopol","2023","","Yes","Crimea-based local politician"
"OFC-261","Ermakova Lyudmila Alekseyevna","Ермакова Людмила Алексеевна","Crimea","Deputy, State Council; Director, GUP Republic of Crimea Solnechnaya Tavrika","Regional","Simferopol","2023","","Yes","Crimea-based local politician"
"OFC-262","Zhilenko Viktor Leonidovich","Жиленко Виктор Леонидович","Crimea","Deputy, State Council; General Director, OOO Park Miniatur","Regional","Simferopol","2023","","Yes","Crimea-based local politician"
"OFC-263","Zvonzek Natalya Mikhailovna","Звёнзек Наталья Михайловна","Crimea","Deputy Chair, State Council of Republic of Crimea","Regional","Simferopol","2023","","Yes","Crimea-based local politician"
"OFC-264","Zilbervarg Artyom Ruslanovich","Зильберварг Артём Русланович","Crimea","Deputy, State Council of Republic of Crimea","Regional","Simferopol","2023","","Yes","Crimea-based local politician"
"OFC-265","Ilovchenko Vadim Yakovlevich","Иловченко Вадим Яковлевич","Crimea","Deputy, State Council; Head of Cossack Affairs Department, GKU RK Kazaki Kryma","Regional","Simferopol","2023","","Yes","Crimea-based local politician"
"OFC-266","Ilchenko Sergei Nikolaevich","Ильченко Сергей Николаевич","Crimea","Deputy, State Council; Director, OOO AGRO","Regional","Simferopol","2023","","Yes","Crimea-based local politician"
"OFC-267","Kislitsa Zhanna Ivanovna","Кислица Жанна Ивановна","Crimea","Deputy, State Council; Deputy Chair, Committee on Social Policy","Regional","Simferopol","2023","","Yes","Crimea-based local politician"
"OFC-268","Kovalenko Valery Vladimirovich","Коваленко Валерий Владимирович","Crimea","Deputy, State Council; Chair, Committee on Construction, Housing Policy and Fuel-Energy Complex","Regional","Simferopol","2023","","Yes","Crimea-based local politician"
"OFC-269","Kozyrev Andrei Vladimirovich","Козырев Андрей Владимирович","Crimea","First Deputy Chair, State Council of Republic of Crimea","Regional","Simferopol","2023","","Yes","Crimea-based local politician"
"OFC-270","Kombarov Alexander Gennadyevich","Комбаров Александр Геннадьевич","Crimea","Deputy, State Council; Deputy Chair, Committee on Transport, Housing-Communal and Road Economy","Regional","Simferopol","2023","","Yes","Crimea-based local politician"
"OFC-271","Konstantinov Vladimir Andreyevich","Константинов Владимир Андреевич","Crimea","Chair, State Council of Republic of Crimea (Speaker of legislature)","Regional","Simferopol","2014","","Yes","Ukrainian-born, collaborator"
"OFC-272","Krestyaninova Elena Anatolyevna","Крестьянинова Елена Анатольевна","Crimea","Deputy, State Council; Chair, Committee on Education and Science","Regional","Simferopol","2023","","Yes","Crimea-based local politician"
"OFC-273","Krishtal Oleg Yaroslavovich","Кришталь Олег Ярославович","Crimea","Deputy, State Council of Republic of Crimea","Regional","Simferopol","2023","","Yes","Crimea-based local politician"
"OFC-274","Nikolayenko Vladimir Nikolaevich","Николаенко Владимир Николаевич","Crimea","Deputy, State Council; Individual Entrepreneur","Regional","Simferopol","2023","","Yes","Crimea-based local politician"
"OFC-275","Pakholkova Elena Alexandrovna","Пахолкова Елена Александровна","Crimea","Deputy, State Council; Deputy Chair, Committee on Resorts and Tourism","Regional","Simferopol","2023","","Yes","Crimea-based local politician"
"OFC-276","Polishchuk Igor Vitalyevich","Полищук Игорь Витальевич","Crimea","Deputy, State Council; General Director, MPK Skvortsovo","Regional","Simferopol","2023","","Yes","Crimea-based local politician"
"OFC-277","Ponomarenko Alla Alikovna","Пономаренко Алла Аликовна","Crimea","Deputy Chair, State Council; Chair, Committee on Culture, Cultural Heritage and Sport","Regional","Simferopol","2023","","Yes","Crimea-based local politician"
"OFC-278","Pokhodenko Alexander Vitalyevich","Походенко Александр Витальевич","Crimea","Deputy, State Council; General Director, OOO Dobroe","Regional","Simferopol","2023","","Yes","Crimea-based local politician"
"OFC-279","Pryadko Anastasia Olegovna","Прядко Анастасия Олеговна","Crimea","Deputy, State Council; Deputy Chair, Committee on Information Policy, IT and Communications","Regional","Simferopol","2023","","Yes","Crimea-based local politician"
"OFC-280","Puzin Maxim Alekseyevich","Пузин Максим Алексеевич","Crimea","Deputy, State Council; Deputy Chair, Committee on Legislation","Regional","Simferopol","2023","","Yes","Crimea-based local politician"
"OFC-281","Rogatin Vasily Petrovich","Рогатин Василий Петрович","Crimea","Deputy, State Council; Chair, Committee on Agrarian Policy and Rural Development","Regional","Simferopol","2023","","Yes","Crimea-based local politician"
"OFC-282","Rubel Anna Dmitrievna","Рубель Анна Дмитриевна","Crimea","Deputy, State Council; Chair, Committee on Healthcare","Regional","Simferopol","2023","","Yes","Crimea-based local politician"
"OFC-283","Rudyakov Alexander Nikolaevich","Рудяков Александр Николаевич","Crimea","Deputy, State Council; Rector, Crimean Republican Institute of Postgraduate Pedagogical Education","Regional","Simferopol","2023","","Yes","Crimea-based local politician"
"OFC-284","Sandalov Nikita Andreyevich","Сандалов Никита Андреевич","Crimea","Deputy, State Council of Republic of Crimea","Regional","Simferopol","2023","","Yes","Crimea-based local politician"
"OFC-285","Sargsyan Karen Gagikovich","Саргсян Карен Гагикович","Crimea","Deputy, State Council of Republic of Crimea","Regional","Simferopol","2023","","Yes","Crimea-based local politician"
"OFC-286","Satsik Oksana Ivanovna","Сацик Оксана Ивановна","Crimea","Deputy, State Council of Republic of Crimea","Regional","Simferopol","2023","","Yes","Crimea-based local politician"
"OFC-287","Sergiyenko Oksana Alekseyevna","Сергиенко Оксана Алексеевна","Crimea","Deputy, State Council of Republic of Crimea","Regional","Simferopol","2023","","Yes","Crimea-based local politician"
"OFC-288","Smolyanov Mikhail Alexandrovich","Смолянов Михаил Александрович","Crimea","Deputy, State Council of Republic of Crimea","Regional","Simferopol","2023","","Yes","Crimea-based local politician"
"OFC-289","Suprun Elena Vladimirovna","Супрун Елена Владимировна","Crimea","Deputy, State Council of Republic of Crimea","Regional","Simferopol","2023","","Yes","Crimea-based local politician"
"OFC-290","Tarasov Sergei Ivanovich","Тарасов Сергей Иванович","Crimea","Deputy, State Council of Republic of Crimea","Regional","Simferopol","2023","","Yes","Crimea-based local politician"
"OFC-291","Tippa Aider Akhtemovich","Типпа Айдер Ахтемович","Crimea","Deputy, State Council of Republic of Crimea","Regional","Simferopol","2023","","Yes","Crimea-based local politician"
"OFC-292","Tikhomirov Alexei Nikolaevich","Тихомиров Алексей Николаевич","Crimea","Deputy, State Council of Republic of Crimea","Regional","Simferopol","2023","","Yes","Crimea-based local politician"
"OFC-293","Tikhonchuk Roman Georgievich","Тихончук Роман Георгиевич","Crimea","Deputy, State Council of Republic of Crimea","Regional","Simferopol","2023","","Yes","Crimea-based local politician"
"OFC-294","Trofimov Sergei Anatolyevich","Трофимов Сергей Анатольевич","Crimea","Deputy, State Council of Republic of Crimea","Regional","Simferopol","2023","","Yes","Crimea-based local politician"
"OFC-295","Fayngold Alexander Iosifovich","Файнгольд Александр Иосифович","Crimea","Deputy, State Council of Republic of Crimea","Regional","Simferopol","2023","","Yes","Crimea-based local politician"
"OFC-296","Fedotov Igor Leonidovich","Федотов Игорь Леонидович","Crimea","Deputy, State Council of Republic of Crimea","Regional","Simferopol","2023","","Yes","Crimea-based local politician"
"OFC-297","Khasitoshvili Valery Ivanovich","Хаситошвили Валерий Иванович","Crimea","Deputy, State Council of Republic of Crimea","Regional","Simferopol","2023","","Yes","Crimea-based local politician"
"OFC-298","Khutorenko Zhanna Lvovna","Хутоpенко Жанна Львовна","Crimea","Deputy, State Council of Republic of Crimea","Regional","Simferopol","2023","","Yes","Crimea-based local politician"
"OFC-299","Tsekov Sergei Pavlovich","Цеков Сергей Павлович","Crimea","Deputy, State Council of Republic of Crimea","Regional","Simferopol","2014","","Yes","Ukrainian-born, pro-Russian collaborator"
"OFC-300","Shabelnikova Svetlana Nikolaevna","Шабельникова Светлана Николаевна","Crimea","Deputy, State Council of Republic of Crimea","Regional","Simferopol","2023","","Yes","Crimea-based local politician"
"OFC-301","Shantayev Roman Sergeyevich","Шантаев Роман Сергеевич","Crimea","Deputy, State Council of Republic of Crimea","Regional","Simferopol","2023","","Yes","Crimea-based local politician"
"OFC-302","Shatunov Vitaly Gennadyevich","Шатунов Виталий Геннадьевич","Crimea","Deputy, State Council of Republic of Crimea","Regional","Simferopol","2023","","Yes","Crimea-based local politician"
"OFC-303","Shevchenko Alexander Yuryevich","Шевченко Александр Юрьевич","Crimea","Deputy, State Council of Republic of Crimea","Regional","Simferopol","2023","","Yes","Crimea-based local politician"
"OFC-304","Shirin Ibraim Rishatovich","Широн Ибраим Ришатович","Crimea","Deputy, State Council of Republic of Crimea","Regional","Simferopol","2023","","Yes","Crimea-based local politician"
"OFC-305","Shuvalov Alexander Alexandrovich","Шувалов Александр Александрович","Crimea","Deputy, State Council of Republic of Crimea","Regional","Simferopol","2023","","Yes","Crimea-based local politician"
"OFC-306","Yuryev Yuri Yuryevich","Юрьев Юрий Юрьевич","Crimea","Deputy, State Council of Republic of Crimea","Regional","Simferopol","2023","","Yes","Crimea-based local politician"
"OFC-307","Yakubov Chingiz Fevziyevich","Якубов Чингиз Февзиевич","Crimea","Deputy, State Council of Republic of Crimea","Regional","Simferopol","2023","","Yes","Crimea-based local politician"
"OFC-308","Yanaki Nikolai Leontyevich","Янаки Николай Леонтьевич","Crimea","Deputy, State Council of Republic of Crimea","Regional","Simferopol","2014","","Yes","Crimea-based local politician"
"OFC-309","Vyunik Oksana Viktorovna","Вьюник Оксана Викторовна","Zaporizhzhia Oblast","First Deputy Governor of Zaporizhzhia Oblast","Regional","Melitopol","2025","","Yes","Born in Melitopol"
"OFC-310","Ganzha Sergei Valentinovich","Ганжа Сергей Валентинович","Zaporizhzhia Oblast","Deputy Governor of Zaporizhzhia Oblast","Regional","Melitopol","2025","","Yes","Kirovohrad Oblast, Ukraine"
"OFC-311","Suntsov Igor Pavlovich","Сунцов Игорь Павлович","Zaporizhzhia Oblast","Deputy Governor of Zaporizhzhia Oblast","Regional","Melitopol","2025","","Yes","Born in Cherkasy region, Ukraine"
"OFC-312","Batrshin Roman Yusefovich","Батршин Роман Юсефович","Zaporizhzhia Oblast","Deputy Governor; Acting Minister of Nature, Ecology and Subsoil Use (from 23.01.2026)","Regional","Melitopol","2026","","Yes","From Zaporizhzhia oblast, Ukraine"
"OFC-313","Obertas Sergei Vladimirovich","Обертас Сергей Владимирович","Zaporizhzhia Oblast","Acting Deputy Governor of Zaporizhzhia Oblast","Regional","Melitopol","2025","","Yes","From Magnitogorsk, Russia"
"OFC-314","Pidayev Daniil Olegovich","Пидаев Даниил Олегович","Zaporizhzhia Oblast","Acting Deputy Governor of Zaporizhzhia Oblast","Regional","Melitopol","2025","","Yes","Born in Crimea, finished university in Kyiv"
"OFC-315","Saleyev Alexander Nikolaevich","Салеев Александр Николаевич","Zaporizhzhia Oblast","Acting Minister of Finance of Zaporizhzhia Oblast","Regional","Melitopol","2025","","Yes","Likely Penza Oblast (location of tax account registration)"
"OFC-316","Saidov Artur Nasrudinovich","Саидов Артур Насрудинович","Zaporizhzhia Oblast","Deputy Governor of Zaporizhzhia Oblast","Regional","Melitopol","2025","","Yes","Chechen-origin (Russia)"
"OFC-317","Gulyayev Sergei Anatolyevich","Гуляев Сергей Анатольевич","Zaporizhzhia Oblast","Deputy Governor — Head of Zaporizhzhia Oblast Representation at Government of Russian Federation","Regional","Moscow/Melitopol","2025","","Yes","From Russia / Russian federal appointee"
"OFC-318","Kasatkin Yuri Valeryevich","Касаткин Юрий Валерьевич","Zaporizhzhia Oblast","Acting Deputy Head of Administration of Governor and Government of Zaporizhzhia Oblast","Regional","Melitopol","2025","","Yes","Likely Moscow oblast (location of tax account registration)"
"OFC-319","Solomennyy Dmitry Sergeyevich","Соломенный Дмитрий Сергеевич","Zaporizhzhia Oblast","First Deputy Head of Administration of Governor and Government of Zaporizhzhia Oblast","Regional","Melitopol","2025","","Yes",""
"OFC-320","Prokofyev Anton Olegovich","Прокофьев Антон Олегович","Zaporizhzhia Oblast","Acting Minister of Property and Land Relations of Zaporizhzhia Oblast","Regional","Melitopol","2025","","Yes","Likely from Crimea (registered tax number there)"
"OFC-321","Zavadich Vasily Nikolaevich","Завадич Василий Николаевич","Zaporizhzhia Oblast","Acting Minister of Construction, Architecture and Housing of Zaporizhzhia Oblast","Regional","Melitopol","2025","","Yes","Likely Moscow oblast (location of tax account registration)"
"OFC-322","Tkachenko Alexander Nikolaevich","Ткаченко Александр Николаевич","Zaporizhzhia Oblast","Acting Minister of Economic Development of Zaporizhzhia Oblast","Regional","Melitopol","2025","","Yes","From Crimea"
"OFC-323","Vankov Dmitry Vitalyevich","Ваньков Дмитрий Витальевич","Zaporizhzhia Oblast","Minister of Healthcare of Zaporizhzhia Oblast","Regional","Melitopol","2025","","Yes","From Vologda Oblast, Russia"
"OFC-324","Nazina Svetlana Gennadyevna","Назина Светлана Геннадьевна","Zaporizhzhia Oblast","Minister of Culture of Zaporizhzhia Oblast","Regional","Melitopol","2025","","Yes","Likely from Krasnodar Krai (tax account registration)"
"OFC-325","Logunov Egor Andreyevich","Логунов Егор Андреевич","Zaporizhzhia Oblast","Minister of Youth Policy of Zaporizhzhia Oblast","Regional","Melitopol","2025","","Yes","From Crimea"
"OFC-326","Dubinovsky Alexei Sergeyevich","Дубиновский Алексей Сергеевич","Zaporizhzhia Oblast","Acting Minister of Regional Security of Zaporizhzhia Oblast","Regional","Melitopol","2025","","Yes","Likely from Novosibirsk Oblast (tax account registration)"
"OFC-327","Podshivalov Gennady Valeryevich","Подшивалов Геннадий Валериевич","Zaporizhzhia Oblast","Acting Minister of Agro-Industrial Complex and Food Policy of Zaporizhzhia Oblast","Regional","Melitopol","2025","","Yes","Likely from Crimea (registered tax number there)"
"OFC-328","Lukashenko Nikolai Nikolaevich","Лукашенко Николай Николаевич","Zaporizhzhia Oblast","Acting Minister of Transport and Transport Infrastructure Development","Regional","Melitopol","2025","","Yes","Likely from Crimea (registered tax number there in 2021)"
"OFC-329","Gomonov Alexander Gennadyevich","Гомонов Александр Геннадьевич","Zaporizhzhia Oblast","Minister of Energy of Zaporizhzhia Oblast","Regional","Melitopol","2025","","Yes","Likely from Stavropol Krai (tax account registered there)"
"OFC-330","Savelchev Alexei Petrovich","Савельчев Алексей Петрович","Zaporizhzhia Oblast","Acting Minister of Industry and Trade of Zaporizhzhia Oblast","Regional","Melitopol","2025","","Yes","Likely from Republic of Tatarstan (tax account registered there)"
"OFC-331","Zhelnovakova Dina Vasilyevna","Желновакова Дина Васильевна","Zaporizhzhia Oblast","Acting Minister of Labour and Social Policy of Zaporizhzhia Oblast","Regional","Melitopol","2025","","Yes","Tambov, Russia"
"OFC-332","Kalyagin Alexander Mikhailovich","Калягин Александр Михайлович","Zaporizhzhia Oblast","Minister of Education and Science of Zaporizhzhia Oblast","Regional","Melitopol","2025","","Yes","Moscow Oblast, Russia"
"OFC-333","Zaitsev Konstantin Sergeyevich","Зайцев Константин Сергеевич","Zaporizhzhia Oblast","Acting Minister of Physical Culture and Sport of Zaporizhzhia Oblast","Regional","Melitopol","2025","","Yes","Likely from Zaporizhzhia (tax account reg.)"
"OFC-334","Prokhvatilov Grigory Vladimirovich","Прохватилов Григорий Владимирович","Zaporizhzhia Oblast","Minister of Digital Development, Mass Communications and Communications of Zaporizhzhia Oblast","Regional","Melitopol","2025","","Yes","Born in Ashgabat, Turkmenistan. Raised in Moscow, before 2014 lived in Crimea."
"OFC-335","Mashkautsan Semyon Alekseyevich","Машкауцан Семен Алексеевич","Kherson Oblast","Chairman of Government of Kherson Oblast (Prime Minister)","Regional","Henichesk","2024","","Yes","Born in Chelyabinsk, educated in Moscow"
"OFC-336","Bulyuk Vitaly Viktorovich","Булюк Виталий Викторович","Kherson Oblast","First Deputy Chairman of Government of Kherson Oblast","Regional","Henichesk","2024","","Yes","From Kherson"
"OFC-337","Vetrov Alexander Andreyevich","Ветров Александр Андреевич","Kherson Oblast","Deputy Chairman of Government of Kherson Oblast","Regional","Henichesk","2024","","Yes","Born in Bryansk oblast, lived in Kherson prior to 2022"
"OFC-338","Tsyganenko Ruslan Alekseyevich","Цыганенко Руслан Алексеевич","Kherson Oblast","Deputy Chairman of Government of Kherson Oblast","Regional","Henichesk","2024","","Yes","Likely from Khanty-Mansi Autonomous Okrug, Russia (tax account reg.)"
"OFC-339","Cherevko Sergei Nikolaevich","Черевко Сергей Николаевич","Kherson Oblast","Deputy Chairman of Government of Kherson Oblast","Regional","Henichesk","2024","","Yes","From Kherson"
"OFC-340","Zaredinova Alime Nazimovna","Зарединова Алиме Назимовна","Kherson Oblast","Acting Minister of Agro-Industrial Complex, Food Policy and Fisheries of Kherson Oblast","Regional","Henichesk","2024","","Yes","Crimean Tatar origin, likely transferred from Crimea"
"OFC-341","Borchaninova Elena Leonidovna","Борчанинова Елена Леонидовна","Kherson Oblast","Minister of Healthcare of Kherson Oblast","Regional","Henichesk","2024","","Yes","From Komi Republic, Russia"
"OFC-342","Lagoyskyy Artyom Alekseyevich","Лагойский Артем Алексеевич","Kherson Oblast","Minister of Culture of Kherson Oblast","Regional","Henichesk","2024","","Yes","From Kherson"
"OFC-343","Zapuskalov Sergei Gennadyevich","Запускалов Сергей Геннадьевич","Kherson Oblast","Minister of Resorts and Tourism of Kherson Oblast","Regional","Henichesk","2024","","Yes","Likely from Chelyabinsk (tax account reg.)"
"OFC-344","Yarchenko Vladislav Vladimirovich","Ярченко Владислав Владимирович","Kherson Oblast","Minister of Youth Policy of Kherson Oblast","Regional","Henichesk","2024","","Yes","Krasnodar Krai, Russia"
"OFC-345","Grigoryev Alexei Alexandrovich","Григорьев Алексей Александрович","Kherson Oblast","Acting Minister of Education and Science of Kherson Oblast","Regional","Henichesk","2024","","Yes","From Pskov oblast, Russia"
"OFC-346","Bystryiantsev Nikolai Yuryevich","Быстрянцев Николай Юрьевич","Kherson Oblast","Minister of Natural Resources and Ecology of Kherson Oblast","Regional","Henichesk","2024","","Yes","From Crimea"
"OFC-347","Kirillova Elena Alexandrovna","Кириллова Елена Александровна","Kherson Oblast","Acting Minister of Sport of Kherson Oblast","Regional","Henichesk","2024","","Yes","From Yalta, Crimea"
"OFC-348","Kozupitsa Sergei Andreyevich","Козупица Сергей Андреевич","Kherson Oblast","Minister of Construction, Architecture and Housing of Kherson Oblast","Regional","Henichesk","2024","","Yes","From Krasnoyarsk Krai, Russia"
"OFC-349","Savransky Pavel Vasilyevich","Савранский Павел Васильевич","Kherson Oblast","Minister of Fuel-Energy Complex of Kherson Oblast","Regional","Henichesk","2024","","Yes","Likely from Krasnodar Krai (tax account registration)"
"OFC-350","Tereshchenko Anatoly Nikolaevich","Терещенко Анатолий Николаевич","Kherson Oblast","Acting Minister / Head of Roads and Transport Infrastructure Management of Kherson Oblast","Regional","Henichesk","2024","","Yes","From Sevastopol, Crimea"
"OFC-351","Ostrovskaya Marina Alexandrovna","Островская Марина Александровна","Kherson Oblast","Acting Minister of Labour and Social Protection of Kherson Oblast","Regional","Henichesk","2024","","Yes","From Mocow, Russia"
"OFC-352","Rassadina Yulia Nikolayevna","Рассадина Юлия Николаевна","Kherson Oblast","Acting Minister of Finance of Kherson Oblast","Regional","Henichesk","2024","","Yes","From Russia / Russian federal appointee"
"OFC-353","Borodin Nikita Alexandrovich","Бородин Никита Александрович","Kherson Oblast","Minister of Digital Development and Mass Communications of Kherson Oblast","Regional","Henichesk","2024","","Yes","Likely from Penza Oblast (tax account reg.)"
"OFC-354","Kiriyenko Georgy Sergeyevich","Кириенко Георгий Сергеевич","Kherson Oblast","Minister of Industry and Trade of Kherson Oblast","Regional","Henichesk","2024","","Yes","Likely from Moscow (tax account reg.)"
"OFC-355","Musayev Ervin Kyazimovich","Мусаев Эрвин Кязимович","Kherson Oblast","Minister of Economic Development of Kherson Oblast","Regional","Henichesk","2024","","Yes","Crimean Tatar origin, likely transferred from Crimea"
"OFC-357","Ivashchenko Kostiantyn Volodymyrovych","Іващенко Костянтин Володимирович","DPR","Head of Mariupol Occupation Administration","City","Mariupol","2022","2023","No","Ukrainian-born, collaborator"
"OFC-358","Nosenko Oleg Hryhorovych","Носенко Олег Григорович","DPR","Chairman of Mariupol City Council (occupation)","City","Mariupol","2023","","Unknown","Ukrainian-born, collaborator"
"OFC-359","Kharmyshev Evhen Oleksandrovych","Хармишев Євген Олександрович","DPR","Former Deputy Head of Mariupol Administration; Head of United Russia and People's Front structures in Mariupol","City","Mariupol","2022","","Yes","Ukrainian-born, collaborator"
"OFC-360","Dmytriyev Oleksandr Volodymyrovych","Дмитрієв Олександр Владимирович","DPR","Deputy Head of Mariupol Occupation Administration; Head of Housing and Communal Services Management","City","Mariupol","2023","","Yes","Ukrainian-born, collaborator"
"OFC-361","Bodiahin Evhen","Бодягін Євген","DPR","Adviser to Head of Mariupol Administration / Deputy Head of Administration","City","Mariupol","2022","2025","No","Ukrainian-born, collaborator"
"OFC-362","Perepechay Bogdan","Перепечай Богдан","DPR","First Deputy Head of Mariupol Occupation Administration","City","Mariupol","2022","2024","No","Local resident of Mariupol, occupation administration employee"
"OFC-363","Kalachova","Калачьова","DPR","Deputy Head of Mariupol Occupation Administration","City","Mariupol","2022","2025","No","Local resident of Mariupol, occupation administration employee"
"OFC-364","Zolotov","Золотов","DPR","Head of Left Bank District Administration (Mariupol)","District","Mariupol — Left Bank","2022","2023","No","Ukrainian-born, collaborator"
"OFC-365","Sablin Dmytro Vadymovych","Саблін Дмитро Вадимович","Multiple","Russian State Duma Deputy; Key power broker and patron for Mariupol occupation network","Regional","Moscow / Mariupol","2022","","Yes","Ukrainian-born, Russian career"
"OFC-366","Ivanov Petro Volodymyrovych","Іванов Петро Володимирович","DPR","Criminal authority / informal power broker in Mariupol","City","Mariupol","2022","","Yes","Ukrainian-born, collaborator"
"OFC-367","Soldatov Oleksandr Hryhorovych","Солдатов Олександр Григорович","DPR","Head of GUP DNR ""Administration of the Sea Port of the City of Mariupol""","Sector","Mariupol","2022","","Yes","Ukrainian-born, collaborator"
"OFC-368","Onatskyy Valery Anatolyevich","Онацький Валерій Анатольевич","DPR","Head of ideological work with children; de facto head of all youth organisations in Mariupol","Sector","Mariupol","2022","","Yes","Ukrainian-born, collaborator"
"OFC-369","Averkin Mykyta Oleksandrovych","Аверкін Микита Олександрович","DPR","Head of Youth Policy Department, Mariupol administration; MGER leader Mariupol; Mariupol city council deputy","Sector","Mariupol — Shevchenko Boulevard 305, apt 86","2022","","Yes","Ukrainian-born, collaborator"
"OFC-370","Orleansky Sergei Evgenyevich","Орлеанський Сергій Євгенійович","DPR","Head of Emergency Hospital, Mariupol; United Russia figure","Sector","Mariupol","2022","","Yes","Ukrainian-born, collaborator"
"OFC-371","Ftits","Фтіц","DPR","Conditionally public United Russia figure, Mariupol","Sector","Mariupol","2022","","Unknown","Ukrainian-born, collaborator"
"OFC-372","Klisak Natalya Alexandrovna","Клисак Наталья Александровна","DPR","Head of Department, Mariupol occupation administration","Sector","Mariupol","2022","","Unknown","Local resident of Mariupol, occupation administration employee"
"OFC-373","Shiyan Anna Igorevna","Шиян Анна Игоревна","DPR","Head of Department, Mariupol occupation administration","Sector","Mariupol","2022","","Unknown","Local resident of Mariupol, occupation administration employee"
"OFC-374","Matrosova Marina Anatolyevna","Матросова Марина Анатольевна","DPR","Head of Department, Mariupol occupation administration","Sector","Mariupol","2022","","Unknown","Local resident of Mariupol, occupation administration employee"
"OFC-375","Bolotnyuk Angelina Vasilyevna","Болотнюк Ангелина Васильевна","DPR","Head of Department / Chief Accountant, Mariupol occupation administration","Sector","Mariupol","2022","","Unknown","Local resident of Mariupol, occupation administration employee"
"OFC-376","Istratova Irina Yaroslavovna","Истратова Ирина Ярославовна","DPR","Head of Department, Mariupol occupation administration","Sector","Mariupol","2022","","Unknown","Local resident of Mariupol, occupation administration employee"
"OFC-377","Safronov Igor Ivanovich","Сафронов Игорь Иванович","DPR","Head of Department, Mariupol occupation administration","Sector","Mariupol","2022","","Unknown","Local resident of Mariupol, occupation administration employee"
"OFC-378","Andrushchenko Elena Nikolaevna","Андрущенко Елена Николаевна","DPR","Head of Department, Mariupol occupation administration","Sector","Mariupol","2022","","Unknown","Local resident of Mariupol, occupation administration employee"
"OFC-379","Sergiyenko Alexei Nikolaevich","Сергиенко Алексей Николаевич","DPR","Head of Department, Mariupol occupation administration","Sector","Mariupol","2022","","Unknown","Local resident of Mariupol, occupation administration employee"
"OFC-380","Voytenko Spartak Nikolaevich","Войтенко Спартак Николаевич","DPR","Head of Department, Mariupol occupation administration","Sector","Mariupol","2022","","Unknown","Local resident of Mariupol, occupation administration employee"
"OFC-381","Golovan Elena Vladimirovna","Головань Елена Владимировна","DPR","Head of Department, Mariupol occupation administration","Sector","Mariupol","2022","","Unknown","Local resident of Mariupol, occupation administration employee"
"OFC-382","Zabelin Andrei Vladimirovich","Забелин Андрей Владимирович","DPR","Head of Department, Mariupol occupation administration","Sector","Mariupol","2022","","Unknown","Local resident of Mariupol, occupation administration employee"
"OFC-383","Vovchenko Gennady Olegovich","Вовченко Геннадий Олегович","DPR","Head of Department, Mariupol occupation administration","Sector","Mariupol","2022","","Unknown","Local resident of Mariupol, occupation administration employee"
"OFC-384","Kobzev Oleg Vitalyevich","Кобзев Олег Витальевич","DPR","Head of Department, Mariupol occupation administration","Sector","Mariupol","2022","","Unknown","Local resident of Mariupol, occupation administration employee"
"OFC-385","Klochkova Natalya Andreyevna","Клочкова Наталья Андреевна","DPR","Head of Urban Planning Department; Chief Architect of Mariupol","Sector","Mariupol","2022","","Unknown","Local resident of Mariupol, occupation administration employee"
"OFC-386","Bystrova Marianna Andreyevna","Быстрова Марианна Андреевна","DPR","Head of Department / Architect, Mariupol occupation administration","Sector","Mariupol","2022","","Unknown","Local resident of Mariupol, occupation administration employee"
"OFC-387","Seliverstova Ksenia Alexandrovna","Селиверстова Ксения Александровна","DPR","Head of Department, Mariupol occupation administration","Sector","Mariupol","2022","","Unknown","Local resident of Mariupol, occupation administration employee"
"OFC-388","Fedyna Natalya Vyacheslavovna","Федына Наталья Вячеславовна","DPR","Head of Department, Mariupol occupation administration","Sector","Mariupol","2022","","Unknown","Local resident of Mariupol, occupation administration employee"
"OFC-389","Burlachenko Elena Grigoryevna","Бурлаченко Елена Григорьевна","DPR","Head of Department (Management level), Mariupol occupation administration","Sector","Mariupol","2022","","Unknown","Local resident of Mariupol, occupation administration employee"
"OFC-390","Lyutaya Victoria Vladimirovna","Лютая Виктория Владимировна","DPR","Head of Department, Mariupol occupation administration","Sector","Mariupol","2022","","Unknown","Local resident of Mariupol, occupation administration employee"
"OFC-391","Litvikh Marina Vasilyevna","Литвих Марина Васильевна","DPR","Head of Department, Mariupol occupation administration","Sector","Mariupol","2022","","Unknown","Local resident of Mariupol, occupation administration employee"
"OFC-392","Levchuk Irina Nikolaevna","Левчук Ирина Николаевна","DPR","Head of Department, Mariupol occupation administration","Sector","Mariupol","2022","","Unknown","Local resident of Mariupol, occupation administration employee"
"OFC-393","Gavrish Yana Olegovna","Гавриш Яна Олеговна","DPR","Head of Department, Mariupol occupation administration","Sector","Mariupol","2022","","Unknown","Local resident of Mariupol, occupation administration employee"
"OFC-394","Burskaya Elena Evgenyevna","Бурская Елена Евгеньевна","DPR","Head of Department / Chief Accountant, Mariupol occupation administration","Sector","Mariupol","2022","","Unknown","Local resident of Mariupol, occupation administration employee"
"OFC-395","Slyusarenko Yulia Ivanovna","Слюсаренко Юлия Ивановна","DPR","Head of Department, Mariupol occupation administration","Sector","Mariupol","2022","","Unknown","Local resident of Mariupol, occupation administration employee"
"OFC-396","Kukharenkova Olga Pavlovna","Кухаренкова Ольга Павловна","DPR","Head of Department, Mariupol occupation administration","Sector","Mariupol","2022","","Unknown","Local resident of Mariupol, occupation administration employee"
"OFC-397","Demchenko Larisa Anatolyevna","Демченко Лариса Анатольевна","DPR","Head of Department, Mariupol occupation administration","Sector","Mariupol","2022","","Unknown","Local resident of Mariupol, occupation administration employee"
"OFC-398","Zasulskaya Natalya Yuryevna","Засульская Наталья Юрьевна","DPR","Head of Department, Mariupol occupation administration","Sector","Mariupol","2022","","Unknown","Local resident of Mariupol, occupation administration employee"
"OFC-399","Miroshnichenko Yana Sergeyevna","Мирошниченко Яна Сергеевна","DPR","Head of Management (Directorate), Mariupol occupation administration","Sector","Mariupol","2022","","Unknown","Local resident of Mariupol, occupation administration employee"
"OFC-400","Khalpakhchi Natalia Vasilyevna","Халпахчи Наталия Васильевна","DPR","Deputy Head of Directorate, Mariupol occupation administration","Sector","Mariupol","2022","","Unknown","Local resident of Mariupol, occupation administration employee"
"OFC-401","Shaposhnikov Evgeny Nikolaevich","Шапошников Евгений Николаевич","DPR","Head of Department, Mariupol occupation administration","Sector","Mariupol","2022","","Unknown","Local resident of Mariupol, occupation administration employee"
"OFC-402","Baranova Alla Alexandrovna","Баранова Алла Александровна","DPR","Head of Department, Mariupol occupation administration","Sector","Mariupol","2022","","Unknown","Local resident of Mariupol, occupation administration employee"
"OFC-403","Orlenko Natalya Viktorovna","Орленко Наталья Викторовна","DPR","Head of Department / Chief Accountant, Mariupol occupation administration","Sector","Mariupol","2022","","Unknown","Local resident of Mariupol, occupation administration employee"
"OFC-404","Tkachenko Yulia Viktorovna","Ткаченко Юлия Викторовна","DPR","Head of Department, Mariupol occupation administration","Sector","Mariupol","2022","","Unknown","Local resident of Mariupol, occupation administration employee"
"OFC-405","Zelenyuk Irina Olegovna","Зеленюк Ирина Олеговна","DPR","Head of Department, Mariupol occupation administration","Sector","Mariupol","2022","","Unknown","Local resident of Mariupol, occupation administration employee"
"OFC-406","Shevchenko Mikhail Alexandrovich","Шевченко Михаил Александрович","DPR","Head of Department, Mariupol occupation administration","Sector","Mariupol","2022","","Unknown","Local resident of Mariupol, occupation administration employee"
"OFC-407","Shevchenko Yuri Alexandrovich","Шевченко Юрий Александрович","DPR","Head of Department, Mariupol occupation administration","Sector","Mariupol","2022","","Unknown","Local resident of Mariupol, occupation administration employee"
"OFC-408","Salgalov Vyacheslav Sergeyevich","Салгалов Вячеслав Сергеевич","DPR","Head of Directorate, Mariupol occupation administration","Sector","Mariupol","2022","","Unknown","Local resident of Mariupol, occupation administration employee"
"OFC-409","Balaban Vitaly Alexandrovich","Балабан Виталий Александрович","DPR","Head of Department, Mariupol occupation administration","Sector","Mariupol","2022","","Unknown","Local resident of Mariupol, occupation administration employee"
"OFC-410","Mateyko Elena Alexandrovna","Матейко Елена Александровна","DPR","Head of Directorate, Mariupol occupation administration","Sector","Mariupol","2022","","Unknown","Local resident of Mariupol, occupation administration employee"
"OFC-411","Solodukha Galina Yuryevna","Солодуха Галина Юрьевна","DPR","Deputy Head of Directorate, Mariupol occupation administration","Sector","Mariupol","2022","","Unknown","Local resident of Mariupol, occupation administration employee"
"OFC-412","Karpenko Elena Vasilyevna","Карпенко Елена Васильевна","DPR","Head of Department, Mariupol occupation administration","Sector","Mariupol","2022","","Unknown","Local resident of Mariupol, occupation administration employee"
"OFC-413","Klenin Boris Vitalyevich","Кленин Борис Витальевич","DPR","Head of Department, Mariupol occupation administration","Sector","Mariupol","2022","","Unknown","Local resident of Mariupol, occupation administration employee"
"OFC-414","Uzun Elena Valentinovna","Узун Елена Валентиновна","DPR","Head of Directorate, Mariupol occupation administration","Sector","Mariupol","2022","","Unknown","Local resident of Mariupol, occupation administration employee"
"OFC-415","Bodyagina Victoria Sergeyevna","Бодягина Виктория Сергеевна","DPR","Head of Department, Mariupol occupation administration","Sector","Mariupol","2022","","Unknown","Local resident of Mariupol, occupation administration employee"
"OFC-416","Pogibayeva Svetlana Valentinovna","Погибаева Светлана Валентиновна","DPR","Head of Department, Mariupol occupation administration","Sector","Mariupol","2022","","Unknown","Local resident of Mariupol, occupation administration employee"
"OFC-417","Gerasimenko Yulia Vyacheslavovna","Герасименко Юлия Вячеславовна","DPR","Head of Department, Mariupol occupation administration","Sector","Mariupol","2022","","Unknown","Local resident of Mariupol, occupation administration employee"
"OFC-418","Ivanenko Elena Sergeyevna","Иваненко Елена Сергеевна","DPR","Head of Department, Mariupol occupation administration","Sector","Mariupol","2022","","Unknown","Local resident of Mariupol, occupation administration employee"
"OFC-419","Berdnikov Dmytro","Бердніков Дмитро","DPR","Prime Minister of DPR; formerly First Deputy Head of Mariupol Occupation Administration","Regional","Donetsk / Mariupol","2022","","Yes","Born in Angarsk, Irkutsk Oblast"
"OFC-420","Zolotariov Serhii","Золотарьов Сергій","Zaporizhzhia Oblast","Head (Holova) of Melitopol City under occupation","City","Melitopol","2022","","Yes","Ukrainian-born, collaborator"
"OFC-421","Sivenkova Olena","Сівенкова Олена","Zaporizhzhia Oblast","Member, Zaporizhzhia Oblast Regional Election Commission","Regional","Melitopol","2023","2025","No",""
"OFC-423","Kovtun Liudmyla","Ковтун Людмила","Kherson Oblast","Minister of Education and Science of Kherson Oblast","Regional","Henichesk","2023","2025","No","Ukrainian-born, collaborator"
"OFC-425","Grigoryev Oleksii Oleksandrovych","Григор'єв Олексій Олександрович","Kherson Oblast","Deputy Chair of Kherson Oblast Duma","Regional","Henichesk","2025","","Yes","From Russia / Russian federal appointee"
"OFC-425","Kovtun Liudmyla (predecessor to Grigoryev)","Григор'єв Олексій Олександрович","Kherson Oblast","Acting Minister of Education and Science of Kherson Oblast","Regional","Henichesk","2025","","Yes","Russian"
"OFC-426","Gryshyn Oleksii","Гришин Олексій","Kherson Oblast","Deputy of Kherson Oblast Duma","Regional","Henichesk","2023","","Yes","Born in Ulyanovsk, Russia"
"OFC-427","Romanov Vasyl","Романов Василь","Kherson Oblast","Head of Regional Rosreestr Subdivision for Kherson Oblast","Regional","Henichesk","2023","","Yes","Russian"
"OFC-428","Babeshko Nadiia","Бабешко Надія","Kherson Oblast","Secretary, Local United Russia Branch (Ivanivka area, Kherson Oblast)","District","Ivanivka district, Kherson Oblast","2023","","Yes","Born in Melitopol, Ukraine"
"OFC-429","Chertkov Andrei","Чертков Андрей","DPR","Chairman of DPR Government (Prime Minister)","Regional","Donetsk","2025","","Yes","Russian"
"OFC-430","Kovalchuk Egor","Ковальчук Єгор","LNR","Prime Minister of LNR Government (Chairman of Government)","Regional","Luhansk","2024","","Yes","Russian"
"OFC-431","Kulemzin Aleksei","Кулемзін Олексій","DPR","Head of Donetsk City Administration","City","Donetsk","2022","","Yes","Transferred from another occupied territory"
"OFC-433","Kondrykinskaya Anna","Кондрикінська Анна","DPR","Deputy of DPR People's Council; Head of Housing and Utilities Committee","Regional","Donetsk","2022","","Yes","Likely from Rostov oblast (tax account reg.)"
"OFC-434","Kalyuzhny Andrei","Калюжний Андрій","DPR","Former Head of Donbas Development Corporation (Корпорация развития Донбасса)","Regional","Donetsk / Moscow / UAE","2023","2025","No","Russian"
"OFC-436","Zakharchenko Serhii","Захарченко Сергій","DPR","Member, Central Committee of Communist Party of Russian Federation (CPRF); DPR political figure","Regional","Donetsk / Moscow","2025","","Yes","Ukrainian-born, collaborator"
"OFC-437","Puduk Viktor","Пудук Віктор","DPR","Head of DPR Regional Yunarmiya Headquarters","Regional","Donetsk","2022","","Yes","Donetsk region"
"OFC-438","Sumska Marianna","Сумська Маріанна","LNR","Head of LNR Election Commission","Regional","Luhansk","2022","","Yes","Likely from Krasnodar Krai (tax account registration)"
"OFC-440","Leontyev Volodymyr","Леонтьєв Володимир","Kherson Oblast","Head of Nova Kakhovka Municipal Council (occupation)","District","Nova Kakhovka","2022","2025","No","Ukrainian-born, collaborator"
"OFC-441","Izyumenko Halyna","Ізюменко Галина","Kherson Oblast","Head of Nova Kakhovka Municipal Council","District","Nova Kakhovka","2025","","Yes","Ukrainian-born, collaborator"
"OFC-442","Savchuk Volodymyr","Савчук Володимир","Kherson Oblast","Head of Main Directorate of MVD Russia for Kherson Oblast","Regional","Henichesk","2025","","Yes","Russian"
"OFC-444","Safronov Ivan","Сафронов Іван","Kherson Oblast","Minister of Industry and Trade of Kherson Oblast","Regional","Henichesk","2023","2025","No","Likely from Tambov Oblast, Russia (tax account reg.)"
"OFC-445","Kiriyenko Georgii Sergeyevich","Кірієнко Георгій Сергійович","Kherson Oblast","Acting Minister of Industry and Trade of Kherson Oblast","Regional","Henichesk","2025","","Yes","Russian"
"OFC-446","Niemtullayev Rustem","Нємтуллаєв Рустем","Kherson Oblast","Deputy of Kherson Oblast Duma; organiser of muftiate creation for Kherson Oblast","Regional","Henichesk","2023","","Yes","Ukrainian-born, collaborator"
"OFC-447","Filipchuk Pavlo","Філіпчук Павло","Kherson Oblast","Head of Kakhovka Municipal District","District","Kakhovka area","2022","","Yes","Ukrainian-born, collaborator"
"OFC-448","Demchenko Dmytro","Демченко Дмитро","Kherson Oblast","Head of Youth Policy Department, Henichesk Municipal District; Head of Henichesk Yunarmiya branch","District","Henichesk","2023","","Yes","From Kherson"
"OFC-449","Zakharova Marina","Захарова Марина","Kherson Oblast","Head of Kherson Oblast Election Commission","Regional","Henichesk","2023","","Yes","Likely from Rostov oblast (tax account reg.)"
"OFC-450","Khlyustov Alexander","Хлюстов Олександр","Kherson Oblast","Deputy of Kherson Oblast Regional Duma (United Russia)","Regional","Henichesk","2023","","Yes","Borm in Volgograd Oblast, Russia"
"OFC-451","Barkhatnova Alla","Бархатнова Алла","Kherson Oblast","Minister of Labour and Social Protection of Kherson Oblast (2023)","Regional","Henichesk","2022","2025","No","Born in Oryol Oblast, Russia"
"OFC-456","Stepanov Oleksandr","Степанов Олександр","DPR","Senior figure in Mariupol occupation administration; described as ""head of administration""","City","Mariupol","2022","","Unknown","Ukrainian-born, collaborator"
"OFC-457","Ovcharenko Valentyn Viktorovych","Овчаренко Валентин Вікторович","DPR","Head of FKU IK-13 (Corrective Colony), Mariupol; Lieutenant Colonel of Internal Service","Sector","Mariupol — Kalmiuskyi district","2024","","Yes","Ukrainian-born, collaborator"
"OFC-458","Yefremov Mykhailo Oleksandrovych","Єфремов Михайло Олександрович","DPR","Head of FKU SIZO-2 (Pre-Trial Detention Centre), Mariupol","Sector","Mariupol — Kamenska Street 52","2024","","Yes","From Russia (Kalmykia Republic)"
"OFC-460","Apshev Albert","Апшев Альберт","LNR","Minister of Infrastructure and Transport of LNR","Regional","Luhansk","2022","","Yes","Luhansk region"
"OFC-461","Svidovskov Leonard","Свідосков Леонард","LNR","Head of LNR State Media Network","Regional","Luhansk","2022","","Yes","Luhansk region"
"OFC-462","Andreyeva Olena","Андреєва Олена","LNR","Head of LNR Department of Investment Policy","Regional","Luhansk","2023","","Yes",""
"OFC-463","Drobinyak Filip","Дробиняк Філіп","LNR","Head of ""My Business"" Programme, LNR","Regional","Luhansk","2023","","Yes","Luhansk region"
"OFC-464","Pilavov Manolis","Піладов Маноліс","LNR","Former Head of Luhansk City Administration (predecessor of Pashchenko Yana)","City","Luhansk","2022","2023","No","Ukrainian-born, collaborator"
"OFC-465","Senin Yuriy Anatoliyovych","Сенін Юрій Анатолійович","DPR","Head of Mariupol City Council (occupation)","City","Mariupol","2026","","Yes","Ukrainian-born, collaborator"
"OFC-466","Trofimov Roman Vasylovych","Трофимов Роман Васильович","DPR","Secretary of Mariupol City Council; Deputy Head of Mariupol City Council","City","Mariupol","2026","","Yes","Donetsk region"
"OFC-467","Smyrnova Yulia Mykolayivna","Смирнова Юлія Миколаївна","DPR","First Deputy Head of Ordzhonikidze District Administration, Mariupol; Secretary of United Russia Local Branch, Mariupol","District","Mariupol — Ordzhonikidze district","2022","","Yes","Ukrainian-born, collaborator"
"OFC-468","Chernichuk Yuriy","Чернічук Юрій","Zaporizhzhia Oblast","Director of Zaporizhzhia Nuclear Power Plant (ZNPP) under Rosatom","Sector","Enerhodar","2022","","Yes","Russian"
"OFC-469","Yershov Sergey Yuryevich","Єршов Сергій Юрійович","Zaporizhzhia Oblast","Head (Warden) of FKU IK-1 (Correctional Colony No. 1), Melitopol","Sector","Melitopol","2023","","Unknown","Russian"
"OFC-470","Khozhaev Konstantin Vladimirovich","Хожаєв Костянтин Владімірович","Zaporizhzhia Oblast","Acting Head of detention institution (SIZO or IK), Zaporizhzhia Oblast FSIN","Sector","Zaporizhzhia Oblast (Melitopol area)","2024","","Unknown","Russian"
"OFC-471","Kiva Serhii","Ківа Сергій","Kherson Oblast","Head of Kherson Grain Company (occupation)","Sector","Henichesk","2024","","Yes","Ukrainian-born, collaborator"
"OFC-472","Yemelyanyenko Viktor","Ємельяненко Віктор","Zaporizhzhia Oblast","Head of Legislative Assembly, Zaporizhzhia Oblast (occupation)","Regional","Melitopol","2022","","Yes","Born in Zaporizhzhia, Ukraine"
"OFC-473","Babushkina Lyudmila","Бабушкіна Людмила","Zaporizhzhia Oblast","Member of Legislative Assembly, Zaporizhzhia Oblast (occupation)","Regional","Melitopol","2022","","Yes","From Sverdlovsk Oblast, Russia"
"OFC-474","Romanova Kateryna","Романова Катерина","Zaporizhzhia Oblast","Representative of Zaporizhzhia Oblast in Russian Federation Public Chamber; Head of National-Cultural Autonomy of Belarusians of Melitopol","Regional","Melitopol","2023","","Yes","Ukrainian-born, collaborator"
"OFC-475","Falk Oleksandr","Фальк Олександр","Zaporizhzhia Oblast","President, Union of Industrial and Trade Development of Zaporizhzhia and Kherson Oblasts (occupation)","Sector","Melitopol","2022","2026","No","Born in Melitopol, Ukraine"
"OFC-476","Mironov (Balitsky road contractor)","Миронов","Zaporizhzhia Oblast","Road construction contractor; Balitsky financial intermediary (convicted)","Sector","Zaporizhzhia Oblast","2022","2025","No",""
"OFC-477","Kravchuk Denis","Кравчук Денис","DPR","Political figure; minority shareholder Mostovik (Penza); deputy Penza Oblast Legislative Assembly","Sector","Mariupol / Penza","2022","","Yes","Russian"
"OFC-478","Istratov Vadym Anatoliyovych","Істратов Вадим Анатолійович","DPR","Deputy Head of Mariupol Occupation Administration for Financial Affairs","City","Mariupol","2022","","Unknown","Ukrainian-born, collaborator"
"OFC-479","Khadzhinov Dmytro","Хаджинов Дмитрій","DPR","Deputy Head of Mariupol Occupation Administration for Housing and Communal Services (ZhKH)","City","Mariupol","2022","","Yes","Ukrainian-born, collaborator"
"OFC-480","Ahibalov Valeriy Viktorovych","Агібалов Валерій Вікторович","DPR","Head of Kalmiuska District Occupation Administration, Mariupol","District","Mariupol — Kalmiuska district","2022","","Unknown","Ukrainian-born, collaborator"
"OFC-481","Ftits Ivan","Фтіц Іван","DPR","Head of St Petersburg Government Representation in Mariupol; former head of enterprise ""City for People""","City","Mariupol","2022","","Yes","Ukrainian-born, collaborator"
"OFC-482","Adamov Dmytro Valeriyovych","Адамов Дмитро Валерійович","DPR","Deputy Head of Zhovtneva (Central) District Occupation Administration, Mariupol","District","Mariupol — Central district","2022","","Unknown","Ukrainian-born, collaborator"
"OFC-483","Kior Andriy Leonidovych","Кіор Андрій Леонідович","DPR","Head of Information-Analytical Department, Mariupol Occupation Administration; Propagandist","City","Mariupol","2022","","Yes","Ukrainian-born, collaborator"
"OFC-484","Sobolevsky Hryhoriy","Соболевський Григорій","DPR","Deputy Head of Mariupol Maritime Trade Port Administration; Port Captain","Sector","Mariupol","2022","","Unknown",""
"OFC-485","Ternavsky Yuriy Ivanovych","Тернавський Юрій Іванович","DPR","Head of dairy factory and drinking water filtration plant, Mariupol (occupation)","Sector","Mariupol","2022","","Unknown","Ukrainian-born, collaborator"
"OFC-486","Zolotov Mykhailo Serhiyovych","Золотов Михайло Сергійович","DPR","Head of Left Bank (Ordzhonikidze) District Occupation Administration, Mariupol","District","Mariupol — Left Bank district","2022","2023","No","Not local — Pushilin/military grouping appointee"
"OFC-487","Kalachova Viktoria Viktorivna","Калачьова Вікторія Вікторівна","DPR","Deputy Head of Mariupol Occupation Administration for Education","City","Mariupol","2022","2025","No","Ukrainian-born, collaborator"
"OFC-488","Holubkov Serhiy Petrovych","Голубков Сергій Петрович","DPR","Head of Social Protection Department, Mariupol Occupation Administration","City","Mariupol","2022","","Yes","Ukrainian-born, collaborator"
"OFC-489","Vysotsky Andriy","Висоцький Андрій","DPR","Head of DNR Central Bank Branch, Mariupol","City","Mariupol","2022","","Unknown","Ukrainian-born, collaborator"
"OFC-490","Yankovskiy Hennadiy Mykhailovych","Янковський Геннадій Михайлович","DPR","Head of Occupation Authority in Melekine village, Mariupol district","District","Melekine village, Mariupol district","2022","","Unknown","Ukrainian-born, collaborator"
"OFC-491","Karpenko Olena Vasylivna","Карпенко Олена Василівна","DPR","Head of Culture Department, Mariupol Occupation Administration","City","Mariupol","2022","","Unknown","Ukrainian-born, collaborator"
"OFC-492","Irina Anatolievna KOSTENKO","Ирина Анатольевна КОСТЕНКО","DPR","Member of the so-called ‘People’s Council’ of the so-called ‘Donetsk People’s Republic’","Regional","Donetsk","2018","2023","No","Ukrainian-born, collaborator"
"OFC-493","Tatyana Vladimirovna ZHURAVLEVA","Татьяна Владимировна ЖУРАВЛЕВА","DPR","Member of the so-called ‘People’s Council’ of the so-called ‘Donetsk People’s Republic’","Regional","Snizhne","2018","2023","No","Ukrainian-born, collaborator"
"OFC-494","Maxim Vitalievich KOROLYUK","Максим Витальевич КОРОЛЮК","DPR","Member of the so-called ‘People’s Council’ of the so-called ‘Donetsk People’s Republic’","Regional","Donetsk","2018","","Yes","Likely Rostov oblast (tax account reg.)"
"OFC-495","Vladimir Gennadievich PAKREEV","Владимир Геннадьевич ПАКРЕЕВ","DPR","Member of the so-called ‘People’s Council’ of the so-called ‘Donetsk People’s Republic’","Regional","Donetsk","2018","2023","No","Likely from Crimea (tax account reg.)"
"OFC-496","Alexander Vasilievich AVDEEV","Александр Васильевич АВДЕЕВ","DPR","Member of the so-called ‘People’s Council’ of the so-called ‘Donetsk People’s Republic’","Regional","Yenakijeve","2014","2023","No","Born in Yenakijeve, Donetsk region"
"OFC-497","Pavel Georgievich MALY","Павел Георгиевич МАЛЫЙ","LNR","Member of the so-called ‘People’s Council’ of the so-called ‘Luhansk People’s Republic’","Regional","LNR","2014","2023","No","Born in Debaltseve, Ukraine"
"OFC-498","Gennady Evgenievich KOVALCHUK","Геннадий Евгеньевич КОВАЛЬЧУК","DPR","Member of the so-called “People’s Council” of the so-called “Donetsk People’s Republic”","Regional","Bud'onivs'kyi district","2018","2023","No","Donetsk region"
"OFC-499","Vladimir Evgenievich MOSHKIN","Владимир Евгеньевич МОШКИН","DPR","Member of the so-called ‘People’s Council’ of the so-called ‘Donetsk People’s Republic’","Regional","Donetsk","2018","2023","No","Born in Donetsk region"
"OFC-500","Viktoria Alexandrovna SERDYUKOVA","Виктория Александровна СЕРДЮКОВА","LNR","So-called “Commissioner for Human Rights in the Luhansk People’s Republic”","Regional","Luhansk","2021","2025","No","Born in Siverskodonetsk, Ukraine"
"OFC-501","Marina Vladimirovna MAGDALINA","Марина Владимировна МАГДАЛИНА","DPR","Former member of the so-called “People’s Council” of the so-called “Donetsk People’s Republic”","Regional","Donetsk","2018","2023","No","Donetsk region"
"OFC-502","Dmitry Eduardovich DEZORTSEV","Дмитрий Эдуардович ДЕЗОРЦЕВ","DPR","Member of the so-called ‘People’s Council’ of the so-called ‘Donetsk People’s Republic’","Regional","Volnovakha","2014","2023","Yes","Ukrainian-born, collaborator"
"OFC-503","Maxim Gennadievich Knysh","Максим Геннадьевич Кныш","DPR","Member of the so-called ‘People’s Council’ of the so-called ‘Donetsk People’s Republic’","Regional","Donetsk","2014","2023","Unknown","Ukrainian-born, collaborator"
"OFC-504","Svetlana Anatolievna KUMANOVA","Светлана Анатольевна Куманова","DPR","Former member of the so-called ‘People’s Council’ of the so-called ‘Donetsk People’s Republic’","Regional","Donetsk","2018","2023","No","Ukrainian-born, collaborator"
"OFC-505","Maria Viktorovna BOGATOVA (Андреевна?)","Мария Викторовна БОГАТОВА (Андреевна?)","DPR","Member of the so-called ‘People’s Council’ of the so-called ‘Donetsk People’s Republic’","Regional","Donetsk","2018","2023","No","Ukrainian-born, collaborator"
"OFC-506","Marina Leonidovna PESCHANSKAYA","Марина Леонидовна ПЕЩАНСКАЯ","Crimea","Ombudsman for Children’s Rights  in Sevastopol (in Russian-occupied Crimea)","Regional","Sevastopol","2022","","Yes","Born in Donetsk region"
"OFC-507","Dmitry Alexandrovich OGILETS","Дмитрий Александрович ОГИЛЕЦ","DPR","Member of the so-called ‘People’s Council’ of the so-called ‘Donetsk People’s Republic’","Regional","Donetsk","2018","","Yes","Born in Makiivka, Ukraine"
"OFC-508","Alexander Sergeevich KAMYSHOV","Александр Сергеевич КАМЫШОВ","DPR","Member of the so-called ‘People’s Council’ of the so-called ‘Donetsk People’s Republic’","Regional","Donetsk","2018","","Yes",""
"OFC-509","Leonid Vladimirovich MIKHAILIUK","Леонид Владимирович МИХАЙЛЮК","Crimea","Head of the Federal Security Service (FSB) in Crimea and Sevastopol and of the regional Anti-Terrorism Committee.","Regional","Simferopol","2018","2024","No","From Russia (FSB federal appointee)"
"OFC-510","Tatiana Georgievna BRATCHENKO","Татьяна Георгиевна БРАТЧЕНКО","Kherson Oblast","Director of the Kherson Regional Museum","Regional","","","2025 (latest)","No","Ukrainian-born, collaborator"
"OFC-511","Yulia Valentinovna MIKHAILOVA","Юлия Валентиновна МИХАЙЛОВА","DPR","Member of the so-called “People’s Council” of the so-called “Donetsk People’s Republic” and member of the Committee on Labor, Social Policy and Veterans Affairs","Regional","Donetsk","2018","","Yes",""
"OFC-512","Igor Nikolaevich RYABUSHKIN","Игорь Николаевич РЯБУШКИН","LNR","Member of the so-called ‘People’s Council’ of the so-called ‘Luhansk People’s Republic’","Regional","Luhansk","2014","","Yes","Born in Roven'ky, Ukraine"
"OFC-513","Klavdia Yurievna KULBATSKAYA","Клавдия Юрьевна КУЛЬБАЦКАЯ","DPR","Member of the so-called ‘People’s Council’ of the so-called ‘Donetsk People’s Republic’","Regional","Donetsk","2014","","Yes",""
"OFC-514","Alexander Vladimirovich KOROTKYI","Александр Владимирович КОРОТКИЙ","DPR","Member of the so-called ‘People’s Council’ of the so-called ‘Donetsk People’s Republic’","Regional","Donetsk","2018","2023","No","Donetsk region"
"OFC-515","Evgeny Anatolievich KATSAVALOV","Евгений Анатольевич КАТСАВАЛОВ","LNR","Former so-called ‘""Minister of Emergency Situations and Disaster Management"" of the so-called ""Luhansk People’s Republic"" awarded the
rank of Lieutenant General in 2024.","Regional","Luhansk","2018","2023","No","Luhansk region"
"OFC-516","Igor Nikolaevich TURCHENYUK","Игорь Николаевич ТУРЧЕНЮК","Crimea","Former de facto Commander of Russian troops deployed on the ground in the illegally annexed Crimea; Former Deputy Commander of the Southern Military District.

Head of the Southern District of the Rus","Regional","Crimea","2011","2016","No","Born in Kyrgyzstan, military career in Russia"
"OFC-517","Oksana Aleksandrovna CHIGRINA","Оксана Александровна ЧИГРИНА","LNR","Former spokesperson of the so called ‘government’ of the so called ‘Luhansk People's Republic’ . Former  spokesperson of  the  Press  Service  of LNR.","Regional","Luhansk","2014","","No","Ukrainian-born, collaborator"
"OFC-518","Yuri Mikhailovich ZAKABLUK","Юрий Михайлович ЗАКАБЛУК","DPR","Member of the so-called ‘People’s Council’ of the so-called ‘Donetsk People’s Republic’","Regional","Donetsk","2018","2023","No","Born in Horliva, Donetsk region"
"OFC-519","Vitaliy Mikhaylovich KISHKINOV","Виталий Михайлович Кишкинов","LNR","Member of the so-called ‘People’s Council’ of the so-called ‘Luhansk People’s Republic’","Regional","Luhansk","2014","2023","No","Luhansk region"
"OFC-520","Yuriy Nikolaevich AFANASEVSKY","Юрий Николаевич АФАНАСЕВСКИЙ","LNR","Former so-called ‘Chairman of the State Customs Committee’ of the so-called ‘Luhansk People's Republic’","Regional","Luhansk","","2023","No",""
"OFC-521","Maksim Anatolyevich UVAROV","Максим Анатольевич УВАРОВ","LNR","Member of the so-called ‘People’s Council’ of the so-called ‘Luhansk People’s Republic’","Regional","Luhansk","2014","","Yes","Born in Alchevs'k, Luhansk region"
"OFC-522","Ruslan Raisovich MARDANOV","Руслан Раисович МАРДАНОВ","LNR","Member of the so-called ‘People’s Council’ of the so-called ‘Luhansk People’s Republic’","Regional","Luhansk","2014","2023","No","Born in Antratsyt, Luhansk region"
"OFC-523","Aleksei Yuryevich BELETSKY","Алексей Юрьевич БЕЛЕЦКИЙ","LNR","Member of the so-called ‘People’s Council’ of the so-called ‘Luhansk People’s Republic’","Regional","Luhansk","2014","","Yes","Born Rodakove, Luhansk region"
"OFC-524","Vladimir Nikolaevich ANDRIENKO","Владимир Николаевич Андриенко","DPR","Member of the so-called ‘People’s Council’ of the so-called ‘Donetsk People’s Republic’","Regional","Donetsk","2018","2023","No","Ukrainian-born, collaborator"
"OFC-525","Anna Yurievna TODOROVA","Анна Юрьевна ТОДОРОВА","LNR","Former so-called ‘Deputy Chair of the Government’ of the so-called ‘Luhansk People’s Republic’.
Currently so-called Head of the Archive Service of the so-called “Luhansk People’s Republic”","Regional","Luhansk","2021","2023","No","Ukrainian-born, collaborator"
"OFC-526","Yury Vladimirovich LEONOV","Юрий Владимирович ЛЕОНОВ","DPR","Member of the so-called ‘People’s Council’ of the so-called ‘Donetsk People’s Republic’","Regional","Donetsk","2014","","Yes","Donetsk region"
"OFC-527","Pavel Alexandrovich SHEPOTKO","Павел Александрович ШЕПОТКО","DPR","Member of the so-called ‘People’s Council’ of the so-called ‘Donetsk People’s Republic’","Regional","Donetsk","2014","2018","No","Ukrainian-born, collaborator"
"OFC-528","Dmitry Yuryevich GOLDA","Дмитрий Юрьевич ГОЛДА","LNR","Member of the so-called ‘People’s Council’ of the so-called ‘Luhansk People’s Republic’","Regional","Luhansk","2020","2023","No","Luhansk region"
"OFC-529","Sergei Sergeevich NAUMETS","Сергей Сергеевич НАУМЕТС","DPR","Former so-called ""Minister of Construction, Housing, and Communal Services"" of the so-called ""Donetsk People’s Republic""","Regional","Donetsk","2015","2023 (latest)","No","Donetsk region"
"OFC-530","Rinat Alievich BILYALOV","Ринат Алиевич БИЛЯЛОВ","DPR","Member of the so-called ‘People’s Council’ of the so-called ‘Donetsk People’s Republic’","Regional","Donetsk","2018","2023","No","Donetsk region"
"OFC-531","Sergei Navilievich ABUKOV","Сергей Навилевич АБУКОВ","DPR","Member of the so-called ‘People’s Council’ of the so-called ‘Donetsk People’s Republic’","Regional","Donetsk","2018","2023","No","Luhansk region"
"OFC-532","Andrey Anatolyevich GIBA","Андрей Анатольевич ГИБА","Crimea","Deputy Head of the Investigative Department of the Federal Security Service of the Russian Federation for Sevastopol and Crimea","Regional","Sevastopol","2014","","Unknown","Born in Simferopol, Crimea. Former SBU."
"OFC-533","Anna Mikhaylovna MOSINA","Анна Михайловна МОСИНА","LNR","Member of the so-called ‘People’s Council’ of the so-called ‘Luhansk People’s Republic’","Regional","Luhansk","2014","2023","No","Luhansk region"
"OFC-534","Vladimir Vladimirovich SAVELOV","Савёлов Владимир Владимирович","DPR","Member of the so-called ‘People’s Council’ of the so-called ‘Donetsk People’s Republic’","Regional","Donetsk","2018","","Yes","Ukrainian-born, collaborator"
"OFC-535","Dmitry Murtazievich CHURADZE","Дмитрий Муртазиевич ЧУРАДЗЕ","DPR","Member of the so-called ‘People’s Council’ of the so-called ‘Donetsk People’s Republic’","Regional","Donetsk","2018","2023","No","Donetsk region"
"OFC-536","Oksana Gennadyevna LUGANTSEVA","Оксана Геннадьевна ЛУГАНЦЕВА","LNR","Chief of Staff of the regional branch of Yunarmiya within the so-called Luhansk People’s Republic","Regional","Luhansk","2021","","Yes","Luhansk region"
"OFC-537","Anatoli Andreevich ANTONOV (Real name Рашид Равильевич Садыков)","Анатолий Андреевич АНТОНОВ (реальное имя Рашид Равильевич Садыков)","LNR","Former so-called ‘Minister of State Security’ of the so-called ‘Luhansk People’s Republic’","Regional","Luhansk","2017","","Unknown","Born in Primorsky Krai, Russia"
"OFC-538","Viktor Ivanovich ZINKOV","Виктор Иванович ЗИНКОВ","Crimea","Judge of the “Supreme Court of the Republic of Crimea”","Regional","Crimea","2014","","Unknown","Ukrainian-born, collaborator"
"OFC-539","Dmitry Leonidovich KUKARSKY","Дмитрий Леонидович Кукарский","LNR","Member of the so-called ‘People’s Council’ of the so-called ‘Luhansk People’s Republic’","Regional","Luhansk","2014","","Yes","From Russia"
"OFC-540","Alexandra Alexandrovna USACHEVA","Александра Александровна УСАЧЕВА","DPR","Member of the so-called ‘People’s Council’ of the so-called ‘Donetsk People’s Republic’","Regional","Donetsk","2018","","Yes","Luhansk region"
"OFC-541","Aleksandr Yurevich GROMAKOV","Александр Юрьевич ГРОМАКОВ","DPR","Former so-called ‘Minister of Youth, Sports, and Tourism of the so-called ‘Donetsk People’s Republic’","Regional","Donetsk","2017","2023","No","Donetsk region"
"OFC-542","Andrei Viktorovich LITSOEV","Андрей Викторович ЛИЦОЕВ","LNR","Member of the so-called ‘People’s Council’ of the so-called ‘Luhansk People’s Republic’","Regional","Luhansk","2014","2023","No","Luhansk region"
"OFC-543","Sergey Nikolaevich NEVEROV","Сергей Николаевич НЕВЕРОВ","LNR","Former so-called “Minister of Industry and Trade” of the so-called “Luhansk People’s Republic”","Regional","Luhansk","2021","2022","No",""
"OFC-544","Yevgeny Dmitrievich GRITSENKO","Евгений Дмитриевич ГРИЦЕНКО","DPR","Former member of the so-called ‘People’s Council’ of the so-called ‘Donetsk People’s Republic’","Regional","Donetsk","2018","2023","No","Donetsk region"
"OFC-545","Natalya Vladimirovna GUBAREVA","Наталья Владимировна ГУБАРЕВА","DPR","Member of the so-called ‘People’s Council’ of the so-called ‘Donetsk People’s Republic’","Regional","Donetsk","2018","2023","No","Likely from Russia (no mention of UA citizenship in sanctions lists)"
"OFC-546","Galina Anatolyevna KATYUSHENKO","Галина Анатольевна КАТЮШЕНКО","Zaporizhzhia Oblast","Chair of the Election Committee of the Zaporizhzhia Region","Regional","Zaporizhzhia Oblast","2022","2025","No","From Zaporizhzhia oblast, Ukraine"
"OFC-547","Alexander Viktorovich MALKOV","Александр Викторович МАЛКОВ","DPR","Member of the so-called “People’s Council” of the so-called “Donetsk People’s Republic” and Deputy Chairman of the Committee for the Development of Civil Society, Issues of Public and Religious Associ","Regional","Donetsk","2018","","Yes","Ukrainian-born, collaborator"
"OFC-548","Andriy Yuriovych TROFIMOV","Андрей Юрьевич ТРОФИМОВ","Zaporizhzhia Oblast","appointed, by the Russian government, as the deputy head of Russian controlled military-civilian administration in the Zaporizhzhia region. Head of the Crimean Union of Journalists","Regional","Zaporizhzhia Oblast","2022","","Unknown","Born in Simferopol, Crimea."
"OFC-549","Zaur Raufovich ISMAILOV","Заур Рауфович ИСМАИЛОВ","LNR","Former so-called 'General Prosecutor' of the so-called 'Luhansk People's Republic' (until October 2017). Currently so‐called 'Minister of Justice' of the so-called 'Luhansk People's Republic'.","Regional","Luhansk","2017","","Yes","Luhansk region"
"OFC-550","Oleg Viacheslavovich DADONOV","Олег Вячеславович ДАДОНОВ","LNR","Member of the so-called ‘People’s Council’ of the so-called ‘Luhansk People’s Republic’","Regional","Luhansk","2014","2018","No","Born in Poltava, Ukraine"
"OFC-551","Olga Petrovna GRYAZNOVA","Ольга Петровна ГРЯЗНОВА","DPR","Member of the so-called ‘People’s Council’ of the so-called ‘Donetsk People’s Republic’","Regional","Donetsk","2018","2023","No","Ukrainian-born, collaborator"
"OFC-552","Oksana Alexandrovna BABENKO","Оксана Александровна БАБЕНКО","DPR","Member of the so-called ‘People’s Council’ of the so-called ‘Donetsk People’s Republic’","Regional","Donetsk","2018","2023","No","Ukrainian-born, collaborator"
"OFC-553","Anastasia Yurievna SELIVANOVA","Анастасия Юрьевна СЕЛИВАНОВА","DPR","Member of the so-called ‘People’s Council’ of the so-called ‘Donetsk People’s Republic’","Regional","Donetsk","2018","","Yes","Likely from Russia (no mention of UA citizenship in sanctions lists)"
"OFC-554","Nelli Akopovna ZADIRAKA","Нелли Акопovna ЗАДИРАКА","LNR","Former member of the so-called “People’s Council"" of the so-called “Luhansk People’s Republic”.","Regional","Luhansk","2014","2023","No","Born in Akhaltsikhe, Georgia"
"OFC-555","Vitaly Vladimirovich KRAVETS","Виталий Владимирович КРАВЕЦ","DPR","Former Member of the so-called ""People’s Council"" of the so-called ""Donetsk People’s Republic""","Regional","Donetsk","2014","2023","No","Ukrainian-born, collaborator"
"OFC-556","Galina Vladimirovna REDKO","Галина Владимировна РЕДКО","Crimea","Judge of the Supreme Court of the Republic of Crimea.","Regional","Crimea","2014","","Yes","Born in Poltava region, Ukraine"
"OFC-557","Igor Viktorovich MATRUS","Игорь Викторович МАТРУС","DPR","Member of the so-called ‘People’s Council’ of the so-called ‘Donetsk People’s Republic’","Regional","Donetsk","2018","","Yes","Ukrainian-born, collaborator"
"OFC-558","Anna Valeryevna LISITSYNA","Анна Валерьевна ЛИСИЦИНА","LNR","Deputy of the so called “People’s Council” of the so-called “Luhansk People’s Republic”","Regional","Luhansk","2023","","Yes","Ukrainian-born, collaborator"
"OFC-559","Natalya Alekseevna POLYANSKAYA","Наталья Алексеевна ПОЛЯНСКАЯ","DPR","Member of the so-called ‘People’s Council’ of the so-called ‘Donetsk People’s Republic’","Regional","Donetsk","2018","2023","No","Likely from Russia (no mention of UA citizenship in sanctions lists)"
"OFC-560","Konstantin Evgenevich SKRYPNIK","Константин Евгеньевич СКРЫПНИК","LNR","Member of the so-called “People’s Council” of the so-called “Luhansk People’s Republic”.","Regional","Luhansk","2014","2023","No","Born in Dovzhansk, Ukraine"
"OFC-561","Andrey Vasilievich BAEVSKY","Андрей Васильевич БАЕВСКИЙ","DPR","Member of the so-called ‘People’s Council’ of the so-called ‘Donetsk People’s Republic’","Regional","Donetsk","2014","","Yes","Likely from Russia (no mention of UA citizenship in sanctions lists)"
"OFC-562","Igor Valentinovich PASHKOV","Игорь Валентинович Пашков","DPR","Member of the so-called ‘People’s Council’ of the so-called ‘Donetsk People’s Republic’","Regional","Donetsk","2018","","Yes","Likely from Krasnodar  (tax account registration)"
"OFC-563","Alexey Sergeyevich SELIVANOV","Алексей Сергеевич СЕЛИВАНОВ","Zaporizhzhia Oblast","so-called “Deputy Head of the Main Directorate of the Ministry of Internal Affairs of the Zaporizhzhia Civil-Military Administration”","Regional","Zaporizhzhia Oblast","2022","","Unknown","From Russia (Russian federal government), born in Kyiv"
"OFC-564","Vladimir Vladimirovich SANKIN","Владимир Владимирович САНКИН","LNR","Member of the so-called ‘People’s Council’ of the so-called ‘Luhansk People’s Republic’","Regional","Luhansk","2014","","Yes","Luhansk region"
"OFC-565","Inna Volodymyrovna SHVENK","Инна Владимировна ШВЕНК","LNR","Commissioner for  the Children’s  rights in the so-called Luhansk People’s Republic","Regional","Luhansk","2022","","Yes","Luhansk region"
"OFC-566","Irina Leontievna DIANOVA","Ирина Леонтьевна ДИАНОВА","DPR","Member of the so-called ‘People’s Council’ of the so-called ‘Donetsk People’s Republic’","Regional","Donetsk","2018","2023","No","From Russia"
"OFC-567","Serhiy Mikolayovich CHEREVKO","Сергей Николаевич ЧЕРЕВКО","Kherson Oblast","Member of the „Salvation Committee for Peace and Order” in Kherson, former deputy Mayor of Kherson, Deputy Head of the Kherson Regional Government","City","Kherson Oblast","2024 (at least)","","Yes","Born in Kherson"
"OFC-568","Maxim Alekseevich PARSHIN","Максим Алексеевич ПАРШИН","DPR","Member of the so-called ‘People’s Council’ of the so-called ‘Donetsk People’s Republic’","Regional","Donetsk","2018","","Yes","Likely from Russia (no mention of UA citizenship in sanctions lists)"
"OFC-569","Vladimir Anatolievich MEDVEDEV","Владимир Анатольевич МЕДВЕДЕВ","DPR","Former member of the so-called “People's Council” of the so-called “Donetsk People’s Republic”, leader of the“ Free Donbass Public Movement”.","Regional","Donetsk","2018","2023","No","Likely from Russia (no mention of UA citizenship in sanctions lists)"
"OFC-570","Vasily Anatolievich PERTSEV","Василий Анатольевич ПЕРЦЕВ","DPR","Member of the so-called ‘People’s Council’ of the so-called ‘Donetsk People’s Republic’","Regional","Donetsk","2018","","Yes","Ukrainian-born, collaborator"
"OFC-571","Svetlana Anatolievna MAYBORODA","Светлана Анатольевна МАЙБОРОДА","DPR","Head of the so-called State Service for Family and Children Affairs  in the so-called Donetsk people’s  Republic","Regional","Donetsk","2023","2026","No","Donetsk region"
"OFC-572","German Rustemovich KADYROV","Герман Рустемович КАДЫРОВ","DPR","Member of the so-called “People’s Council” of the so-called “Donetsk People's Republic”","Regional","Donetsk","2014","2023","No","Ukrainian-born, collaborator"
"OFC-573","Sergey Yurievich KOZYAKOV","Сергей Юрьевич КОЗЯКОВ","LNR","Former so-called “Head of the Luhansk Central Election Commission”. Between October 2015 and December 2017 so-called “Minister of Justice” of the “Luhansk People’s Republic”. Listed as notary in city","Regional","Luhansk","2015","2017","No",""
"OFC-574","Olga Alexandrovna KRAVTSOVA","Ольга Александровна КРАВЦОВА","DPR","Member of the so-called ‘People’s Council’ of the so-called ‘Donetsk People’s Republic’","Regional","Donetsk","2018","2023","No","Donetsk region"
"OFC-575","Alla Arkadyevna PODTYNNAYA","Алла Аркадьевна ПОДТЫННАЯ","LNR","Member of the so-called ‘People’s Council’ of the so-called ‘Luhansk People’s Republic’","Regional","Luhansk","2014","2023","No","Luhansk region"
"OFC-576","Aleksandr Viktorovich ERMOLENKO","Александр Викторович ЕРМОЛЕНКО","LNR","Member of the so-called “People’s Council” of the so-called “Luhansk People’s Republic”","Regional","Luhansk","2014","","Yes","Ukrainian-born, collaborator"
"OFC-577","Valeriy Iosifovich GALINKIN","Валерий Иосифович ГАЛИНКИН","LNR","Member of the so-called ‘People’s Council’ of the so-called ‘Luhansk People’s Republic’","Regional","Luhansk","2014","","Yes","Luhansk region"
"OFC-578","Maksim Aleksandrovich SVIDCHENKO","Максим Александрович СВИДЧЕНКО","LNR","So-called “Chair” of the so-called “District Electoral Commission” in the Artemovsk Region of Luhansk.
Former so-called “Deputy Chair” of the so-called “Central Electoral Commission” of the so-called","Regional","Luhansk","2018","","Yes","Luhansk region"
"OFC-579","Igor Vladimirovich ASTRANIN","Игорь Владимирович АСТРАНИН","Kherson Oblast","So-called “Minister of Youth Policy” of Kherson Region","Regional","Kherson Oblast","2023","2025","No","Born in Astrakhan, Russia"
"OFC-580","Elena Evgenyevna FARAKHOVA","Елена Евгеньевна ФАРАХОВА","LNR","Member of the so-called ‘People’s Council’ of the so-called ‘Luhansk People’s Republic’","Regional","Luhansk","2014","2023","No","Luhansk region"
"OFC-581","Gennadiy Mikhaylovich BUNEEV","Геннадий Михайлович Бунеев","LNR","Member of the so-called ‘People’s Council’ of the so-called ‘Luhansk People’s Republic’","Regional","Luhansk","2014","2023","No","Luhansk region"
"OFC-582","Andrey Yuryevich PETROV","Андрей Юрьевич ПЕТРОВ","Kherson Oblast","Prosecutor of the Kherson region, under the authority of the Office of Public Prosecutor of the Russian Federation","Regional","Kherson Oblast","2022","","Unknown","Born in Rostov oblast"
"OFC-583","Alla Ivanovna OBOLENSKAYA","Алла Ивановна ОБОЛЕНСКАЯ","DPR","Former member of the so-called “People's Council” of the so-called “Donetsk People’s Republic""","Regional","Donetsk","2018","2023","No","Donetsk region"
"OFC-584","Elena Valerievna KRAVCHENKO","Елена Валерьевна КРАВЧЕНКО","LNR","So-called “Chairperson” of the so-called “Central Electoral Commission” of the so-called “Luhansk People's Republic”.","Regional","Luhansk","2018","","Yes","Luhansk region"
"OFC-585","Sergey Leonidovich TELNYKH","Сергей Леонидович ТЕЛЬНЫХ","DPR","Member of the so-called ‘People’s Council’ of the so-called ‘Donetsk People’s Republic’","Regional","Donetsk","2018","2023","No","Donetsk region"
"OFC-586","Inna Nikolayevna GUZEEVA","Инна Николаевна ГУЗЕЕВА","Crimea","Deputy Chair of the Crimea Electoral Commission.","Regional","Crimea","2015","","Yes","Born in Lysnivka village, Autonomous Republic of Crimea, Ukraine"
"OFC-587","Yulia Sergeevna VELICHKO","Юлия Сергеевна ВЕЛИЧКО","LNR","Minister of the so-called Ministry of Culture of the so-called Luhansk People’s Republic","Regional","Luhansk","2023","2025","No","Born in Bilovods'k, Ukraine"
"OFC-588","Alexander Konstantinovich KOSTOMAROV","Александр Константинович КОСТОМАРОВ","DPR","""First Deputy Head of the administration of the Head of the Donetsk People’s Republic”","Regional","Donetsk","2022","2024","No","From Chelyabinsk, Russia"
"OFC-589","Anatoly Vladimirovich BONDARCHUK","Анатолий Владимирович БОНДАРЧУК","DPR","Member of the so-called ‘People’s Council’ of the so-called ‘Donetsk People’s Republic’","Regional","Donetsk","2018","2023","No","Likely from Rostov oblast (tax account reg.)"
"OFC-590","Roman Grigoryevich LYSENKO","Роман Григорьевич Лысенко","LNR","Member of the so-called ‘People’s Council’ of the so-called ‘Luhansk People’s Republic’","Regional","Luhansk","2014","2023","No","Ukrainian-born, collaborator"
"OFC-591","Natalya Leonidovna DESYATOVA","Наталья Леонидовна ДЕСЯТОВА","Kherson Oblast","So-called Director of the Kherson Fine Arts Museum","Regional","Kherson Oblast","2024","","Yes","Born in Irkutsk, Russia"
"OFC-592","Oleg Vasilievich FETISOV","Олег Васильевич ФЕТИСОВ","LNR","Former so-called ‘Minister of Communications and Mass Communications’ of the so-called ‘Luhansk People's Republic’","Regional","Luhansk","2017","2022","No","Born in Nizhnemityakin, Rostov oblast, Russia"
"OFC-593","Natalya Anatolyevna PSHENICHNAYA","Наталья Анатольевна ПШЕНИЧНАЯ","DPR","Member of the so-called ‘People’s Council’ of the so-called ‘Donetsk People’s Republic’","Regional","Donetsk","2014","","Yes","Ukrainian-born, collaborator"
"OFC-594","Yuriy Pavlovich YUROV","Юрий Павлович ЮРОВ","LNR","Member of the so-called “People’s Council” of the so-called “Luhansk People’s Republic”.","Regional","Luhansk","2014","","Yes","Luhansk region"
"OFC-595","Viacheslav Evgenyevich SVETLOV","Вячеслав Евгеньевич СВЕТЛОВ","LNR","Member of the so-called ‘People’s Council’ of the so-called ‘Luhansk People’s Republic’","Regional","Luhansk","2014","2023","No","Born in Tikhvin, Russia"
"OFC-597","Vladimir Olegovich KURYANOV","Владимир Олегович КУРЯНОВ","Crimea","Since 22 June 2023, Vladimir Kuryanov has been the acting Rector of the V.I. Vernadsky Crimean Federal University. He is supporting policies which contribute to the militarised education of Ukrainian","Regional","Simferopol","2023","","Yes","Born in Simferopol, Crimea."
"OFC-598","Ruslan Rinatovich SHAMBAZOV","Руслан Ринатович ШАМБАЗОВ","Crimea","Head of  the Department of  the Center for  Countering  Extremism of the  Ministry of  Internal Affairs  for the Republic of Crimea, Police Lieutenant Colonel. Part of Interdepartmental Commission on Countering Extremism in the Republic of Crimea","Regional","Crimea","2021 (date of commission creation, was in МВД before that)","","Yes","Ukrainian-born, collaborator"
"OFC-599","Andrey Borisovich SHEIN","Андрей Борисович ШЕЙН","Crimea","Deputy Head of Border Directorate – Head of Coast Guard Unit of the Federal Security Service of the Russian Federation for “Republic of Crimea and City of Sevastopol.”","City","Sevastopol","","","Unknown","Born in Ivanovo Oblast, Russia"
"OFC-600","Natalya Aleksandrovna KAPUSTNIKOVA","Наталья Александровна КАПУСТНИКОВА","Multiple","Director of the Mariupol Museum of Local History","Regional","Mariupol","2017","","Yes","Born in Mariupol, Ukraine"
"OFC-601","Alexander Pavlovich KURENKOV","Александр Павлович КУРЕНКОВ","DPR","Member of the so-called ‘People’s Council’ of the so-called ‘Donetsk People’s Republic’","Regional","Donetsk","2014","","Yes","Donetsk region"
"OFC-602","Alexander Viktorovich BYKADOROV","Александр Викторович БЫКАДОРОВ","DPR","Member of the so-called ‘People’s Council’ of the so-called ‘Donetsk People’s Republic’","Regional","Donetsk","2018","2022","No","Donetsk region"
"OFC-603","Alexander Sergeevich BANAKH","Александр Сергеевич БАНАХ","DPR","Member of the so-called ‘People’s Council’ of the so-called ‘Donetsk People’s Republic’","Regional","Donetsk","2018","2023","No","Donetsk region"
"OFC-604","Anna Sergeyevna TUROBOVA","Анна Сергеевна ТУРОБОВА","Crimea","Prosecutor of the Crimea Prosecutor’s Office","Regional","Crimea","2017 (at least)","","Yes","From Volgograd, Russia"
"OFC-605","Irina Vasilievna POPOVA","Ирина Васильевна ПОПОВА","DPR","Member of the so-called ‘People’s Council’ of the so-called ‘Donetsk People’s Republic’","Regional","Donetsk","2018","","Yes","Donetsk region"
"OFC-606","Andrey Alexandrovich SPIVAK","Андрей Александрович СПИВАК","DPR","former prosecutor of the illegally annexed so-called “Donetsk People's Republic”, under the authority of the Office of Public Prosecutor of the Russian Federation","Regional","Donetsk","2014","","Yes","Born in Dnipro, Ukraine"
"OFC-607","Vladimir Nikolaevich POLYAKOV","Владимир Николаевич ПОЛЯКОВ","LNR","Member of the so-called ‘People’s Council’ of the so-called ‘Luhansk People’s Republic’","Regional","Luhansk","2014","","Yes","Born in Pereval's'k, Ukraine"
"OFC-608","Ekaterina Vasilievna TERESHCHENKO","Екатерина Васильевна ТЕРЕЩЕНКО","LNR","So-called 'Secretary' of the so-called 'Central Electoral Commission' of the so‐called 'Luhansk People's Republic'.","Regional","Luhansk","2023","","Yes","Ukrainian-born, collaborator"
"OFC-609","Ivan Vladimirovich SANAEV","Иван Владимирович Санаев","LNR","Member of the so-called “People’s Council” of the so-called “Luhansk People’s Republic”","Regional","Luhansk","2014","","Yes","Born in Otamanivka, Ukraine"
"OFC-610","Olga Valerievna POZDNYAKOVA","Ольга Валерьевна ПОЗДНЯКОВА","DPR","Director of the Nekrasov Fund, a social and cultural organisation based in Donetsk. Former ‘Chairperson’ of the ‘Central Electoral Commission’ of the so-called ‘Donetsk People’s Republic’. Former head","Regional","Donetsk","2023","2026","No","Russian, from Rostov oblast"
"OFC-611","Elena Ivanovna RAKHMUKOVA","Елена Ивановна РАХМУКОВА","LNR","Former member of the so-called “People's Council” of the so-called“Luhansk People's Republic”.","Regional","Luhansk","2014","2023","No","Born in Antratsyt, Luhansk region"
"OFC-612","Alexey Sergeevich DOROFEEV","Алексей Сергеевич ДОРОФЕЕВ","DPR","Member of the so-called ‘People’s Council’ of the so-called ‘Donetsk People’s Republic’","Regional","Donetsk","2018","","Yes","Donetsk region"
"OFC-613","Aleksandra Sergeevna KOVALENKO","Александра Сергеевна КОВАЛЕНКО","LNR","Member of the so-called ‘People’s Council’ of the so-called ‘Luhansk People’s Republic’","Regional","Krasnodon","2014","2023","No","Luhansk region"
"OFC-614","Oleksandr Arkadiyovych KALYUSSKIY","Александр Аркадьевич КАЛЮССКИЙ","DPR","Former so-called ‘de facto Deputy Prime Minister for Social Affairs of the Donetsk People’s Republic’.","Regional","Donetsk","2014","2014","No","Donetsk region"
"OFC-615","Oksana Viktorovna SIGIDINA","Оксана Викторовна СИГИДИНА","DPR","Member of the so-called ‘People’s Council’ of the so-called ‘Donetsk People’s Republic’","Regional","Donetsk","2018","2023","No","Donetsk region"
"OFC-616","Alexander Vladimirovich KOVTYRIN","Александр Владимирович КОВТЫРИН","DPR","Member of the so-called ‘People’s Council’ of the so-called ‘Donetsk People’s Republic’","Regional","Donetsk","2018","2023","No","Born in Makiivka, Ukraine"
"OFC-617","Zhanna Viktorovna MARFINA","Жанна Викторовна МАРФИНА","LNR","Member of the so-called ‘People’s Council’ of the so-called ‘Luhansk People’s Republic’","Regional","Luhansk","2014","","Yes","Luhansk region"
"OFC-618","Sergey Nikolayevich STANKEVICH","Сергей Николаевич СТАНКЕВИЧ","Crimea","Head of Border Directorate of the Federal Security Service of the Russian Federation for “Republic of Crimea and City of Sevastopol”, Rear Admiral.","City","Sevastopol","2018","","Unknown","Born in Kaliningrad, Russia"
"OFC-619","Andrei Fiodorovich SOPELNIK","Андрей Фёдорович СОПЕЛЬНИК","LNR","Deputy Chairman of the so-called “People’s Council” of the so-called “Luhansk People’s Republic”.","Regional","Sverdlovsk","2014","","Yes","Born in Antratsyt, Luhansk region"
"OFC-620","Yuriy Anatolievich DEGTYAREV","Юрий Анатольевич ДЕГТЯРЕВ","LNR","Former so-called ‘Minister of Natural Resources and Environmental Security’ of the so-called ‘Luhansk People's Republic’","Regional","Luhansk","2014","2022","No","Luhansk region"
"OFC-621","Irina Ivanovna ANDRUKH","Ирина Ивановна АНДРУХ","LNR","Member of the so-called ‘People’s Council’ of the so-called ‘Luhansk People’s Republic’","Regional","Luhansk","2014","2023","No","Luhansk region"
"OFC-623","Andrey Leonidovich SIGUTA","Андрей Леонидович СИГУТА","Multiple","Russian-appointed acting head of the military-civilian administration of the Melitopol district","Regional","Melitopol","2023","2025","No","Born in Berdiansk, Ukraine"
"OFC-624","Irina Dmitrievna KLYUEVA","Ирина Дмитриевна КЛЮЕВА","Crimea","Commissioner for  Children Rights  in the so-called Republic of  Crimea","Regional","Crimea","2014","2024","No","Born in Khmelnytskyi Oblast, Ukraine"
"OFC-625","Julia Mikhailovna KRYUKOVA","Юлия Михайловна КРЮКОВА","DPR","Member of the so-called ‘People’s Council’ of the so-called ‘Donetsk People’s Republic’","Regional","Donetsk","2018","","Yes","Born in Grozny, Chechnya"
"OFC-626","Dmitry Aleksandrovich KHOROSHILOV","Дмитрий Александрович ХОРОШИЛОВ","LNR","First Deputy Chairman of the so-called “People’s Council” of the so-called “Luhansk People’s Republic”.","Regional","Luhansk","2014","","Yes","Ukrainian-born, collaborator"
"OFC-627","Yuriy Nikolaevich TELIKANOV","Юрий Николаевич ТЕЛИКАНОВ","LNR","Member of the so-called ‘People’s Council’ of the so-called ‘Luhansk People’s Republic’","Regional","Luhansk","2014","2023","No","Born in Yenakijeve, Donetsk region"
"OFC-629","Alexander Anatolievich SERYOZHENKO","Александр Анатольевич СЕРЁЖЕНКО","DPR","Member of the so-called ‘People’s Council’ of the so-called ‘Donetsk People’s Republic’","Regional","Donetsk","2014","","Yes","Born in Horlivka, Ukraine"
"OFC-630","Oleg KRYUCHKOV","Олег КРЮЧКОВ","Crimea","the spokesperson for the Russian occupation authority in Crimea and advisor to the Head of Crimea","Regional","Crimea","2018","","Yes","Born in Simferopol, Crimea."
"OFC-631","Roman Nikolaevich LEPA","Роман Николаевич ЛЕПА","DPR","Member of the so-called ‘People’s Council’ of the so-called ‘Donetsk People’s Republic’","Regional","Donetsk","2018","2023","No","Ukrainian-born, collaborator"
"OFC-632","Viktor Dmitrievich ISHCHENKO","Виктор Дмитриевич ИЩЕНКО","DPR","Member of the so-called ‘People’s Council’ of the so-called ‘Donetsk People’s Republic’","Regional","Donetsk","2018","","Yes","Donetsk region"
"OFC-633","Marina Nikolaevna ZHEYNOVA","Марина Николаевна ЖЕЙНОВА","DPR","Member of the so-called ‘People’s Council’ of the so-called ‘Donetsk People’s Republic’","Regional","Donetsk","2014","2023","No","Donetsk region"
"OFC-634","Alexandr Vasilievich SHUBIN","Александр Васильевич ШУБИН","LNR","Former so-called “Minister of Justice” and former “Deputy Defence Minister” of the illegal so-called “Luhansk People's Republic”. 
Former chairman of the “Central Election Commission” of the so- calle","Regional","Luhansk","2014","2015","No","Ukrainian-born, collaborator"
"OFC-635","Valentina Vasilyevna LAVRIK","Валентина Васильевна ЛАВРИК","Crimea","So-called “Minister of Education, Science and Youth of the Republic of Crimea”","Regional","Simferopol","2019","","Yes","Born in Vinnytsia Oblast, Ukraine"
"OFC-636","Sergey Gennadevich TSYPLAKOV","Сергей Геннадьевич ЦЫПЛАКОВ","DPR","One of the leaders of the ideologically radical organisation ‘People's Militia of Donbas’. Former member of the ‘People's Council of the Donetsk People's Republic’, and of its Committee on Foreign Pol","Regional","Donetsk","2014","2023","No","Ukrainian-born, collaborator"
"OFC-638","Olga Igorevna BESEDINA","Ольга Игоревна БЕСЕДИНА","Multiple","Former so-called ‘Minister of Economic Development and Trade’ of the so-called ‘Lugansk People's Republic’. Former head of the foreign economy department at the Office of the head of the “Luhansk Admi","Regional","Luhansk","2014","2015","No","Luhansk region"
"OFC-639","Nazariy Anatolyevich DOMANIN","Назарий Анатольевич ДОМАНИН","Kherson Oblast","Chairman of the Council of the Regional Branch of “Movement of the First” of the Kherson Region","Regional","Kherson Oblast","2022","2024","No","Ukrainian-born, collaborator"
"OFC-640","Andrei Nikolaevich RODKIN","Андрей Николаевич РОДКИН","DPR","Former Moscow Representative of the so-called ‘Donetsk People's  Republic’. One  of  the  former  leaders of  the  ‘Union  of Donbas 
Volunteers’.","Regional","Moscow","2014","","No","Born in Moscow"
"OFC-641","Yuriy Nikolaevich GOVTVIN","Юрий Николаевич ГОВТВИН","LNR","So-called ‘First Deputy Chair of the government’ of the so-called ‘Luhansk People's Republic’","Regional","Luhansk","2019","","Yes","Luhansk region"
"OFC-642","Dmitry Sergeevich SIDOROV","Дмитрий Сергеевич СИДОРОВ","LNR","So-called ‘Minister of Culture, Sports and Youth’, later 'Minister of Culture' of the so-called ‘Luhansk People's Republic’","Regional","Luhansk","2017","2025 (latest)","No","Luhansk region"
"OFC-643","Ekaterina Yurievna ARLAMENKOVA","Екатерина Юрьевна АРЛАМЕНКОВА","Crimea","Chair of the regional branch of the Republic of Crimea of “Movement of the First”","Regional","Crimea","2022","2025","No","Born in St Petersburg, Russia"
"OFC-644","Serafim Vikentevich IVANOV","Серафим Викентьевич ИВАНОВ","Kherson Oblast","Press secretary in the organisation “Volunteer Squad”; 
Head of the regional headquarters of Yunarmiya VVPOD in the Kherson region","Regional","Kherson Oblast","2022","","Yes","From Russia (St. Petersburg)"
"OFC-645","Leonid Vladimirovich PRISENKO","Леонид Владимирович ПРИСЕНКО","DPR","Member of the so-called ‘People’s Council’ of the so-called ‘Donetsk People’s Republic’","Regional","Donetsk","2018","2023","No","Donetsk region"
"OFC-646","Petro Anatoliyovych ZYMA","Петр Анатольевич ЗИМА","Crimea","Head of the Crimean Security Service (SBU)","Regional","Simferopol","","","Unknown","Ukrainian-born, Crimea-based collaborator"
"OFC-647","Alexey Sergeevich GALCHENKOV","Алексей Сергеевич ГАЛЧЕНКОВ","Kherson Oblast","So-called “Minister of Education” of Kherson Region","Regional","Kherson Oblast","2023","2023","No","Born in Taganrog, Rostov oblast, Russia"
"OFC-648","Natalya Ivanovna STRELCHUK","Наталья Ивановна СТРЕЛЬЧУК","DPR","Member of the so-called ‘People’s Council’ of the so-called ‘Donetsk People’s Republic’","Regional","Donetsk","2018","2023","No","Donetsk region"
"OFC-649","Natalia Ivanovna BEZRUCHENKO","Наталья Ивановна БЕЗРУЧЕНКО","Crimea","Secretary of the Crimea Electoral Commission","Regional","Crimea","2024 (at least)","","Yes","Born in Simferopol, Crimea."
"OFC-650","Gleb Leonidovich MIKHAILOV","Глеб Леонидович МИХАЙЛОВ","LNR","Prosecutor of the so-called “Luhansk People's Republic”, under the authority of the Office of Public Prosecutor of the Russian Federation","Regional","Luhansk","2022","","Unknown","From Russia"
"OFC-651","Alexander Pavlovich DYAGOVETS","Александр Павлович ДЯГОВЕЦ","DPR","Member of the so-called ‘People’s Council’ of the so-called ‘Donetsk People’s Republic’","Regional","Donetsk","2018","2023","No","Donetsk region"
"OFC-652","Dmitriy Vladimirovich SHMELEV","Дмитрий Владимирович ШМЕЛЕВ","Multiple","Minister of Revenue of the so-called ""People’s Republic of Donetsk"" until 21 February 2023","Regional","Donetsk","2022","2023","No","Born in Gelendzhik, Russia"
"OFC-653","Svetlana Anatolievna MALAKHOVA","Светлана Анатольевна МАЛАХОВА","LNR","So-called “Deputy Chairperson of the Government” of the so-called ""Luhansk People's Republic"".
Former so-called ""Minister of Labour and Social Policy"" of the so-called ""Luhansk People's Republic""","Regional","Luhansk","2023","2023","No","Luhansk region"
"OFC-654","Svetlana Fiodorovna GIZAY","Светлана Фёдоровна ГИЗАЙ","LNR","Member of the so-called ‘People’s Council’ of the so-called ‘Luhansk People’s Republic’","Regional","Slavianoserbsky District","2014","","Yes","Born in Kharkiv region, Ukraine"
"OFC-655","Sergei Mikhaylovich DIDENKO","Сергей Михайлович ДИДЕНКО","LNR","Member of the so-called ‘People’s Council’ of the so-called ‘Luhansk People’s Republic’","Regional","Krasnodon","2014","","Yes","Luhansk region"
"OFC-656","Sergey Yurievich TOLMACHEV","Сергей Юрьевич ТОЛМАЧЕВ","Zaporizhzhia Oblast","Former Deputy Head of the Military-Civil Administration of the illegally annexed “Zaporizhzhia region”; former “Deputy Governor” of the illegally annexed “Zaporizhzhia region”; former “Deputy Governor","Regional","Zaporizhzhia Oblast","2023","","Unknown","From Russia (Russian federal appointee)"
"OFC-657","Roman Sergeevich UDALOV","Роман Сергеевич УДАЛОВ","DPR","Member of the so-called ‘People’s Council’ of the so-called ‘Donetsk People’s Republic’","Regional","Donetsk","2023","","Yes","Ukrainian-born, collaborator"
"OFC-658","Magomed Farmanovich MAGOMEDOV","Магомед Фарманович МАГОМЕДОВ","Crimea","Special cases investigator at the First Investigation Department, Directorate for Investigation of Particularly Important Cases of the Main Investigation Department of the Investigative Committee of R","City","Crimea","2018 (at least)","","Unknown","From Russia"
"OFC-659","Evgeny Alekseevich ILYENKO","Евгений Алексеевич ИЛЬЕНКО","DPR","Member of the so-called ‘People’s Council’ of the so-called ‘Donetsk People’s Republic’","Regional","Donetsk","2018","2023","No",""
"OFC-660","Andrey Sergeevich VOROSHILOV","Андрей Сергеевич ВОРОШИЛОВ","DPR","Former member of the so-called ‘People’s Council’ of the so-called ‘Donetsk People’s Republic’","Regional","Donetsk","2014","2023","No","Donetsk region"
"OFC-661","Oleg Vladimirovich ONOPKO","Олег Владимирович ОНОПКО","DPR","Member of the so-called ‘People’s Council’ of the so-called ‘Donetsk People’s Republic’","Regional","Donetsk","2018","2023","No","Donetsk region"
"OFC-662","Sergey MAKHNIOV","Сергей МАХНЕВ","Crimea","Senior Investigator for ‘particularly important cases’ of the Investigative Department of the Federal Security Service of the Russian Federation for Crimea and Sevastopol","Regional","Sevastopol","2019 (at least)","","Unknown","From Russia"
"OFC-663","Sergei Viktorovich SEROV","Сергей Викторович СЕРОВ","LNR","Member of the so-called ‘People’s Council’ of the so-called ‘Luhansk People’s Republic’","Regional","Krasny Luch","2014","","Yes","Luhansk region"
"OFC-664","Svetlana Yanovna ALESHINA","Светлана Яновна АЛЕШИНА","LNR","Deputy of the so called “People’s Council” of the so-called “Luhansk People’s Republic”","Regional","Stakhanov","2014","","Yes","Luhansk region"
"OFC-665","Alyona Andriivna TROKAI","Алёна Андреевна ТРОКАЙ","Zaporizhzhia Oblast","Leader of the “Movement of the First” in the Zaporizhzhia region","Regional","Zaporizhzhia Oblast","2023 (at least)","2024","No","Ukrainian-born, collaborator"
"OFC-666","Denis Sergeevich KOLESNIKOV","Денис Сергеевич КОЛЕСНИКОВ","LNR","Member of the so-called ‘People’s Council’ of the so-called ‘Luhansk People’s Republic’","Regional","Luhansk","2014","","Yes","Luhansk region"
"OFC-667","Aleksandr Valeryevich KRIYERENKO","Александр Валерьевич КРИЕРЕНКО","LNR","Member of the so-called ‘People’s Council’ of the so-called ‘Luhansk People’s Republic’","Regional","Luhansk","2018","","Yes","Luhansk region"
"OFC-668","Aleksey Alekseevich NAYDENKO","Алексей Алексеевич НАЙДЕНКО","DPR","“Deputy Chair” of the “Central Electoral Commission” of the so-called “Donetsk People's Republic”.","Regional","Donetsk","2018","","Unknown","Donetsk region"
"OFC-669","Natalya Dmitrievna CHEKAREVA","Наталья Дмитриевна ЧЕКАРЕВА","DPR","Member of the so-called ‘People’s Council’ of the so-called ‘Donetsk People’s Republic’","Regional","Donetsk","2018","2023","No","Makiivka, Donetsk region"
"OFC-670","Oleg Valeryevich KOVAL","Олег Валерьевич КОВАЛЬ","LNR","Member of the so-called “People’s Council” of the so-called “Luhansk People’s Republic”","Regional","Alchevs'k","2014","","Yes","Luhansk region"
"OFC-671","Vladimir Nikolaevich TERENTEV","Владимир Николаевич ТЕРЕНТЬЕВ","Crimea","Head of the Main Investigation Department of the Investigative Committee of Russia for the Republic of Crimea and the city of Sevastopol.","City","Simferopol","2020","","Yes","Born in Voronezh, Russia"
"OFC-672","Anna Borissovna SOROKA","Анна Борисовна СОРОКА","LNR","So-called Commissioner for Human Rights in the so-called “Luhansk People’s Republic”","Regional","Luhansk","2024","","Yes","Luhansk region"
"OFC-673","Yevgeny Alexandrovich BRYKOV","Евгений Александрович БРЫКОВ","Kherson Oblast","So-called “Minister of Information Policy” of Kherson Region","Regional","Kherson Oblast","2023","","Yes","Born in Kherson, Ukraine"
"OFC-674","Fidail Ilkhatovich BIKBULATOV","Бикбулатов Фидаиль Ильхатович","Zaporizhzhia Oblast","Head ofthe Regional Headquarters of the All-Russian “Young Army” Military Patriotic Social Movement (Yunarmiya) in the illegally occupied Zaporizhzhia region","Regional","Melitopol","2025","","Yes","From Russia (Yunarmiya federal appointee), born in Republic of Bashkortostan"
"OFC-675","Artysh Mikhailovich SAT","Артиш Михаилович САТ","Kherson Oblast","So-called “Acting Minister of Health” of Kherson Region","Regional","Kherson Oblast","2022","2025","No","Borm in Tuva Republic, Russia"
"OFC-676","Ruslan Alexandrovich ROMASHKІN","Руслан Александрович Ромашкин","Crimea","Head of the Service of the Control Point in the “Republic of Crimea and City of Sevastopol” of the Federal Security Service of the Russian Federation.","City","Crimea","2018 (at least)","2022 (latest)","Unknown","Born in Kamchatka Krai, Russia"
"OFC-677","Mikhail Grigorievich MALYSHEV","Михаил Григорьевич МАЛЫШЕВ","Crimea","Chair of the Crimea Electoral Commission.","Regional","Simferopol","2014","","Unknown","Born in Crimea"
"OFC-678","Sergey Anatolievich CHUCHIN","Сергей Анатольевич ЧУЧИН","DPR","Member of the so-called ‘People’s Council’ of the so-called ‘Donetsk People’s Republic’","Regional","Donetsk","2018","2023","No","Donetsk region"
"OFC-679","Natalya Vladimirovna SERGUN","Наталья Владимировна СЕРГУН","LNR","Member of the so-called “People’s Council” of the so-called “Luhansk People’s Republic”. 
Chairman of the Trade Union of Railway Transport Workers of the so-called “Luhansk People’s Republic”.","Regional","Luhansk","2014","2023","No","Born in Rostov oblast, Russia"
"OFC-680","Iurii Vladimirovich IVAKIN","Юрий Владимирович ИВАКИН","LNR","Former so-called ‘Minister of Internal Affairs of the Luhansk People’s Republic’","Regional","Luhansk","2014","2014","No","Born in Pereval's'k, Luhansk region"
"OFC-681","Abdu Tamer HASSAN","Абду Тамер ХАССАН","DPR","Member of the so-called ‘People’s Council’ of the so-called ‘Donetsk People’s Republic’","Regional","Donetsk","2018","2023","No",""
"OFC-682","Kirill Nikolaevich OSIPCHUK","Кирилл Николаевич Осипчук","Zaporizhzhia Oblast","Prosecutor of the illegally annexed Zaporizhzhia region, under the authority of the Office of Public Prosecutor of the Russian Federation","Regional","Zaporizhzhia Oblast","2022","","Unknown","Born in Khabarovsk, Russia"
"OFC-683","Olga Vasilyevna BUROVA","Ольга Васильевна БУРОВА","Crimea","Olga Burova has been the so-called “First Deputy Minister of Culture of the Republic of Crimea” since 15 May 2023. In that role, she has promoted Crimea as a centre of Russian culture and as a part of","Regional","Crimea","2023","","Yes","Born in Stavropol Krai, raised in Crimea, Ukraine"
"OFC-684","Andrei Anatolyevich GUBAREV","Андрей Анатольевич ГУБАРЁВ","LNR","Member of the so-called ‘People’s Council’ of the so-called ‘Luhansk People’s Republic’","Regional","Stakhanov","2014","","Yes","Luhansk region"
"OFC-685","Vladimir Yurievich VYSOTSKIY","Владимир Юрьевич ВЫСОЦКИЙ","DPR","Former so-called 'Secretary' of the so-called 'Central Electoral Commission' of the so-called 'Donetsk People's Republic'. Current: joined the Council of Heads of Regional Election Commissions of the Russian Federation as a representative of the four 'reunited' regions.","Regional","Donetsk","2024","","Yes","Born in Simferopol, Crimea."
"OFC-686","Yuriy Alexandrovich PRONKO","Юрий Александрович ПРОНЬКО","LNR","Former so-called ‘Minister of Agriculture and Food’ of the so-called ‘Luhansk People's Republic’","Regional","Luhansk","2017","2022","No","Luhansk region"
"OFC-687","Ruslan Mihajlovich DUBOVSKIY","Руслан Михайлович ДУБОВСКИЙ","DPR","Former so-called ‘Minister of Coal and Energy’ of the so-called ‘Donetsk People’s Republic’","Regional","Donetsk","2014","2022","Unknown","Donetsk region"
"OFC-688","Andrei Mikhaylovich TAMBOVTSEV","Андрей Михайлович ТАМБОВЦЕВ","LNR","Member of the so-called ‘People’s Council’ of the so-called ‘Luhansk People’s Republic’","Regional","Lutuginsky District","2014","2023","No","Luhansk region"
"OFC-690","Svetlana Vadimovna KHVOROSTIAN","Хворостян Светлана Вадимовна","LNR","Member of the so-called ‘People’s Council’ of the so-called ‘Luhansk People’s Republic’","Regional","Bryanka","2014","2023","No","Ukrainian-born, collaborator"
"OFC-691","Petr Grigorievich JAROSH","Петр Григорьевич ЯРОШ","Crimea","Former head of the Federal Migration Service office for Crimea.","Regional","Crimea","2014","","No","Born in Simferopol, Crimea."
"OFC-692","Yan Vitalyevich LESHCHENKO","Ян Витальевич ЛЕЩЕНКО","LNR","Deputy of the so-called “People’s Council” of the so-called “Luhansk People’s Republic”","Regional","Luhansk","2023","","Yes","Luhansk region"
"OFC-693","Tatyana Anatolyevna MANEZHINA","Татьяна Анатольевна МАНЕЖИНА","Crimea","So-called “Minister of Culture of the Republic of Crimea”","Regional","Crimea","2021","2024","No","Born in Chelyabinsk, Ukrainian, collaborator"
"OFC-694","Sergey Alexandrovich KOVALCHUK","Сергей Александрович КОВАЛЬЧУК","DPR","Member of the so-called ‘People’s Council’ of the so-called ‘Donetsk People’s Republic’","Regional","Donetsk","2014","2023","No","Luhansk region"
"OFC-695","Sergey Alekseevich GAVRILCHUK","Гаврильчук Сергей Алексеевич","Crimea","Head of the regional headquarters of Yunarmiya of the Republic of Crimea; 
Deputy of the Gvardeyskaya village council of the Simferopoldistrict of the “Republic of Crimea”, representing the United Rus","Regional","Crimea","2022 (at least)","","Yes","Born in Simferopol, Crimea."
"OFC-696","Bella Seyranovna DEMESHKO","Демешко Бэлла Сейрановна","LNR","Member of the so-called ‘People’s Council’ of the so-called ‘Luhansk People’s Republic’","Regional","Rovenky","2014","","Yes","Born in Tbilisi, Georgia"
"OFC-697","Vadim Nikolaevich MERKULOV","Вадим Николаевич МЕРКУЛОВ","Crimea","Head of the Expert unit of   the Federal Security Service  of the Russian Federation  for Crimea and Sevastopol","Regional","Crimea","","","Unknown","From Russia"
"OFC-698","Denis Sergeyevich CHERNOBAY","Денис Сергеевич ЧЕРНОБАЙ","DPR","Chairman of the so-called “Donetsk People Republic” branch of the All-Russian public-state movement of children and youth “Movement of the First”","Regional","Donetsk","2023","2026","No","Ukrainian-born, collaborator"
"OFC-699","Andrey Pavlovich FALALEEV","Андрей Павлович ФАЛАЛЕЕВ","Crimea","Rector of the V.I. Vernadsky Crimean Federal University","Regional","Crimea","2017","2023","No","Born in Kerch, Crimea"
"OFC-700","Viktor Vyacheslavovich YATSENKO","Виктор Вячеславович ЯЦЕНКО","DPR","Member of the Central Council of the Party A JUST RUSSIA - FOR THE TRUTH.","Regional","Donetsk","2021","2024","No","Born in Kherson, Ukraine"
"OFC-701","Vladislav Garievich KUZNETSOV","Владислав Гариевич Кузнецов","LNR","Former First Deputy Chairman of the ""government"" of the so-called Luhansk People’s Republic (appointed on 8 June 2022).
Governor of the Chukotka Autonomous Okrug from 15 March 2023.","Regional","Luhansk","2022","2023","No","Born in Moscow"
"OFC-702","Igor Yurevich KASTYUKEVICH","Игорь Юрьевич КАСТЮКЕВИЧ","Kherson Oblast","Secretary of the Kherson regional branch of the United Russia party, 'Senator of the Russian Federation — representative of the legislative branch of the Kherson Oblast'.  Former.Member of the State Duma","Regional","Kherson Oblast","2023","","Yes","Born in Saratov, Russia"
"OFC-703","Yuriy SIVOKONENKO","Юрий Викторович Сивоконенко","DPR","Member of the ‘Parliament’ of the so-called ‘Donetsk People's Republic’ and Chairman of the public association Union of Veterans of the Donbass Berkut and a member of the public movement ‘Free Donbass","Regional","Donetsk","2014","","Yes","Donetsk region"
"OFC-704","Igor Nikolaevich HALEPA","Игорь Николаевич ХАЛЕПА","DPR","Former so-called “Minister of Communications” of the so-called “Donetsk People’s Republic”","Regional","Donetsk","2019","2025","No","Donetsk region"
"OFC-705","Rodion Valeryevich MIROSHNIK","Родион Валерьевич МИРОШНИК","LNR","Ambassador-at-large of the Russian Foreign Ministry “on the crimes of the Kyiv regime”; former “Ambassador extraordinary and plenipotentiary” of the so-called “Luhansk People’s Republic” to the Russia","Regional","Luhansk","2023","","Yes","Luhansk region"
"OFC-706","Olga Anatolyevna KOBTSEVA","Ольга Анатольевна КОБЦЕВА","LNR","Member of the so-called ‘People’s Council’ of the so-called ‘Luhansk People’s Republic’","Regional","Alchevs'k","2014","2023","No","Ukrainian-born, collaborator"
"OFC-708","Pavel Aristievich PILAVOV","Павел Аристеевич ПИЛАВОВ","LNR","Member of the so-called ‘People’s Council’ of the so-called ‘Luhansk People’s Republic’","Regional","Luhansk","2014","","Yes","Born in Georgian SSR"
"OFC-709","Galina Viktorivna DANILCHENCKO","Галина Викторовна ДАНИЛЧЕНКО","Multiple","Appointed acting mayor of Melitopol by Russian occupation forces","City","Melitopol","2022","2025","No","Born in Melitopol, Ukraine"
"OFC-711","Vladislav Leonidovich BERDICHEVSKY","Владислав Леонидович БЕРДИЧЕВСКИЙ","DPR","Former Member of the so-called ""People’s Council"" of the so-called ""Donetsk People’s Republic""","Regional","Donetsk","2018","2023","No","Ukrainian-born, collaborator"
"OFC-712","Artem Vladimirovich ZHOGA","Артем Владимирович ЖОГА","DPR","Chairman of the so-called “People’s Council of the Donetsk People’s Republic”; Presidential Plenipotentiary Envoy to the Urals Federal District

Previous Commander of the Sparta Battalion","Regional","Donetsk","2023","2024","No","Born in Magadan Oblast, Russia"
"OFC-713","Konstantin Vladimirovich IVASHCHENKO","Константин Владимирович ИВАЩЕНКО","Multiple","Former so-called ""mayor of Mariupol"" (6 April 2022-January 2023)","City","Mariupol","2022","2023","No","Donetsk region"
"OFC-715","Sergey Borisovich PROKOPENKO","Сергей Борисович ПРОКОПЕНКО","DPR","Member of the so-called ‘People’s Council’ of the so-called ‘Donetsk People’s Republic’","Regional","Donetsk","2015","","Yes","Born in Taganrog, Rostov oblast, Russia"
"OFC-717","Sergey Vladimirovich ELISEEV","Сергей Владимирович ЕЛИСЕЕВ","Kherson Oblast","Former so-called Head of the Kherson Civil-Military Administration (appointed by the government of the Russian Federation on 5 July 2022).
Currently First Deputy Chairman of the Government of the Kali","Regional","Kherson","2022","2022","No","From Russia (Government of the Russian Federation). Born in Stavropol"
"OFC-718","Konstantin Sergeyevich KNYRIK","Константин Сергеевич КНЮРИК","Crimea","A pro-Russian activist running MediaGroup News Front Ltd, a news website registered in the illegally annexed Crimean Peninsula. Chief of 
the Crimean division of the Rodina Party, a pro-Kremlin party","Regional","Crimea","2015","","Yes","Born in Bakhchisaray, Autonomous Republic of Crimea, Ukraine"
"OFC-719","Yaroslav Igorevich LISOBEY","Ярослав Игоревич ЛИСОБЕЙ","DPR","Member of the so-called ‘People’s Council’ of the so-called ‘Donetsk People’s Republic’","Regional","Donetsk","2018","","Yes","Ukrainian-born, collaborator"
"OFC-720","Yuri Ivanovich POKINTELITSA","Юрий Иванович ПОКИНТЕЛИЦА","DPR","Member of the so-called ‘People’s Council’ of the so-called ‘Donetsk People’s Republic’","Regional","Donetsk","2018","","Yes","Born in Odesa, Ukraine"
"OFC-721","Timur Ilgizovich SAMATOV","Тимур Ильгизович САМАТОВ","Multiple","appointed Minister of Industry and Trade of the so-called ""People’s Republic of Luhansk"" by the Russian government","Regional","Luhansk","2022","2024","No","Born in Kazan, Russia"
"OFC-723","Oleg Valerievich MORGUN","Олег Валерьевич МОРГУН","Multiple","So-called Mayor of Mariupol","City","Mariupol","2023","2023","No","Born in Vinnytsia Oblast, Ukraine"
"OFC-724","Yevgeniy Vyacheslavovich ORLOV","Евгений Вячеславович ОРЛОВ","DPR","Former Member of the ‘National Council’ of the so-called ‘Donetsk People’s Republic’. Former chairman of the public movement ‘Free Donbass’ and former commander of “Don battalion” Former Deputy Chairm","Regional","Donetsk","2014","2023","No","Donetsk region"
"OFC-725","Lesya Mikhaylovna LAPTEVA","Леся Михайловна ЛАПТЕВА","LNR","Working for the Fund ‘Mir Detiam’ in Moscow. Former ‘Minister of Education, Science, Culture and Religion’ of the so-called ‘Luhansk People's Republic’.","Regional","Luhansk","2014","2015","No","Born in Kazakh SSR, raised in Ukraine"
"OFC-726","Andrey Yurievich LUSTENKO","Андрей Юрьевич ЛУСТЕНКО","LNR","Former so-called ""Minister of Education and Science"" of the so-called ""Luhansk People's Republic""","Regional","Luhansk","2021","2022","No","Luhansk region"
"OFC-727","Yury Petrovich NIMCHENKO","Юрий Петрович Нимченко","Crimea","Senator of the Federation Council from the illegally annexed “Republic of Crimea”","Regional","Moscow","2024","","Yes","Born in Kirovohrad Oblast, Ukraine"
"OFC-729","Dmitry Aleksandrovich POLKOVNIKOV","Дмитрий Александрович ПОЛКОВНИКОВ","Crimea","Director of Crimea Patriot Centre (also known as “Krympatriotcentr”)","Regional","Crimea","2022","2024","No","Born in Kostroma, Russia"
"OFC-730","Elena Nikolaevna SHISHKINA","Елена Николаевна ШИШКИНА","DPR","Member of the so-called ‘People’s Council’ of the so-called ‘Donetsk People’s Republic’","Regional","Donetsk","2018","","Yes","Ukrainian-born, collaborator"
"OFC-731","Anton Robertovich TITSKIY","Антон Робертович ТИЦКИЙ","Zaporizhzhia Oblast","since January 2024 he has been the so-called “First Deputy Governor of the Zaporizhzhia Oblast”.
since July 2022 so-called “Minister of Youth Police of Zaporizhzhia Oblast”","Regional","Zaporizhzhia Oblast","2024","","Yes","From Russia (Government of the Russian Federation), born in Volgograd"
"OFC-732","Aleksandr Aleksandrovich OPRISCHENKO","Александр Александрович ОПРИЩЕНКО","DPR","Former so-called “Acting Minister of Health” of the so-called “Donetsk People’s Republic” and current “First Deputy Minister of Healthcare” of the so-called “Donetsk People’s Republic”","Regional","Donetsk","2022","","Unknown","Donetsk region"
"OFC-733","Konstantin Alexandrovich KUZMIN","Константин Александрович КУЗЬМИН","DPR","Member of the so-called ‘People’s Council’ of the so-called ‘Donetsk People’s Republic’","Regional","Donetsk","2014","","Yes","Donetsk region"
"OFC-734","Yaroslav Gennadievich ANIKA","Ярослав Геннадьевич АНИКА","DPR","Former Member of the so-called ""People’s Council"" of the so-called ""Donetsk People’s Republic""","Regional","Donetsk","2014","2023","No","Ukrainian-born, collaborator"
"OFC-736","Alexander Alexandrovich BONDARENKO","Александр Александрович БОНДАРЕНКО","DPR","Minister of transport of the so-called ‘People’s Council’ of the so-called ‘Donetsk People’s Republic’","Regional","Donetsk","2024","","Yes",""
"OFC-737","Mikhail Artemovich GOLUBOVICH","Михаил Артемович ГОЛУБОВИЧ","LNR","Minister of Youth Policy of the so-called Luhansk People’s Republic","Regional","Luhansk","2025","","Yes","Ukrainian-born, collaborator"
"OFC-739","Rustam Ilmirovich TEMIRGALIEV","Рустам Ильмирович ТЕМИРГАЛИЕВ","Crimea","Former Deputy Prime Minister of Crimea.
On 11 June 2014, he resigned from his function as ‘First Deputy Prime Minister’ of the so-called ‘Republic of Crimea’. 
Former General Director of the Managing","Regional","Crimea","2013","2014","No","Born in Ulan-Ude, Russia"
"OFC-740","Natalia Vladimirovna POKLONSKAYA","Наталья Владимировна ПОКЛОНСКАЯ","Crimea","Prosecutor in Crimea. Former Deputy head of the Federal Agency for Compatriots Living Abroad (CIS), and International Humanitarian Cooperation (Rossotrudnichestvo). Adviser to the Prosecutor-General of Russia since June 20","Regional","Crimea","2014","2016","No","Luhansk region"
"OFC-741","Oleg Yevgenyvich BELAVENTSEV","Олег Евгеньевич БЕЛАВЕНЦЕВ","Crimea","Former Plenipotentiary Representative of the President of the Russian Federation into the so-called ‘Crimean Federal District’. Former non-permanent member of the Russian Security Council. Former Plen","Regional","Crimea","2014","2016","No","Born in Pskov oblast, Russia"
"OFC-742","Oleg Genrikhovich SAVELYEV","Олег Генрихович САВЕЛЬЕВ","Crimea","Former Minister for Crimean Affairs. Responsible for the integration","Regional","Crimea","2014","2015","No","Born in St Petersburg, Russia"
"OFC-743","Sergey Vadimovich ABISOV","Сергей Вадимович АБИСОВ","Crimea","Assistant for the so-called  “Head of the Republic of Crimea”. Dismissed as so-called “Minister of Interior of the Republic of Crimea” in June 2018 and former aide to the ‘Chairman’ of the Council of","Regional","Crimea","2014","2018","No","Born in Simferopol, Crimea."
"OFC-744","Igor STRELKOV","Игорь Стрелков","DPR","Staff of Main Intelligence Directorate of the General Staff of the Armed Forces of the Russian Federation (GRU). Assistant on security issues to Sergey Aksionov, self- proclaimed prime-minister of Cri","Regional","","2014","2024","No","From Russia (GRU, Russian military intelligence)"
"OFC-745","Igor Evgenevich KAKIDZYANOV","Игорь Евгеньевич Хакимзянов","DPR","One of the leaders of armed forces of the self- proclaimed ‘Donetsk People's Republic’. Minister of Defense of DPR.","Regional","Donetsk","2014","2018","No","Donetsk region"
"OFC-746","Olga Fyodorovna KOVITIDI","Ольга Фёдоровна Ковитиди","Crimea","Former member of the Russian Federation Council from the annexed Autonomous “Republic of Crimea” since 2014, reappointed in 2019.
Member of the Federation Council Committee on Constitutional Legislati","Regional","Moscow","2014","2024","No","Born in Simferopol, Crimea."
"OFC-747","Ekaterina Yurievna GUBAREVA","Екатерина Юрьевна ГУБАРЕВА","DPR","“Deputy head of military-civil administration in Kherson region” between June 2022 and December 2022. Former Member of the so-called “People's Council” of the “Donetsk People's Republic” (until Novemb","Regional","Kherson Oblast","2022","2022","No","Born in Kherson region, Ukraine"
"OFC-748","Miroslav Vladimirovich RUDENKO","Мирослав Владимирович РУДЕНКО","DPR","Associated with the ‘Donbass People’s Militia’. Member of the so-called ‘People’s Council of the Donetsk People’s Republic’ Committee on Education, Science and Culture.","Regional","Donetsk","2014","2023","No","Donetsk region"
"OFC-749","Aleksandr Yurevich BORODAI","Александр Юрьевич БОРОДАЙ","DPR","Former so-called ‘Prime Minister of the Donetsk People’s Republic’; Chairman of the Board of the Union of Volunteers of Donbass. Involved actively in recruitment and training of ‘volunteers’ sent to f","Regional","Donetsk","2014","2014","No","Born in Moscow"
"OFC-750","Roman Viktorovich LYAGIN","Роман Викторович ЛЯГИН","DPR","Former head of the “Donetsk People’s Republic” Central Electoral Commission. Former “Minister of Labour and Social Policy”.","Regional","Donetsk","2014","2016","No","Donetsk region"
"OFC-751","Aleksandr Vitalievich KHRYAKOV","Александр Витальевич ХРЯКОВ","DPR","Former so-called ‘Information and Mass Communications Minister’ of the ‘Donetsk People’s Republic’. Currently a member of the so-called ‘People’s Council’ of the ‘Donetsk People’s Republic’ Committee","Regional","Donetsk","2014","","Yes","Donetsk region"
"OFC-752","Aleksandr Sergeevich KHODAKOVSKII","Александр Сергеевич ХОДАКОВСКИЙ","DPR","Deputy Head of the Main Directorate of the Federal Service of National Guard Troops of the Russian Federation for the Donetsk People’s Republic","Regional","Donetsk","2023","","Yes","Donetsk region"
"OFC-753","Boris Alekseevich LITVINOV","Борис Алексеевич ЛИТВИНОВ","DPR","First Secretary of the Committee of the Donetsk Regional Branch of the Communist Party of the Russian Federation","Regional","Donetsk","2022","","Yes","Donetsk region"
"OFC-754","Marat Faatovich BASHIROV","Марат Фаатович Баширов","LNR","Second Chairman of the Council of Ministers of the so-called 'Luhansk People’s Republic'.","Regional","Luhansk","2014","2014","No","Born in Izhevsk, Russia"
"OFC-755","Igor Venediktovich PLOTNITSKII","Игорь Венедиктович ПЛОТНИЦКИЙ","LNR","Former so-called ‘Defence Minister’ and former so- called ‘Head’ of the ‘Luhansk People's Republic’. Former Special Envoy of the so-called ‘Luhansk People's Republic’ on Minsk implementation.","Regional","Luhansk","2014","2022","No","Born in Chernivtsi region, Ukraine"
"OFC-756","Vladimir Petrovich KONONOV","Владимир Петрович КОНОНОВ","DPR","As of 14 August 2014, he replaced Igor Strelkov/Girkin, as the so-called ‘Defence minister’ of the ‘Donetsk People's Republic’. Dismissed as so-called “Defence minister” in September 2018. Chief of th","Regional","Donetsk","2014","2018","No","Luhansk region"
"OFC-757","Aleksey Vyacheslavovich KARYAKIN","Алексей Вячеславович КАРЯКИН","LNR","Until 25 March 2016 so-called ‘Supreme Council Chair of the Luhansk People’s Republic’. Currently Chairman of the so-called ‘Public Chamber of the Luhansk People’s Republic’.","Regional","Luhansk","2014","","Unknown","Local collaborator (Luhansk-based)"
"OFC-758","Vladimir Viktorovich PAVLENKO","Владимир Викторович ПАВЛЕНКО","DPR","Former so-called ‘Minister of State Security’ of the so-called ‘Donetsk People's Republic’","Regional","Donetsk","2015","","Yes","Donetsk region"
"OFC-759","Aleksandr Igorevich KOFMAN","Александр Игоревич КОФМАН","DPR","Former so-called “Foreign Minister” and so-called “First deputy speaker” of the “Parliament” of the “Donetsk People's Republic”. Stood as a candidate in the so-called illegal “elections” of 2 November","Regional","Donetsk","2014","2016","No","Born in Makiivka, Ukraine"
"OFC-760","Ekaterina Vladimirovna FILIPPOVA","Екатерина Владимировна Филиппова","DPR","Former so-called ‘Minister of Justice’ of the so-called ‘Donetsk People’s Republic’. Former Director for the Department for the organisation of work of the so-called 'Council of Ministers of the Donet","Regional","Donetsk","2014","2015","No","Donetsk region"
"OFC-761","Eduard Aleksandrovich BASURIN","Эдуард Александрович БАСУРИН","DPR","Former Deputy Defence Minister of the so-called “Donetsk People’s Republic”. Spokesperson and Deputy Head of the ‘People’s Militia’ of the so-called ‘Donetsk People’s Republic’. Former Deputy Head and","Regional","Donetsk","2014","2023","No","Donetsk region"
"OFC-762","Sergey Yurevich TAMBOV","Сергей Юрьевич ТАМБОВ","LNR","Commander of the Moscow Military District (since May 2024).
Former Commander of the Russian Southern Military District. Former Chief of Staff and  former First Deputy Commander of the Russian Southern","Regional","","","","Unknown","From Russia (Russian Armed Forces)"
"OFC-763","Darya Vasilievna MOROZOVA","Дарья Васильевна МОРОЗОВА","DPR","Commissioner of Human Rights of the so-called “Donetsk People’s Republic”","Regional","Donetsk","2019","","Yes","Ukrainian-born, collaborator"
"OFC-764","Igor Vladimirovich KOSTENOK","Игорь Владимирович КОСТЕНОК","DPR","Former so-called “Minister of Education” of the “Donetsk People’s Republic”","Regional","","2014","2015","No","Ukrainian-born, collaborator"
"OFC-765","Vladimir Iurievici ANTIUFEEV","Владимир Юрьевич АНТИУФЕЕВ","DPR","Former 'Minister of State Security' in the separatist region of Transnistria. Former vice-prime minister of the 'Donetsk People's Republic', responsible for security and law enforcement. Board member","Regional","Donetsk","2014","2014","No","From Russia (Soviet/Russian military security background)"
"OFC-766","Vladimir Anatolievich BIDEVKA","Владимир Анатольевич Бидёвка","DPR","“Chairperson” of the so-called “People's Council” of the so-called “Donetsk People's Republic”.","Regional","Donetsk","2018","2023","No","Donetsk region"
"OFC-767","Sergey Alexandrovich KARYAKIN","Сергей Александрович КАРЯКИН","Crimea","Senator of the Federation Council from the illegally annexed “Republic of
Crimea”","Regional","Moscow","2024","","Yes","Born in Simferopol, Crimea."
"OFC-768","Dmitry Nikolayevich VORONA","Дмитрий Николаевич ВОРОНА","Crimea","Senator of the Russian Federation — representative for the Zaporizhzhia Oblast in the Federation Council of Russia.","Regional","Moscow","2022","","Yes","Donetsk region"
"OFC-769","Vladimir Alexandrovich BESPALOV","Владимир Александрович БЕСПАЛОВ","Kherson Oblast","Former so-called Minister of Domestic Policy of the Kherson Civil-Military Administration (appointed to by the government of 
the Russian Federation on 4 July 2022)","Regional","Kherson Oblast","2022","","Unknown","From Russia (Government of the Russian Federation), born in Kaliningrad"
"OFC-770","Lyubomir Evgenevich PUSHKIN","Любомир (Андрей)  Евгеньевич ПУШКИН","DPR","Member of the so-called ‘People’s Council’ of the so-called ‘Donetsk People’s Republic’","Regional","Donetsk","2014","2023","No","Donetsk region"
"OFC-772","Aleksandr Yurievich TIMOFEEV","Александр Юрьевич ТИМОФЕЕВ","DPR","Former so-called “Minister of Finance and Taxes” of the “Donetsk People's Republic”. Dismissed as so-called “Minister of Finance and Taxes” in September 2018.","Regional","Donetsk","2014","2018","No","Born in Stavropol Krai, Russia"
"OFC-773","Mikhail Sergeyevich SHEREMET","Михаил Сергеевич ШЕРЕМЕТ","Crimea","Former so called ‘First Deputy Prime Minister’ of Crimea. Member of the State Duma and its Committee on Security and Anti-Corruption.","Regional","Crimea","2014","2016","No","Born in Dzhankoi, Crimea"
"OFC-774","Oleksandr Viktorovych YANUKOVYCH","Александр Викторович ЯНУКОВИЧ","DPR","A businessman and the son of former President of Ukraine Viktor Yanukovych.
He acquired key economic assets in the so-called “Donetsk and Luhansk People’s Republics”, inter alia in the energy, coal an","Regional","Donetsk","","","Unknown","Born in Donetsk region"
"OFC-775","Svetlana Borisovna SAVCHENKO","Светлана Борисовна САВЧЕНКО","Crimea","The Commissioner for Children’s Rights in the Republic of Crimea","Regional","Crimea","2024","","Yes","Born in Crimea"
"OFC-776","Andrey Yurevich PINCHUK","Андрей Юрьевич ПИНЧУК","DPR","Former “State security minister” of the so-called “Donetsk People’s Republic”. Senior officer (Colonel) of the Federal Security Service (FSB).
Executive Director and chairman of the Council of Command","Regional","Donetsk","2014","2015","No","From Russia (FSB, Federal Security Service), born in Ulyanovsk"
"OFC-777","Konstantin Mikhailovich BAKHAREV","Константин Михайлович БАХАРЁВ","Crimea","Member of the State Duma, elected from the illegally annexed Autonomous 'Republic of Crimea'. Vice Chairman of the Duma Committee on Financial Markets. In March 2014, Bakharev was appointed as a Deput","Regional","Moscow","2016","","Yes","Born in Simferopol, Crimea."
"OFC-778","Fyodor Dmitrievich BEREZIN","Фёдор Дмитриевич БЕРЕЗИН","DPR","Former so-called ‘deputy defence minister’ of the so-called ‘Donetsk People’s Republic’. Member of the so-called ‘People’s Council’ of the ‘Donetsk People’s Republic’. Current Chairman of the Board of  Union of Writers of the DPR,  Since 2022 – Deputy Commander for Political Affairs of the ‘Diesel’ Tank Battalion (1st Army Corps of the Russian Armed Forces), Major.","Regional","Donetsk","2014","","Yes","Donetsk region"
"OFC-779","Viktor Petrovich VODOLATSKY","Виктор Петрович ВОДОЛАЦКИЙ","LNR","Coordinator of the State Duma’s work in the LPR following its incorporation into the Russian Federation as a new constituent entity. Member of the State Duma  from 2 December 2007 on.  First  Deputy Chairman of the Duma Committee for CIS affairs, Eur","Regional","Donetsk","2022","","Unknown","From Russia (State Duma deputy)"
"OFC-780","Andrei Dmitrievich KOZENKO","Андрей Дмитриевич КОЗЕНКО","Zaporizhzhia Oblast","Since July 2022, so-called “Deputy Head” of the so-called “Zaporizhzhia Regional Administration” established by Russian forces in occupied Melitopol, Ukraine. Coordinator of the Integration Committee","Regional","Melitopol","2022","","Unknown","Born in Simferopol, Crimea."
"OFC-781","Oleg Konstantinovich AKIMOV","Олег Константинович АКИМОВ","LNR","Chairman of the Board of the Union of Compatriots of the Luhansk Region.","Regional","Luhansk","2020","","Yes","Luhansk region"
"OFC-782","Yevgeniy Eduardovich MIKHAYLOV","Евгений Эдуардович МИХАЙЛОВ","DPR","Former so-called “Minister of the Council of Ministers” (head of the administration for governmental affairs) of the “Donetsk People's Republic”.","Regional","Donetsk","2014","2014","No","Born in Arkhangelsk, Russia"
"OFC-783","Georgiy L'vovich MURADOV","Георгий Львович МУРАДОВ","Crimea","So called ‘Deputy Prime Minister’ of Crimea and Plenipotentiary Representative of Crimea to President Putin","Regional","Crimea","2014","","Yes","Born in Komi Republic, Russia"
"OFC-784","Igor Aleksandrovich KORNET","Игорь Александрович КОРНЕТ","LNR","So-called ‘Minister of Interior’ of the so-called ‘Luhansk People’s Republic’","Regional","Luhansk","2017","2023","No","Luhansk region"
"OFC-785","Leonid Ivanovich PASECHNIK","Леонид Иванович ПАСЕЧНИК","LNR","“Elected leader” of the so-called “Luhansk People's Republic”.","Regional","Luhansk","2017","","Yes","Luhansk region"
"OFC-786","Vladislav Adolfovich RUSANOV","Владислав Адольфович РУСАНОВ","DPR","Member of the so-called ‘People’s Council’ of the so-called ‘Donetsk People’s Republic’","Regional","Donetsk","2018","2023","No","Donetsk region"
"OFC-787","Sergey Nikolaevich DUBINSKY","Сергей Николаевич ДУБИНСКИЙ","DPR","Head of the Military Intelligence Agency (GRU) of the so-called “Donetsk People’s Republic”","Regional","Donetsk","2014","","Unknown","Donetsk region"
"OFC-788","Sergey Pavlovych TSEKOV","Сергей Павлович ЦЕКОВ","Crimea","First Deputy Chairman of the State Council of the Republic of Crimea.","Regional","Crimea","2024","","Yes","Born in Simferopol, Crimea."
"OFC-789","Aleksandr Akimovich KARAMAN","Александр Акимович КАРАМАН","DPR","Former so-called ‘Deputy Prime Minister for Social Issues’ of the ‘Donetsk People's Republic’.  Former Head of the Administration of the Council of Ministers of the ‘Donetsk People's Republic’.","Regional","Donetsk","2014","2014","No","Born in Moldovan SSR"
"OFC-790","Zinaida Gavrilovna NADEN","Зинаида Гавриловна НАДЕН","LNR","Member of the so-called ‘People’s Council’ of the so-called ‘Luhansk People’s Republic’","Regional","Pervomaisk","2014","","Yes","Born in Odesa, Ukraine"
"OFC-791","Aleksei Mikhailovich ZHIGULIN","Алексей Михайлович ЖИГУЛИН","DPR","Member of the so-called ‘People’s Council’ of the so-called ‘Donetsk People’s Republic’","Regional","Donetsk","2014","","Yes","Born in Kazakh SSR, raised in Russia and later Ukraine."
"OFC-792","Ravil Zakarievich KHALIKOV","Равиль Закариевич ХАЛИКОВ","DPR","Former so-called ‘First Deputy Prime Minister’ and previous ‘Prosecutor-General’ of the ‘Donetsk People's Republic’.","Regional","Donetsk","2014","2017","No","Born in Mordovia Republic (Russia), SSR"
"OFC-793","Olga Alexandrovna MAKEEVA","Ольга Александровна МАКЕЕВА","DPR","Deputy Chairman of the Government of the Donetsk People’s Republic – Head of the Representative Office of the Donetsk People’s Republic in Moscow","Regional","Donetsk","2024","","Yes","Donetsk region"
"OFC-794","Alexander Yevgenevych ANANCHENKO","Александр Евгеньевич АНАНЧЕНКО","DPR","Former so-called “Prime Minister” of the so-called “Donetsk People’s Republic”.","Regional","Donetsk","2018","2022","No","Donetsk region"
"OFC-795","Oleg Vladimirovich BEREZA","Олег Владимирович БЕРЕЗА","DPR","Former so-called ‘Internal affairs minister’ of the ‘Donetsk People's Republic’. Associated with Vladimir Antyufeyev, who was responsible for the separatist ‘governmental’ activities of the so-called","Regional","Donetsk","2014","2015","No","Born in Yuzhno-Sakhalinsk, Russia"
"OFC-796","Yuri Yakovlevich CHAIKA","Юрий Яковлевич ЧАЙКА","DPR","Non-permanent member of the Security Council of the Russian Federation and the Plenipotentiary Representative of the President of the Russian Federation in the North Caucasus Federal District","Regional","","2020","","Yes","Born in Khabarovsk Krai, Russia"
"OFC-797","Natalya Markovna VOLKOVA","Наталья Марковна ВОЛКОВА","DPR","Member of the so-called ‘People’s Council’ of the so-called ‘Donetsk People’s Republic’","Regional","Donetsk","2018","2023","No","Donetsk region"
"OFC-798","Yuriy Mikhailovich GOTSANIUK","Юрий Михайлович ГОЦАНЮК","Crimea","Prime Minister of the so‐called “Republic of Crimea”","Regional","Crimea","2019","","Yes","Born in Novaya Derevnya, Crimea region"
"OFC-799","Dmitry Olegovich ROGOZIN","Дмитрий Олегович Рогозин","Zaporizhzhia Oblast","Senator of the Federation Council elected on 23 September 2023 (Zaporizhzhia region).
Former Deputy Prime Minister of the Russian Federation. Former General Director in a State corporation.","Regional","Zaporizhzhia Oblast","2023","","Yes","From Russia (Russian federal politician)"
"OFC-800","Aleksey Vladimirovich SHATOKHIN","Алексей Владимирович ШАТОХИН","Crimea","Head of the Service of the Kerch Control Point for the “Republic of Crimea and City of Sevastopol” of the Federal Security Service of the Russian Federation.","City","Kerch","2014","","Unknown","Born in Feodosia, Crimea"
"OFC-801","Leonid Vladimirovich KHARCHENKO","Леонид Владимирович ХАРЧЕНКО","DPR","Head of the Krot Reconnaissance Battalion of the 2nd Department of the Military Intelligence Agency (GRU) of the so-called “Donetsk People’s Republic”","Regional","Donetsk","2014","","Unknown","Born in Kostyantynivka, Ukraine"
"OFC-802","Zhoga Artem Vladimirovich","Жога Артем Владимирович","DPR","Deputy of DPR People's Council (Единая Россия)","Regional","Donetsk","2023","2024","No","Donetsk-based local politician"
"OFC-803","Zheleznaya Anna Aleksandrovna","Железная Анна Александровна","DPR","Deputy of DPR People's Council (Единая Россия)","Regional","Donetsk","2023","","Yes","Donetsk-based local politician"
"OFC-804","Boryak Andrey Leonidovich","Боряк Андрей Леонидович","DPR","Deputy of DPR People's Council (Единая Россия)","Regional","Donetsk","2023","","Yes","Donetsk-based local politician"
"OFC-805","Kuzmin Konstantin Aleksandrovich","Кузьмин Константин Александрович","DPR","Deputy of DPR People's Council (Единая Россия)","Regional","Donetsk","2014","","Yes","Donetsk-based local politician"
"OFC-806","Mineev Vladimir Konstantinovich","Минеев Владимир Константинович","DPR","Deputy of DPR People's Council (Единая Россия)","Regional","Donetsk","2023","","Yes","Donetsk-based local politician, born in Yekaterinburg, Russia"
"OFC-807","Mikhaylova Yuliya Valentinovna","Михайлова Юлия Валентиновна","DPR","Deputy of DPR People's Council (Единая Россия)","Regional","Donetsk","2018","","Yes","Donetsk-based local politician"
"OFC-808","Burtseva Natalya Nikolaevna","Бурцева Наталья Николаевна","DPR","Deputy of DPR People's Council (Единая Россия)","Regional","Donetsk","2023","","Yes","Donetsk-based local politician"
"OFC-810","Mikhalev Sergey Aleksandrovich","Михалев Сергей Александрович","DPR","Deputy of DPR People's Council (Единая Россия)","Regional","Donetsk","2023","","Yes","Donetsk-based local politician"
"OFC-811","Skablyuk Vadim Stanislavovich","Скаблюк Вадим Станиславович","DPR","Deputy of DPR People's Council (Единая Россия)","Regional","Donetsk","2023","","Yes","Donetsk-based local politician"
"OFC-812","Paretskiy Aleksandr Aleksandrovich","Парецкий Александр Александрович","DPR","Deputy of DPR People's Council (Единая Россия)","Regional","Donetsk","2023","","Yes","Donetsk-based local politician"
"OFC-813","Arutinova Olga Mikhaylovna","Арутинова Ольга Михайловна","DPR","Deputy of DPR People's Council (Единая Россия)","Regional","Donetsk","2023","","Yes","Donetsk-based local politician"
"OFC-815","Ichenko Andrey Aleksandrovich","Иченко Андрей Александрович","DPR","Deputy of DPR People's Council (Единая Россия)","Regional","Donetsk","2023","","Yes","Donetsk-based local politician"
"OFC-816","Zheleznyak Evgeniy Vladimirovich","Железняк Евгений Владимирович","DPR","Deputy of DPR People's Council (Единая Россия)","Regional","Donetsk","2023","","Yes","Donetsk-based local politician"
"OFC-817","Pashkov Igor Valentinovich","Пашков Игорь Валентинович","DPR","Deputy of DPR People's Council (Единая Россия)","Regional","Donetsk","2018","","Yes","Donetsk-based local politician"
"OFC-820","Dikiy Dmitriy Alekseevich","Дикий Дмитрий Алексеевич","DPR","Deputy of DPR People's Council (Единая Россия)","Regional","Donetsk","2023","","Yes","Donetsk-based local politician"
"OFC-821","Shvets Maksim Nikolaevich","Швец Максим Николаевич","DPR","Deputy of DPR People's Council (Единая Россия)","Regional","Donetsk","2023","","Yes","Donetsk-based local politician"
"OFC-822","Morozov Vadim Aleksandrovich","Морозов Вадим Александрович","DPR","Deputy of DPR People's Council (Единая Россия)","Regional","Donetsk","2023","","Yes","Donetsk-based local politician"
"OFC-823","Filatov Andrey Dmitrievich","Филатов Андрей Дмитриевич","DPR","Deputy of DPR People's Council (Единая Россия)","Regional","Donetsk","2023","","Yes","Donetsk-based local politician"
"OFC-824","Shemsedinov Shayda Abdullakhovich","Шемсединов Шайда Абдуллахович","DPR","Deputy of DPR People's Council (Единая Россия)","Regional","Donetsk","2023","","Yes","Donetsk-based local politician"
"OFC-825","Mashkov Denis Valerevich","Машков Денис Валерьевич","DPR","Deputy of DPR People's Council (Единая Россия)","Regional","Donetsk","2023","","Yes","Donetsk-based local politician"
"OFC-826","Peshne Dmitriy Valerievich","Пешне Дмитрий Валериевич","DPR","Deputy of DPR People's Council (Единая Россия)","Regional","Donetsk","2023","","Yes","Donetsk-based local politician"
"OFC-827","Chernikov Aleksandr Aleksandrovich","Черников Александр Александрович","DPR","Deputy of DPR People's Council (Единая Россия)","Regional","Donetsk","2023","","Yes","Donetsk-based local politician"
"OFC-828","Kalyuzhnyy Andrey Yurevich","Калюжный Андрей Юрьевич","DPR","Deputy of DPR People's Council (Единая Россия)","Regional","Donetsk","2023","2025 (latest)","No","Donetsk-based local politician"
"OFC-829","Muratov Aleksey Valentinovich","Муратов Алексей Валентинович","DPR","Deputy of DPR People's Council (Единая Россия)","Regional","Donetsk","2023","","Yes","Donetsk-based local politician"
"OFC-830","Pleten Dmitriy Anatolevich","Плетень Дмитрий Анатольевич","DPR","Deputy of DPR People's Council (Единая Россия)","Regional","Donetsk","2023","","Yes","Donetsk-based local politician"
"OFC-831","Voloshin Aleksandr Viktorovich","Волошин Александр Викторович","DPR","Deputy of DPR People's Council (Единая Россия)","Regional","Donetsk","2023","2023","No","Donetsk-based local politician"
"OFC-832","Bratkovskiy Miron Leonidovich","Братковский Мирон Леонидович","DPR","Deputy of DPR People's Council (Единая Россия)","Regional","Donetsk","2023","","Yes","Donetsk-based local politician"
"OFC-833","Pyatibratov Petr Vladimirovich","Пятибратов Петр Владимирович","DPR","Deputy of DPR People's Council (Единая Россия)","Regional","Donetsk","2023","","Yes","Donetsk-based local politician"
"OFC-834","Shaparev Denis Vladimirovich","Шапарев Денис Владимирович","DPR","Deputy of DPR People's Council (Единая Россия)","Regional","Donetsk","2023","","Yes","Donetsk-based local politician"
"OFC-836","Kulbatskaya Klavdiya Yurevna","Кульбацкая Клавдия Юрьевна","DPR","Deputy of DPR People's Council (Единая Россия)","Regional","Donetsk","2014","","Yes","Donetsk-based local politician"
"OFC-837","Dobrovolskiy Sergey Sergeevich","Добровольский Сергей Сергеевич","DPR","Deputy of DPR People's Council (Единая Россия)","Regional","Donetsk","2023","","Yes","Donetsk-based local politician"
"OFC-838","Belashev Evgeniy Alekseevich","Белашев Евгений Алексеевич","DPR","Deputy of DPR People's Council (Единая Россия)","Regional","Donetsk","2023","","Yes","Donetsk-based local politician"
"OFC-839","Bedilo Andrey Nikolaevich","Бедило Андрей Николаевич","DPR","Deputy of DPR People's Council (Единая Россия)","Regional","Donetsk","2023","","Yes","Donetsk-based local politician"
"OFC-840","Kondrykinskaya Anna Viktorovna","Кондрыкинская Анна Викторовна","DPR","Deputy of DPR People's Council (Единая Россия)","Regional","Donetsk","2023","","Yes","Donetsk-based local politician"
"OFC-841","Kaplyanok Marina Gennadevna","Каплянок Марина Геннадьевна","DPR","Deputy of DPR People's Council (Единая Россия)","Regional","Donetsk","2023","","Yes","Donetsk-based local politician"
"OFC-843","Gridenko Aleksandr Sergeevich","Гриденко Александр Сергеевич","DPR","Deputy of DPR People's Council (Единая Россия)","Regional","Donetsk","2023","","Yes","Donetsk-based local politician"
"OFC-844","Yarosh Sergey Anatolevich","Ярош Сергей Анатольевич","DPR","Deputy of DPR People's Council (Единая Россия)","Regional","Donetsk","2023","","Yes","Donetsk-based local politician"
"OFC-847","Shimanovskiy Pyotr Vitalevich","Шимановский Пётр Витальевич","DPR","Deputy of DPR People's Council (Единая Россия)","Regional","Donetsk","2014","","Yes","Donetsk-based local politician"
"OFC-848","Rymar Mikhail Anatolevich","Рымарь Михаил Анатольевич","DPR","Deputy of DPR People's Council (Единая Россия)","Regional","Donetsk","2023","","Yes","Donetsk-based local politician"
"OFC-849","Matrus Igor Viktorovich","Матрус Игорь Викторович","DPR","Deputy of DPR People's Council (Единая Россия)","Regional","Donetsk","2018","","Yes","Donetsk-based local politician"
"OFC-850","Pokintelitsa Yuriy Ivanovich","Покинтелица Юрий Иванович","DPR","Deputy of DPR People's Council (Единая Россия)","Regional","Donetsk","2018","","Yes","Donetsk-based local politician"
"OFC-851","Popova Irina Vasilevna","Попова Ирина Васильевна","DPR","Deputy of DPR People's Council (Единая Россия)","Regional","Donetsk","2018","","Yes","Donetsk-based local politician"
"OFC-852","Malkov Aleksandr Viktorovich","Мальков Александр Викторович","DPR","Deputy of DPR People's Council (Единая Россия)","Regional","Donetsk","2014","","Yes","Donetsk-based local politician"
"OFC-853","Kurenkov Aleksandr Pavlovich","Куренков Александр Павлович","DPR","Deputy of DPR People's Council (Единая Россия)","Regional","Donetsk","2014","","Yes","Donetsk-based local politician"
"OFC-854","Chekun Vladimir Anatolevich","Чекун Владимир Анатольевич","DPR","Deputy of DPR People's Council (Единая Россия)","Regional","Donetsk","2014","","Yes","Donetsk-based local politician"
"OFC-856","Sivokonenko Yuriy Viktorovich","Сивоконенко Юрий Викторович","DPR","Deputy of DPR People's Council (Единая Россия)","Regional","Donetsk","2014","","Yes","Donetsk-based local politician"
"OFC-857","Pertsev Vasiliy Anatolevich","Перцев Василий Анатольевич","DPR","Deputy of DPR People's Council (Единая Россия)","Regional","Donetsk","2018","","Yes","Donetsk-based local politician"
"OFC-858","Minakov Pavel Vladimirovich","Минаков Павел Владимирович","DPR","Deputy of DPR People's Council (Единая Россия)","Regional","Donetsk","2023","","Yes","Donetsk-based local politician"
"OFC-859","Ishchenko Viktor Dmitrievich","Ищенко Виктор Дмитриевич","DPR","Deputy of DPR People's Council (Единая Россия)","Regional","Donetsk","2018","","Yes","Donetsk-based local politician"
"OFC-861","Korolyuk Maksim Vitalevich","Королюк Максим Витальевич","DPR","Deputy of DPR People's Council (Единая Россия)","Regional","Donetsk","2018","","Yes","Donetsk-based local politician"
"OFC-862","Parchevskiy Sergey Vladimirovich","Парчевский Сергей Владимирович","DPR","Deputy of DPR People's Council (Единая Россия)","Regional","Donetsk","2023","","Yes","Donetsk-based local politician"
"OFC-864","Podkova Vladislav Aleksandrovich","Подкова Владислав Александрович","DPR","Deputy of DPR People's Council (Единая Россия)","Regional","Donetsk","2023","","Yes","Donetsk-based local politician"
"OFC-865","Dyachenko Timur Nikolaevich","Дьяченко Тимур Николаевич","DPR","Deputy of DPR People's Council (Единая Россия)","Regional","Donetsk","2023","","Yes","Donetsk-based local politician"
"OFC-866","Nikolaenko Viktor Viktorovich","Николаенко Виктор Викторович","DPR","Deputy of DPR People's Council (Единая Россия)","Regional","Donetsk","2023","","Yes","Donetsk-based local politician"
"OFC-867","Afendikov Yuriy Pavlovich","Афендиков Юрий Павлович","DPR","Deputy of DPR People's Council (Единая Россия)","Regional","Donetsk","2023","","Yes","Donetsk-based local politician"
"OFC-868","Dmitriev Sergey Leonidovich","Дмитриев Сергей Леонидович","DPR","Deputy of DPR People's Council (Единая Россия)","Regional","Donetsk","2023","","Yes","Donetsk-based local politician"
"OFC-869","Danilov Pavel Anatolevich","Данилов Павел Анатольевич","DPR","Deputy of DPR People's Council (Единая Россия)","Regional","Donetsk","2023","","Yes","Donetsk-based local politician"
"OFC-873","Khramenkova Anna Anatolevna","Храменкова Анна Анатольевна","DPR","Deputy of DPR People's Council (Единая Россия)","Regional","Donetsk","2023","","Yes","Donetsk-based local politician"
"OFC-875","Sytov Nikolay Olegovich","Сытов Николай Олегович","DPR","Deputy of DPR People's Council (КПРФ)","Regional","Donetsk","2023","","Yes","Donetsk-based local politician"
"OFC-876","Yakubov Yuliy Yakubovich","Якубов Юлий Якубович","DPR","Deputy of DPR People's Council (КПРФ)","Regional","Donetsk","2023","","Yes","Donetsk-based local politician"
"OFC-877","Akubekov Sergey Akubekovich","Акубеков Сергей Акубекович","DPR","Deputy of DPR People's Council (КПРФ)","Regional","Donetsk","2023","2025","No","Donetsk-based local politician"
"OFC-878","Kostenok Igor Vladimirovich","Костенок Игорь Владимирович","DPR","Deputy of DPR People's Council (КПРФ)","Regional","Donetsk","2023","","Yes","Donetsk-based local politician"
"OFC-879","Khmelevoy Anatoliy Petrovich","Хмелевой Анатолий Петрович","DPR","Deputy of DPR People's Council (КПРФ)","Regional","Donetsk","2023","","Yes","Donetsk-based local politician"
"OFC-880","Kramar Andrey Petrovich","Крамар Андрей Петрович","DPR","Deputy of DPR People's Council (ЛДПР)","Regional","Donetsk","2023","","Yes","Donetsk-based local politician"
"OFC-881","Fistal Emil Yakovlevich","Фисталь Эмиль Яковлевич","DPR","Deputy of DPR People's Council (ЛДПР)","Regional","Donetsk","2023","","Yes","Donetsk-based local politician"
"OFC-885","Seryozhenko Aleksandr Anatolevich","Серёженко Александр Анатольевич","DPR","Deputy of DPR People's Council (ЛДПР)","Regional","Donetsk","2014","","Yes","Donetsk-based local politician"
"OFC-886","Dorofeev Aleksey Sergeevich","Дорофеев Алексей Сергеевич","DPR","Deputy of DPR People's Council (Новые Люди)","Regional","Donetsk","2018","","Yes","Donetsk-based local politician"
"OFC-887","Gurchenko Sergey Andreevich","Гурченко Сергей Андреевич","DPR","Deputy of DPR People's Council (Новые Люди)","Regional","Donetsk","2023","2024","No","Donetsk-based local politician"
"OFC-888","Rozhkov Kirill Vasilevich","Рожков Кирилл Васильевич","DPR","Deputy of DPR People's Council (Новые Люди)","Regional","Donetsk","2023","","Yes","Donetsk-based local politician"
"OFC-889","Seleznyov Georgiy Konstantinovich","Селезнёв Георгий Константинович","DPR","Deputy of DPR People's Council (Новые Люди)","Regional","Donetsk","2023","","Yes","Donetsk-based local politician"
"OFC-890","Glebov Sergey Anatolevich","Глебов Сергей Анатольевич","DPR","Deputy of DPR People's Council (Единая Россия)","Regional","Donetsk","2023","","Yes","Donetsk-based local politician"
"OFC-892","Vodolatskiy Viktor Petrovich","Водолацкий Виктор Петрович","LNR","Deputy of LNR People's Council (Единая Россия)","Regional","Luhansk","2023","","Yes","Luhansk-based local politician"
"OFC-893","Naden Zinaida Gavrilovna","Наден Зинаида Гавриловна","LNR","Deputy of LNR People's Council (Единая Россия)","Regional","Luhansk","2023","","Yes","Luhansk-based local politician"
"OFC-894","Leshchenko Yan Vitalevich","Лещенко Ян Витальевич","LNR","Deputy of LNR People's Council (Единая Россия)","Regional","Luhansk","2023","","Yes","Luhansk-based local politician"
"OFC-895","Ryabushkin Igor Nikolaevich","Рябушкин Игорь Николаевич","LNR","Deputy of LNR People's Council (Единая Россия)","Regional","Luhansk","2023","","Yes","Luhansk-based local politician"
"OFC-896","Dyakonov Nikolay Leonidovich","Дьяконов Николай Леонидович","LNR","Deputy of LNR People's Council (Единая Россия)","Regional","Luhansk","2023","","Yes","Luhansk-based local politician"
"OFC-897","Koval Oleg Valerevich","Коваль Олег Валерьевич","LNR","Deputy of LNR People's Council (Единая Россия)","Regional","Luhansk","2023","","Yes","Luhansk-based local politician"
"OFC-898","Galinkin Valeriy Iosifovich","Галинкин Валерий Иосифович","LNR","Deputy of LNR People's Council (Единая Россия)","Regional","Luhansk","2023","","Yes","Luhansk-based local politician"
"OFC-899","Khoroshilov Dmitriy Aleksandrovich","Хорошилов Дмитрий Александрович","LNR","Deputy of LNR People's Council (Единая Россия)","Regional","Luhansk","2023","","Yes","Luhansk-based local politician"
"OFC-900","Kolesnikov Denis Sergeevich","Колесников Денис Сергеевич","LNR","Deputy of LNR People's Council (Единая Россия)","Regional","Luhansk","2023","","Yes","Luhansk-based local politician"
"OFC-901","Sanaev Ivan Vladimirovich","Санаев Иван Владимирович","LNR","Deputy of LNR People's Council (Единая Россия)","Regional","Luhansk","2023","","Yes","Luhansk-based local politician"
"OFC-902","Gizay Svetlana Fedorovna","Гизай Светлана Федоровна","LNR","Deputy of LNR People's Council (Единая Россия)","Regional","Luhansk","2023","","Yes","Luhansk-based local politician"
"OFC-903","Butrimov Konstantin Aleksandrovich","Бутримов Константин Александрович","LNR","Deputy of LNR People's Council (Единая Россия)","Regional","Luhansk","2023","","Yes","Luhansk-based local politician"
"OFC-904","Velichko Maksim Sergeevich","Величко Максим Сергеевич","LNR","Deputy of LNR People's Council (Единая Россия)","Regional","Luhansk","2023","","Yes","Luhansk-based local politician"
"OFC-905","Krierenko Aleksandr Valerevich","Криеренко Александр Валерьевич","LNR","Deputy of LNR People's Council (Единая Россия)","Regional","Luhansk","2023","","Yes","Luhansk-based local politician"
"OFC-906","Yurov Yuriy Pavlovich","Юров Юрий Павлович","LNR","Deputy of LNR People's Council (Единая Россия)","Regional","Luhansk","2023","","Yes","Luhansk-based local politician"
"OFC-907","Marfina Zhanna Viktorovna","Марфина Жанна Викторовна","LNR","Deputy of LNR People's Council (Единая Россия)","Regional","Luhansk","2023","","Yes","Luhansk-based local politician"
"OFC-908","Didenko Sergey Mikhaylovich","Диденко Сергей Михайлович","LNR","Deputy of LNR People's Council (Единая Россия)","Regional","Luhansk","2023","","Yes","Luhansk-based local politician"
"OFC-909","Leonov Vasiliy Vasilevich","Леонов Василий Васильевич","LNR","Deputy of LNR People's Council (Единая Россия)","Regional","Luhansk","2023","","Yes","Luhansk-based local politician"
"OFC-910","Sankin Vladimir Vladimirovich","Санкин Владимир Владимирович","LNR","Deputy of LNR People's Council (Единая Россия)","Regional","Luhansk","2023","","Yes","Luhansk-based local politician"
"OFC-911","Beletskiy Aleksey Yurevich","Белецкий Алексей Юрьевич","LNR","Deputy of LNR People's Council (Единая Россия)","Regional","Luhansk","2023","","Yes","Luhansk-based local politician"
"OFC-912","Sopelnik Andrey Fedorovich","Сопельник Андрей Федорович","LNR","Deputy of LNR People's Council (Единая Россия)","Regional","Luhansk","2023","","Yes","Luhansk-based local politician"
"OFC-913","Serov Sergey Viktorovich","Серов Сергей Викторович","LNR","Deputy of LNR People's Council (Единая Россия)","Regional","Luhansk","2023","","Yes","Luhansk-based local politician"
"OFC-914","Vokalova Lina Anatolevna","Вокалова Лина Анатольевна","LNR","Deputy of LNR People's Council (Единая Россия)","Regional","Luhansk","2023","","Yes","Luhansk-based local politician"
"OFC-915","Muratov Pavel Mikhaylovich","Муратов Павел Михайлович","LNR","Deputy of LNR People's Council (Единая Россия)","Regional","Luhansk","2023","","Yes","Luhansk-based local politician"
"OFC-916","Derskiy Maksim Yurevich","Дерский Максим Юрьевич","LNR","Deputy of LNR People's Council (Единая Россия)","Regional","Luhansk","2023","","Yes","Luhansk-based local politician"
"OFC-917","Pilavov Pavel Aristievich","Пилавов Павел Аристиевич","LNR","Deputy of LNR People's Council (Единая Россия)","Regional","Luhansk","2023","","Yes","Luhansk-based local politician"
"OFC-918","Alyoshina Svetlana Yanovna","Алёшина Светлана Яновна","LNR","Deputy of LNR People's Council (Единая Россия)","Regional","Luhansk","2023","","Yes","Luhansk-based local politician"
"OFC-919","Gubarev Andrey Anatolevich","Губарев Андрей Анатольевич","LNR","Deputy of LNR People's Council (Единая Россия)","Regional","Luhansk","2023","","Yes","Luhansk-based local politician"
"OFC-920","Demeshko Bella Seyranovna","Демешко Белла Сейрановна","LNR","Deputy of LNR People's Council (Единая Россия)","Regional","Luhansk","2023","","Yes","Luhansk-based local politician"
"OFC-921","Polyakov Vladimir Nikolaevich","Поляков Владимир Николаевич","LNR","Deputy of LNR People's Council (Единая Россия)","Regional","Luhansk","2023","","Yes","Luhansk-based local politician"
"OFC-922","Kukarskiy Dmitriy Leonidovich","Кукарский Дмитрий Леонидович","LNR","Deputy of LNR People's Council (Единая Россия)","Regional","Luhansk","2023","","Yes","Luhansk-based local politician"
"OFC-923","Okolelov Aleksey Yurevich","Околелов Алексей Юрьевич","LNR","Deputy of LNR People's Council (Единая Россия)","Regional","Luhansk","2023","","Yes","Luhansk-based local politician"
"OFC-924","Rezanov Yuriy Aleksandrovich","Резанов Юрий Александрович","LNR","Deputy of LNR People's Council (Единая Россия)","Regional","Luhansk","2023","","Yes","Luhansk-based local politician"
"OFC-925","Mashkova Antonina Valerievna","Машкова Антонина Валериевна","LNR","Deputy of LNR People's Council (Единая Россия)","Regional","Luhansk","2023","","Yes","Luhansk-based local politician"
"OFC-926","Golubovich Mikhail Artyomovich","Голубович Михаил Артёмович","LNR","Deputy of LNR People's Council (Единая Россия)","Regional","Luhansk","2023","","Yes","Luhansk-based local politician"
"OFC-927","Vishnevskiy Dmitriy Aleksandrovich","Вишневский Дмитрий Александрович","LNR","Deputy of LNR People's Council (Единая Россия)","Regional","Luhansk","2023","","Yes","Luhansk-based local politician"
"OFC-928","Slutskiy Leonid Eduardovich","Слуцкий Леонид Эдуардович","LNR","Deputy of LNR People's Council (ЛДПР)","Regional","Luhansk","2023","","Yes","Luhansk-based local politician"
"OFC-929","Uvarov Maksim Anatolevich","Уваров Максим Анатольевич","LNR","Deputy of LNR People's Council (ЛДПР)","Regional","Luhansk","2023","","Yes","Luhansk-based local politician"
"OFC-930","Filiponenko Mikhail Yurevich","Филипоненко Михаил Юрьевич","LNR","Deputy of LNR People's Council (ЛДПР)","Regional","Luhansk","2023","","Yes","Luhansk-based local politician"
"OFC-931","Zubova Marina Anatolevna","Зубова Марина Анатольевна","LNR","Deputy of LNR People's Council (ЛДПР)","Regional","Luhansk","2023","","Yes","Luhansk-based local politician"
"OFC-932","Dubrova Galina Aleksandrovna","Дуброва Галина Александровна","LNR","Deputy of LNR People's Council (ЛДПР)","Regional","Luhansk","2023","","Yes","Luhansk-based local politician"
"OFC-933","Ermolenko Aleksandr Viktorovich","Ермоленко Александр Викторович","LNR","Deputy of LNR People's Council (КПРФ)","Regional","Luhansk","2023","","Yes","Luhansk-based local politician"
"OFC-934","Gumenyuk Igor Gennadevich","Гуменюк Игорь Геннадьевич","LNR","Deputy of LNR People's Council (КПРФ)","Regional","Luhansk","2023","","Yes","Luhansk-based local politician"
"OFC-935","Rupin Igor Yurevich","Рупин Игорь Юрьевич","LNR","Deputy of LNR People's Council (КПРФ)","Regional","Luhansk","2023","","Yes","Luhansk-based local politician"
"OFC-936","Shchekatunov Viktor Ivanovich","Щекатунов Виктор Иванович","LNR","Deputy of LNR People's Council (КПРФ)","Regional","Luhansk","2023","","Yes","Luhansk-based local politician"
"OFC-937","Tarakanov Gennadiy Viktorovich","Тараканов Геннадий Викторович","LNR","Deputy of LNR People's Council (Справедливая Россия)","Regional","Luhansk","2023","","Yes","Luhansk-based local politician"
"OFC-938","Kotkovets Sergey Andreevich","Котковец Сергей Андреевич","LNR","Deputy of LNR People's Council (Справедливая Россия)","Regional","Luhansk","2023","","Yes","Luhansk-based local politician"
"OFC-940","Anyukhina Anna Vladimirovna","Анюхина Анна Владимировна","Crimea","Deputy Chairman of the Council of Ministers of the Republic of Crimea","Regional","Simferopol","2020","2024","No","Crimea-based government official"
"OFC-941","Kiviko Irina Valerevna","Кивико Ирина Валерьевна","Crimea","Deputy Chairman of the Council of Ministers — Minister of Finance of the Republic of Crimea","Regional","Simferopol","2018","","Yes","Crimea-based government official"
"OFC-942","Kurshutov Albert Abdurashitovich","Куршутов Альберт Абдурашитович","Crimea","Deputy Chairman of the Council of Ministers — Minister of Internal Policy, Information and Communications of the Republic of Crimea","Regional","Simferopol","2025","","Yes","Crimea-based government official"
"OFC-943","Mikhaylichenko Igor Nikolaevich","Михайличенко Игорь Николаевич","Crimea","Deputy Chairman of the Council of Ministers of the Republic of Crimea","Regional","Simferopol","2016","","Yes","Crimea-based government official"
"OFC-944","Nazarov Mikhail Anatolevich","Назаров Михаил Анатольевич","Crimea","Deputy Chairman of the Council of Ministers of the Republic of Crimea","Regional","Simferopol","2020","","Yes","Crimea-based government official"
"OFC-946","Romanovskaya Elena Vasilevna","Романовская Елена Васильевна","Crimea","Deputy Chairman of the Council of Ministers — Minister of Labour and Social Protection of the Republic of Crimea","Regional","Simferopol","2019","","Yes","Crimea-based government official"
"OFC-947","Vorobev Nikolay Valerevich","Воробьев Николай Валерьевич","Crimea","Deputy Chairman of the Council of Ministers of the Republic of Crimea","Regional","Simferopol","2024","","Yes","Crimea-based government official"
"OFC-948","Shevtsova Olga Aleksandrovna","Шевцова Ольга Александровна","Crimea","Deputy Chairman of the Council of Ministers of the Republic of Crimea","Regional","Simferopol","2026","","Yes","Crimea-based government official"
"OFC-949","Dugarenko Olga Vladimirovna","Дугаренко Ольга Владимировна","Crimea","Head of the Council of Ministers Apparatus (Chief of Staff), Republic of Crimea","Regional","Simferopol","2024","","Yes","Crimea-based government official"
"OFC-950","Mikhaylov Konstantin Aleonardovich","Михайлов Константин Алеонардович","Crimea","Minister of the Republic of Crimea (without portfolio)","Regional","Simferopol","2024","","Yes","Crimea-based government official"
"OFC-951","Natarov Aleksey Alekseevich","Натаров Алексей Алексеевич","Crimea","Minister of Health of the Republic of Crimea","Regional","Simferopol","2024","","Yes","Crimea-based government official"
"OFC-952","Manezhina Tatyana Anatolevna","Манежина Татьяна Анатольевна","Crimea","Minister of Culture of the Republic of Crimea","Regional","Simferopol","2024","","Yes","Crimea-based government official"
"OFC-953","Ganziy Sergey Aleksandrovich","Ганзий Сергей Александрович","Crimea","Minister of Resorts and Tourism of the Republic of Crimea","Regional","Simferopol","2024","","Yes","Crimea-based government official"
"OFC-954","Lavrik Valentina Vasilevna","Лаврик Валентина Васильевна","Crimea","Minister of Education and Science of the Republic of Crimea","Regional","Simferopol","2024","","Yes","Crimea-based government official"
"OFC-955","Agadzhanyan Anushavan Araratovich","Агаджанян Анушаван Араратович","Crimea","Minister of Industrial Policy of the Republic of Crimea","Regional","Simferopol","2024","","Yes","Crimea-based government official"
"OFC-956","Shcheglenko Zakhar Vladimirovich","Щегленко Захар Владимирович","Crimea","Minister of Housing and Communal Services of the Republic of Crimea","Regional","Simferopol","2024","","Yes","Crimea-based government official"
"OFC-957","Tarasov Nikita Sergeevich","Тарасов Никита Сергеевич","Crimea","Minister of Housing Policy and State Construction Supervision of the Republic of Crimea","Regional","Simferopol","2024","","Yes","Crimea-based government official"
"OFC-958","Kratyuk Denis Vasilevich","Кратюк Денис Васильевич","Crimea","Minister of Agriculture of the Republic of Crimea","Regional","Simferopol","2024","","Yes","Crimea-based government official"
"OFC-959","Torubarova Olga Aleksandrovna","Торубарова Ольга Александровна","Crimea","Minister of Sport of the Republic of Crimea","Regional","Simferopol","2024","","Yes","Crimea-based government official"
"OFC-960","Voronkin Vladimir Gennadevich","Воронкин Владимир Геннадьевич","Crimea","Minister of Fuel and Energy of the Republic of Crimea","Regional","Simferopol","2024","","Yes","Crimea-based government official"
"OFC-961","Shapovalov Oleg Georgievich","Шаповалов Олег Георгиевич","Crimea","Minister of Justice of the Republic of Crimea","Regional","Simferopol","2024","","Yes","Crimea-based government official"
"OFC-962","Kulinich Larisa Vitalevna","Кулинич Лариса Витальевна","Crimea","Minister of Property and Land Relations of the Republic of Crimea","Regional","Simferopol","2024","","Yes","Crimea-based government official"
"OFC-963","Eryomenko Aleksey Mikhaylovich","Ерёменко Алексей Михайлович","Crimea","Minister of Emergency Situations of the Republic of Crimea","Regional","Simferopol","2024","","Yes","Crimea-based government official"
"OFC-964","Yakubov Ruslan Rishatovich","Якубов Руслан Ришатович","Crimea","Chairman of the State Committee for Inter-Ethnic Relations of the Republic of Crimea","Regional","Simferopol","2024","","Yes","Crimean Tatar, Crimea-based official"
"OFC-965","Maslyanik Vladislav Ivanovich","Масляник Владислав Иванович","Crimea","Chairman of the State Committee for Water Management and Land Reclamation of the Republic of Crimea","Regional","Simferopol","2024","","Yes","Crimea-based government official"
"OFC-966","Shchyogolev Eduard Gennadevich","Щёголев Эдуард Геннадьевич","Crimea","Minister of Construction and Architecture of the Republic of Crimea","Regional","Simferopol","2024","","Yes","Crimea-based government official"
"OFC-967","Kozlovskiy Arseniy Dmitrievich","Козловский Арсений Дмитриевич","Crimea","Minister of Transport of the Republic of Crimea","Regional","Simferopol","2024","","Yes","Crimea-based government official"
"OFC-968","Ivanov Valeriy Valerevich","Иванов Валерий Валерьевич","Crimea","Chairman of the State Committee for Veterinary Affairs of the Republic of Crimea","Regional","Simferopol","2024","","Yes","Crimea-based government official"
"OFC-969","Mshanetskaya Svetlana Vladimirovna","Мшанецкая Светлана Владимировна","Crimea","Chairman of the State Committee for Prices and Tariffs of the Republic of Crimea","Regional","Simferopol","2024","","Yes","Crimea-based government official"
"OFC-970","Lobov Oleg Vladimirovich","Лобов Олег Владимирович","Crimea","Chairman of the State Committee for Archives of the Republic of Crimea","Regional","Simferopol","2024","","Yes","Crimea-based government official"
"OFC-971","Borisenko Nataliya Nikolaevna","Борисенко Наталия Николаевна","Crimea","Chairman of the State Committee for Competitive Policy of the Republic of Crimea","Regional","Simferopol","2024","","Yes","Crimea-based government official"
"OFC-972","Zinchenko Aleksey Sergeevich","Зинченко Алексей Сергеевич","Crimea","Chairman of the State Committee for Youth Policy of the Republic of Crimea","Regional","Simferopol","2024","","Yes","Crimea-based official"
"OFC-974","Kalinichenko Pavel Vladimirovich","Калиниченко Павел Владимирович","DPR","First Deputy Head of Horlivka City Administration","City","Horlivka","2016","","Yes","Local DPR city official"
"OFC-975","Gorbatov Igor Evgenevich","Горбатов Игорь Евгеньевич","DPR","Deputy Head of Horlivka City Administration","District","Horlivka","2021 (at least)","","Yes","Local DPR city official"
"OFC-976","Ivakhnenko Aleksey Aleksandrovich","Ивахненко Алексей Александрович","DPR","Deputy Head of Horlivka City Administration","District","Horlivka","2022 (at least)","","Yes","Local DPR city official"
"OFC-977","Andrienko Aleksey Sergeevich","Андриенко Алексей Сергеевич","DPR","Deputy Head of Horlivka City Administration","District","Horlivka","2024","","Yes","Local DPR city official"
"OFC-978","Olkhovskaya Oksana Yurevna","Ольховская Оксана Юрьевна","DPR","Managing Affairs (Chief of Staff), Horlivka Administration","District","Horlivka","2023 (at least)","","Yes","Local DPR city official"
"OFC-979","Kulemzin Aleksey Valerevich","Кулемзин Алексей Валерьевич","DPR","Head of Donetsk City Administration","City","Donetsk","2016","","Yes","Inter-territory transfer (from LNR/Luhansk)"
"OFC-980","Moiseenkov Viktor Viktorovich","Моисеенков Виктор Викторович","DPR","First Deputy Head of Donetsk City Administration","City","Donetsk","2025 (at least)","","Yes","Local DPR city official"
"OFC-981","Lavrushko Anna Vasilevna","Лаврушко Анна Васильевна","DPR","Head of Apparatus, Donetsk City Administration","City","Donetsk","2026 (at least)","","Yes","Local DPR city official"
"OFC-982","Artemenko Timur Ivanovich","Артеменко Тимур Иванович","DPR","Deputy Head of Donetsk City Administration","District","Donetsk","2024 (at least)","","Yes","Local DPR city official"
"OFC-983","Vezdenko Svetlana Aleksandrovna","Везденко Светлана Александровна","DPR","Deputy Head of Donetsk City Administration","District","Donetsk","2023 (at least)","","Yes","Local DPR city official"
"OFC-984","Danshin Dmitriy Sergeevich","Даньшин Дмитрий Сергеевич","DPR","Deputy Head of Donetsk City Administration","District","Donetsk","2022 (at least)","","Yes","Local DPR city official"
"OFC-985","Zaytsev Vladimir Nikolaevich","Зайцев Владимир Николаевич","DPR","Deputy Head of Donetsk City Administration","District","Donetsk","2024 (at least)","","Yes","Local DPR city official"
"OFC-986","Saprykin Igor Valentinovich","Сапрыкин Игорь Валентинович","DPR","Deputy Head of Donetsk City Administration","District","Donetsk","2022 (at least)","","Yes","Local DPR city official"
"OFC-987","Sukhorukov Maksim Alekseevich","Сухоруков Максим Алексеевич","DPR","Deputy Head of Donetsk City Administration","District","Donetsk","2022 (at least)","","Yes","Local DPR city official"
"OFC-988","Kuts Natalya Vladimirovna","Куц Наталья Владимировна","DPR","Deputy Head of Donetsk City Administration","District","Donetsk","2022 (at least)","","Yes","Local DPR city official"
"OFC-989","Lyakhovets Valeriy Andreevich","Ляховец Валерий Андреевич","DPR","Deputy Head of Donetsk City Administration","District","Donetsk","2022 (at least)","","Yes","Local DPR city official"
"OFC-990","Snitsar Yuliya Anatolevna","Сницарь Юлия Анатольевна","DPR","Managing Affairs (Chief of Staff), Donetsk City Administration","District","Donetsk","2024 (at least)","","Yes","Local DPR city official"
"OFC-991","Ivanova Yuliya Gennadievna","Иванова Юлия Геннадиевна","DPR","Acting Head of Makiivka City Administration","City","Makiivka","2026","","Yes","Local DPR city official"
"OFC-992","Borisov Oleg Yurevich","Борисов Олег Юрьевич","DPR","First Deputy Head of Makiivka City Administration","City","Makiivka","2022 (at least)","","Yes","Local DPR city official"
"OFC-993","Litovchenko Anastasiya Yurevna","Литовченко Анастасия Юрьевна","DPR","Deputy Head of Makiivka City Administration","District","Makiivka","2020 (at least)","","Yes","Local DPR city official"
"OFC-994","Lyakh Irina Viktorovna","Лях Ирина Викторовна","DPR","Deputy Head of Makiivka City Administration","District","Makiivka","2020 (at least)","","Yes","Local DPR city official"
"OFC-995","Sidyakina Irina Valentinovna","Сидякина Ирина Валентиновна","DPR","Deputy Head of Makiivka City Administration","District","Makiivka","2024","","Yes","Local DPR city official"
"OFC-996","Shatov Aleksandr Vasilevich","Шатов Александр Васильевич","DPR","Head of Shakhtarsk Municipal District Administration, DPR","City","Shakhtarsk","2019","","Yes","Local DPR district official"
"OFC-997","Lebedev Sergey Yurevich","Лебедев Сергей Юрьевич","DPR","First Deputy Head of Shakhtarsk Municipal District Administration","District","Shakhtarsk","2021 (at least)","","Yes","Local DPR district official"
"OFC-998","Kasitskiy Yuriy Nikolaevich","Касицкий Юрий Николаевич","DPR","Deputy Head of Shakhtarsk Municipal District Administration","District","Shakhtarsk","2019 (at least)","","Yes","Local DPR district official"
"OFC-999","Krmadzhyan Nairi Khachikovich","Крмаджян Наири Хачикович","DPR","Deputy Head of Shakhtarsk Municipal District Administration","District","Shakhtarsk","2024 (at least)","","Yes","Local DPR district official"
"OFC-1000","Maychuk Svetlana Nikolaevna","Майчук Светлана Николаевна","DPR","Deputy Head of Shakhtarsk Municipal District Administration","District","Shakhtarsk","2019 (at least)","","Yes","Local DPR district official"
"OFC-1001","Nazarov Sergey Borisovich","Назаров Сергей Борисович","DPR","Deputy Head of Shakhtarsk Municipal District Administration","District","Shakhtarsk","2019 (at least)","","Yes","Local DPR district official"
"OFC-1002","Ponomarenko Yuliya Pavlovna","Пономаренко Юлия Павловна","DPR","Deputy Head of Shakhtarsk Municipal District Administration","District","Shakhtarsk","2019 (at least)","","Yes","Local DPR district official"
"OFC-1003","Kozhevnikova Evgeniya Ivanovna","Кожевникова Евгения Ивановна","DPR","Managing Affairs, Shakhtarsk Municipal District Administration","District","Shakhtarsk","2025 (at least)","","Yes","Local DPR district official"
"OFC-1004","Lyzov Igor Viktorovich","Лызов Игорь Викторович","DPR","Head of Amvrosiyivka Municipal District Administration, DPR","City","Amvrosiyivka","2019","","Yes","Local DPR district official"
"OFC-1005","Kudryavtsev Dmitriy Arkadevich","Кудрявцев Дмитрий Аркадьевич","DPR","First Deputy Head of Amvrosiyivka Municipal District Administration","District","Amvrosiyivka","2023 (at least)","","Yes","Local DPR district official"
"OFC-1006","Butko Boris Borisovich","Бутко Борис Борисович","DPR","Deputy Head of Amvrosiyivka Municipal District Administration","District","Amvrosiyivka","2023","","Yes","Local DPR district official"
"OFC-1007","Kryukova Elena Nikolaevna","Крюкова Елена Николаевна","DPR","Deputy Head of Amvrosiyivka Municipal District Administration","District","Amvrosiyivka","2022 (at least)","","Yes","Local DPR district official"
"OFC-1008","Fisenko Elena Nikolaevna","Фисенко Елена Николаевна","DPR","Managing Affairs, Amvrosiyivka Municipal District Administration","District","Amvrosiyivka","2022 (at least)","","Yes","Local DPR district official"
"OFC-1009","Zinchenko Konstantin Aleksandrovich","Зинченко Константин Александрович","DPR","Head of Volnovakha Municipal District Administration, DPR","City","Volnovakha","2022","","Yes","Local DPR district official"
"OFC-1010","Snisarenko Elena Sergeevna","Снисаренко Елена Сергеевна","DPR","Deputy Head of Volnovakha Municipal District Administration","District","Volnovakha","2022","","Yes","Local DPR district official"
"OFC-1011","Vasileva Mariya Aleksandrovna","Васильева Мария Александровна","DPR","Managing Affairs, Volnovakha Municipal District Administration","District","Volnovakha","2023 (at least)","","Yes","Local DPR district official"
"OFC-1012","Kachanov Aleksandr Yurevich","Качанов Александр Юрьевич","DPR","Head of Dokuchaievsk City Administration, DPR","City","Dokuchaievsk","2015","","Yes","Local DPR city official"
"OFC-1013","Dolbachev Ruslan Viktorovich","Долбачев Руслан Викторович","DPR","First Deputy Head of Dokuchaievsk City Administration","District","Dokuchaievsk","2017 (at least)","","Yes","Local DPR city official"
"OFC-1014","Khizhnyak Yuliya Genadievna","Хижняк Юлия Генадиевна","DPR","Deputy Head of Dokuchaievsk City Administration","District","Dokuchaievsk","2017 (at least)","","Yes","Local DPR city official"
"OFC-1015","Popov Igor Evgenevich","Попов Игорь Евгеньевич","DPR","Deputy Head of Dokuchaievsk City Administration","District","Dokuchaievsk","2024 (at least)","","Yes","Local DPR city official"
"OFC-1016","Bozhik Sergey Aleksandrovich","Божик Сергей Александрович","DPR","Deputy Head of Yenakiieve City Administration, DPR","District","Yenakiieve","2021 (at least)","","Yes","Local DPR city official"
"OFC-1017","Vitruk Elena Sergeevna","Витрук Елена Сергеевна","DPR","Deputy Head of Yenakiieve City Administration, DPR","District","Yenakiieve","2021 (at least)","","Yes","Local DPR city official"
"OFC-1018","Demenkov Aleksandr Aleksandrovich","Деменков Александр Александрович","DPR","Deputy Head of Yenakiieve City Administration, DPR","District","Yenakiieve","2021 (at least)","","Yes","Local DPR city official"
"OFC-1019","Vitruk Igor Vasilevich","Витрук Игорь Васильевич","DPR","Deputy Head of Yenakiieve City Administration, DPR","District","Yenakiieve","2021 (at least)","","Yes","Local DPR city official"
"OFC-1020","Stasenko Lyudmila Pavlovna","Стасенко Людмила Павловна","DPR","Managing Affairs, Yenakiieve City Administration, DPR","District","Yenakiieve","2021 (at least)","","Yes","Local DPR city official"
"OFC-1021","Ponomarev Oleg Vasilevich","Пономарев Олег Васильевич","DPR","Acting Head of Krasnolymansk Municipal District, DPR","City","Krasny Liman","2025","","Yes","Local DPR city official"
"OFC-1022","Zabolotskaya Anzhela Vladimirovna","Заболотская Анжела Владимировна","DPR","Chairman of Krasnolymansk Municipal Council (1st Convocation), DPR","City","Krasny Liman","2023","","Yes","Local DPR city official"
"OFC-1023","Ovcharov Vasiliy Anatolevich","Овчаров Василий Анатольевич","DPR","Head of Novoazovsk Municipal District Administration, DPR","City","Novoazovsk","2023","","Yes","Local DPR city official"
"OFC-1024","Logvinov Oleg Nikolaevich","Логвинов Олег Николаевич","DPR","First Deputy Head of Novoazovsk Municipal District Administration","District","Novoazovsk","2024 (at least)","","Yes","Local DPR city official"
"OFC-1025","Kharkov Sergey Aleksandrovich","Харьков Сергей Александрович","DPR","Deputy Head of Novoazovsk Municipal District Administration","District","Novoazovsk","2024 (at least)","","Yes","Local DPR city official"
"OFC-1026","Sotnikova Natalya Anatolevna","Сотникова Наталья Анатольевна","DPR","Managing Affairs (Chief of Staff), Mariupol City Administration","City","Mariupol","2022","","Yes","Local collaborator (former OPZZH city council deputy)"
"OFC-1027","Ermakov Sergey Vladimirovich","Ермаков Сергей Владимирович","DPR","Head of Snizhne City Administration, DPR","City","Snizhne","2023 (at least)","","Yes","Local DPR city official"
"OFC-1028","Shergelashvili Vasil Papulich","Шергелашвили Васил Папулич","DPR","First Deputy Head of Snizhne City Administration","District","Snizhne","2024 (at least)","","Yes","Local DPR city official"
"OFC-1029","Bondarenko Elena Vitalevna","Бондаренко Елена Витальевна","DPR","Managing Affairs, Snizhne City Administration","District","Snizhne","2024 (at least)","","Yes","Local DPR city official"
"OFC-1030","Cherkashin Aleksey Romanovich","Черкашин Алексей Романович","DPR","Acting Head of Starobesheve Municipal District, DPR","City","Starobesheve","2026","","Yes","Local DPR city official"
"OFC-1031","Retivov Aleksandr Borisovich","Ретивов Александр Борисович","DPR","First Deputy Head of Starobesheve Municipal District Administration","District","Starobesheve","2022 (at least)","","Yes","Local DPR city official"
"OFC-1032","Olmezov Mikhail Svetoslavovich","Ольмезов Михаил Светославович","DPR","Deputy Head of Starobesheve Municipal District Administration","District","Starobesheve","2022 (at least)","","Yes","Local DPR city official"
"OFC-1033","Biatova Evgeniya Mikhaylovna","Биатова Евгения Михайловна","DPR","Managing Affairs, Starobesheve Municipal District Administration","District","Starobesheve","2022 (at least)","","Yes","Local DPR city official"
"OFC-1034","Velikodnaya Natalya Anatolevna","Великодная Наталья Анатольевна","DPR","Head of Telmanove Municipal District Administration, DPR","City","Telmanove","2022","","Yes","Local DPR city official"
"OFC-1035","Katrysh Liana Valerevna","Катрыш Лиана Валерьевна","DPR","First Deputy Head of Telmanove Municipal District Administration","District","Telmanove","2023 (at least)","","Yes","Local DPR city official"
"OFC-1036","Reyberg Sergey Andreevich","Рейберг Сергей Андреевич","DPR","Deputy Head of Telmanove Municipal District Administration","District","Telmanove","2025 (at least)","","Yes","Local DPR city official"
"OFC-1037","Arabadzhi Olga Aleksandrovna","Арабаджи Ольга Александровна","DPR","Deputy Head of Telmanove Municipal District Administration","District","Telmanove","2024 (at least)","","Yes","Local DPR city official"
"OFC-1038","Krivaya Natalya Alekseevna","Кривая Наталья Алексеевна","DPR","Managing Affairs, Telmanove Municipal District Administration","District","Telmanove","","","Yes","Local DPR city official"
"OFC-1039","Lysenko Dmitriy Sergeevich","Лысенко Дмитрий Сергеевич","DPR","Head of Torez City Administration, DPR","City","Torez","2019","2025","No","Local DPR city official"
"OFC-1040","Makarova Anna Efimovna","Макарова Анна Ефимовна","DPR","First Deputy Head of Torez City Administration","District","Torez","2023 (at least)","","Yes","Local DPR city official"
"OFC-1041","Dedukh Olga Petrovna","Дедух Ольга Петровна","DPR","Deputy Head of Torez City Administration","District","Torez","2023 (at least)","","Yes","Local DPR city official"
"OFC-1042","Stavitskiy Aleksandr Mikhaylovich","Ставицкий Александр Михайлович","DPR","Deputy Head of Torez City Administration","District","Torez","2023 (at least)","","Yes","Local DPR city official"
"OFC-1043","Chesnokov Artem Valerievich","Чесноков Артем Валериевич","DPR","Head of Torez City Administration, DPR","District","Torez","2025","","Yes","Local DPR city official"
"OFC-1044","Beketova Natalya Nikolaevna","Бекетова Наталья Николаевна","DPR","Managing Affairs, Torez City Administration","District","Torez","2023 (at least)","","Yes","Local DPR city official"
"OFC-1045","Poplavskiy Evgeniy Valentinovich","Поплавский Евгений Валентинович","DPR","Acting Head of Khartsyzsk City Administration, DPR","City","Khartsyzsk","2025","","Yes","Local DPR city official"
"OFC-1046","Podustov Oleg Sergeevich","Подустов Олег Сергеевич","DPR","First Deputy Head of Khartsyzsk City Administration (Housing/Communal Services)","District","Khartsyzsk","2020","","Yes","Local DPR city official"
"OFC-1047","Mikhalenko Yuliya Aleksandrovna","Михаленко Юлия Александровна","DPR","Deputy Head of Khartsyzsk City Administration","District","Khartsyzsk","2024 (at least)","","Yes","Local DPR city official"
"OFC-1048","Rogozhina Viktoriya Sergeevna","Рогожина Виктория Сергеевна","DPR","Managing Affairs, Khartsyzsk City Administration","District","Khartsyzsk","2021 (at least)","","Yes","Local DPR city official"
"OFC-1049","Rachek Yuliya Mikhaylovna","Рачек Юлия Михайловна","DPR","First Deputy Head of Yasinovatka Municipal District Administration","District","Yasinovatka","2022 (at least)","","Yes","Local DPR city official"
"OFC-1050","Penyaev Aleksandr Mikhaylovich","Пеняев Александр Михайлович","DPR","Deputy Head of Yasinovatka Municipal District Administration","District","Yasinovatka","2022 (at least)","","Yes","Local DPR city official"
"OFC-1051","Lisovenko Karolina Yurevna","Лисовенко Каролина Юрьевна","DPR","Deputy Head of Yasinovatka Municipal District Administration","District","Yasinovatka","2022 (at least)","","Yes","Local DPR city official"
"OFC-1052","Bogdanova Irina Sergeevna","Богданова Ирина Сергеевна","DPR","Deputy Head of Yasinovatka Municipal District Administration","District","Yasinovatka","2022 (at least)","","Yes","Local DPR city official"
"OFC-1053","Polyanskaya Anna Vladimirovna","Полянская Анна Владимировна","DPR","Managing Affairs, Yasinovatka Municipal District Administration","District","Yasinovatka","2024 (at least)","","Yes","Local DPR city official"
"OFC-1054","Epifanov Vladimir Anatolevich","Епифанов Владимир Анатольевич","Zaporizhzhia Oblast","Deputy of 1st Convocation, Zaporizhzhia Oblast Legislative Assembly","Regional","Melitopol","2023","","Yes","Zaporizhzhia Oblast-based local politician"
"OFC-1055","Khomenko Ruslan Anatolevich","Хоменко Руслан Анатольевич","Kherson Oblast","Head of Aleshky Municipal District, Kherson Oblast (occupation)","District","Aleshky","2024","","Yes","Kherson Oblast-based local official"
"OFC-1056","Baranovskaya Olga Nikolaevna","Барановская Ольга Николаевна","Kherson Oblast","Head of Velyka Lepetykha Municipal District, Kherson Oblast (occupation)","District","Velyka Lepetykha","2023","","Yes","Kherson Oblast-based local official"
"OFC-1057","Vasyutinskiy Vitaliy Pavlovich","Васютинский Виталий Павлович","Kherson Oblast","Head of Verkhniy Rohachyk Municipal District, Kherson Oblast (occupation)","District","Verkhniy Rohachyk","2023","","Yes","Kherson Oblast-based local official"
"OFC-1058","Semyakina Yulіya Vіktorіvna","Семякина Юлія Вікторівна","Kherson Oblast","Head of Henichesk Municipal District, Kherson Oblast (occupation)","District","Henichesk","2025","","Yes","Kherson Oblast-based local official"
"OFC-1059","Titarenko Vitaliy Valerevich","Титаренко Виталий Валерьевич","Kherson Oblast","Head of Holoprystansky Municipal District, Kherson Oblast (occupation)","District","Hola Prystan","2023","","Yes","Kherson Oblast-based local official"
"OFC-1060","Turulev Yuriy Valerevich","Турулев Юрий Валерьевич","Kherson Oblast","Head of Hornostaivka Municipal District, Kherson Oblast (occupation)","District","Hornostaivka","2023","","Yes","Kherson Oblast-based local official"
"OFC-1061","Malyonkin Aleksey Petrovich","Малёнкин Алексей Петрович","Kherson Oblast","Head of Ivanivka Municipal District, Kherson Oblast (occupation)","District","Ivanivka","2024","","Yes","Kherson Oblast-based local official"
"OFC-1062","Perelovich Galina Yanoshevna","Перелович Галина Яношевна","Kherson Oblast","Acting Head of Kalanchak Municipal District, Kherson Oblast (occupation)","District","Kalanchak","2025","","Yes","Kherson Oblast-based local official"
"OFC-1063","Nikitenko Vladislav Viktorovich","Никитенко Владислав Викторович","Kherson Oblast","Head of Nyzhni Sirohozy Municipal District, Kherson Oblast (occupation)","District","Nyzhni Sirohozy","2023","","Yes","Kherson Oblast-based local official"
"OFC-1064","Oganesov Vladimir Shagenovich","Оганесов Владимир Шагенович","Kherson Oblast","Acting Head of Nova Kakhovka City District, Kherson Oblast (occupation)","City","Nova Kakhovka","2025","","Yes","Kherson Oblast-based local official, born in Russia"
"OFC-1065","Kuzmenko Evgeniya Nikolaevna","Кузьменко Евгения Николаевна","Kherson Oblast","Head of Novotroitske Municipal District, Kherson Oblast (occupation)","District","Novotroitske","2023","","Yes","Kherson Oblast-based local official"
"OFC-1066","Dudka Aleksandr Petrovich","Дудка Александр Петрович","Kherson Oblast","Head of Skadovsk Municipal District, Kherson Oblast (occupation)","District","Skadovsk","2023","","Yes","Kherson Oblast-based local official"
"OFC-1067","Pulyaeva Liliya Anatolevna","Пуляева Лилия Анатольевна","Kherson Oblast","Head of Chaplynka Municipal District, Kherson Oblast (occupation)","District","Chaplynka","2023","","Yes","Kherson Oblast-based local official"
"OFC-1068","Svechnikov Aleksandr Valerevich","Свечников Александр Валерьевич","Kherson Oblast","Acting First Deputy Minister of Property and Land Relations, Kherson Oblast","Sector","Henichesk","2024 (at least)","","Yes","Kherson Oblast occupation official"
"OFC-1069","Davidova Mariya Vyacheslavovna","Давидова Мария Вячеславовна","Kherson Oblast","Acting Deputy Minister of Property and Land Relations, Kherson Oblast","Sector","Henichesk","2025 (at least)","","Yes","Kherson Oblast occupation official"
"OFC-1070","Andreeva Angelina Davidovna","Андреева Ангелина Давидовна","Kherson Oblast","Acting Deputy Minister of Property and Land Relations, Kherson Oblast","Sector","Henichesk","2025 (at least)","","Yes","Kherson Oblast occupation official"
"OFC-1071","Malaya Lyudmila Aleksandrovna","Малая Людмила Александровна","Kherson Oblast","Head (Managing Director) of Social Fund of Russia — Kherson Oblast Branch","Sector","Henichesk","2023","","Yes","From Russia (Russian Social Fund federal structure)"
"OFC-1072","Karaulova Yuliya Pavlovna","Караулова Юлия Павловна","Kherson Oblast","Deputy Head, Social Fund of Russia — Kherson Oblast Branch","Sector","Henichesk","2022","","Yes","From Russia (Russian Social Fund federal structure)"
"OFC-1073","Kuguk Viktoriya Anatolevna","Кугук Виктория Анатольевна","Kherson Oblast","Deputy Head, Social Fund of Russia — Kherson Oblast Branch","Sector","Henichesk","2022","","Yes","From Russia (Russian Social Fund federal structure)"
"OFC-1074","Akifeva Elena Evgenevna","Акифьева Елена Евгеньевна","Kherson Oblast","Deputy Head, Social Fund of Russia — Kherson Oblast Branch","Sector","Henichesk","2023 (at least)","","Yes","From Russia (Russian Social Fund federal structure)"
"OFC-1075","Mordachyova Irina Sergeevna","Мордачёва Ирина Сергеевна","Kherson Oblast","Head of Employment Service, Kherson Oblast","Sector","Henichesk","2024","","Yes","Kherson Oblast occupation official"
"OFC-1076","Kalyonov Georgiy Dmitrievich","Калёнов Георгий Дмитриевич","Kherson Oblast","First Deputy Minister of Industry and Trade, Kherson Oblast","Sector","Henichesk","2023 (at least)","","Yes","Kherson Oblast occupation official"
"OFC-1077","Krasulya Svetlana Valerevna","Красуля Светлана Валерьевна","Kherson Oblast","Deputy Minister of Industry and Trade, Kherson Oblast","Sector","Henichesk","2025 (at least)","","Yes","Kherson Oblast occupation official"
"OFC-1078","Saenko Marina Vladimirovna","Саенко Марина Владимировна","Kherson Oblast","Acting Deputy Minister of Industry and Trade, Kherson Oblast","Sector","Henichesk","2025 (at least)","","Yes","Kherson Oblast occupation official"
"OFC-1079","Larionov Vladimir Yurevich","Ларионов Владимир Юрьевич","Kherson Oblast","Acting First Deputy Minister of Health, Kherson Oblast","Sector","Henichesk","2025 (at least)","","Yes","Kherson Oblast occupation official"
"OFC-1080","Demedyuk Olga Ivanovna","Демедюк Ольга Ивановна","Kherson Oblast","Acting Deputy Minister of Health, Kherson Oblast","Sector","Henichesk","2025 (at least)","","Yes","Kherson Oblast occupation official"
"OFC-1081","Kolmykov Maksim Evgenevich","Колмыков Максим Евгеньевич","Kherson Oblast","First Deputy Minister of Economic Development, Kherson Oblast","Sector","Henichesk","","","Yes","Kherson Oblast occupation official"
"OFC-1082","Belik Sergey Yakovlevich","Белик Сергей Яковлевич","Kherson Oblast","Acting Deputy Minister of Economic Development, Kherson Oblast","Sector","Henichesk","2025 (at least)","","Yes","Kherson Oblast occupation official"
"OFC-1083","Korostelenko Maksim Sergeevich","Коростеленко Максим Сергеевич","Kherson Oblast","First Deputy Minister of Youth Policy, Kherson Oblast","Sector","Henichesk","2023 (at least)","","Yes","Kherson Oblast occupation official"
"OFC-1084","Krupnaya Darya Anatolevna","Крупная Дарья Анатольевна","Kherson Oblast","Deputy Minister of Youth Policy, Kherson Oblast","Sector","Henichesk","2025 (at least)","","Yes","Kherson Oblast occupation official"
"OFC-1085","Podsadnyy Aleksandr Sergeevich","Подсадный Александр Сергеевич","Kherson Oblast","Head of Mass Sport and Infrastructure Development Department, Ministry of Sport, Kherson Oblast","Sector","Henichesk","","","Yes","Kherson Oblast occupation official"
"OFC-1086","Bodnya Karina Alekseevna","Бодня Карина Алексеевна","Kherson Oblast","Head of Elite Sport Department, Ministry of Sport, Kherson Oblast","Sector","Henichesk","2026 (at least)","","Yes","Kherson Oblast occupation official"
"OFC-1087","Grigorev Roman Nikolaevich","Григорьев Роман Николаевич","Kherson Oblast","First Deputy Minister of Digital Development and Mass Communications, Kherson Oblast","Sector","Henichesk","2023 (at least)","","Yes","Kherson Oblast occupation official"
"OFC-1088","Glukhova Elena Mikhaylovna","Глухова Елена Михайловна","Kherson Oblast","Deputy Minister of Digital Development and Mass Communications, Kherson Oblast","Sector","Henichesk","","","Yes","Kherson Oblast occupation official"
"OFC-1089","Kalnaus Oleg Robertovich","Калнаус Олег Робертович","Kherson Oblast","Acting Head of Veterinary Administration, Kherson Oblast","Sector","Henichesk","2023","","Yes","Kherson Oblast occupation official"
"OFC-1090","Musienko Viktor Ivanovich","Мусиенко Виктор Иванович","Kherson Oblast","Deputy Head of Veterinary Administration, Kherson Oblast","Sector","Henichesk","","","Yes","Kherson Oblast occupation official"
"OFC-1091","Kalashnikova Oksana Aleksandrovna","Калашникова Оксана Александровна","Kherson Oblast","Head of Internal Policy Administration, Kherson Oblast","Regional","Henichesk","2023","","Yes","Kherson Oblast occupation official"
"OFC-1092","Bulyuk Igor Vitalevich","Булюк Игорь Витальевич","Kherson Oblast","First Deputy Head of Internal Policy Administration, Kherson Oblast","Sector","Henichesk","2024 (at least)","","Yes","Kherson Oblast occupation official"
"OFC-1093","Gavrishchuk Svetlana Aleksandrovna","Гаврищук Светлана Александровна","Kherson Oblast","Deputy Head of Internal Policy Administration, Kherson Oblast","Sector","Henichesk","2025 (at least)","","Yes","Kherson Oblast occupation official"
"OFC-1094","Goltsov Dmitriy Evgenevich","Гольцов Дмитрий Евгеньевич","Kherson Oblast","Deputy Head of Internal Policy Administration, Kherson Oblast","Sector","Henichesk","2022 (as Deputy Head of the Police Department for the Korabelny District of Kherson)","","Yes","Kherson Oblast occupation official"
"OFC-1095","Nemtinov Evgeniy Viktorovich","Немтинов Евгений Викторович","Kherson Oblast","Acting Deputy Minister of Finance, Kherson Oblast","Sector","Henichesk","2022 (as Minister of Finance for the Kherson Region)","","Yes","Kherson Oblast occupation official"
"OFC-1096","Aleynova Anna Igorevna","Алейнова Анна Игоревна","Zaporizhzhia Oblast","Deputy of Zaporizhzhia Oblast Legislative Assembly (United Russia)","Regional","Melitopol","2023","","Yes","Zaporizhzhia Oblast-based local politician"
"OFC-1097","Andros Nikolay Vasilevich","Андрос Николай Васильевич","Zaporizhzhia Oblast","Deputy of Zaporizhzhia Oblast Legislative Assembly (United Russia); coordinator of ""Healthy Future"" project","Regional","Melitopol","2023","","Yes","Zaporizhzhia Oblast-based local politician"
"OFC-1098","Ashcheulov Vladislav Viktorovich","Ащеулов Владислав Викторович","Zaporizhzhia Oblast","Deputy of Zaporizhzhia Oblast Legislative Assembly (United Russia)","Regional","Melitopol","2023","","Yes","Zaporizhzhia Oblast-based local politician"
"OFC-1099","Betin Viktor Anatolevich","Бетин Виктор Анатольевич","Zaporizhzhia Oblast","Deputy of Zaporizhzhia Oblast Legislative Assembly (United Russia)","Regional","Melitopol","2023","","Yes","Zaporizhzhia Oblast-based local politician"
"OFC-1100","Gorlachev Evgeniy Sergeevich","Горлачев Евгений Сергеевич","Zaporizhzhia Oblast","Deputy of Zaporizhzhia Oblast Legislative Assembly (United Russia); Director of Melitopol Regional Museum; Head of Melitopol Military-Historical Society","Regional","Melitopol","2023","","Yes","Zaporizhzhia Oblast-based local politician"
"OFC-1101","Doloman Roman Gennadevich","Доломан Роман Геннадьевич","Zaporizhzhia Oblast","Deputy of Zaporizhzhia Oblast Legislative Assembly (United Russia)","Regional","Melitopol","2023","","Yes","Zaporizhzhia Oblast-based local politician"
"OFC-1102","Zubarev Maksim Yurevich","Зубарев Максим Юрьевич","Zaporizhzhia Oblast","Deputy of Zaporizhzhia Oblast Legislative Assembly; Chair of Committee on State Management and Local Government (United Russia); coordinator ""Russian Village"" project","Regional","Melitopol","2023","","Yes","Zaporizhzhia Oblast-based local politician"
"OFC-1103","Karchaa Renat Ivanovich","Карчаа Ренат Иванович","Zaporizhzhia Oblast","Deputy of Zaporizhzhia Oblast Legislative Assembly (United Russia)","Regional","Melitopol","2023","","Yes","Zaporizhzhia Oblast-based local politician"
"OFC-1104","Kovdrya Anastasiya Vitalevna","Ковдря Анастасия Витальевна","Zaporizhzhia Oblast","Deputy of Zaporizhzhia Oblast Legislative Assembly (United Russia)","Regional","Melitopol","2023","","Yes","Zaporizhzhia Oblast-based local politician"
"OFC-1105","Kuvachev Stepan Anatolevich","Кувачев Степан Анатольевич","Zaporizhzhia Oblast","Deputy of Zaporizhzhia Oblast Legislative Assembly; Chair of Committee on Culture, Sport, Tourism, Ecology and Youth (United Russia)","Regional","Melitopol","2023","","Yes","Zaporizhzhia Oblast-based local politician"
"OFC-1106","Kucherkov Aleksandr Aleksandrovich","Кучерков Александр Александрович","Zaporizhzhia Oblast","Deputy of Zaporizhzhia Oblast Legislative Assembly (United Russia)","Regional","Melitopol","2023","","Yes","Zaporizhzhia Oblast-based local politician"
"OFC-1107","Lyubeznyy Maksim Vladimirovich","Любезный Максим Владимирович","Zaporizhzhia Oblast","Deputy of Zaporizhzhia Oblast Legislative Assembly (United Russia)","Regional","Melitopol","2023","","Yes","Zaporizhzhia Oblast-based local politician"
"OFC-1108","Musenko Pavel Aleksandrovich","Мусенко Павел Александрович","Zaporizhzhia Oblast","Deputy of Zaporizhzhia Oblast Legislative Assembly (United Russia)","Regional","Melitopol","2023","","Yes","Zaporizhzhia Oblast-based local politician"
"OFC-1109","Novikova Lyudmila Viktorovna","Новикова Людмила Викторовна","Zaporizhzhia Oblast","Deputy of Zaporizhzhia Oblast Legislative Assembly; Member of Regional Political Council (United Russia)","Regional","Melitopol","2023","","Yes","Zaporizhzhia Oblast-based local politician"
"OFC-1110","Paraskan Kristina Nikolaevna","Параскан Кристина Николаевна","Zaporizhzhia Oblast","Deputy of Zaporizhzhia Oblast Legislative Assembly (United Russia)","Regional","Melitopol","2023","","Yes","Zaporizhzhia Oblast-based local politician"
"OFC-1111","Pastushenko Nikolay Mikhaylovich","Пастушенко Николай Михайлович","Zaporizhzhia Oblast","First Deputy Chairman of Zaporizhzhia Oblast Legislative Assembly (United Russia)","Regional","Melitopol","2023","","Yes","Zaporizhzhia Oblast-based local politician"
"OFC-1112","Popov Mikhail Nikolaevich","Попов Михаил Николаевич","Zaporizhzhia Oblast","Deputy Chairman of Zaporizhzhia Oblast Legislative Assembly (United Russia)","Regional","Melitopol","2023","","Yes","Zaporizhzhia Oblast-based local politician"
"OFC-1113","Rozhkova Veronika Viktorovna","Рожкова Вероника Викторовна","Zaporizhzhia Oblast","Deputy of Zaporizhzhia Oblast Legislative Assembly (United Russia)","Regional","Melitopol","2023","","Yes","Zaporizhzhia Oblast-based local politician"
"OFC-1114","Saulenko Aleksandr Fedorovich","Сауленко Александр Федорович","Zaporizhzhia Oblast","Deputy of Zaporizhzhia Oblast Legislative Assembly (United Russia)","Regional","Melitopol","2023","","Yes","Zaporizhzhia Oblast-based local politician"
"OFC-1115","Skiba Anna Valerevna","Скиба Анна Валерьевна","Zaporizhzhia Oblast","Deputy of Zaporizhzhia Oblast Legislative Assembly (United Russia)","Regional","Melitopol","2023","","Yes","Zaporizhzhia Oblast-based local politician"
"OFC-1116","Starikov Roman Gennadevich","Стариков Роман Геннадьевич","Zaporizhzhia Oblast","Deputy of Zaporizhzhia Oblast Legislative Assembly; coordinator ""Historical Memory"" project (United Russia)","Regional","Melitopol","2023","","Yes","Zaporizhzhia Oblast-based local politician"
"OFC-1117","Stelmachenko Vladimir Anatolevich","Стельмаченко Владимир Анатольевич","Zaporizhzhia Oblast","Deputy of Zaporizhzhia Oblast Legislative Assembly (United Russia)","Regional","Melitopol","2023","","Yes","Zaporizhzhia Oblast-based local politician"
"OFC-1118","Stepanov Vladislav Vitalevich","Степанов Владислав Витальевич","Zaporizhzhia Oblast","Deputy Chairman (Social Policy) of Zaporizhzhia Oblast Legislative Assembly (United Russia)","Regional","Melitopol","2023","","Yes","Zaporizhzhia Oblast-based local politician"
"OFC-1119","Stepanyuk Ekaterina Ivanovna","Степанюк Екатерина Ивановна","Zaporizhzhia Oblast","Deputy of Zaporizhzhia Oblast Legislative Assembly (United Russia)","Regional","Melitopol","2023","","Yes","Zaporizhzhia Oblast-based local politician"
"OFC-1120","Surotkina Darya Nikolaevna","Суроткина Дарья Николаевна","Zaporizhzhia Oblast","Leader of United Russia Faction; Chair of Budget and Economic Policy Committee, Zaporizhzhia Oblast Legislative Assembly","Regional","Melitopol","2023","","Yes","Zaporizhzhia Oblast-based local politician"
"OFC-1121","Tarantinov Anton Sergeevich","Тарантинов Антон Сергеевич","Zaporizhzhia Oblast","Deputy of Zaporizhzhia Oblast Legislative Assembly (United Russia)","Regional","Melitopol","2023","","Yes","Zaporizhzhia Oblast-based local politician"
"OFC-1122","Trokay Elena Andreevna","Трокай Елена Андреевна","Zaporizhzhia Oblast","Deputy of Zaporizhzhia Oblast Legislative Assembly; coordinator ""World of Possibilities"" project (United Russia)","Regional","Melitopol","2023","","Yes","Zaporizhzhia Oblast-based local politician"
"OFC-1123","Tyurin Konstantin Vitalevich","Тюрин Константин Витальевич","Zaporizhzhia Oblast","Deputy of Zaporizhzhia Oblast Legislative Assembly (United Russia); Director of MUP ""Teplo-Melitopol""","Regional","Melitopol","2023","","Yes","Zaporizhzhia Oblast-based local politician"
"OFC-1124","Yurchenko Sergey Nikolaevich","Юрченко Сергей Николаевич","Zaporizhzhia Oblast","Deputy Chair of Defence and Law Enforcement Committee, Zaporizhzhia Oblast Legislative Assembly (United Russia)","Regional","Melitopol","2023","","Yes","Zaporizhzhia Oblast-based local politician"
"OFC-1125","Yarchuk Angelina Vladimirovna","Ярчук Ангелина Владимировна","Zaporizhzhia Oblast","Deputy Chairman of Zaporizhzhia Oblast Legislative Assembly; Member Regional Political Council (United Russia)","Regional","Melitopol","2023","","Yes","Zaporizhzhia Oblast-based local politician"
"OFC-1126","Kovganko Andrey Anatolevich","Ковганко Андрей Анатольевич","Zaporizhzhia Oblast","Deputy Chairman of Zaporizhzhia Oblast Legislative Assembly (United Russia)","Regional","Melitopol","2023","","Yes","Zaporizhzhia Oblast-based local politician"
"OFC-1127","Yasinskiy Aleksey Leonidovich","Ясинский Алексей Леонидович","Zaporizhzhia Oblast","Deputy of Zaporizhzhia Oblast Legislative Assembly (United Russia)","Regional","Melitopol","2023","","Yes","Zaporizhzhia Oblast-based local politician"
"OFC-1128","Abduraimov Enver Elimdarovich","Абдураимов Энвер Элимдарович","Kherson Oblast","Deputy, Kherson Oblast Duma (United Russia); Deputy Chair of Finance and Budget Committee","Regional","Henichesk","2023","","Yes","Kherson Oblast-based local politician"
"OFC-1129","Barbashov Yuriy Vladislavovich","Барбашов Юрий Владиславович","Kherson Oblast","Deputy, Kherson Oblast Duma (United Russia); Member of Legislation and Local Government Committee","Regional","Henichesk","2023","","Yes","Kherson Oblast-based local politician"
"OFC-1130","Gabrielyan Khoren Alikovich","Габриелян Хорен Аликович","Kherson Oblast","Deputy, Kherson Oblast Duma (United Russia); Member of Nationality Policy Committee","Regional","Henichesk","2023","","Yes","Kherson Oblast-based local politician"
"OFC-1131","Gribovskaya Ekaterina Viktorovna","Грибовская Екатерина Викторовна","Kherson Oblast","Deputy, Kherson Oblast Duma (United Russia)","Regional","Henichesk","2023","","Yes","Kherson Oblast-based local politician"
"OFC-1132","Grishin Aleksey Yurevich","Гришин Алексей Юрьевич","Kherson Oblast","Deputy, Kherson Oblast Duma (United Russia); Member of Finance and Budget Committee","Regional","Henichesk","2023","","Yes","Kherson Oblast-based local politician"
"OFC-1133","Dmitruk Elena Leonidovna","Дмитрук Елена Леонидовна","Kherson Oblast","First Deputy Chairman of Kherson Oblast Duma (United Russia); coordinator ""Entrepreneurship"" project","Regional","Henichesk","2023","","Yes","Kherson Oblast-based local politician"
"OFC-1134","Kovalyov Yuriy Ivanovich","Ковалёв Юрий Иванович","Kherson Oblast","Deputy, Kherson Oblast Duma; Chair of Agriculture, Land and Ecology Committee (United Russia)","Regional","Henichesk","2023","","Yes","Kherson Oblast-based local politician"
"OFC-1135","Konovalov Vladimir Ivanovich","Коновалов Владимир Иванович","Kherson Oblast","Deputy, Kherson Oblast Duma; Member of Agriculture Committee (United Russia)","Regional","Henichesk","2023","","Yes","Kherson Oblast-based local politician"
"OFC-1136","Kosov Vladimir Viktorovich","Косов Владимир Викторович","Kherson Oblast","Deputy, Kherson Oblast Duma; Deputy Chair of Agriculture Committee (United Russia); coordinator ""Children's Sport"" project","Regional","Henichesk","2023","","Yes","Kherson Oblast-based local politician"
"OFC-1137","Kuzmin Evgeniy Sergeevich","Кузьмин Евгений Сергеевич","Kherson Oblast","Deputy, Kherson Oblast Duma; Deputy Chair of Social Policy Committee (United Russia); coordinator ""Healthy Future"" project","Regional","Henichesk","2023","","Yes","Kherson Oblast-based local politician"
"OFC-1138","Lebedkin Vladimir Ivanovich","Лебедкин Владимир Иванович","Kherson Oblast","Deputy, Kherson Oblast Duma; Deputy Chair of Nationality Policy Committee (United Russia)","Regional","Henichesk","2023","","Yes","Kherson Oblast-based local politician"
"OFC-1139","Maksimov Evgeniy Ivanovich","Максимов Евгений Иванович","Kherson Oblast","Deputy, Kherson Oblast Duma; Member of Finance Committee (United Russia); coordinator ""Culture of Small Homeland"" project","Regional","Henichesk","2023","","Yes","Kherson Oblast-based local politician"
"OFC-1140","Moroz Oksana Petrovna","Мороз Оксана Петровна","Kherson Oblast","Deputy, Kherson Oblast Duma; Member of Social Policy Committee; Deputy Secretary for Project Work (United Russia); coordinator ""Women's Movement"" project","Regional","Henichesk","2023","","Yes","Kherson Oblast-based local politician"
"OFC-1141","Osipenko Olga Nikolaevna","Осипенко Ольга Николаевна","Kherson Oblast","Deputy, Kherson Oblast Duma; Chair of Finance and Budget Committee (United Russia)","Regional","Henichesk","2023","","Yes","Kherson Oblast-based local politician"
"OFC-1142","Rubin Evgeniya Romanovna","Рубин Евгения Романовна","Kherson Oblast","Leader of United Russia Faction, Kherson Oblast Duma; Director of Askania-Nova Scientific Research Institute; coordinator ""Strong Family"" project","Regional","Henichesk","2023","","Yes","Kherson Oblast-based local politician"
"OFC-1143","Sabinov Andrey Pavlovich","Сабинов Андрей Павлович","Kherson Oblast","Deputy, Kherson Oblast Duma; Deputy Chair of Legislation and Local Government Committee (United Russia)","Regional","Henichesk","2023","","Yes","Kherson Oblast-based local politician"
"OFC-1144","Sivolonskaya Tatyana Borisovna","Сиволонская Татьяна Борисовна","Kherson Oblast","Deputy, Kherson Oblast Duma; Member of Agriculture Committee; coordinator ""Russian Village"" project (United Russia)","Regional","Henichesk","2023","","Yes","Kherson Oblast-based local politician"
"OFC-1145","Sipko Yuliya Olegovna","Сипко Юлия Олеговна","Kherson Oblast","Deputy, Kherson Oblast Duma; Member of Nationality Policy Committee (United Russia)","Regional","Henichesk","2023","","Yes","Kherson Oblast-based local politician"
"OFC-1146","Telegin Igor Evgenevich","Телегин Игорь Евгеньевич","Kherson Oblast","Deputy, Kherson Oblast Duma; Chair of Social Policy Committee (United Russia)","Regional","Henichesk","2023","","Yes","Kherson Oblast-based local politician"
"OFC-1147","Tomilina Tatyana Yurevna","Томилина Татьяна Юрьевна","Kherson Oblast","Chairman (Speaker) of Kherson Oblast Duma; Deputy (United Russia)","Regional","Henichesk","2023","","Yes","Kherson Oblast-based local politician"
"OFC-1148","Tropkin Pavel Mikhaylovich","Тропкин Павел Михайлович","Kherson Oblast","Deputy Chairman of Kherson Oblast Duma; First Deputy Secretary of Kherson ER regional branch (United Russia); coordinator ""Safe Roads"" project","Regional","Henichesk","2023","","Yes","Kherson Oblast-based local politician"
"OFC-1149","Fateeva Elvira Mikhaylovna","Фатеева Эльвира Михайловна","Kherson Oblast","Deputy, Kherson Oblast Duma; Rector of Kherson Academy of Continuing Education (United Russia); coordinator ""World of Possibilities"" project","Regional","Henichesk","2023","","Yes","Kherson Oblast-based local politician"
"OFC-1150","Fomin Aleksandr Aleksandrovich","Фомин Александр Александрович","Kherson Oblast","Deputy, Kherson Oblast Duma; Member of Finance and Budget Committee (United Russia)","Regional","Henichesk","2023","","Yes","Kherson Oblast-based local politician"
"OFC-1151","Kharitonov Andrey Nikolaevich","Харитонов Андрей Николаевич","Kherson Oblast","Deputy, Kherson Oblast Duma; Member of Economic Policy and Industry Committee (United Russia)","Regional","Henichesk","2023","","Yes","Kherson Oblast-based local politician"
"OFC-1152","Tsalikov Tamerlan Ruslanovich","Цаликов Тамерлан Русланович","Kherson Oblast","Deputy Chair of United Russia Faction; Chair of Legislation and Local Government Committee, Kherson Oblast Duma; coordinator ""Choice of the Strong"" project","Regional","Henichesk","2023","","Yes","Kherson Oblast-based local politician"
"OFC-1153","Cherniy Igor Anatolevich","Черний Игорь Анатольевич","Kherson Oblast","Deputy, Kherson Oblast Duma; Member of Legislation and Local Government Committee (United Russia)","Regional","Henichesk","2023","","Yes","Kherson Oblast-based local politician"
"OFC-1154","Kovalchuk Egor Viktorovich","Ковальчук Егор Викторович","LNR","Chairman of the LNR Government (Prime Minister)","Regional","Luhansk","2024","","Yes","From Russia (Chelyabinsk Oblast)"
"OFC-1155","Govtvin Yuriy Nikolaevich","Говтвин Юрий Николаевич","LNR","First Deputy Chairman of the LNR Government","Regional","Luhansk","2019","","Yes","LNR government official"
"OFC-1156","Khortiv Sergey Ivanovich","Хортив Сергей Иванович","LNR","Head of Rubizhne City Administration (occupation), LNR","City","Rubizhne","2020","","Yes","Born Molodohvardiysk, Luhansk Oblast (former Ukrainian elected mayor)"
"OFC-1157","Sukhachev Andrey Valerevich","Сухачев Андрей Валерьевич","LNR","Head of Sverdlovsk (Dovzhansk) Municipal District Administration, LNR","City","Sverdlovsk (Dovzhansk)","2016","","Yes","Local LNR city official"
"OFC-1158","Sergeeva Viktoriya Ivanovna","Сергеева Виктория Ивановна","LNR","Head of Kirovsk City Administration (occupation), LNR","City","Kirovsk","2021","","Yes","Local LNR city official"
"OFC-1159","Solovev Sergey Vitalevich","Соловьев Сергей Витальевич","LNR","Head of Krasny Luch City Administration (occupation), LNR","City","Krasny Luch","2023","","Yes","Local LNR city official"
"OFC-1160","Dreev Pavel Pavlovich","Дреев Павел Павлович","LNR","Acting Head of Sievierodonetsk City Administration (occupation), LNR","City","Sievierodonetsk","2025","","Yes","Local LNR city official"
"OFC-1161","Sakhnenko Eduard Valerevich","Сахненко Эдуард Валерьевич","LNR","Head of Lysychansk City Administration (occupation), LNR","City","Lysychansk","2023","","Yes","Local Lysychansk resident (pre-occupation mining industry)"
"OFC-1162","Tokarev Nikolay Kirillovich","Токарев Николай Кириллович","LNR","Head of Pervomaysk City Administration (occupation), LNR","City","Pervomaysk","2022","","Yes","Local LNR official (in occupation administration since 2017)"
"OFC-1163","Bondar Evgeniy Nikolaevich","Бондарь Евгений Николаевич","LNR","Head of Luhansk Municipal District Administration - Lutugino  (occupation), LNR","District","Luhansk district","2023","","Yes","Local LNR city official"
"OFC-1164","Chernev Vladimir Ilich","Чернев Владимир Ильич","LNR","Head of Starobilsk Municipal District Administration (occupation), LNR","District","Starobilsk","2023","","Yes","Local LNR city official"
"OFC-1165","Saenko Sergey","Саенко Сергей Николаевич","LNR","Head of Antratsyt Municipal District Administration (occupation), LNR","City","Antratsyt","2018","","Yes","Local LNR city official"
"OFC-1166","Rubantsov Andrey Viktorovich","Рубанцов Андрей Викторович","LNR","Head of Rovenky City Administration (occupation), LNR","City","Rovenky","2021","","Yes","Local LNR city official"
"OFC-1167","Grebenkova Svetlana Petrovna","Гребенькова Светлана Петровна","LNR","Head of Alchevsk City Administration (occupation), LNR","City","Alchevsk","2025","","Yes","Local LNR city official"
"OFC-1168","Moiseev Dmitriy","Моисеев Дмитрий","LNR","Head of Stakhanov City Administration (occupation), LNR","City","Stakhanov (Kadiivka)","","","Yes","Local LNR city official"
"OFC-1169","Kalmykov Aleksandr","Калмыков Александр","Zaporizhzhia Oblast","Head of Tokmak Municipal District, Zaporizhzhia Oblast (occupation)","City","Tokmak","2025","","Yes","Local Zaporizhzhia Oblast official, from Penza oblast"
"OFC-1170","Titskiy Anton","Тицкий Антон","Zaporizhzhia Oblast","Vice-Governor of Zaporizhzhia Oblast; former Minister of Youth Policy","Regional","Melitopol","2022","","Yes","From Russia (Government of the Russian Federation)"
"OFC-1171","Emelyanenko Viktor Andreevich","Емельяненко Виктор Андреевич","Zaporizhzhia Oblast","Deputy of Zaporizhzhia Oblast Legislative Assembly (United Russia)","Regional","Melitopol","2023","","Yes","Zaporizhzhia Oblast-based local politician"
"OFC-1172","Zubritskiy Viktor Vasilevich","Зубрицкий Виктор Васильевич","Zaporizhzhia Oblast","Deputy of Zaporizhzhia Oblast Legislative Assembly (United Russia)","Regional","Melitopol","2023","","Yes","Zaporizhzhia Oblast-based local politician"
"OFC-1173","Kovganko Andrey Anatolevich","Ковганко Андрей Анатольевич","Zaporizhzhia Oblast","Deputy of Zaporizhzhia Oblast Legislative Assembly (United Russia)","Regional","Melitopol","2023","","Yes","Zaporizhzhia Oblast-based local politician"
"OFC-1174","Efremov Aleksey Mikhaylovich","Ефремов Алексей Михайлович","Zaporizhzhia Oblast","Deputy of Zaporizhzhia Oblast Legislative Assembly (United Russia)","Regional","Melitopol","2023","","Yes","Zaporizhzhia Oblast-based local politician"
"OFC-1175","Lobacheva Veronika Viktorovna","Лобачева Вероника Викторовна","Zaporizhzhia Oblast","Deputy of Zaporizhzhia Oblast Legislative Assembly (United Russia)","Regional","Melitopol","2023","","Yes","Zaporizhzhia Oblast-based local politician"
"OFC-1176","Koryakin Egor Pavlovich","Корякин Егор Павлович","Zaporizhzhia Oblast","Deputy of Zaporizhzhia Oblast Legislative Assembly (United Russia)","Regional","Melitopol","2023","","Yes","Zaporizhzhia Oblast-based local politician"
"OFC-1177","Onishchuk Yuriy Petrovich","Онищук Юрий Петрович","Zaporizhzhia Oblast","Deputy of Zaporizhzhia Oblast Legislative Assembly (opposition faction)","Regional","Melitopol","2023","","Yes","Zaporizhzhia Oblast-based local politician"
"OFC-1178","Mishchenko Vasiliy Arsentevich","Мищенко Василий Арсентьевич","Zaporizhzhia Oblast","Deputy of Zaporizhzhia Oblast Legislative Assembly (opposition faction)","Regional","Melitopol","2023","","Yes","Zaporizhzhia Oblast-based local politician"
"OFC-1179","Perov Kirill Alekseevich","Перов Кирилл Алексеевич","Zaporizhzhia Oblast","Deputy of Zaporizhzhia Oblast Legislative Assembly (opposition faction)","Regional","Melitopol","2023","","Yes","Zaporizhzhia Oblast-based local politician"
"OFC-1180","Tretyak Svetlana Feodosievna","Третьяк Светлана Феодосиевна","Zaporizhzhia Oblast","Deputy of Zaporizhzhia Oblast Legislative Assembly (opposition faction)","Regional","Melitopol","2023","","Yes","Zaporizhzhia Oblast-based local politician"
"OFC-1181","Slyusarenko Oleg Aleksandrovich","Слюсаренко Олег Александрович","Zaporizhzhia Oblast","Deputy of Zaporizhzhia Oblast Legislative Assembly (opposition faction)","Regional","Melitopol","2023","","Yes","Zaporizhzhia Oblast-based local politician"
"OFC-1182","Zakharov Maksim Evgenevich","Захаров Максим Евгеньевич","DPR","Acting Minister of Economic Development, DPR","Regional","Donetsk","2024","","Yes","DPR government official"
"OFC-1184","Golovko Aleksandr Ivanovich","Головко Александр Иванович","DPR","Deputy Minister of Sport and Tourism of the DPR","Regional","Donetsk","2025","","Yes","DPR government official"
"OFC-1185","Peresada Sergey","Пересада Сергей Сергеевич","DPR","Director of the Department of External Relations of the Administration of the Head and Government of the Donetsk People’s Republic.","Regional","Donetsk","2025","","Yes","DPR government official"
"OFC-1186","Nikonorov Yuriy","Никоноров Юрий Алексеевич","DPR","First Deputy Minister of Industry and Trade, DPR","Regional","Donetsk","2023 (at least)","2024","No","DPR government official"
"OFC-1187","Zinchenko Aleksandr Anatolevich","Зинченко Александр Анатольевич","Zaporizhzhia Oblast","Deputy Chairman of the Government of Zaporizhzhia Oblast","Regional","Melitopol","2021","2025","Yes","Zaporizhzhia Oblast occupation government official"
"OFC-1188","Martynenko Elena Vladimirovna","Мартыненко Елена Владимировна","Zaporizhzhia Oblast","Minister of Labour and Social Policy, Zaporizhzhia Oblast","Regional","Melitopol","2023 (at least)","2025","No","Zaporizhzhia Oblast occupation government official"
"OFC-1189","Ugolkova Anna Petrovna","Уголкова Анна Петровна","LPR / Zaporizhzhia Oblast","Minister of Economic Development of the Luhansk People’s Republic","Regional","Luhansk","2025","","Yes","Zaporizhzhia Oblast occupation government official"
"OFC-1190","Dyachenko Irina Viktorovna","Дьяченко Ирина Викторовна","Zaporizhzhia Oblast","Head of the Employment Committee, Zaporizhzhia Oblast","Sector","Melitopol","2022","","Yes","Zaporizhzhia Oblast occupation government official"
"OFC-1191","Kucherenko Anna Valerievna","Кучеренко Анна Валериевна","Zaporizhzhia Oblast","Former Acting Minister of Education and Science of Zaporizhzhia Oblast","Sector","Melitopol","2024","2025 (latest)","No","Zaporizhzhia Oblast occupation government official"
"OFC-1192","Panfyorova Tatyana Mikhaylovna","Панфёрова Татьяна Михайловна","Zaporizhzhia Oblast","Acting Deputy Minister of Education and Science, Zaporizhzhia Oblast","Sector","Melitopol","2025 (at least)","","Yes","Zaporizhzhia Oblast occupation government official"
"OFC-1193","Verkeenko Vladimir Valeryanovich","Веркеенко Владимир Валерьянович","Zaporizhzhia Oblast","Deputy Minister of Education and Science, Zaporizhzhia Oblast","Sector","Melitopol","2024 (at least)","2024 (last mentioned)","No","Zaporizhzhia Oblast occupation government official"
"OFC-1194","Afanasev Mikhail Sergeevich","Афанасьев Михаил Сергеевич","Crimea","Head of Administration of Simferopol City, Republic of Crimea","City","Simferopol","2022","","Yes","Crimea-based occupation official"
"OFC-1195","Katorgin Oleg","Каторгин Олег","Crimea","Head of Administration of Kerch City, Republic of Crimea","City","Kerch","2024","","Yes","Crimea-based occupation official"
"OFC-1196","Yurev Aleksandr","Юрьев Александр Юрьевич","Crimea","Head of Administration of Yevpatoria City, Republic of Crimea","City","Yevpatoria","2024","","Yes","Crimea-based occupation official, born in Tambov, Russia"
"OFC-1197","Pavlenko Yanina Petrovna","Павленко Янина Петровна","Crimea","Head of Administration of Yalta City, Republic of Crimea","City","Yalta","2020","","Yes","Crimea-based occupation official, born in Chernivtsi region, Ukraine."
"OFC-1198","Ogneva Galina","Огнева Галина Ивановна","Crimea","Head of Administration of Alushta City, Republic of Crimea","City","Alushta","2024","","Yes","Crimea-based occupation official"
"OFC-1199","Tkachenko Igor","Ткаченко Игорь","Crimea","Head of Administration of Feodosiya City, Republic of Crimea","City","Feodosiya","2023","2025","No","Crimea-based occupation official"
"OFC-1200","Yurchenko Ivan Sergeevich","Юрченко Иван Сергеевич","Crimea","Acting Head of Simferopol District Administration, Republic of Crimea","District","Simferopol district","2025","","Yes","Crimea-based occupation official"
"OFC-1201","Petelin Sergey Anatolevich","Петелин Сергей Анатольевич","Crimea","Former Head of Simferopol District Administration, Republic of Crimea (resigned October 2025)","District","Simferopol district","2024","","No","From Russia (Brest Oblast / Russian-Belarusian background)"
"OFC-1202","Fedorenko Inna","Федоренко Инна Сергеевна","Crimea","Head of Dzhankoi District Administration, Republic of Crimea","District","Dzhankoi district","2024","","Yes","Crimea-based occupation official"
"OFC-1203","Burlaka Oleg","Бурлака Олег Николаевич","Crimea","Head of Administration of Krasnoperekopsk City, Republic of Crimea","City","Krasnoperekopsk","2024","","Yes","Crimea-based occupation official"
"OFC-1204","Girskiy Sergey","Гирский Сергей","Crimea","First Deputy Head of Administration of Krasnoperekopsk City, Republic of Crimea","City","Krasnoperekopsk","2024","","Yes","Crimea-based occupation official"
"OFC-1205","Grabovan Vasiliy","Грабован Василий","Crimea","Head of Krasnohvardiyske (Krasnogvardeysky) District Administration, Republic of Crimea","District","Krasnohvardiyske district","2024","","Yes","Crimea-based occupation official"
"OFC-1206","Kharlamov Aleksandr","Харламов Александр","Crimea","Head of Sovetsky District Administration, Republic of Crimea","District","Sovetsky district","2024","","Yes","Crimea-based occupation official"
"OFC-1207","Kravets Anton","Кравец Антон","Crimea","Head of Nyzhnohorsk (Nizhnegorsky) District Administration, Republic of Crimea","District","Nyzhnohorsk district","2019","","Yes","Crimea-based occupation official"
"OFC-1208","Skoblikov Dmitriy Sergeevich","Скобликов Дмитрий Сергеевич","Crimea","Head of Administration of Bakhchisaray City, Republic of Crimea","City","Bakhchisaray","2024","","Yes","From Russia (born Bryansk Oblast)"
"OFC-1209","Yastrebova Anzhelika Nikolaevna","Ястребова Анжелика Николаевна","Crimea","Head of Bakhchisaray District Administration, Republic of Crimea","District","Bakhchisaray district","2024","","Yes","Crimea-based occupation official"
"OFC-1210","Kulinchenko Olga","Кулинченко Ольга","Crimea","Chairman of Bakhchisaray City Council, Republic of Crimea","City","Bakhchisaray","2024","","Yes","Crimea-based occupation official"
"OFC-1211","Chebyshev Kirill Yurevich","Чебышев Кирилл Юрьевич","Crimea","Head of Administration of Sudak City, Republic of Crimea","City","Sudak","2024","","Yes","Crimea-based occupation official"
"OFC-1212","Predybaylo Yuliya Anatolevna","Предыбайло Юлия Анатольевна","Crimea","Head of Administration of Saky City, Republic of Crimea","City","Saky","2024","","Yes","Crimea-based occupation official"
"OFC-1213","Chumakov Dmitriy Sergeevich","Чумаков Дмитрий Сергеевич","Crimea","Head of Belohorsk (Bilohirsk) District Administration, Republic of Crimea","District","Belohorsk district","2024","","Yes","Crimea-based occupation official"
"OFC-1214","Pukhov Maksim","Пухов Максим","Zaporizhzhia Oblast","Head of Enerhodar City Administration, Zaporizhzhia Oblast (occupation)","City","Enerhodar","2025","","Yes","From Russia (Kola Nuclear Power Plant / Murmansk Oblast)"
"OFC-1215","Senovoz Eduard Nikolaevich","Сеновоз Эдуард Николаевич","Zaporizhzhia Oblast","Former Head of Enerhodar City Administration, Zaporizhzhia Oblast (resigned January 2025)","City","Enerhodar","2022","2025","No","From Russia (Rosatom, Smolenskaya AES)"
"OFC-1216","Tuzhilin Vladimir Gennadevich","Тужилин Владимир Геннадьевич","DPR","Acting Minister of Transport, DPR","Regional","Donetsk","2023","2024","No","DPR government official"
"OFC-1217","Pershina Natalya Dmitrievna","Першина Наталья Дмитриевна","DPR","Acting Minister of Information, DPR","Regional","Donetsk","2023","","Yes","DPR government official"
"OFC-1218","Strelchenko Denis Igorevich","Стрельченко Денис Игоревич","DPR","Acting Minister of Labour and Social Policy, DPR","Regional","Donetsk","2022","2025","No","DPR government official"
"OFC-1219","Tsiganov Nikolay Mikhaylovich","Циганов Николай Михайлович","DPR","Minister of Construction and Housing/Communal Services (ZhKH), DPR","Regional","Donetsk","2023","","Yes","DPR government official"
"OFC-1220","Ponomarenko Natalya Nikolaevna","Пономаренко Наталья Николаевна","DPR","First Deputy Minister of Finance, DPR","Sector","Donetsk","2026","","Yes","DPR government official"
"OFC-1221","Efimov Aleksandr Anatolevich","Ефимов Александр Анатольевич","DPR","Deputy Minister of Economic Development, DPR; former Acting Minister (May 2025–Feb 2026)","Sector","Donetsk","2025","2026","No","DPR government official"
"OFC-1222","Kushnir Evgeniya Vladimirovna","Кушнир Евгения Владимировна","DPR","Deputy Minister of Economic Development, DPR","Sector","Donetsk","2026","","Yes","DPR government official"
"OFC-1223","Kovalev Pavel Vyacheslavovich","Ковалев Павел Вячеславович","LNR","Deputy Chairman of the LNR Government","Regional","Luhansk","2024","2026","No","LNR government official"
"OFC-1224","Malakhova Svetlana Anatolevna","Малахова Светлана Анатольевна","LNR","Acting Deputy Chairman of the LNR Government","Regional","Luhansk","2023","","Yes","LNR government official, born in Luhansk"
"OFC-1225","Sorokin Evgeniy Dmitrievich","Сорокин Евгений Дмитриевич","LNR","Minister of Agriculture and Food, LNR","Regional","Luhansk","2022","","Yes","LNR government official"
"OFC-1226","Makarenko Elena Sergeevna","Макаренко Елена Сергеевна","LNR","Minister of Labour and Social Policy, LNR","Regional","Luhansk","2023","","Yes","LNR government official"
"OFC-1229","Khusainov Almaz","Хусаинов Алмаз","LNR / Russia","Deputy Head of Ministry of Construction and ZhKH of Russia","Sector","Luhansk","2024","","Yes","Russian government official"
"OFC-1230","Prokopenko Vladimir Vladimirovich","Прокопенко Владимир Владимирович","Zaporizhzhia Oblast","Head of Prymorsk (Primorsky) Municipal District, Zaporizhzhia Oblast","District","Prymorsk","2023","","Yes","Zaporizhzhia Oblast-based local official"
"OFC-1231","Mervaezova Yuliya Alekseevna","Мерваезова Юлия Алексеевна","DPR","First Deputy Minister of Construction and ZhKH, DPR","Sector","Donetsk","2023 (at least)","2025","No","From Russia / Russian federal appointee, born in Irkutsk"
"OFC-1232","Nagaytsev Andrey Petrovich","Нагайцев Андрей Петрович","DPR","Deputy Minister of Construction and ZhKH, DPR","Sector","Donetsk","2022","2024","Yes","DPR government official"
"OFC-1233","Zhukovskiy Maksim Mikhaylovich","Жуковский Максим Михайлович","DPR","Deputy Minister of Construction and ZhKH, DPR","Sector","Donetsk","2022 (at least)","","Yes","DPR government official"
"OFC-1234","Radyuk Anna Sergeevna","Радюк Анна Сергеевна","DPR","Deputy Minister of Health, DPR","Sector","Donetsk","2024 (at least)","","Yes","DPR government official"
"OFC-1235","Levchenko Aleksandr Anatolevich","Левченко Александр Анатольевич","DPR","Deputy Minister of Health, DPR","Sector","Donetsk","2020 (at least)","2021 (last mentioned)","No","DPR government official"
"OFC-1236","Mayboroda Svitlana Anatoliivna","Майборода Світлана Анатоліївна","DPR","Director of the so-called State Service for Family and Children Affairs (DSSSD)","Sector","Mariupol","2015","","Unknown","Local collaborator"
"OFC-1237","Popova Hanna Volodymyrivna","Попова Ганна Володимирівна","DPR","Specialist, guardian and custody sector, Mariupol city department for family and children","Sector","Mariupol","2022","","Yes","Local collaborator"
"OFC-1238","Pravilova Natalia Valeriivna","Правілова Наталя Валеріївна","DPR","Specialist, Mariupol city department for family and children","Sector","Mariupol","2022","","Yes","Local collaborator"
"OFC-1239","Hubska Olena Vasylivna","Губська Олена Василівна","DPR","Specialist, Mariupol city department for family and children","Sector","Mariupol","2022","","Yes","Local collaborator"
"OFC-1240","Orkhimenko Olha Valentynivna","Орхименко Ольга Валентинівна","DPR","Specialist, Mariupol city department for family and children","Sector","Mariupol","2023","","Yes","Local collaborator"
"OFC-1241","Barkalov Andriy Oleksandrovych","Баркалов Андрій Олександрович","DPR","Specialist, Mariupol city department for family and children","Sector","Mariupol","2022","","Yes","Local collaborator"
"OFC-1242","Berezka (Kurylenko) Maria Oleksandrivna","Березка (Куриленко) Марія Олександрівна","DPR","So-called chief specialist, department for family and children's affairs, Zhovtnevy district, Mariupol","Sector","Mariupol","2022","","Yes","Local collaborator"
"OFC-1243","Bohdanova (Papush) Maryna Vasylivna","Богданова (Папуш) Марина Василівна","DPR","Specialist, department for family and children's affairs, Zhovtnevy district, Mariupol","Sector","Mariupol","2022","","Yes","Local collaborator"
"OFC-1244","Stryzhenko Iryna Mykolayivna","Стриженко Ірина Миколаївна","DPR","Specialist, department for family and children's affairs, Zhovtnevy district, Mariupol","Sector","Mariupol","2022","","Yes","Local collaborator"
"OFC-1245","Petrushyna Zoya Leonidivna","Петрушина Зоя Леонідівна","DPR","Chief specialist, guardian and custody sector, department for family and children's affairs, Zhovtnevy district","Sector","Mariupol","2022","","Yes","Local collaborator"
"OFC-1246","Lychman Yulia Mykolayivna","Личман Юлія Миколаївна","DPR","Specialist, department for family and children's affairs, Zhovtnevy district, Mariupol","Sector","Bakhmut","2022","","Unknown","Local collaborator"
"OFC-1247","Kabanova Iryna Volodymyrivna","Кабанова Ірина Володимирівна","DPR","Specialist, department for family and children's affairs, Zhovtnevy district, Mariupol","Sector","Mariupol","2022","","Yes","Local collaborator"
"OFC-1248","Dubinchenko Inna Anatoliivna","Дубінченко Інна Анатоліївна","DPR","Adoption specialist, department for family and children's affairs, Zhovtnevy district, Mariupol","Sector","Mariupol","2022","","Yes","Local collaborator"
"OFC-1249","Kondratenko Viktoria Ihorivna","Кондратенко Вікторія Ігорівна","DPR","Chief specialist, department for family and children's affairs, Zhovtnevy district, Mariupol","Sector","Mariupol","2022","","Yes","Local collaborator"
"OFC-1250","Ashykhmina (Ulanova) Yulia Valeriivna","Ашихміна (Уланова) Юлія Валеріївна","DPR","Former head, department for family and children's affairs, Ordzhonikidze district, Mariupol","Sector","Mariupol","2022","2023","No","Local collaborator"
"OFC-1251","Borush Yulia Viktorivna","Борюш Юлія Вікторівна","DPR","Head, department for family and children's affairs, Ordzhonikidze district, Mariupol","Sector","Mariupol","2022","","Yes","Russian appointee (born Magadan Oblast, Russia)"
"OFC-1252","Lappa Yana Ihorivna","Лаппа Яна Ігорівна","DPR","Adoption specialist, department for family and children's affairs, Ordzhonikidze district, Mariupol","Sector","Mariupol","2022","","Yes","Local collaborator"
"OFC-1253","Nakonechna Viktoria Leonidivna","Наконечна Вікторія Леонідівна","DPR","Specialist (guardianship, housing and database), department for family and children's affairs, Ordzhonikidze district","Sector","Mariupol","2022","","Yes","Local collaborator"
"OFC-1254","Zhenenkova Natalia Serhiivna","Жененкова Наталя Сергіївна","DPR","Chief specialist, department for family and children's affairs, Ordzhonikidze district, Mariupol","Sector","Mariupol","2022","","Yes","Local collaborator"
"OFC-1255","Volkova Oksana Vyacheslavivna","Волкова Оксана В'ячеславівна","DPR","Specialist, department for family and children's affairs, Ordzhonikidze district, Mariupol","Sector","Mariupol","2022","","Yes","Local collaborator"
"OFC-1256","Mazur Larysa Mykhailivna","Мазур Лариса Михайлівна","DPR","Specialist, department for family and children's affairs, Ordzhonikidze district, Mariupol","Sector","Mariupol","2022","","Yes","Local collaborator"
"OFC-1257","Bartosh Natalia Oleksandrivna","Бартош Наталія Олександрівна","DPR","Head, department for family and children's affairs, Illichivsk district, Mariupol","Sector","Mariupol","2022","","Yes","Local collaborator"
"OFC-1258","Smalieva Liudmyla Pavlivna","Смалєва Людмила Павлівна","DPR","Specialist, department for family and children's affairs, Illichivsk district, Mariupol","Sector","Mariupol","2022","","Yes","Local collaborator"
"OFC-1259","Shpuhanich Marharyta Yuriivna","Шпуганич Маргарита Юріївна","DPR","Specialist with database access, department for family and children's affairs, Illichivsk district, Mariupol","Sector","Mariupol","2022","","Yes","Local collaborator"
"OFC-1260","Lagoysky Artem Alekseyevich","Лагойський Артем Олексійович","Kherson Oblast","So-called Minister of Culture of the Kherson Region (acting First Deputy Minister from 2022; Minister from May 2024)","Regional","Kherson","2022","","Yes","Unknown"
"OFC-1261","Bodelan Vladimir Ruslanovich","Боделан Володимир Русланович","Kherson Oblast","So-called Deputy Governor (Sept 2023); Head of Permanent Mission of Kherson Region to Russian Government (Jan 2024)","Regional","Nova Kakhovka","2023","","Yes","Unknown"
"OFC-1262","Kovanov Yuri Vladimirovich","Кованов Юрій Володимирович","Zaporizhzhia Oblast","So-called former Minister of Culture of Zaporizhzhia Region","Regional","","2022","","No","Unknown"
"OFC-1263","Oleksin Roman Teodorovych","Олексин Роман Теодорович","LPR / Zaporizhzhia Oblast","So-called acting Minister of Culture of LPR","Regional","Luhansk","2025","","Yes","Local collaborator"
"OFC-1264","Burova Olga Vasilievna","Бурова Ольга Васильевна","Crimea","So-called First Deputy Minister of Culture of the Republic of Crimea","Regional","Simferopol","2023","","Yes","Russian appointee"
"OFC-1265","Mikhailov Yaroslav Borisovich","Михайлов Ярослав Борисович","Zaporizhzhia Oblast","Director, Kam'yana Mohyla National Historical and Archaeological Reserve","Sector","Melitopol district","2023 (at least)","","Yes","Local collaborator"
"OFC-1266","Zamataeva Olga Viktorovna","Заматаева Ольга Викторовна","Zaporizhzhia Oblast","Head of Scientific Funds Department, Kam'yana Mohyla Museum-Reserve","Sector","Melitopol district","2024 (at least)","","Yes","Local collaborator"
"OFC-1267","Jos Victor Sergeyevich","Джос Виктор Сергеевич","Zaporizhzhia Oblast","Head of Monument Protection and Cultural Heritage Department, Kam'yana Mohyla Museum-Reserve","Sector","Melitopol district","2024 (at least)","","Yes","Local collaborator"
"OFC-1268","Khromova Olga Vladimirovna","Хромова Ольга Владимировна","Zaporizhzhia Oblast","So-called chief consultant, Department of Culture, Ministry of Culture of Zaporizhzhia Region","Sector","Zaporizhzhia","2024 (at least)","","Yes","Local collaborator"
"OFC-1269","Gorlachev Evgeny Sergeyevich","Горлачов Євген Сергійович","Zaporizhzhia Oblast","So-called Director of the Melitopol Museum of Local Lore","Sector","Melitopol","2022","","Yes","Local collaborator"
"OFC-1270","Khlebovsky Pavel Nikolaevich","Хлебовский Павел Николаевич","Crimea","Head of Exhibition Department, Chersonesos Tauric Museum-Reserve","Sector","Sevastopol","2022 (at least)","","Yes","Russian appointee"
"OFC-1271","Lobov Oleg Vladimirovich","Лобов Олег Володимирович","Crimea","Chairman, State Committee for Archives of the Republic of Crimea","Regional","Simferopol","2014","","Yes","Russian appointee"
"OFC-1272","Krasnonos Irina Vladimirovna","Краснонос Ирина Владимировна","Crimea","So-called Director of the Sevastopol City Archive","Sector","Sevastopol","2018","2024","No","Russian appointee"
"OFC-1273","Gurkov Igor Anatoliyovych","Гурьков Игорь Анатольевич","Crimea","So-called Director of the State Archives of the Republic of Crimea on Personnel","Sector","Simferopol","2015","2024","No","Ukrainian-born, Russian career"
"OFC-1274","Grishkov Valeriy Vasilievich","Гришков Валерий Васильевич","Crimea","Acting Director, State Archives of the Republic of Crimea","Sector","Simferopol","2025","","Yes","Russian appointee"
"OFC-1275","Rogachov Vladimir Vladimirovich","Рогачёв Владимир Владимирович","Crimea","Head of Archives Department, State Archive of the Republic of Crimea","Sector","Simferopol","2025 (at least)","","Yes","Russian appointee"
"OFC-1276","Desyatova Natalya Leonidovna","Десятова Наталя Леонідівна","Kherson Oblast","So-called Director of the Kherson Art Museum (appointed July 2022)","Sector","Kherson","2022","","Unknown","Ukrainian-born"
"OFC-1277","Shandra Tatyana Petrovna","Шандра Тетяна Петрівна","Kherson Oblast","So-called Director of the Kherson Museum of Local Lore (from 17.07.2023)","Sector","Henichesk","2023","","Yes","Unknown"
"OFC-1278","Nikolaenko Natalia Ivanovna","Николаенко Наталья Ивановна","LNR","Director, Museum of the Order of Friendship of Peoples ""Young Guard""","Sector","Luhansk","2024","","Yes","Local collaborator"
"OFC-1279","Shkriblyak Irina Ivanovna","Шкрибляк Ірина Іванівна","Crimea","So-called Deputy Director, State Budgetary Institution ""Historical and Archaeological Museum-Reserve Scythian Naples""","Sector","Simferopol","2014","","Yes","Russian appointee"
