Official ID,Name (Latin),Name (Cyrillic),Territory,Role / Position,Level,Location,Year Start,Year End,Still in Post?,Origin,Career Before,Career After,Links to Other Officials,Links to Russian State Bodies,Business / Economic Connections,Military Connections,Notes on Role
OFC-002,Pasechnik Leonid Ivanovich,Пасечник Леонид Иванович,LPR,Head of the LPR,Regional,Luhansk,2017,,Yes,Luhansk region,"SBU Colonel (prior to 2014), Acting Head of the LPR (2022-2023).",,"Evgeny Murylev, Alexander Potapov.",,"Alchevsk Metallurgical Plant, Stakhanov Railway Carriage Manufacturing Plant, Luhansk Refrigeration Plant",,Visited Luhansk Refrigeration Plant to inspect ice cream production. Discussed deepening economic cooperation with Uralvagonzavod (Уралвагонзавод). Met with the chairman of the regional branch of the Union of Journalists of Russia to discuss the development of regional media.
OFC-003,Skory Andrey Mikhailovich,Скорый Андрей Михайлович,LPR,Acting Head of the City Administration,City,Lysychansk,2022,2023,No,Luhansk region,,According to some sources was arrested in Russia in 2024. Potentially due to large-scale corruption.,,,,,"Discussed the water supply situation in Lysychansk, mentioned delivery of water and preparation for the heating season. Helped coordinate documents for Regina Grushikhina's enrollment in the Sevastopol cadet corps."
OFC-004,Murylev Evgeny,Мурылев Евгений,LPR,Chair of the regional branch of the Union of Journalists of Russia,Regional,Luhansk,2023,,Yes,"Horlivka, Donetsk Oblast","Since 2014, worked on the channel “Luhansk 24”.",,Leonid Pasechnik.,Union of Journalists of Russia.,,,Met with Leonid Pasechnik to discuss difficulties and tasks of the journalist community and plans for further joint work on the development of regional media.
OFC-005,Sankin Vladimir Vladimirovich,Санкин Владимир Владимирович,LPR,Member of the LPR People’s Council,Regional,Lysychansk,2018,,Yes,Luhansk region,,,,The 'United Russia' party.,,,"Delivered humanitarian aid to the rehabilitation centre for disabled children and to the education department of Lysychansk. Provided personal hygiene items, specialised equipment for children with cerebral palsy, and concert costumes."
OFC-006,Vorobyeva Violetta Veniaminovna,Воробьева Виолетта Вениаминовна,LPR,Head of the LPR Industrial Development Fund (ЛНР ФРП),Regional,Luhansk,2023,,Yes,"Nakhodka-Vrangel', Russia",Worked and studied across Ukrainian regions prior to 2014.,,,LPR Industrial Development Fund.,"Pipe Fittings Factory  «Маршал», «ЛЭМЗ», «НПК «ЛЭМЗ-ОГМК».",,Announced that three major enterprises signed targeted loan agreements with the Industrial Development Fund of LPR. Mentioned the 'Пищевик' program for food industry producers offering loans up to 100 million rubles.
OFC-008,Cherkasov Aleksandr,Черкасов Александр,LPR,Head of the Traffic Police Department of the Ministry of Internal Affairs of the LPR (УГИБДД МВД),Regional,Luhansk,2015 (at least),,Yes,Unknown,,,,Ministry of Internal Affairs of the LPR.,,,He was mentioned in connection with the opening of the Vehicle Registration Office (МРЭО) in Alchevsk. He noted that the facility would be able to serve around 100 people a day.
OFC-009,Glushko Konstantin,Глушко Константин,LPR,Acting Director of the Municipal Unitary Enterprise ‘Lysychansk Maintenance Association’ (Объединение эксплуатационного обслуживания).,City,Lysychansk,,,Yes,A local resident,"A chemical engineer by training, he worked in his profession, rising through the ranks in a construction company from labourer to senior site supervisor; he was also involved in business and served as chief engineer at a factory.",,,,,He mentions many friends in the military whom he helps.,"He heads a company responsible for the city’s public services and urban improvements. He received equipment from his superiors in Tatarstan. His work involves waste collection, clearing rubble, repairing roads and bridges, and restoring infrastructure."
OFC-010,Kusov Ivan Sergeyevich,Кусов Иван Сергеевич,LPR,Minister of Education and Science of the LPR,Regional,Luhansk,2022,,Yes,"Born in Semipalatinsk, Kazakhstan. Educated in Moscow.","Former Director of the Institute for Urban Development at Sevastopol State University (Federal State Autonomous Educational Institution of Higher Education). Since October 2019, Vice Rector for Strategic Communications.",,,,,,"Announced that approximately 14,000 students in grades 9 and 11 had their last bell ceremony in the Republic in 2023. Specified approximately 6,800 eleventh-graders and about 7,000 ninth-graders."
OFC-011,Kobtseva Olga Anatolyevna,Кобцева Ольга Анатольевна,LPR,"Member of the LPR People’s Council, member of the United Russia party",Regional,Severodonetsk,2014,,Yes,"Rubizhne, Ukraine",,,Elena Nikolaevna Kostenko.,Ministry of Infrastructure and Transport of the LPR,,,"Made a deputy request to organise bus transport between cities of the Severodonetsk agglomeration (Lysychansk, Severodonetsk, Kreminna, Rubizhne)."
OFC-012,Kostenko Elena Nikolaevna,Костенко Елена Николаевна,LPR,Deputy Chairman of the LPR Government,Regional,Severodonetsk,2018,,Yes,Luhansk region,Minister of Economic Development and Trade of the LPR (2015–2019).,,Olga Kobtseva.,The Government of the LPR.,,,Signed response to deputy inquiry regarding transport connections in the Severodonetsk agglomeration.
OFC-013,Krierenko Alexander Valerievich,Криеренко Александр Валерьевич,LPR,"Member of the LPR People’s Council, member of the profile committee on legislative affairs",Regional,Luhansk,2019,,Yes,Luhansk region,,,,People’s Council of the LPR,,,"Explained the law on the 5-year term of representative bodies of municipalities. Stated, each such body will have 15 to 25 deputies."
OFC-014,Bogorodko Tatiana Alexandrovna,Богородько Татьяна Александровна,LPR,Managing Director of the State Unitary Enterprise ‘Luhanskgaz’,Regional,"Severodonetsk, Lysychansk, Rubizhne",2018 (at least),,Yes,Luhansk region,,,,,State Unitary Enterprise (ГУП) «Luhanskгаз».,,"Visited branches in Severodonetsk, Lysychansk and Rubizhne. Noted specialists continue repair and restoration work on damaged facilities under dangerous conditions. Workers receive timely salary payments and social support measures."
OFC-015,Kozlov Sergey Ivanovich,Козлов Сергей Иванович,LPR,Chairman of the LPR Government,Regional,Luhansk,2015,2024,No,"Krasnodar, Russia","From 1994 to 2005, he served in the Ministry of Emergency Situations, retiring as the head of the Krasnodon District Department with the rank of colonel.",,"Alexey Pesoshin, Asgat Safarov, Evgeny Varakin, Sergey Khoritiv.",The Government of the LPR,,,Participated in the signing ceremony for the cooperation agreement between Tatarstan and Rubizhne city at the House of Government in Lugansk.
OFC-016,Khortiv Sergey Ivanovich,Хортив Сергей Иванович,LPR,Acting Head of Rubizhne City Council,City,Rubizhne,2022,,Yes,"Born Molodohvardiysk, Luhansk Oblast","Held a variety of roles, such as Mayor and Head of the Rubizhne city council during 2016-2022.",,"Sergey Kozlov, Alexey Pesoshin, Asgat Safarov, Evgeny Varakin.",,,,"Participated in the signing of the cooperation agreement. The Rubizhne population is currently over 10,000 people. Main tasks include restoration of housing, social facilities and the daily life of citizens."
OFC-017,Pushilin Denis Vladimirovich,Пушилин Денис Владимирович,DPR,Head of the DPR administration (after being recognised by Russia),Regional,Donetsk,2022,,Yes,Donetsk region,,,Mikhail Sanakoev,,,,"Commented on high housing prices in Mariupol, stating they are caused by high demand. Issued decree appointing Mikhail Sanakoev as Acting Deputy Chairman. Awarded members of Народная Дружина (People's Militia). His posts about housing prices gained overwhelmingly negative reactions."
OFC-018,Sanakoev Mikhail Merabovich,Санакоев Михаил Мерабович,DPR,Acting Deputy Chairman of the Government of the DPR,Regional,Donetsk,2024,2025,No,"Ossetian origin, born in Khabarovsk",Former Director of the Department of Budget Policy in Economic Sectors at the Ministry of Finance of the Russian Federation.,,Denis Pushilin,,,,Appointed by decree on 29 February 2024. The appointment provoked negative reactions.
OFC-019,Paschenko Yana Valeryevna,Пащенко Яна Валерьевна,LPR,Mayor of Luhansk,City,Luhansk,2026,,Yes,Luhansk region,Acting mayor of Luhansk (2023-2026).,,,,,,On 3 March decided to open bicycle rental points in Luhansk as a populist step.
OFC-020,Kravchenko Elena,Кравченко Елена,LPR,Head of the Election Commission of the LPR,Regional,Luhansk,2018 (at least),,Yes,Luhansk region,Chair of the Public Council for Refugees from Ukraine in 2014.,,,,,,Posted video message about elections; commentators called the elections a circus.
OFC-021,Aksenov Sergei Valeryevich,Аксёнов Сергей Валерьевич,Crimea,Head of Crimea,Regional,Crimea,2014,,Yes,Moldova,,,Mikhail Razvozhayev,,,,Document suggests he dreams of political roles in Moscow and will flee the peninsula at the first sign of danger. Posted on 4 March that the Russian health minister had come to Crimea on a working visit.
OFC-022,Razvozhayev Mikhail Vladimirovich,Развожаев Михаил Владимирович,Crimea,Governor of Sevastopol,City,Sevastopol,2020,,Yes,"Krasnoyarsk, Russia",,,Sergei Aksyonov,,,,The document suggests he dreams of political roles in Moscow and will flee the peninsula and abandon the people at the first sign of danger.
OFC-025,Saldo Vladimir Vasilyevich,Сальдо Владимир Васильевич,Kherson Oblast,Head of the Kherson Oblast occupation administration,Regional,Kherson Oblast,2022,,Yes,"Mykolaiv Oblast, Ukraine",,,,,,,Announced that Kherson Oblast residents under occupation will be able to 'vote' for local infrastructure projects alongside the 'presidential elections'.
OFC-026,Bishop Luka (Volchkov Andrei Yevgenyevich),Епископ Лука (Волчков Андрей Евгеньевич),Zaporizhzhia Oblast,Head of the Berdyansk Diocese,Sector,Berdyansk,2023,2024,No,"Moscow region, Russia",,Bishop of Birobidzhan and Kuldur since 2024.,,,,,"On the occasion of Defender of the Fatherland Day, expressed congratulations, gratitude, and invoked God's blessings for the defenders and those willing to join the Russian Army."
OFC-027,Stotskiy Konstantin,Стоцкий Константин,LPR,Director of the enterprise,City,Lysychansk,2023,2025,No,,,,,,Municipal Unitary Enterprise ‘Vodokanal’ of the Lysychansk.,,Director of the Lysychansk Water Utility (LNR). He is overseeing the restoration of the town’s water supply with the support of the Republic of Tatarstan. He is responsible for replacing damaged pipes in the water mains.
OFC-028,Koval Oleg Valeryevich,Коваль Олег Валерьевич,LPR,Deputy Chair of the People's Council,Regional,Luhansk,2018,,Yes,Luhansk region,,,Sergey Kozlov.,United Russia party.,,,He took part in the ceremony to stamp the postage stamp ‘Regions of Russia. Luhansk People’s Republic’. Stated that United Russia party is carrying out capital repairs in 11 schools across Luhansk under the party project 'New School'.
OFC-031,Chelapko Darya,Челапко Дарья,LPR,Head of the Lysychansk branch of the LPR Multifunctional Centre (МФЦ ЛНР),City,Lysychansk,2023,,Yes,A resident of Lysychansk,,,Oleg Teslyuchenko.,LPR Multifunctional Centre (МФЦ ЛНР).,,,"Head of newly created MFC branch in Lysychansk (28th in the Republic). Described services available to residents, including SNILS, INN registration, maternity capital certificates, and criminal record checks. She stated that the MFC opened symbolically on the anniversary of liberation."
OFC-032,Teslyuchenko Oleg,Теслюченко Олег,LPR,First Deputy Director of the LPR Multifunctional Centre (МФЦ ЛНР).,Regional,Luhansk,,,Yes,,,,Daria Chelapko.,LPR Multifunctional Centre (МФЦ ЛНР).,,,"Commented on the opening of the Lysychansk MFC branch, stating the main task is providing accessible government services, initially 5 windows offering 10 services, planning to expand to 40 services within a month."
OFC-033,Golubovich Mikhail,Голубович Михаил,LPR,Minister of Youth Policy LPR,Regional,Luhansk,2025,,Yes,Luhansk region,Head of the Luhansk Regional Branch of the Young Guard of United Russia.,,,The Young Guard of United Russia (МГЕР).,,,"Organised commemorative events for the first anniversary of Lysychansk liberation, including a car rally and flashmob with 200 participants forming the words Homeland Russia (Родина Россия)."
OFC-034,Sakhnenko Eduard Valerievich,Сахненко Эдуард Валериевич,LPR,Acting Head of the Lysychansk City Council,City,Lysychansk,2023,,Yes,Luhansk region,"The former director of the Melnikov Mine, the largest in the region",,,,,,He held a scheduled meeting with the heads of local municipal enterprises and representatives of contractors to discuss preparations for the autumn and winter period. He congratulated the teachers on Teachers’ Day.
OFC-035,Velichko Yulia Sergeevna,Величко Юлия Сергеевна,LPR,Minister for Youth Policy of the Luhansk People’s Republic,Regional,Luhansk,2023,2025,No,Luhansk region,,,"Daria Lantratova, Anton Demidov.",,,,She took part in a youth round-table discussion in Luhansk.
OFC-037,Varakin Evgeny Anatolyevich,Варакин Евгений Анатольевич,LPR,"Deputy Prime Minister of the Republic of Tatarstan, responsible for the reconstruction of Lysychansk and Rubizhne in the LPR",Regional,"Lysychansk, Rubizhne",2022,2024,No,From Russia (Tatarstan Republic),,Head of the Verkhniy Uslon District since 2024.,Leonid Pasechnik.,Ministry of Transport of the Russian Federation,,,"He was awarded the Medal ‘For Merit’ (2nd class) for effectively fostering cooperation with local residents, coordinating the reconstruction of the settlements under his care, and providing humanitarian aid to the local population. He also received a letter of appreciation for his active cooperation with the Ministry of Transport of the Russian Federation."
OFC-038,Samoylov Alexey Nikolayevich,Самойлов Алексей Николаевич,LPR,Head of the Administration of the Head of the LPR,Regional,Luhansk,2022,,Yes,Luhansk region,,,Leonid Pasechnik.,,,,He has been appointed Head of the Administration of the Head of the LPR. The Administration of the Head of the LPR is responsible for supporting the Government’s activities and overseeing the implementation of the decisions it adopts.
OFC-042,Ablaev Emirali Seytibramovich,Аблаев Эмирали Сеитибрамович,Crimea,Mufti of the Republic of Crimea and Sevastopol,Sector,Crimea,1999,,Yes,"Crimean Tatar, born in Tashkent Region, Uzbekistan",,,,,,,"Quoted as saying that Crimean Tatars had waited 'many years' for the new Crimea cathedral mosque to be built, and now their 'dream' had come true."
OFC-043,Солнцев Евгений Александрович,Solntsev Evgeny Alexandrovich,DPR,Chairman of the Government,Regional,Donetsk,2023,2025,No,From Russia / Russian federal appointee,,Governor of the Orenburg Region since 2025.,,"Document references coordination with Russian Federation Government regarding federal budget subsidies and state program for restoration of DPR, LPR, Zaporizhzhia and Kherson oblasts",,,"Signed government resolution No. 38-7 dated 11.04.2024 amending social support measures for citizens whose housing was lost or damaged due to combat operations in DPR territory. The resolution adjusts financial mechanisms from inter-budget transfers to subsidies from the Russian federal budget, increases compensation rates (from 35000 to 45000 rubles per square meter for lost housing, from 7000 to 10000 rubles for damaged housing calculations), and modifies procedures for damage assessment commissions."
OFC-045,Shapurova Elena Alexandrovna,Шапурова Елена Александровна,Zaporizhzhia Oblast,Minister of Education and Science for the Zaporizhzhia Region,Regional,Melitopol,2022,,Unknown,"Born in Melitopol, father from Russia.",,,,Zaporizhzhia Regional Department of Education and Science (occupation administration).,,,"Issued Order No. 23 dated 27.10 (likely 2022) on information protection, prohibiting ministry employees from using Ukrainian mobile operator numbers for work purposes, including messenger apps registered to Ukrainian numbers. Order issued in the context of a martial law decree by the Russian President."
OFC-047,Rogov Vladimir Valeryevich,Рогов Владимир Валерьевич,Zaporizhzhia Oblast,Propagandist / occupation official,Regional,Zaporizhzhia,2022,,Yes,"Born in Zaporizhzhia, Ukraine",,,Yevgeny Balitsky (public opponent/critic).,,,,"The main public opponent of Balitsky in November. Criticises Balitsky on multiple levels, including political past, management style, and confrontation with the election commission. Claims to have collected citizens' appeals and positions himself as the bearer of a 'truthful' picture of regional problems."
OFC-049,Katiushchenko Halyna,Катющенко Галина,Zaporizhzhia Oblast,Chair of regional election commission,Regional,Zaporizhzhia,2022,,Yes,"From Vitebsk, Belarus",,,"Yevgeny Balitsky (attempted to remove her), Elena Sivenkova (closest ally), Ella Pamfilova (Russian Central Election Commission chair who intervened to reverse dismissal).",Protected by Russian Central Election Commission and occupation region's 'prosecutor's office'.,,,Balitsky attempted to remove her under guise of anti-corruption campaign. Intervention by Pamfilova and formal decision by occupation 'prosecutor's office' reversed the dismissal.
OFC-051,Stremousov Kirill Sergeyevich,Стремоусов Кирилл Сергеевич,Zaporizhzhia Oblast,"Blogger, collaborator",Unknown,,2022,2022,No,Born in Donetsk region,,Deceased,Yaroslav Stremousov (son).,,,,Deceased collaborator. Father of Yaroslav Stremousov who has joined criticism of Balitsky.
OFC-052,Stromousov Yaroslav Kirillovich,Стремоусов Ярослав Кириллович,Zaporizhzhia Oblast,Occupation figure involved in information space,Unknown,,2025 (At least),,Yes,Kherson,,,"Yevgeny Balitsky (critic), Vladimir Rogov (joined in information space criticism), Kirill Stremousov (father).",,,,Joined Vladimir Rogov in the information space to criticize Balitsky.
OFC-053,Pikalev Valery Ivanovich,Пикалёв Валерий Иванович,Zaporizhzhia Oblast,Head of the Federal Customs Service of the Russian Federation,Regional,Berdyansk,2024,,Yes,Russia,,,,Federal Customs Service of the Russian Federation.,,,Visited Berdyansk port in November. Inspected buildings intended to house the Zaporizhzhia customs post staff. Approved project for service housing complex (800+ m²) for customs officers. Indicates preparations for customs infrastructure integration into the Russian system.
OFC-054,Balitsky Evgeny Vitalyevich,Балицкий Евгений Витальевич,Zaporizhzhia Oblast,Head of the occupation administration (implied),Regional,Zaporizhzhia,2023,,Yes,Melitopol,,,Rogov Vladimir - mentioned as competing influence,,,,Document states his positions have weakened (позиції Баліцького ослаблені) in the context of internal conflict within the occupation vertical of power.
OFC-064,Miroshnik Rodion,Мирошник Родион,LPR,Special envoy of Russia / LPR collaborator,Regional,Severodonetsk,2023,,Yes,Luhansk region,,,,Special envoy of Russia.,,,Claimed over 230 bodies recovered from mass graves near Sievierodonetsk. Made statements about 'Ukrainian punishers' and called for 'just punishment of the Kyiv regime.'
OFC-065,Marochko Andrey Vitalyevich,Марочко Андрей Витальевич,LPR,Military expert (collaborator),Unknown,Luhansk,2014,,Yes,Donetsk region,,,,,,Described as 'military expert'.,Claimed 80% of civilian deaths in occupied Luhansk caused by 'Kyiv militants using foreign UAVs and NATO-manufactured artillery.' Alleged 'Ukrainian nationalists' deliberately target civilian buildings.
OFC-067,Shlopak Dmitry,Шлопак Дмитрий,LPR,Head of Russian initiative establishing 'spiritual-historical complex' in Ushakov's honour,Unknown,Lysychansk,,,Unknown,"Born in  Chisinau, Moldova. Lives in Russia.",,,,,,,Attended the unveiling of a bust of Admiral Ushakov in Lysychansk. Said the bust 'symbolises the continuation of spiritual life even under military conditions.'
OFC-068,Chernichuk Yuriy Alekseyevich,Черничук Юрий Алексеевич,Zaporizhzhia Oblast,Rosatom's ZNPP director,Sector,Enerhodar,2022,,No,From Russia (Rosatom),,,Sergey Kiriyenko.,Rosatom.,,,"Met with Kiriyenko regarding restoration of generation at all six reactors. Stated that the ZNPP reintegration process is proceeding according to plan, all personnel have undergone certification under Rosatom's Russian nuclear safety requirements. Emphasised procurement of pumping equipment for cooling all reactors."
OFC-071,Kostomarov Alexander Nikolayevich,Костомаров Александр Николаевич,Zaporizhzhia Oblast,Director of 'OOO DEKARGOLOGISTIK',Sector,Berdiansk,2025,,Yes,Russian citizen linked to St. Petersburg,"Founder/co-founder of 'OOO TL Trans', 'OOO TL Cargo', 'OOO TL Service' in St. Petersburg.",,,"Connected to Russia's Deputy Minister of Industry and Trade visit, the company won the national Russian industrial design competition, ensuring major contract awards and access to federal funding.","TIN 220409746879; 'OOO TL Trans', 'OOO TL Cargo', 'OOO TL Service' in St. Petersburg; 'OOO DEKARGOLOGISTIK' (also referred to as OOO DKL)",,Appointed director on 29 September 2025. The company won a competition for state-funded production despite never having developed such products. The document describes this as the first recorded instance of a hybrid corruption mechanism on occupied territories - appropriation of Berdiansk Harvesters' design transferred through corrupt channels. Part of emerging political realignments with St. Petersburg figures becoming more active.
OFC-072,Vasiltsov Andrey Anatolyevich,Васильцов Андрей Анатольевич,Zaporizhzhia Oblast,Director and owner of 'OOO Partner Union'.,Sector,Berdiansk,2025,,Yes,,,,Yevgeny Balitsky (close associate).,,"OOO Partner Union' (OGRN 1259000002557, INN 9002018916), registered 26 June 2025.",,"Conducted a corporate raid on Voinikov Group. Seized sunflower harvest, equipment, and processed flour 'for safekeeping'. Company registered at the Zaporizhzhia region, Melitopol district, Kyrylivka settlement. Expropriation took place shortly after Balitsky's Kremlin visit."
OFC-074,Koltsov Anton Viktorovich,Кольцов Антон Викторович,DPR,Head of the Mariupol City Administration,City,Mariupol,2025,,Yes,"Cherepovets, Russia",,,"Yulia Smirnova, Sergey Kirienko, Yuri Senin, Roman Trofimov.","Supervisor — Sergei Kirienko, First Deputy Chief of Staff of the Presidential Administration of the Russian Federation.",,Establishing relations with the Russian Federation’s GRU (a group led by State Duma deputy Sablin).,He oversaw the consolidation of the political hierarchy in the run-up to the Russian State Duma elections. He oversaw the replacement of the chair and secretary of the Mariupol City Council. He is implicated in corruption schemes in Mariupol.
OFC-076,Senin Yury Anatolyevich,Сенин Юрий Анатольевич,DPR,Chair of the Mariupol Council,City,Mariupol,2025,,Yes,"Donetsk, Donetsk Oblast","Education: Donetsk Law Institute of the Ministry of Internal Affairs of Ukraine (2005) — degree in law. He worked within the justice system, specifically in the state registration of property rights, and held senior management positions.",,Anton Koltsov.,The United Russia party.,,He took part in combat operations on the side of pro-Russian forces in 2022 and was wounded.,Born on 17 September 1979. He is standing for election as a member of parliament for the United Russia party in occupied Mariupol. Appointed by Koltsov.
OFC-077,Trofimov Roman Vasilyevich,Трофимов Роман Васильевич,DPR,Council Secretary; Deputy Chair of Mariupol City Council,City,Mariupol,2026,,Yes,,,,Anton Koltsov.,,,,Appointed by Koltsov to the post of secretary of the Mariupol Council.
OFC-080,Kuzmich Tatiana Alexandrovna,Кузьмич Татьяна Александровна,Kherson Oblast,Deputy Governor,Regional,Henichesk,2022,,Yes,Kherson,,,Vladimir Saldo.,,,,Supported organization of children's rehabilitation program in Sochi.
OFC-082,Lagoysky Artem Alekseyevich,Лагойский Артем Алексеевич,Kherson Oblast,Minister of Culture for the Kherson Region,Sector,Kherson,2024,,Yes,Kherson,,,,,,,"Announced First Children's Cultural Forum in the region will take place in summer 2026 with participation of children from Kherson, DPR, LPR, and Zaporizhzhia regions."
OFC-083,Zakharova Marina,Захарова Марина,Kherson Oblast,Head of the election commission of the Kherson region,Regional,Kherson,2023,,Yes,,,,,,,,"Reported that total number of voters registered in Kherson region was over 354,000 with participation rate of over 50%."
OFC-084,Barkhatnova Alla Viktorovna,Бархатнова Алла Викторовна,Kherson Oblast,Minister of Labor and Social Protection of the Kherson region,Sector,Henichesk,2023,2025,No,"Oryol Oblast, Russia",,,,,,,In April 2023 stated that the region's residents were exempt from paying for utilities.
OFC-085,Khlustov Alexander Vasilyevich,Хлюстов Александр Васильевич,Kherson Oblast,Deputy of the Kherson Regional Duma,Regional,Kherson Oblast,2023 (At least),,Yes,Volgograd,He is an economist and a former military officer.,,,The United Russia party.,,,Organised an excursion program to Askania-Nova Biosphere Reserve as part of the 'Vacation with United Russia' project for about 500 schoolchildren from nine districts.
OFC-086,Mashkoutsan Semen Alekseyevich,Машкауцан Семен Алексеевич,Kherson Oblast,Acting head of the Kherson region government,Regional,Henichesk,2025,,Yes,Born in Chelyabinsk educated in Moscow,,,"Vladimir Saldo, Sergei Cherevko.",Federal Service for Labor and Employment (Rospracy).,,,Participated in a working meeting discussing regional employment service efficiency and implementation of the 'Labour Market Management' federal project.
OFC-087,Cherevko Sergey Nikolaevich,Черевко Сергей Николаевич,Kherson Oblast,Deputy head of government; Member of the „Salvation Committee for Peace and Order” in Kherson,Regional,Henichesk,2022,,Yes,Kherson,,,Semen Mashkaucan.,Federal Service for Labor and Employment (Rospracy).,,,Participated in a working meeting on employment service efficiency.
OFC-088,Noskov Igor Ivanovich,Носков Игорь Иванович,Kherson Oblast,General director of Obvodokanal,Sector,Kherson Oblast,2024,,Yes,,,,,,State Unitary Enterprise of the Kherson Region 'Obvodokanal'.,,"Reported on the water supply situation, including that 50% of Lyubimovka residents have a stable water supply and 2,000-2,500 cubic meters of water delivered daily by water trucks."
OFC-089,Bishop Filaret (Gavrin Dmitry Viktorovich),Епископ Филарет (Гаврин Дмитрий Викторович),Kherson Oblast,Bishop of Skadovsk and Alyoshki,Sector,"Skadovsk, Alyoshki",2024,,Yes,"Tver Oblast, Russia",,,,,,,Donated 269 sets of textbooks on the basics of Orthodox culture to the Golopristansky and Alyoshki districts for the 4th-grade religious education module.
OFC-090,Makarov Kirill Borisovich,Макаров Кирилл Борисович,DPR,Deputy Chairman of the Government of the DPR.,Sector,Donetsk,2025,,Yes,Donetsk region,"""Youth minister"" of the DPR.",,Denis Pushilin.,,,,"Promoted message at Donbas Youth Forum that young people should 'stay in Donbas, build families, and revive the region'."
OFC-091,Dubovka Vladimir Nikolaevich,Дубовка Владимир Николаевич,DPR,Minister of Construction,Sector,Donetsk,2024,,Yes,"Born in Odesa, Ukraine",Deputy of the DPR council.,,Denis Pushilin.,,,,Admitted that using mine water or desalination is economically unfeasible; stated stopgap measures dominate instead of strategic solutions.
OFC-092,Purgin Andrey Yevgenyevich,Пургин Андрей Евгеньевич,DPR,Former DPR leader/founder,Regional,Donetsk,2014,2015,No,Local DPR founding figure,,No longer in power; now critic of current administration.,Denis Pushilin.,,,,Accused Pushilin of controlling six bottled water factories and profiting from water sales; stated Donetsk has lost 70% of its native population and has turned into a dump with no garbage collection and no water.
OFC-093,Zakharchenko Alexander Vladimirovich,Захарченко Александр Владимирович,DPR,Former DPR leader,Regional,Donetsk,2014,2018,No,Local DPR founding figure,,Deceased.,,,,,Cast as a founding father of the DPR; commemorated at Youth of Donbas Forum where participants lit candles in his memory; students planted roses at the school where he studied.
OFC-095,Svidovskov Leonard Vyacheslavovich,Свидовсков Леонард Вячеславович,LPR,Head of the LPR state media network,Sector,Luhansk,2018,,Yes,Luhansk region,,,,,,,"According to the document, the programme cultivates a shared identity grounded in hardship, unity, and loyalty to Moscow."
OFC-096,Pilavov Manolis Vasilyevich,Пилавов Манолис Васильевич,LPR,Former mayor of Luhansk,City,Luhansk,2014,2023,No,Local collaborationist elite,Openly supported the LPR militants as early as 2014.,Killed in an explosion on 3rd of July 2025.,Yana Pashchenko.,,,,Described as one of the most prominent figures among the local collaborationist elite. Long held positions within pro-Russian structures. Remained head of the occupation administration in Luhansk until 2024. His death likely reflects growing tensions within the occupation authorities.
OFC-097,Andreeva Elena,Андреева Елена,LPR,Head of the LPR's Department of Investment Policy,Regional,Luhansk,2024 (at least),,Yes,,,,,,"Announced Chinese investors plan to fund industrial development in the region, especially in mechanical engineering and metallurgy.",,Authorities are reportedly looking for land plots to build new factories for Chinese investment ventures.
OFC-098,Roslyakova Anna Nikolaevna,Рослякова Анна Николаевна,LPR,First Deputy Head of the Administration of the Head of the LPR,Regional,Luhansk,2025,,Yes,"Russian national, formerly a bureaucrat in the Ryazan region",Bureaucrat in the Ryazan region.,,,,,,"Will oversee 'domestic policy, religion, and interethnic relations.' Appointed in June 2025. Example of Kremlin actively replacing existing local elites with Russian appointees."
OFC-099,Drobinyak Philip Igorevich,Дробиняк Филипп Игоревич,LPR,Head of the 'My Business' programme,Sector,Luhansk,2023,,Yes,Luhansk region,,,,,Stated an Asian investor plans to allocate 4 billion rubles to build a new plant for metal structure production.,,Referenced investor from a 'friendly brotherly Asian country' planning industrial investment.
OFC-101,Malkevich Alexander Alexandrovich,Малькевич Александр Александрович,Zaporizhzhia Oblast,"Public curator of Russia's information policy in temporarily occupied territories, ideological curator synchronizing regional agenda with federal theses",Regional,Multiple,2022,,Yes,"From St Petersburg, Russia",Associated with launching and coordinating 'state' media in the TOT.,,,Listed under U.S. and other international sanctions.,,,"Promotes narratives about 'information warfare,' 'digital threats,' and the need to strengthen control over the media space. Operates a network through which methodological materials and explanations are distributed. Legitimizes censorship and expansion of security agencies' powers in the digital sphere. Wrote a fabricated book about 'Beauty of Lysychansk' promoting false story of teenage girl martyr. Plans to turn fictional 'Young Self-Defence' into modern version of Soviet-era 'Young Guard'. Story disputed even by pro-Russian Z-propagandists."
OFC-102,Yershov Sergey Yuryevich,Ершов Сергей Юрьевич,Zaporizhzhia Oblast,Head (warden) of FKU IK-1 UFSIN of Russia for Zaporizhzhia region,Sector,Melitopol,2025,,Yes,From Russia (Federal Penitentiary Service UFSIN),,,,FSIN RF (Federal Penitentiary Service).,,,"Listed in directories as head of IK-1, which detains convicted women. Profile records staffing changes and list of previous heads/signatories indicating frequent rotations."
OFC-103,Lepeshkin Yuliy Aleksandrovich,Лепешкин Юлий Александрович,Zaporizhzhia Oblast,Head (warden) of FKU IK-2 UFSIN of Russia for Zaporizhzhia region,Sector,Berdiansk,2023,,Yes,From Russia (Federal Penitentiary Service UFSIN),,,,FSIN RF (Federal Penitentiary Service).,,,Head of penal colony IK-2 in Berdiansk. Institution shows most saturated procurement activity with serial procurement for infrastructure improvements.
OFC-104,Khozhaev Konstantin Vladimirovich,Хожаев Константин Владимирович,Zaporizhzhia Oblast,Acting Head of FKU KP-3 UFSIN of Russia for Zaporizhzhia region,Sector,"Ozerne, Vesele district",2025,,Yes,From Russia (Federal Penitentiary Service UFSIN),,,,FSIN RF (Federal Penitentiary Service).,,,Head of settlement colony KP-3. Settlement colonies are often used for economic works and as buffer to unload other institutions.
OFC-105,Galiev Ramil Sultanovich,Галиев Рамиль Султанович,Zaporizhzhia Oblast,Head of the created 'operating organization' for the ZNPP,Sector,Zaporizhzhia NPP,2024,,Yes,From Russia (Rosatom),,,,"Rostekhnadzor, Rosatom.",,,Confirmed that Russian regulator Rostekhnadzor in fact interferes in the operation of the plant. Acknowledged Russian specialists present at site since first days of occupation coordinating with IAEA representatives.
OFC-107,Zinchenko Alexander,Зинченко Александр,Zaporizhzhia Oblast,Former deputy governor,Regional,Melitopol,,2025,No,Melitopol,,"Under investigation, extended until 17 May 2026.",Yevgeny Balitsky.,Russia's Investigative Committee (investigation led by Alexander Bastrykin).,,,Investigation extended until 17 May 2026 following visit to Melitopol by head of Russia's Investigative Committee Alexander Bastrykin.
OFC-108,Svistunov Andrey Vladimirovich,Свистунов Андрей Владимирович,Zaporizhzhia Oblast,New rector of occupation 'MelDU' (Melitopol State University),Sector,Melitopol,2026,,Yes,"Taganrog, Russia",,,Yevgeny Balitsky.,,,,"Appointment was a marker of reconciliation after a conflict linked to the dismissal of the regional election commission head. Position controls staff flows, student flows, funding streams, and the legalisation of occupation diplomas."
OFC-109,Toivonen Nikolai,Тойвонен Николай,Zaporizhzhia Oblast,Previous head of occupation 'MelDU' (Melitopol State University),Sector,Melitopol,,2026,No,Ivanovo Oblast,,Disappeared/exited position.,,,,,Replaced by Andriy Svistunov as part of leadership change at MelDU.
OFC-113,Shumakov Ivan Vladimirovich,Шумаков Иван Владимирович,Kherson Oblast,Deputy Chair of the Kherson Regional Council,Regional,Henichesk,2025,,Yes,Educated in St Petersburg,,,,LDPR.,,,He was elected Deputy Chair of the Kherson Regional Council on 11 September 2025.
OFC-114,Kovtun Lyudmila Mikhailovna,Ковтун Людмила Михайловна,Kherson Oblast,Minister of Education and Science for the Kherson Region,Sector,Henichesk,2023,2025,No,"Henichesk, Kherson Oblast.",,Resigned on 26 September 2025.,Alexey Grigoriev.,,,,She has held the post since 8 November 2023. She is the fourth head of the education department since the region was occupied. The reasons for her resignation have not been disclosed.
OFC-115,Grigoriev Alexey Alexandrovich,Григорьев Алексей Александрович,Kherson Oblast,Acting Minister of Education and Science for the Kherson Region,Sector,Henichesk,2025,,Yes,"From Russia, Pskov Oblast",Deputy Chair of the Pskov Region Education Committee (until February 2023); resigned voluntarily to take up a new position.,,Lyudmila Kovtun.,Pskov Region Education Committee.,,,He arrived in the Kherson region in January 2024 at the latest and began working in the occupation ministry. He was appointed acting minister following Kovtun’s resignation.
OFC-116,Tomilina Tatiana Yurievna,Томилина Татьяна Юрьевна,Kherson Oblast,Chairman of the Kherson Regional Council,Regional,Henichesk,2023,,Yes,Kherson,,,Vladimir Saldo.,The Russian “Znanie” Society.,,,She held an open lesson with pupils at Skadovsk School No. 1 on the history of the region’s ‘reunification’ with Russia as part of the All-Russian ‘Share Your Knowledge’ campaign.
OFC-117,Grishin Alexey,Гришин Алексей,Kherson Oblast,Member of the Kherson Regional Council,Regional,Ivanivskyi Municipal District,2023,,Yes,"Ulyanovsk, Russia",,,Nadezhda Babeshko.,The United Russia Party.,,,He took part in the opening of the ‘Hero’s Desk’ at the Lyubimov School as part of United Russia’s party projects.
OFC-118,Babeshko Nadezhda,Бабешко Надежда,Kherson Oblast,Secretary of the local branch of the United Russia party.,District,Ivanivskyi Municipal District,2023,,Yes,Melitopol,,,Alexey Grishin.,The United Russia Party.,,,She took part in the opening of the ‘Hero’s Desk’ at Lyubymiv School.
OFC-119,Kozupitsa Sergei Andreevich,Козупица Сергей Андреевич,Kherson Oblast,"Minister for Construction, Architecture and Housing and Communal Services of the Kherson Region",Sector,Henichesk,2024,,Yes,"Born in Republic of Tatarstan, Russia",,,Vladimir Saldo.,,,,"He spoke at a conference in Moscow on the development of ‘Novorossiya’, the Donbas and Crimea. He announced that 130 equity participation agreements had been signed and 66 mortgage loans had been granted."
OFC-120,Kastukevich Igor Yuryevich,Кастюкевич Игорь Юрьевич,Kherson Oblast,Senator of the Federal Assembly of the Russian Federation representing the Kherson region,Regional,Henichesk,2023,,Yes,Born in Saratov,,,,The Federal Assembly of the Russian Federation.,A company resident in a free economic zone (housing construction).,,"A free economic zone resident company has announced its intention to build a residential complex comprising 817 flats, covering an area of 60,000 square metres, with an investment of 3.6 billion roubles."
OFC-123,Kulemzin Alexey Valeryevich,Кулемзин Алексей Валерьевич,DPR,Head of the administration,City,Donetsk,2016,,Yes,Donetsk region,,,,,,,"Urged local businesses not to celebrate Halloween, presenting this as defence of Orthodox traditions and Russian cultural values."
OFC-124,Pudak Viktor Viktorovich,Пудак Виктор Викторович,DPR,Head of the regional Yunarmiya headquarters,Regional,Donetsk Oblast,2023,,Yes,Donetsk region,,,,Yunarmiya.,,Yunarmiya (youth military movement).,"Announced propaganda tours featuring bard-style concert-lessons to attract children and young people to Yunarmiya movement, including patriotic concert-lessons titled ""Raising a Patriot""."
OFC-125,Epifanov Denis Nikolaevich,Епифанов Денис Николаевич,DPR,Minister of Coal and Energy of the DPR,Regional,Donetsk,2023,,Yes,Born in Crimea,,,,,,,"Claimed funds are available for miners' wages but acknowledged payments depend on incoming financing, highlighting chronic resource shortages."
OFC-126,Chernyshev Dmitry,Чернышев Дмитрий,DPR,Representative of the Public Chamber of the DPR,Regional,Donetsk,2021,,Yes,,,,,,,,Promoted narrative of Donbas returning and reviving demographic potential. Stated conditions are being created for return of displaced persons. Emphasized 133 ethnic groups live in the region.
OFC-127,Voloshin Alexander Viktorovich,Волошин Александр Викторович,DPR,DPR senator,Regional,Donetsk,2023,,Yes,"Born in Minsk, Belarus",,,Denis Pushilin.,,"Unified Environmental Operator, Azovstal dismantling project.",,"Co-initiated with Pushilin the project to dismantle Azovstal for scrap metal, described as a scheme to sell scrap and equipment worth tens of billions of roubles."
OFC-128,Bondarenko Tatyana,Бондаренко Татьяна,DPR,"Deputy of the People's Council of the DPR, member of committee for reconstruction, construction and infrastructure development",Regional,,2023,2025,No,Native of Kursk,,Arrested on charges of embezzlement and illegal banking activity. Detained by Moscow's Basmanny Court.,,Russia's Liberal Democratic Party.,,,"Held key post in committee for reconstruction, construction and infrastructure development. Arrested under articles on large-scale embezzlement and illegal financial operations. Case demonstrates exploitation of administrative and infrastructure resources for personal gain."
OFC-129,Kondrykinskaya Anna Viktorovna,Кондрыкинская Анна Викторовна,DPR,"Deputy of the People's Council, head of the Housing and Utilities Committee",Regional,Donetsk,2023,,Yes,Donetsk region,,,,,,,Accused by pro-Russian Telegram channel BATMAN DPR of selling state-owned fuel amid the ongoing crisis.
OFC-130,Skubayeva Yulia,Скубаева Юлия,DPR,Former head of the Donetsk Republic organisation,Regional,Donetsk,,,No,Local DPR figure,,,,,,,"Described local elites as a closed, corrupt, and self-reproducing group using term ""pirate republic"". Pointed to falsity of political procedures and alleged appropriation of 300,000 flats corruption scheme."
OFC-131,Kalyuzhny Andrei Yurevich,Калюжный Андрей Юревич,DPR,Former head of the Donbas Development Corporation,Regional,Donetsk,2023,2025,No,,,Detained in Moscow upon arrival from the UAE.,,,"Donbas Development Corporation, allegedly involved in hostile takeover of Obzhora supermarket chain.",,"Oversaw major economic projects in occupied territories. Reports of extended stays in UAE, fictitious business trips, and kickback schemes involving investors. Arrest indicates internal power struggle between competing influence groups."
OFC-134,Bas Olga Yevgenyevna,Бас Ольга Евгеньевна,LPR,"Senator of the Russian Federation, representative of the Luhansk People’s Republic",Regional,Luhansk,2022,,Yes,"Nolinsk, Kirov Oblast, Russia",,,Youth parliament of the LPR.,,,,Received reports from 'youth parliament' about approximately three thousand 'incorrect' signs not in Russian. Referred to Russian law on 'language protection' requiring all signage be in Russian only.
OFC-137,Chertkov Andrey Gennadievich,Чертков Андрей Геннадьевич,DPR,Chairman of the DPR Government,Regional,Donetsk,2025,,Yes,Originally from Nizhny Novgorod Oblast,"District head, deputy mayor of Nizhny Novgorod, minister of energy and housing and utilities for Nizhny Novgorod Oblast. Since July 2022: Minister of Coal and Energy of the DPR, then deputy, then first deputy prime minister (full powers assumed by March 2025).",,Denis Pushilin.,Kremlin-sent technocrat.,,,"Appointed 30 June 2025. His appointment eliminates remaining influence of local elites and original 2014 separatists. Emphasised ""industrial restoration"" and ""attracting investors"", signalling focus on economic integration of Donbas into the Russian system."
OFC-138,Trofimov Oleg Vladimirovich,Трофимов Олег Владимирович,DPR,Acting Minister of Education and Science of the DPR,Sector,Donetsk,2024,,Yes,"Tyumen, Russia",,,,,,,Announced opening of standby groups in kindergartens from 1 September to support working parents.
OFC-139,Litvinov Boris Alekseyevich,Литвинов Борис Алексеевич,DPR,First Secretary of the Donetsk regional branch of the CPRF,Regional,Donetsk,2022,,Yes,"Toretsk, Donetsk Oblast",,,Sergei Zakharchenko.,Communist Party of the Russian Federation (CPRF).,,,Publicly endorsed Sergei Zakharchenko's advancement to the CPRF Central Committee.
OFC-140,Zakharchenko Sergey Alexandrovich,Захарченко Сергей Александрович,DPR,Member of the Central Committee of the Communist Party of the Russian Federation (CPRF),Regional,,2023,,Yes,Local (Donbas-born),,,Boris Litvinov.,Communist Party of the Russian Federation (CPRF) Central Committee.,,,His election reflects effort to integrate local collaborationist elites into a broader federal Soviet-nostalgic project.
OFC-141,Sherin Valery Vitalyevich,Шерин Валерий Витальевич,DPR,Head of 'Soyuzmetallservice',Sector,Donetsk,2023,,Yes,"Kemerovo, Russia",,,,,"Represents the ""Southern Mining and Metallurgical Complex"" (UGMK), which controls key plants in DPR.",,"Reported that demand for metal products has fallen by 10-15%, with 5 million tonnes unsold in 2025. Complained about rising electricity tariffs and logistics costs."
OFC-142,Romanov Vasily,Романов Василий,Kherson Oblast,Head of the regional branch of Rosreestr,Regional,Henichesk,2024,,Yes,From Russia (Russian federal service),,,Vladimir Saldo.,Rosreestr.,,,"He spoke about the NSPD system, which covers cartography, geodesy, the land registry and the automated management of spatial objects."
OFC-143,Oligorsky Sergey,Олигорский Сергей,Kherson Oblast,Head of the Kherson branch of the Voluntary Society for Assistance to the Army and Navy,Regional,Henichesk,2024 (at least),,Yes,From Kherson,,,Vladimir Saldo.,Voluntary Society for the Support of the Army and Navy (ДОСААФ ДНР).,,Voluntary Society for the Support of the Army and Navy (ДОСААФ ДНР).,He discussed with the governor plans to open multi-purpose centres for patriotic education on the premises of property seized from the Society for the Promotion of Ukraine’s Defence.
OFC-144,Kravchenko Irina Viktorovna,Кравченко Ирина Викторовна,Kherson Oblast,Children’s Ombudsman for the Kherson Region,Regional,Henichesk,2024,,Yes,,,,,,,,She highlighted the shortage of nurseries and schools as one of the region’s most pressing issues. She also pointed out the lack of paediatricians with specialist qualifications and the need to transport children to other regions of the Russian Federation for specialist medical care.
OFC-146,Shpir Mikhail Fyodorovich,Шпир Михаил Фёдорович,Kherson Oblast,Deputy Minister of Digital Development and Mass Communications of the Kherson Region under the occupation authorities,Regional,Henichesk,2022,,Yes,"Born in Chernivtsi, Ukraine",,,,"Ministry of Digital Development and Mass Communications of the Kherson Region (occupying authorities), Ministry of Health of the Kherson Region (occupying authorities).",,,He announced that work was underway to develop a medical information system that would enable patients to book appointments with doctors and store medical records.
OFC-147,Lopatko Oleg,Лопатко Олег,Kherson Oblast,"Head of the Department of Crop Production, Mechanisation and Land Reclamation at the Occupation Ministry of Agricultural Policy for the Kherson Region",Sector,Henichesk,,,Yes,,,,,Ministry of Agricultural Policy of the Kherson Region (occupying authorities).,,,He reported that the majority of agricultural produce is exported to the Turkish and Egyptian markets. He mentioned the quota scheme for exporters allowing duty-free exports.
OFC-148,Semyakina Yulia Viktorovna,Семякина Юлия Викторовна,Kherson Oblast,Head of the Henichesk Municipal District,District,Henichesk,2024,,Yes,From Kherson,,,,,,,She chaired a meeting on the opening of the ‘Tail Academy’ veterinary and quarantine centre for stray animals.
OFC-149,Panchenko Mikhail,Панченко Михаил,Kherson Oblast,Director of the occupation-run Kherson Region Industrial Development Fund,Regional,Henichesk,2023,,Yes,From Kherson,,,,Kherson Region Industrial Development Fund (occupational).,KMK' Private Enterprise Ltd (Kakhovka Meat Processing Plant),,"He announced the provision of an investment loan of 31 million roubles, with a term of seven years and an interest rate of 1% per annum, to the Kakhovka Meat Processing Plant in December 2023."
OFC-150,Filipchuk Pavel Igorevich,Филипчук Павел Игоревич,Kherson Oblast,Head of the Kakhovka Municipal District,District,Kakhovka,2022,,Yes,From Kherson,,,Vladimir Saldo.,,,,"He personally dismantled the Ukrainian satellite dish and installed a ‘Russkiy Mir’ dish on a local resident’s property, acting on the governor’s instructions."
OFC-151,Klochkova Natalia Andreevna,Клочкова Наталья Андреевна,DPR,Head of the Architecture Department,City,Mariupol,2022,,Yes,From Russia. Born in Mariupol.,,,Koltsov.,Union of Architects of Russia.,,,"On 2 October, she visited Mariupol together with leaders of the Union of Architects of Russia."
OFC-154,Skorokhodov Valery Vladimirovich,Скороходов Валерий Владимирович,DPR,Deputy in DPR administration.,Regional,Donetsk,2014,,Yes,"Born in Shymkent, Kazakh SSR",,,,,,,Dismissed resident complaints about water crisis as 'complete lies' and demanded the complainants themselves be investigated.
OFC-155,Nikitina Elena Nikolaevna,Никитина Елена Николаевна,DPR,Adviser to Denis Pushilin,Regional,Donetsk,2024,,Yes,Donetsk region,,,Denis Pushilin (relative).,,,,"Advised that taps on plastic water barrels would be thawed with gas burners in winter to prevent freezing, as a solution to water supply problems."
OFC-156,Martynov Yuri Igorevich,Мартынов Юрий Игоревич,DPR,Minister of sport and tourism of the DPR,Sector,Donetsk,2014,2025,No,Donetsk region,,Dismissed from the post.,,Russian Union of Martial Arts.,,,Represented a group focused on integrating sport and youth policy into Russian structures. Was linked to the Russian Union of Martial Arts.
OFC-157,Shirshov Evgeny Alexandrovich,Ширшов Евгений Александрович,DPR,Acting minister of sport and tourism of the DPR,Sector,Donetsk,2025,,Yes,,,,Yuriy Martynov (predecessor).,,,,Appointed as acting minister following the dismissal of Yuriy Martynov.
OFC-158,Shchevchenko Dmitry Stanislavovich,Шевченко Дмитрий Станиславович,DPR,Head of Yasinovatsky district,District,Yasinovatsky district,2019,,Unknown,Donetsk region,,Charged with bribery.,,DPR prosecutor's office approved charges.,,,Allegedly took nearly 16 million roubles in bribes through intermediaries when signing off on road works. Charges approved on 17 September.
OFC-159,Prikhodko Ivan Sergeyevich,Приходько Иван Сергеевич,DPR,Head of Horlivka administration,City,Horlivka,2016,,Yes,Donetsk region,,,,,,,Announced that water supply would be reduced to just one hour a day and warned that upper floors may not receive water at all. No explanation was given for the deterioration.
OFC-161,Pashchenko Natalia Alexandrovna,Пащенко Наталия Александровна,LPR,Minister of Health of the LPR,Sector,Luhansk,2018,,Yes,Luhansk region,,,,,,,"Gave report to People's Council of LPR stating 1.654 million people reside in occupied Luhansk Oblast. Claimed average doctor salary is 108,000 roubles, which locals disputed as false."
OFC-162,Kovalchuk Yegor Viktorovich,Ковальчук Егор Викторович,LPR,Prime Minister / Head of the LPR government,Regional,Luhansk,2024,,Yes,"From Chelyabinsk, Russia",,,Vladislav Varshavsky (Minister of Industry and Trade).,"Ministry of Industry and Trade of LPR, Ministry of Science and Industry of Sverdlovsk Oblast, Ministry of Industry and Transport of Voronezh Oblast.",,,Has headed LPR government for over a year. Participated in economic forums and announced future investments. Led delegation at Innoprom exhibition in Yekaterinburg. Signed cooperation agreements with Sverdlovsk Oblast and Voronezh Oblast. Promoted narrative that it is safe to live and do business in occupied Luhansk.
OFC-163,Varshavsky Vladislav Rimovich,Варшавский Владислав Римович,LPR,Minister of Industry and Trade,Sector,Luhansk,2024,,Yes,From Krasnodar Krai,,,Egor Kovalchuk (Prime Minister).,Ministry of Industry and Trade of LPR,,,Part of LPR delegation at Innoprom exhibition in Yekaterinburg.
OFC-166,Fedorenko Eleonora Mikhailovna,Федоренко Элеонора Михайловна,DPR,"Advisor to the Head of the DPR on Children's Rights, Children's Ombudsman of the DPR",Regional,Donetsk,2017,2025,No,"Born in Vinnytsia Oblast, Ukraine",,,,DPR administration.,,,Identified as involved in the deportation of Ukrainian children. Dossier created in May 2024.
OFC-167,Plotnitskaya Oksana Vladimirovna,Плотницкая Оксана Владимировна,DPR,Director of Amvrosievo boarding school No. 4,Sector,Amvrosievo,,,Unknown,,,,,,,,Identified as involved in the deportation of Ukrainian children. Dossier created in April 2024.
OFC-168,Fedorenko Anna Nikolaevna,Федоренко Анна Николаевна,DPR,Head of the Department of Education of the Administration of the Shakhtarsk Municipal District,District,Shakhtarsk,2024,,Yes,,,,,,,,Identified as involved in the deportation of Ukrainian children. Dossier created in May 2024.
OFC-169,Goncharov Viktor,Гончаров Виктор,DPR,Chief doctor of the Republican Children's Home in Makiivka,Sector,Makiivka,2016 (at least),,Unknown,,,,,,,,Identified as involved in the deportation of Ukrainian children. Dossier created in June 2024.
OFC-170,Dubinin Igor,Дубинин Игорь,DPR,Coach of the Yenakiieve children's and youth sports school,Sector,Yenakiieve,2024 (at least),,Unknown,,,,,,,,Identified as involved in the deportation of Ukrainian children. Dossier created in June 2024.
OFC-171,Kirichenko Tatyana Sergeevna,Кириченко Татьяна Сергеевна,Crimea,"Methodologist in the Department of Cultural and Educational Activities at the State Budgetary Institution of the Republic of Crimea, ‘House of Friendship of the Peoples’",Sector,Simferopol,,,Yes,,,,,State-funded institution of the Republic of Crimea: ‘House of Friendship of the Peoples’.,,,Author of methodological recommendations for Year of Family 2024 events in occupied Crimea. Works in cultural-educational department of a Russian occupation government institution.
OFC-172,Ermolenko Pavel,Ермоленко Павел,Crimea,Honoured Craftsman of the Republic of Crimea,Sector,Simferopol,2023 (At least),,Unknown,,,,,Holds title 'Honored Craftsman of the Republic of Crimea' - an official title granted by Russian occupation authorities.,,,Organizer of the Orthodox craft workshop project 'ЛЕПОТА' aimed at promoting traditional Russian crafts among youth and preserving historical-cultural heritage.
OFC-173,Deynego Vladislav Nikolayevich,Дейнего Владислав Николаевич,LPR,Minister of Foreign Affairs of the Lugansk People's Republic,Regional,,2017,2022,No,Luhansk region,,,,,,,Listed as a member of the authoring team for a Russian historical monograph on Ukraine.
OFC-176,Diky Alexei Alexandrovich,Дикий Алексей Александрович,DPR,Minister of Internal Affairs,Regional,Donetsk,2015,,Yes,Donetsk region,,,,,,,"Decree №97, 01.12.2018. Carried over into 2022 Khotsenko cabinet."
OFC-177,Pavlenko Vladimir Nikolaevich,Павленко Владимир Николаевич,DPR,Minister of State Security,Regional,Donetsk,2018,,Yes,,,,,Ministry of State Security DPR.,,,"Decree №96, 01.12.2018."
OFC-178,Kostrubytsky Alexei Alexandrovich,Кострубицкий Алексей Александрович,DPR,Minister of Civil Defence and Emergency Situations,Regional,Donetsk,2014,2023,No,"Born in Bryansk Oblast, Russia",,,,,,,"Decree №99, 01.12.2018. Also listed as acting minister in post-2022 period."
OFC-179,Nikonorova Natalia Yuryevna,Никонорова Наталья Юрьевна,DPR,Senator of the Russian Federation — representative of the executive branch of the Donetsk People’s Republic,Regional,Donetsk,2022,,Yes,Donetsk region,,,Deynеgo Vladislav Nikolaevich (LPR counterpart).,,,,"Decree №98, 01.12.2018. Received DPRK diplomatic communication July 2022 recognising DPR independence."
OFC-180,Lavrenov Evgeny Evgenyevich,Лавренов Евгений Евгеньевич,DPR,Minister of Revenue and Collections,Regional,Donetsk,2018,2022,No,"Born in Nikopol, Ukraine",,,,,,,"Decree №101, 03.12.2018."
OFC-181,Chausova Yana Sergeyevna,Чаусова Яна Сергеевна,DPR,Minister of Finance,Regional,Donetsk,2018,2024,No,Donetsk region,,,,Ministry of Finance DPR.,,,"Decree №104, 03.12.2018. Carried over into 2022 Khotsenko cabinet — notable continuity."
OFC-182,Polovyan Alexei Vladimirovich,Половян Алексей Владимирович,DPR,Minister of Economic Development,Regional,Donetsk,2018,2022,No,Donetsk region,,Works in Donetsk institute.,,,,,"Decree №102, 03.12.2018. Carried over into 2022 Khotsenko cabinet."
OFC-183,Dubovsky Ruslan Mikhailovich,Дубовский Руслан Михайлович,DPR,Minister of Coal and Energy,Regional,Donetsk,2018,2022,No,Donetsk region,,,,,,,"Decree №105, 03.12.2018."
OFC-184,Naumets Sergei Sergeyevich,Наумец Сергей Сергеевич,DPR,Minister of Construction and Housing,Regional,Donetsk,2018,2021,No,Donetsk region,,,,,,,"Decree №112, 03.12.2018."
OFC-185,Tolstykina Larisa Valentinovna,Толстыкина Лариса Валентиновна,DPR,Deputy Prime Minister of the Donetsk People’s Republic,Regional,Donetsk,2022,,Yes,Donetsk region,Former Minister in DPR (2018-2022).,,,,,,"Decree №111, 03.12.2018."
OFC-186,Kramarenko Artyom Alexandrovich,Крамаренко Артём Александрович,DPR,Deputy Chairman of the Government of the Donetsk People’s Republic,Regional,Donetsk,2025,,Yes,"Born in Tula Oblast, Russia",Former Minister of Agro-Industrial Policy and Food (2018-2025).,,,,,,"Decree №103, 03.12.2018. Still serving as Acting Deputy Chairman / Minister of Agro-Industrial Policy post-2022."
OFC-187,Kushakov Mikhail Nikolaevich,Кушаков Михаил Николаевич,DPR,"Minister of Education and Science, later advisor to DPR head",Regional,Donetsk,2019,2024,No,Born in Moldova,,,,,,,"Decree №189, 19.06.2019."
OFC-188,Dolgoshapko Olga Nikolaevna,Долгошапко Ольга Николаевна,DPR,Minister of Health,Regional,Donetsk,2018,2020,No,Donetsk region,,Likely still an advisor to DPR head.,,,,,"Decree №106, 03.12.2018."
OFC-189,Sirovatko Yuri Nikolaevich,Сироватко Юрий Николаевич,DPR,Minister of Justice,Regional,Donetsk,2018,2023,No,Donetsk region,,Works as head of Rosreestr in the DPR.,,,,,"Decree №100, 01.12.2018. Carried over into 2022 Khotsenko cabinet."
OFC-190,Antipov Igor Yuryevich,Антипов Игорь Юрьевич,DPR,Minister of Information,Regional,Donetsk,2018,2023,No,"Moscow, Russia",,,,,,,"Decree №114, 03.12.2018. Carried over into 2022 Khotsenko cabinet."
OFC-191,Podlipanov Dmitry Viktorovich,Подлипанов Дмитрий Викторович,DPR,Minister of Transport,Regional,Donetsk,2018,2023,No,Donetsk region,,,,,,,"Decree №113, 03.12.2018. Carried over into 2022 Khotsenko cabinet."
OFC-192,Khalepa Igor Nikolaevich,Халепа Игорь Николаевич,DPR,Minister of Communications,Regional,Donetsk,2019,2023,No,Donetsk region,,,,,,,"Decree №304, 14.10.2019."
OFC-193,Gromakov Alexander Yuryevich,Громаков Александр Юрьевич,DPR,"Minister of Youth, Sport and Tourism",Regional,Donetsk,2018,2023,No,Donetsk region,,,,,,,"Decree №115, 03.12.2018."
OFC-194,Zheltyakov Mikhail Vasilyevich,Желтяков Михаил Васильевич,DPR,Minister of Culture,Regional,Donetsk,2018,,Yes,"Born in Kryvyi Rih, Ukraine",,,,,,,"Decree №110, 03.12.2018. Still serving as Acting Minister of Culture post-2022."
OFC-195,Armatov Eduard Viktorovich,Арматов Эдуард Викторович,DPR,Minister of Industry and Trade,Regional,Donetsk,2018,2020,No,Donetsk region,,,,,,,"Decree №107, 03.12.2018."
OFC-196,Martynov Igor Yuryevich,Мартынов Игорь Юрьевич,DPR,Deputy Chairman of DPR Government,Regional,Donetsk,2019,2019,No,Donetsk region,,"Dismissed by Decree №143, 15.05.2019.",,,,,Relieved of post as Deputy Chairman by decree №143 of 15 May 2019.
OFC-197,Khotsenko Vitaly Pavlovich,Хоценко Виталий Павлович,DPR,Chairman of Government (Prime Minister),Regional,Donetsk,2022,2023,No,"Dnipropetrovsk, Ukraine",Russian Ministry of Industry and Trade — oversaw regional relations; graduate of Russian governors school; finalist of Leaders of Russia programme.,,Pushilin Denis (appointed him); Solntsev Evgeny (deputy).,Russian Ministry of Industry and Trade (MinPromTorg).,,,Appointed June 2022 replacing Ananchenko. Pushilin cited need for stronger integration with Russia. Khotsenko focused on infrastructure restoration and integration processes.
OFC-198,Ananchenko Alexander Yevgenyevich,Ананченко Александр Евгеньевич,DPR,Chairman of Government (Prime Minister),Regional,Donetsk,2018,2022,No,Local DPR government figure,,Appointed to lead state sector development by Pushilin after dismissal June 2022.,Pushilin Denis (dismissed him).,,,,Led DPR government from October 2018 until dismissed by Pushilin on 8 June 2022. Pushilin thanked him for four years of work in difficult conditions.
OFC-199,Antonov Vladimir Nikolaevich,Антонов Владимир Николаевич,DPR,Deputy Chairman of Government,Regional,Donetsk,2022,2022,No,"Born in Omsk, Russia",,,Khotsenko Vitaly (PM).,,,,Appointed under Khotsenko cabinet June 2022.
OFC-201,Pereverzeva Tatyana Viktorovna,Переверзева Татьяна Викторовна,DPR,Deputy Chairman of Government,Regional,Donetsk,2022,,Yes,,,,,,,,Still serving as Acting Deputy Chairman post-2023.
OFC-202,Rushchak Vladimir Mikhailovich,Рущак Владимир Михайлович,DPR,Minister of Industry and Trade / Acting Deputy Chairman,Regional,Donetsk,2022,2023,No,Donetsk region,,Was arrested in 2024.,,,,,Appointed under Khotsenko 2022.
OFC-203,Gartsev Dmitry Anatolyevich,Гарцев Дмитрий Анатольевич,DPR,Minister of Health,Regional,Donetsk,2022,2025,No,"Born in Amur Oblast, lived mostly in Moscow oblast",,,,,,,"Appointed under Khotsenko 2022, still in post."
OFC-204,Petkun Denis Sergeyevich,Петкун Денис Сергеевич,DPR,Deputy Chairman / Head of Government Apparatus,Regional,Donetsk,2023,2024,No,,,Was arrested for corruption.,,,,,
OFC-205,Koludarova Olga Pavlovna,Колударова Ольга Павловна,DPR,Acting Minister of Education and Science,Regional,Donetsk,2022,2024,No,"From Udmurt Republic, Russia",,Deputy Minister of Education of Russia.,,,,,
OFC-206,Kurashov Denis Sergeyevich,Курашов Денис Сергеевич,DPR,Acting Minister of Communications,Regional,Donetsk,2022,2025,No,"Born in Stavropol, Russia",,,,,,,Acting minister post-2022.
OFC-207,Shamov Alexei Sergeyevich,Шамов Алексей Сергеевич,DPR,Deputy Head of the Administration of the Head and Government of the DPR,Regional,Donetsk,2025,,Yes,Donetsk region,Acting Minister of Justice unitl 2025.,,,,,,Acting minister post-2022.
OFC-208,Zverkov Vladimir Igorevich,Зверков Владимир Игоревич,DPR,Deputy Chariman of DPR,Regional,Donetsk,2023,2025,No,Russian,Acting Minister of Economic Development.,,,,,,"Acting minister post-2022, replacing Polovyan."
OFC-210,Makaov Kirill Borisovich,Макаов Кирилл Борисович,DPR,Deputy Chairman of DPR,Regional,Donetsk,2025,,Yes,Donetsk region,Minister of Youth Policy until 2025.,,,,,,Acting minister post-2022.
OFC-211,Kostomarov Alexander Konstantinovich,Костомаров Александр Константинович,DPR,First Deputy Head of DPR Administration,Regional,Donetsk,2022,2024,No,"Chelyabinsk, Russia",First Deputy Governor of Ulyanovsk Oblast (Russia).,,Pushilin Denis.,Ulyanovsk Oblast administration.,,,Appointed first deputy head of DPR administration in June 2022 — another Russian federal official inserted into DPR at senior level.
OFC-212,Kozlov Sergei Ivanovich,Козлов Сергей Иванович,LPR,Chairman of Council of Ministers,Regional,Luhansk,2015,2024,No,Luhansk region,,,Pasechnik Leonid (Head of LPR).,,,,"Appointed December 2018, confirmed by LPR People's Council."
OFC-214,Podlipaeva Svetlana Nikolaevna,Подлипаева Светлана Николаевна,LPR,Minister of Economic Development,Regional,Luhansk,2018,2024,No,Luhansk region,,Chair of liquidation commission for LPR Government entity (liquidated July 2024).,,,,,Became chair of liquidation commission as LPR government entity was formally liquidated 29 July 2024 as part of Russian integration.
OFC-215,Protasov Maxim Alekseyevich,Протасов Максим Алексеевич,LPR,Acting Minister of Construction and Housing,Regional,Luhansk,2018,2020,No,Luhansk region,,Arrested for bribery.,,,,,
OFC-216,Bozhich Dmitry Viktorovich,Божич Дмитрий Викторович,LPR,Minister of Industry and Trade,Regional,Luhansk,2018,,Unknown,Russian,,,,,,,
OFC-217,Manuylov Evgeny Vladimirovich,Мануйлов Евгений Владимирович,LPR,Minister of Finance,Regional,Luhansk,2018,,Yes,Luhansk region,,,,,,,
OFC-218,Malgin Pavel Vladimirovich,Мальгин Павел Владимирович,LPR,"Minister of Fuel, Energy and Coal",Regional,Luhansk,2018,2020,No,"Born in Kursk, Russia",,Arrested for corruption.,,,,,
OFC-219,Borodin Sergei Alekseyevich,Бородин Сергей Алексеевич,LPR,Head of State Committee for Taxes and Collections,Regional,Luhansk,2018,,Unknown,Luhansk region,,,,,,,
OFC-220,Lantratova Darya Sergeyevna,Лантратова Дарья Сергеевна,LPR,LPR Representative to Russian Federation Council,Regional,Moscow/Luhansk,2022,,Yes,"Moscow Oblast, Russia",,,Pasechnik Leonid; Bas Olga Evgenyevna (other Federation Council rep).,Russian Federation Council; Committee on Social Policy.,,,Became key LPR figure from 20 December 2022. Serves as Deputy Chair of Federation Council Committee on Social Policy. Representative from executive branch.
OFC-222,Miroshnichenko Denis Nikolaevich,Мирошниченко Денис Николаевич,LPR,Chairman of People's Council (legislature),Regional,Luhansk,2017,,Yes,Luhansk region,,,Pasechnik Leonid,Russian Federation Council,,,"Chairman since December 2017, re-elected 2018 and September 2023. Term ends September 2028."
OFC-223,Rogovenko Konstantin Yuryevich,Роговенко Константин Юрьевич,LPR,"Minister of Fuel, Energy and Coal",Regional,Luhansk,2022,,Yes,Luhansk region,,,,,,,Current minister post-2022.
OFC-225,Antonova Alena Alexandrovna,Антонова Алена Александровна,LPR,Minister of Property and Land Relations,Regional,Luhansk,2022,,Yes,Luhansk region,,,,,,,Current minister post-2022.
OFC-226,Kharitonov Vladimir Ivanovich,Харитонов Владимир Иванович,LPR,"Acting Minister of Digital Development, Communications and Mass Media",Regional,Luhansk,2022,,Yes,,,,,,,,Acting minister post-2022.
OFC-227,Shareneshev Oleg Viktorovich,Шеренешев Олег Викторович,LPR,Minister of Sport,Regional,Luhansk,2022,,Yes,Luhansk region,,,,,,,Current minister — engaged with students of Luhansk State Pedagogical University Institute of Physical Education and Sport.
OFC-231,Kozenko Andrei Dmitrievich,Козенко Андрей Дмитриевич,Zaporizhzhia Oblast,Deputy Head of VGA (Military-Civilian Administration),Regional,Melitopol,2022,,Yes,Russian (Born in Crimea),State Duma deputy from Crimea; United Russia member.,,Balitsky Evgeny.,Russian State Duma; United Russia.,,,Appointed 5 July 2022 — former Crimean Duma deputy inserted into Zaporizhzhia VGA senior structure.
OFC-232,Danilchenko Galina Viktorovna,Данильченко Галина Викторовна,Zaporizhzhia Oblast,Acting Mayor of Melitopol,City,Melitopol,2022,2025,No,"Ukrainian-born, collaborator",Former parliamentary assistant to Balitsky in Verkhovna Rada.,,Balitsky Evgeny (former employer).,,,,Proclaimed acting mayor of Melitopol by Russian forces from March 2022. Ukrainian sources noted Balitsky as informal head of city. Connection to Balitsky via Rada assistant role predates occupation.
OFC-233,Emelianenko Viktor Andreevich,Емельяненко Виктор Андреевич,Zaporizhzhia Oblast,Chairman of Legislative Assembly,Regional,Melitopol,2023,,Yes,"Born in Zaporizhzhia, Ukraine",,,Balitsky Evgeny.,Zaporizhzhia Oblast Legislative Assembly.,,,Elected Chairman of the Legislative Assembly in September 2023 after the formation of the assembly. The assembly has 40 deputies elected by proportional representation; United Russia won 83% majority.
OFC-235,Yeliseyev Sergei,Елисеев Сергей,Kherson Oblast,Prime Minister / Head of Government,Regional,Kherson/Henichesk,2022,2022,No,Russian,First Deputy Chairman of Government of Kaliningrad Oblast; before that FSB service from 1993 to 2005; then commercial organisations 2005-2014; government service from August 2014; First Deputy PM Kaliningrad from 17 July 2021.,Acting Head of VGA (Military-civil administration) when Saldo was hospitalised in August 2022.,"Saldo Vladimir (appointed him); Bespalov Vladimir (deputy, also from Kaliningrad).",Kaliningrad Oblast government; FSB (former service).,,Former FSB officer 1993-2005.,Appointed PM 4 July 2022. Saldo explicitly stated government would include Russian professional managers. Yeliseyev represents the clearest case of a Russian federal official with an FSB background inserted as head of government in newly occupied territory. Served as acting head of VGA when Saldo was hospitalised after poisoning in August 2022.
OFC-236,Alekseyenko Andrei Anatolyevich,Алексеенко Андрей Анатольевич,Kherson Oblast,Head of Government (Prime Minister),Regional,Henichesk,2022,2025,No,"Born in Krasnodarsk Krai, Russia",,Deputy Representative of the President of the Russian Federation in the Southern Federal District.,Saldo Vladimir (governor); Yeliseyev Sergei (predecessor).,,,,"Appointed head of government from 25 November 2022, replacing Yeliseyev."
OFC-237,Bespalov Vladimir Alexandrovich,Беспалов Владимир Александрович,Kherson Oblast,Deputy Prime Minister / Minister of Domestic Policy of Kherson Civil-Military Administration,Regional,Kherson/Henichesk,2022,,Unknown,"Russian, born in Kaliningrad",FSB service 1993-2005; commercial organisations 2005-2014; government service from 2014; worked in Kaliningrad Oblast government with Yeliseyev.,,Yeliseyev Sergei (worked together in Kaliningrad and Kherson).,Kaliningrad Oblast government; FSB (former).,,Former FSB officer.,"Appointed Deputy PM July 2022 alongside Yeliseyev — both brought from Kaliningrad government, both former FSB. Represents systematic insertion of Russian security service alumni into occupied territory administration."
OFC-238,Kovalev Alexei,Ковалев Алексей,Kherson Oblast,Deputy Prime Minister (Agriculture),Regional,Kherson,2022,2022,No,"Ukrainian-born, collaborator",Verkhovna Rada deputy from 'Sluha Narodu'; excluded from the party after collaborating.,"Survived assassination attempt 30 June 2022 — car blown up by a Ukrainian sabotage group, was killed later in 2022 in his own house.",Saldo Vladimir.,,,,"Deputy PM for agriculture from July 2022. Notable as former member of ruling Ukrainian party who chose collaboration. Target of Ukrainian assassination operation June 2022 — car bomb, survived."
OFC-239,Rodikov Mikhail Leonidovich,Родиков Михаил Леонидович,Kherson Oblast,Minister of Education and Science,Regional,Kherson/Henichesk,2022,2023,No,"Russian, born in Moscow oblast","Deputy head of administration of Kashira urban district, Moscow Oblast; oversaw Russification of Sevastopol education system 2015-2018.",,Saldo Vladimir.,Kashira district administration (Moscow Oblast); Sevastopol education system.,,,Appointed July 2022. Specifically chosen for prior experience Russifying Sevastopol's education system 2015-2018 — directly relevant to role of imposing Russian curriculum in Kherson. Key figure for education dimension of occupation.
OFC-242,Kobets Alexander Yuryevich,Кобец Александр Юрьевич,Kherson Oblast,Head of Kherson City occupation administration,City,Kherson,2022,2022,No,Born in Kherson,,,Saldo Vladimir.,,,,Placed as head of Kherson city administration when Russian military formed occupation administration April 2022.
OFC-243,Akopyan Georgy Robertovich,Акопян Георгий Робертович,Crimea,"Deputy, State Council of Republic of Crimea; Chair, Regional Armenian National-Cultural Autonomy of Crimea",Regional,Simferopol,2023,,Yes,Crimea-based local politician,,,,"United Russia faction, State Council of Crimea.",,,Member of the United Russia faction.  Elected on party list. Chairs the Armenian cultural autonomy organisation in Crimea.
OFC-244,Aksyonov Valery Nikolaevich,Аксёнов Валерий Николаевич,Crimea,"Deputy, State Council of Republic of Crimea; Deputy Chair, Committee on Construction, Housing Policy and Fuel-Energy Complex",Regional,Simferopol,2023,,Yes,Crimea-based local politician,,,Konstantinov Vladimir (State Council Chair).,United Russia.,,,Member of the United Russia faction.  Elected on party list. Serves on construction and energy committee.
OFC-245,Anosov Viktor Yuryevich,Аносов Виктор Юрьевич,Crimea,"Deputy, State Council of Republic of Crimea; Executive Director, Association of SVO Veterans of Republic of Crimea",Regional,Simferopol,2023,,Yes,Crimea-based local politician,,,,United Russia.,,SVO veterans association — direct military-civilian interface role.,Member of the United Russia faction.  Heads the Crimean SVO (Special Military Operation) veterans association — key interface between military returnees and occupation civilian structures.
OFC-246,Batalin Alexander Sergeyevich,Баталин Александр Сергеевич,Crimea,"Deputy, State Council of Republic of Crimea; General Director, JSC Zavod Fiolent",Regional,Simferopol,2023,,Yes,Crimea-based local politician,,,,United Russia.,JSC Zavod Fiolent (Fiолент factory — industrial enterprise),,Member of the United Russia faction.  Elected by single-member district. Heads major Crimean industrial enterprise.
OFC-247,Batova Sofya Stanislavovna,Батова Софья Станиславовна,Crimea,"Deputy, State Council; Deputy General Director / Investment Development Director, JSC Corporation for Development of Republic of Crimea",Regional,Simferopol,2023,,Yes,Crimea-based local politician,,,,United Russia; Crimea Development Corporation (state entity).,JSC Corporation for Development of Republic of Crimea.,,Member of the United Russia faction.  Leads investment development at the state development corporation — key economic integration role.
OFC-248,Bilan Victoria Leonidovna,Билан Виктория Леонидовна,Crimea,"Deputy, State Council of Republic of Crimea",Regional,Simferopol,2023,,Yes,Crimea-based local politician,,,,Just Russia — Patriots — For Truth faction.,,,Elected by single-member district on Just Russia — Patriots — For Truth ticket. One of few non-United Russia deputies in Crimean legislature.
OFC-249,Bobkov Vladimir Vitalyevich,Бобков Владимир Витальевич,Crimea,"Deputy, State Council; Chair, Committee on Patriotic Education and Youth Policy",Regional,Simferopol,2023,,Yes,Crimea-based local politician,,,Konstantinov Vladimir.,United Russia.,,,Member of the United Russia faction.  Chairs the Patriotic Education and Youth Policy committee — directly relevant to Identity Replacement dimension of occupation. Key figure for youth militarisation documentation.
OFC-250,Bogatyrenko Sergei Vasilyevich,Богатыренко Сергей Васильевич,Crimea,"Deputy, State Council; Chair, Committee on Family Affairs and Veterans",Regional,Simferopol,2023,,Yes,Crimea-based local politician,,,,KPRF (Communist Party of Russian Federation).,,,KPRF faction member. Elected on party list. Chairs family and veterans committee.
OFC-251,Borodkin Sergei Anatolyevich,Бородкин Сергей Анатольевич,Crimea,"Deputy, State Council of Republic of Crimea",Regional,Simferopol,2023,,Yes,Crimea-based local politician,,,,United Russia.,,,Member of the United Russia faction.  Elected on party list. No committee role recorded.
OFC-252,Vinogradova Olga Mikhailovna,Виноградова Ольга Михайловна,Crimea,"Deputy, State Council; Chair, Committee on Economic, Budget-Financial, Investment and Tax Policy",Regional,Simferopol,2023,,Yes,Crimea-based local politician,,,Konstantinov Vladimir.,United Russia.,,,Member of the United Russia faction.  Chairs the key economic and budget committee — relevant to Economic Dependency dimension.
OFC-253,Gafarov Edip Saidovich,Гафаров Эдип Саидович,Crimea,"Deputy, State Council; Chair, Committee on Inter-Ethnic Relations",Regional,Simferopol,2023,,Yes,Crimea-based local politician,,,,United Russia.,,,Member of the United Russia faction.  Chairs inter-ethnic relations committee — significant given Crimean Tatar population and Russia's suppression of Tatar identity.
OFC-254,Goncharov Alexander Alexandrovich,Гончаров Александр Александрович,Crimea,"Deputy, State Council; Director, JSC Sharkhinskiy Karier",Regional,Simferopol,2023,,Yes,Crimea-based local politician,,,,United Russia.,JSC Sharkhinskiy Karier (quarry enterprise).,,Member of the United Russia faction.  Elected by single-member district. Heads quarrying enterprise.
OFC-255,Gridchina Anastasia Sergeyevna,Гридчина Анастасия Сергеевна,Crimea,"Deputy, State Council; Chair, Committee on Public Diplomacy and Inter-Regional Relations",Regional,Simferopol,2023,,Yes,Crimea-based local politician,,,,United Russia.,,,Member of the United Russia faction.  Chairs public diplomacy committee — relevant to external outreach and legitimation of occupation.
OFC-256,Demchenko Vladimir Leonidovich,Демченко Владимир Леонидович,Crimea,"Deputy, State Council of Republic of Crimea; Entrepreneur",Regional,Simferopol,2023,,Yes,Crimea-based local politician,,,,KPRF.,Private business.,,KPRF faction. Elected on party list. Private businessman.
OFC-257,Dobrorez Oksana Gennadyevna,Доброрез Оксана Геннадьевна,Crimea,"Deputy, State Council; Chair, Committee on Industry, Trade and Entrepreneurship",Regional,Simferopol,2023,,Yes,Crimea-based local politician,,,,United Russia.,,,Member of the United Russia faction.  Elected by single-member district. Chairs industry and trade committee.
OFC-258,Dobryna Evgenia Alexandrovna,Добрыня Евгения Александровна,Crimea,"Deputy, State Council; Chair, Committee on Property and Land Relations",Regional,Simferopol,2023,,Yes,Crimea-based local politician,,,,United Russia.,,,Member of the United Russia faction.  Chairs property and land relations committee — directly relevant to housing confiscation/Legal Architecture dimensions.
OFC-259,Dryagin Oleg Valeryevich,Дрягин Олег Валерьевич,Crimea,"Deputy, State Council; Individual Entrepreneur",Regional,Simferopol,2023,,Yes,Crimea-based local politician,,,,KPRF.,Private business.,,KPRF faction. Elected on party list.
OFC-260,Emelyanova Elena Viktorovna,Емельянова Елена Викторовна,Crimea,"Deputy, State Council; Correspondent, ANO TRK Krym (state Crimea TV)",Regional,Simferopol,2023,,Yes,Crimea-based local politician,,,,United Russia; ANO TRK Krym (state broadcaster).,,,Member of the United Russia faction.  Works for state Crimean TV broadcaster — relevant to Digital Enclosure/Information Space dimensions.
OFC-261,Ermakova Lyudmila Alekseyevna,Ермакова Людмила Алексеевна,Crimea,"Deputy, State Council; Director, GUP Republic of Crimea Solnechnaya Tavrika",Regional,Simferopol,2023,,Yes,Crimea-based local politician,,,,United Russia; GUP (state unitary enterprise) Solnechnaya Tavrika.,State enterprise director.,,Member of the United Russia faction.  Heads a state unitary enterprise — public-private overlap typical of Russian occupation economic structures.
OFC-262,Zhilenko Viktor Leonidovich,Жиленко Виктор Леонидович,Crimea,"Deputy, State Council; General Director, OOO Park Miniatur",Regional,Simferopol,2023,,Yes,Crimea-based local politician,,,,United Russia.,Park Miniatur (tourism business).,,Member of the United Russia faction.  Runs tourism enterprise.
OFC-263,Zvonzek Natalya Mikhailovna,Звёнзек Наталья Михайловна,Crimea,"Deputy Chair, State Council of Republic of Crimea",Regional,Simferopol,2023,,Yes,Crimea-based local politician,,,Konstantinov Vladimir (Chair).,United Russia.,,,Member of the United Russia faction.  One of the deputy chairs of the legislature — senior role.
OFC-264,Zilbervarg Artyom Ruslanovich,Зильберварг Артём Русланович,Crimea,"Deputy, State Council of Republic of Crimea",Regional,Simferopol,2023,,Yes,Crimea-based local politician,,,,United Russia.,,,Member of the United Russia faction.  Elected on party list. No committee role recorded.
OFC-265,Ilovchenko Vadim Yakovlevich,Иловченко Вадим Яковлевич,Crimea,"Deputy, State Council; Head of Cossack Affairs Department, GKU RK Kazaki Kryma",Regional,Simferopol,2023,,Yes,Crimea-based local politician,,,,United Russia; GKU Kazaki Kryma (state Cossack body).,,Cossack paramilitary structures in Crimea.,Member of the United Russia faction.  Heads state Cossack affairs unit — relevant to paramilitary integration and identity replacement in Crimea.
OFC-266,Ilchenko Sergei Nikolaevich,Ильченко Сергей Николаевич,Crimea,"Deputy, State Council; Director, OOO AGRO",Regional,Simferopol,2023,,Yes,Crimea-based local politician,,,,United Russia.,OOO AGRO (agricultural enterprise).,,Member of the United Russia faction.  Elected by single-member district. Agricultural enterprise director.
OFC-267,Kislitsa Zhanna Ivanovna,Кислица Жанна Ивановна,Crimea,"Deputy, State Council; Deputy Chair, Committee on Social Policy",Regional,Simferopol,2023,,Yes,Crimea-based local politician,,,,United Russia.,,,Member of the United Russia faction.  Elected by single-member district. Social policy committee.
OFC-268,Kovalenko Valery Vladimirovich,Коваленко Валерий Владимирович,Crimea,"Deputy, State Council; Chair, Committee on Construction, Housing Policy and Fuel-Energy Complex",Regional,Simferopol,2023,,Yes,Crimea-based local politician,,,Konstantinov Vladimir.,United Russia.,,,Member of the United Russia faction.  Chairs key infrastructure committee.
OFC-269,Kozyrev Andrei Vladimirovich,Козырев Андрей Владимирович,Crimea,"First Deputy Chair, State Council of Republic of Crimea",Regional,Simferopol,2023,,Yes,Crimea-based local politician,,,Konstantinov Vladimir (Chair).,United Russia.,,,Member of the United Russia faction.  First Deputy Chair of legislature — second most senior legislative role.
OFC-270,Kombarov Alexander Gennadyevich,Комбаров Александр Геннадьевич,Crimea,"Deputy, State Council; Deputy Chair, Committee on Transport, Housing-Communal and Road Economy",Regional,Simferopol,2023,,Yes,Crimea-based local politician,,,,United Russia.,,,Member of the United Russia faction.  Transport and utilities committee.
OFC-271,Konstantinov Vladimir Andreyevich,Константинов Владимир Андреевич,Crimea,"Chair, State Council of Republic of Crimea (Speaker of legislature)",Regional,Simferopol,2014,,Yes,"Ukrainian-born, collaborator",Crimean regional politician; chair of Crimean parliament from 2010; organised 2014 annexation referendum.,,Aksyonov Sergei (Head of Crimea); Kozyrеv Andrei (First Deputy Chair).,United Russia; Russian Federation Council.,,,One of the principal architects of the 2014 annexation — chaired the session of the Crimean parliament that declared independence and requested Russian annexation. Continuously chairs the legislature since 2014. Re-elected September 2023.
OFC-272,Krestyaninova Elena Anatolyevna,Крестьянинова Елена Анатольевна,Crimea,"Deputy, State Council; Chair, Committee on Education and Science",Regional,Simferopol,2023,,Yes,Crimea-based local politician,,,,United Russia.,,,Member of the United Russia faction.  Chairs education committee — directly relevant to curricula replacement and Identity Replacement dimension.
OFC-273,Krishtal Oleg Yaroslavovich,Кришталь Олег Ярославович,Crimea,"Deputy, State Council of Republic of Crimea",Regional,Simferopol,2023,,Yes,Crimea-based local politician,,,,United Russia.,,,Member of the United Russia faction.  Elected by single-member district.
OFC-274,Nikolayenko Vladimir Nikolaevich,Николаенко Владимир Николаевич,Crimea,"Deputy, State Council; Individual Entrepreneur",Regional,Simferopol,2023,,Yes,Crimea-based local politician,,,,United Russia.,Private business.,,Member of the United Russia faction.  Elected by single-member district.
OFC-275,Pakholkova Elena Alexandrovna,Пахолкова Елена Александровна,Crimea,"Deputy, State Council; Deputy Chair, Committee on Resorts and Tourism",Regional,Simferopol,2023,,Yes,Crimea-based local politician,,,,LDPR faction.,,,LDPR faction. Elected on party list. Tourism committee.
OFC-276,Polishchuk Igor Vitalyevich,Полищук Игорь Витальевич,Crimea,"Deputy, State Council; General Director, MPK Skvortsovo",Regional,Simferopol,2023,,Yes,Crimea-based local politician,,,,United Russia.,MPK Skvortsovo (meat processing enterprise).,,Member of the United Russia faction.  Heads food processing enterprise.
OFC-277,Ponomarenko Alla Alikovna,Пономаренко Алла Аликовна,Crimea,"Deputy Chair, State Council; Chair, Committee on Culture, Cultural Heritage and Sport",Regional,Simferopol,2023,,Yes,Crimea-based local politician,,,Konstantinov Vladimir (Chair).,United Russia.,,,Deputy Chair of legislature and chairs culture committee. Double seniority — relevant to both Identity Replacement and legislative structures.
OFC-278,Pokhodenko Alexander Vitalyevich,Походенко Александр Витальевич,Crimea,"Deputy, State Council; General Director, OOO Dobroe",Regional,Simferopol,2023,,Yes,Crimea-based local politician,,,,United Russia.,OOO Dobroe.,,Member of the United Russia faction.  Elected by single-member district.
OFC-279,Pryadko Anastasia Olegovna,Прядко Анастасия Олеговна,Crimea,"Deputy, State Council; Deputy Chair, Committee on Information Policy, IT and Communications",Regional,Simferopol,2023,,Yes,Crimea-based local politician,,,,United Russia.,,,Member of the United Russia faction.  Elected by single-member district. Information policy committee — relevant to Digital Enclosure dimension.
OFC-280,Puzin Maxim Alekseyevich,Пузин Максим Алексеевич,Crimea,"Deputy, State Council; Deputy Chair, Committee on Legislation",Regional,Simferopol,2023,,Yes,Crimea-based local politician,,,,United Russia.,,,Member of the United Russia faction.  Legislation committee — relevant to Legal Architecture dimension.
OFC-281,Rogatin Vasily Petrovich,Рогатин Василий Петрович,Crimea,"Deputy, State Council; Chair, Committee on Agrarian Policy and Rural Development",Regional,Simferopol,2023,,Yes,Crimea-based local politician,,,,United Russia.,,,Member of the United Russia faction.  Elected by single-member district. Agrarian committee.
OFC-282,Rubel Anna Dmitrievna,Рубель Анна Дмитриевна,Crimea,"Deputy, State Council; Chair, Committee on Healthcare",Regional,Simferopol,2023,,Yes,Crimea-based local politician,,,,United Russia.,,,Member of the United Russia faction.  Elected by single-member district. Healthcare committee.
OFC-283,Rudyakov Alexander Nikolaevich,Рудяков Александр Николаевич,Crimea,"Deputy, State Council; Rector, Crimean Republican Institute of Postgraduate Pedagogical Education",Regional,Simferopol,2023,,Yes,Crimea-based local politician,,,,United Russia.,,,"Member of the United Russia faction.  Heads teacher retraining institute — key role in Russification of education system in Crimea, retraining Ukrainian-trained teachers in Russian curriculum."
OFC-284,Sandalov Nikita Andreyevich,Сандалов Никита Андреевич,Crimea,"Deputy, State Council of Republic of Crimea",Regional,Simferopol,2023,,Yes,Crimea-based local politician,,,,United Russia.,,,Member of the United Russia faction.
OFC-285,Sargsyan Karen Gagikovich,Саргсян Карен Гагикович,Crimea,"Deputy, State Council of Republic of Crimea",Regional,Simferopol,2023,,Yes,Crimea-based local politician,,,,United Russia.,,,Member of the United Russia faction.
OFC-286,Satsik Oksana Ivanovna,Сацик Оксана Ивановна,Crimea,"Deputy, State Council of Republic of Crimea",Regional,Simferopol,2023,,Yes,Crimea-based local politician,,,,United Russia.,,,Member of the United Russia faction.
OFC-287,Sergiyenko Oksana Alekseyevna,Сергиенко Оксана Алексеевна,Crimea,"Deputy, State Council of Republic of Crimea",Regional,Simferopol,2023,,Yes,Crimea-based local politician,,,,United Russia.,,,Member of the United Russia faction.
OFC-288,Smolyanov Mikhail Alexandrovich,Смолянов Михаил Александрович,Crimea,"Deputy, State Council of Republic of Crimea",Regional,Simferopol,2023,,Yes,Crimea-based local politician,,,,United Russia.,,,"Member of United Russia faction. One of longer-serving deputies (deputy ID 240, suggesting earlier entry)."
OFC-289,Suprun Elena Vladimirovna,Супрун Елена Владимировна,Crimea,"Deputy, State Council of Republic of Crimea",Regional,Simferopol,2023,,Yes,Crimea-based local politician,,,,United Russia.,,,Member of the United Russia faction.
OFC-290,Tarasov Sergei Ivanovich,Тарасов Сергей Иванович,Crimea,"Deputy, State Council of Republic of Crimea",Regional,Simferopol,2023,,Yes,Crimea-based local politician,,,,United Russia.,,,Member of the United Russia faction.
OFC-291,Tippa Aider Akhtemovich,Типпа Айдер Ахтемович,Crimea,"Deputy, State Council of Republic of Crimea",Regional,Simferopol,2023,,Yes,Crimea-based local politician,,,,United Russia.,,,"Member of the United Russia faction. Crimean Tatar name — notable as a Tatar United Russia deputy, relevant to Russia's co-option strategy toward the Tatar community."
OFC-292,Tikhomirov Alexei Nikolaevich,Тихомиров Алексей Николаевич,Crimea,"Deputy, State Council of Republic of Crimea",Regional,Simferopol,2023,,Yes,Crimea-based local politician,,,,United Russia.,,,Member of United Russia faction. One of longer-serving deputies (ID 243).
OFC-293,Tikhonchuk Roman Georgievich,Тихончук Роман Георгиевич,Crimea,"Deputy, State Council of Republic of Crimea",Regional,Simferopol,2023,,Yes,Crimea-based local politician,,,,United Russia.,,,Member of the United Russia faction.
OFC-294,Trofimov Sergei Anatolyevich,Трофимов Сергей Анатольевич,Crimea,"Deputy, State Council of Republic of Crimea",Regional,Simferopol,2023,,Yes,Crimea-based local politician,,,,United Russia.,,,Member of the United Russia faction.
OFC-295,Fayngold Alexander Iosifovich,Файнгольд Александр Иосифович,Crimea,"Deputy, State Council of Republic of Crimea",Regional,Simferopol,2023,,Yes,Crimea-based local politician,,,,United Russia.,,,Member of the United Russia faction.
OFC-296,Fedotov Igor Leonidovich,Федотов Игорь Леонидович,Crimea,"Deputy, State Council of Republic of Crimea",Regional,Simferopol,2023,,Yes,Crimea-based local politician,,,,United Russia.,,,Member of the United Russia faction.
OFC-297,Khasitoshvili Valery Ivanovich,Хаситошвили Валерий Иванович,Crimea,"Deputy, State Council of Republic of Crimea",Regional,Simferopol,2023,,Yes,Crimea-based local politician,,,,United Russia.,,,Member of the United Russia faction.
OFC-298,Khutorenko Zhanna Lvovna,Хутоpенко Жанна Львовна,Crimea,"Deputy, State Council of Republic of Crimea",Regional,Simferopol,2023,,Yes,Crimea-based local politician,,,,United Russia.,,,Member of the United Russia faction.
OFC-299,Tsekov Sergei Pavlovich,Цеков Сергей Павлович,Crimea,"Deputy, State Council of Republic of Crimea",Regional,Simferopol,2014,,Yes,"Ukrainian-born, pro-Russian collaborator",Crimean politician; co-chairman of Russian Communities of Crimea; involved in 2014 referendum organisation.,Also serves as member of Russian Federation Council.,Konstantinov Vladimir; Aksyonov Sergei.,United Russia; Russian Federation Council.,,,One of the most senior and long-serving figures in Crimean legislative politics. Has served since the original 2014 annexation assembly. Also a Federation Council member. One of the original organisers of the 2014 separatist structures.
OFC-300,Shabelnikova Svetlana Nikolaevna,Шабельникова Светлана Николаевна,Crimea,"Deputy, State Council of Republic of Crimea",Regional,Simferopol,2023,,Yes,Crimea-based local politician,,,,United Russia.,,,Member of the United Russia faction.
OFC-301,Shantayev Roman Sergeyevich,Шантаев Роман Сергеевич,Crimea,"Deputy, State Council of Republic of Crimea",Regional,Simferopol,2023,,Yes,Crimea-based local politician,,,,United Russia.,,,Member of the United Russia faction.
OFC-302,Shatunov Vitaly Gennadyevich,Шатунов Виталий Геннадьевич,Crimea,"Deputy, State Council of Republic of Crimea",Regional,Simferopol,2023,,Yes,Crimea-based local politician,,,,United Russia.,,,Member of the United Russia faction.
OFC-303,Shevchenko Alexander Yuryevich,Шевченко Александр Юрьевич,Crimea,"Deputy, State Council of Republic of Crimea",Regional,Simferopol,2023,,Yes,Crimea-based local politician,,,,United Russia.,,,Member of the United Russia faction.
OFC-304,Shirin Ibraim Rishatovich,Широн Ибраим Ришатович,Crimea,"Deputy, State Council of Republic of Crimea",Regional,Simferopol,2023,,Yes,Crimea-based local politician,,,,United Russia.,,,"Member of the United Russia faction. Crimean Tatar name — one of multiple Tatar-named deputies in United Russia caucus, relevant to co-option strategy."
OFC-305,Shuvalov Alexander Alexandrovich,Шувалов Александр Александрович,Crimea,"Deputy, State Council of Republic of Crimea",Regional,Simferopol,2023,,Yes,Crimea-based local politician,,,,United Russia.,,,Member of the United Russia faction.
OFC-306,Yuryev Yuri Yuryevich,Юрьев Юрий Юрьевич,Crimea,"Deputy, State Council of Republic of Crimea",Regional,Simferopol,2023,,Yes,Crimea-based local politician,,,,United Russia.,,,Member of the United Russia faction.
OFC-307,Yakubov Chingiz Fevziyevich,Якубов Чингиз Февзиевич,Crimea,"Deputy, State Council of Republic of Crimea",Regional,Simferopol,2023,,Yes,Crimea-based local politician,,,,United Russia.,,,Member of the United Russia faction. Crimean Tatar name.
OFC-308,Yanaki Nikolai Leontyevich,Янаки Николай Леонтьевич,Crimea,"Deputy, State Council of Republic of Crimea",Regional,Simferopol,2014,,Yes,Crimea-based local politician,,,,United Russia.,,,Member of United Russia faction. One of the longest-serving deputies (ID 277 suggesting 2014 entry).
OFC-309,Vyunik Oksana Viktorovna,Вьюник Оксана Викторовна,Zaporizhzhia Oblast,First Deputy Governor of Zaporizhzhia Oblast,Regional,Melitopol,2025,,Yes,Born in Melitopol,,,Balitsky Evgeny (Governor).,Zaporizhzhia Oblast government.,,,First Deputy Governor — most senior official below Balitsky. Current as of 2026.
OFC-310,Ganzha Sergei Valentinovich,Ганжа Сергей Валентинович,Zaporizhzhia Oblast,Deputy Governor of Zaporizhzhia Oblast,Regional,Melitopol,2025,,Yes,"Kirovohrad Oblast, Ukraine",Was in SBU until 2014.,,Balitsky Evgeny; Vyunik Oksana.,Zaporizhzhia Oblast government.,,,Deputy Governor. Current as of 2026.
OFC-311,Suntsov Igor Pavlovich,Сунцов Игорь Павлович,Zaporizhzhia Oblast,Deputy Governor of Zaporizhzhia Oblast,Regional,Melitopol,2025,,Yes,"Born in Cherkasy region, Ukraine",,,Balitsky Evgeny.,Zaporizhzhia Oblast government.,,,Deputy Governor. Current as of 2026.
OFC-312,Batrshin Roman Yusefovich,Батршин Роман Юсефович,Zaporizhzhia Oblast,"Deputy Governor; Acting Minister of Nature, Ecology and Subsoil Use",Regional,Melitopol,2026,,Yes,"From Zaporizhzhia oblast, Ukraine",,,Balitsky Evgeny.,Zaporizhzhia Oblast government.,,,Deputy Governor who also took on acting ministerial role for nature/ecology from January 2026 pending new minister appointment. Current as of 2026.
OFC-313,Obertas Sergei Vladimirovich,Обертас Сергей Владимирович,Zaporizhzhia Oblast,Acting Deputy Governor of Zaporizhzhia Oblast,Regional,Melitopol,2025,,Yes,"From Magnitogorsk, Russia",,,Balitsky Evgeny.,Zaporizhzhia Oblast government.,,,Acting Deputy Governor. Current as of 2026.
OFC-314,Pidayev Daniil Olegovich,Пидаев Даниил Олегович,Zaporizhzhia Oblast,Acting Deputy Governor of Zaporizhzhia Oblast,Regional,Melitopol,2025,,Yes,"Born in Crimea, finished university in Kyiv",,,Balitsky Evgeny.,Zaporizhzhia Oblast government.,,,Acting Deputy Governor. Current as of 2026.
OFC-315,Saleyev Alexander Nikolaevich,Салеев Александр Николаевич,Zaporizhzhia Oblast,Acting Minister of Finance of Zaporizhzhia Oblast,Regional,Melitopol,2025,,Yes,Likely Penza Oblast (location of tax account registration),,,,Zaporizhzhia Oblast Ministry of Finance.,,,Acting Finance Minister. Current as of 2026.
OFC-316,Saidov Artur Nasrudinovich,Саидов Артур Насрудинович,Zaporizhzhia Oblast,Deputy Governor of Zaporizhzhia Oblast,Regional,Melitopol,2025,,Yes,Chechen-origin (Russia),,,Balitsky Evgeny.,Zaporizhzhia Oblast government.,,,Deputy Governor. Chechen-origin name notable — reflects broader pattern of Kadyrov-aligned or Chechen-background officials being placed in occupied territory administrations.
OFC-317,Gulyayev Sergei Anatolyevich,Гуляев Сергей Анатольевич,Zaporizhzhia Oblast,Deputy Governor — Head of Zaporizhzhia Oblast Representation at Government of Russian Federation,Regional,Moscow/Melitopol,2025,,Yes,From Russia / Russian federal appointee,,,Balitsky Evgeny.,Russian Government; Zaporizhzhia Oblast representation in Moscow.,,,Heads the Zaporizhzhia representation office in Moscow — key liaison role between occupation administration and Russian federal government. Significant for understanding funding and integration flows.
OFC-318,Kasatkin Yuri Valeryevich,Касаткин Юрий Валерьевич,Zaporizhzhia Oblast,Acting Deputy Head of Administration of Governor and Government of Zaporizhzhia Oblast,Regional,Melitopol,2025,,Yes,Likely Moscow oblast (location of tax account registration),,,Balitsky Evgeny.,Zaporizhzhia Oblast administration.,,,Acting deputy head of the gubernatorial administration. Current as of 2026.
OFC-319,Solomennyy Dmitry Sergeyevich,Соломенный Дмитрий Сергеевич,Zaporizhzhia Oblast,First Deputy Head of Administration of Governor and Government of Zaporizhzhia Oblast,Regional,Melitopol,2025,,Yes,,,,Balitsky Evgeny.,Zaporizhzhia Oblast administration.,,,First Deputy Head of gubernatorial administration — senior administrative role. Current as of 2026.
OFC-320,Prokofyev Anton Olegovich,Прокофьев Антон Олегович,Zaporizhzhia Oblast,Acting Minister of Property and Land Relations of Zaporizhzhia Oblast,Regional,Melitopol,2025,,Yes,Likely from Crimea (location of tax account registration),,,,Zaporizhzhia Oblast Ministry of Property.,Land and property relations — directly relevant to confiscation.,,Acting minister for property and land — directly manages land and property transfer from Ukrainian to Russian legal ownership. Key figure for Economic Dependency and Legal Architecture dimensions.
OFC-321,Zavadich Vasily Nikolaevich,Завадич Василий Николаевич,Zaporizhzhia Oblast,"Acting Minister of Construction, Architecture and Housing of Zaporizhzhia Oblast",Regional,Melitopol,2025,,Yes,Likely Moscow oblast (location of tax account registration),,,,Zaporizhzhia Oblast Ministry of Construction.,Construction sector.,,Acting construction and housing minister. Current as of 2026.
OFC-322,Tkachenko Alexander Nikolaevich,Ткаченко Александр Николаевич,Zaporizhzhia Oblast,Acting Minister of Economic Development of Zaporizhzhia Oblast,Regional,Melitopol,2025,,Yes,From Crimea,Former Ukrainian Navy.,,,Zaporizhzhia Oblast Ministry of Economic Development.,,,Acting economic development minister. Current as of 2026.
OFC-323,Vankov Dmitry Vitalyevich,Ваньков Дмитрий Витальевич,Zaporizhzhia Oblast,Minister of Healthcare of Zaporizhzhia Oblast,Regional,Melitopol,2025,,Yes,"From Vologda Oblast, Russia",,,,Zaporizhzhia Oblast Ministry of Healthcare.,,,Full minister (not acting) for healthcare. Current as of 2026.
OFC-324,Nazina Svetlana Gennadyevna,Назина Светлана Геннадьевна,Zaporizhzhia Oblast,Minister of Culture of Zaporizhzhia Oblast,Regional,Melitopol,2025,,Yes,Likely from Krasnodar Krai (tax account registration),,,,Zaporizhzhia Oblast Ministry of Culture.,,,Full Culture Minister. Relevant to Identity Replacement dimension — oversees cultural integration programme.
OFC-325,Logunov Egor Andreyevich,Логунов Егор Андреевич,Zaporizhzhia Oblast,Minister of Youth Policy of Zaporizhzhia Oblast,Regional,Melitopol,2025,,Yes,From Crimea,,,,Zaporizhzhia Oblast Ministry of Youth Policy.,,,Full minister for youth policy. Relevant to Identity Replacement and youth militarisation dimensions.
OFC-326,Dubinovsky Alexei Sergeyevich,Дубиновский Алексей Сергеевич,Zaporizhzhia Oblast,Acting Minister of Regional Security of Zaporizhzhia Oblast,Regional,Melitopol,2025,,Yes,Likely from Novosibirsk Oblast (tax account registration),,,,Zaporizhzhia Oblast Ministry of Regional Security; Russian security structures.,,Regional security coordination.,Acting security minister — coordinates civilian security apparatus. Key interface with FSB and other Russian security structures in the territory.
OFC-327,Podshivalov Gennady Valeryevich,Подшивалов Геннадий Валериевич,Zaporizhzhia Oblast,Acting Minister of Agro-Industrial Complex and Food Policy of Zaporizhzhia Oblast,Regional,Melitopol,2025,,Yes,Likely from Crimea (tax account registration),,,,Zaporizhzhia Oblast Ministry of Agriculture.,Agricultural sector — grain seizure relevant.,,Acting agriculture minister. Relevant to grain seizure and economic exploitation of occupied agricultural land.
OFC-328,Lukashenko Nikolai Nikolaevich,Лукашенко Николай Николаевич,Zaporizhzhia Oblast,Acting Minister of Transport and Transport Infrastructure Development,Regional,Melitopol,2025,,Yes,Likely from Crimea (tax account registration),,,,Zaporizhzhia Oblast Ministry of Transport.,,Transport infrastructure has military logistics relevance.,Acting transport minister. Current as of 2026.
OFC-329,Gomonov Alexander Gennadyevich,Гомонов Александр Геннадьевич,Zaporizhzhia Oblast,Minister of Energy of Zaporizhzhia Oblast,Regional,Melitopol,2025,,Yes,Likely from Stavropol Krai (tax account registration),,,,Zaporizhzhia Oblast Ministry of Energy; Rosatom (ZNPP oversight).,Energy sector; Zaporizhzhia Nuclear Power Plant.,,Full Energy Minister — oversees the Zaporizhzhia Nuclear Power Plant (ZNPP) energy integration and broader electricity system. Critical role given ZNPP's strategic significance.
OFC-330,Savelchev Alexei Petrovich,Савельчев Алексей Петрович,Zaporizhzhia Oblast,Acting Minister of Industry and Trade of Zaporizhzhia Oblast,Regional,Melitopol,2025,,Yes,Likely from Republic of Tatarstan (tax account registration),,,,Zaporizhzhia Oblast Ministry of Industry and Trade.,Industry and trade integration.,,Acting industry and trade minister. Current as of 2026.
OFC-331,Zhelnovakova Dina Vasilyevna,Желновакова Дина Васильевна,Zaporizhzhia Oblast,Acting Minister of Labour and Social Policy of Zaporizhzhia Oblast,Regional,Melitopol,2025,,Yes,"Tambov, Russia",,,,Zaporizhzhia Oblast Ministry of Labour.,,,Acting labour and social policy minister. Oversees pension/benefit integration — relevant to Economic Dependency dimension.
OFC-332,Kalyagin Alexander Mikhailovich,Калягин Александр Михайлович,Zaporizhzhia Oblast,Minister of Education and Science of Zaporizhzhia Oblast,Regional,Melitopol,2025,,Yes,"Moscow Oblast, Russia",,,,Zaporizhzhia Oblast Ministry of Education.,,,Full Education Minister — oversees curriculum Russification across the territory. Key figure for Identity Replacement dimension.
OFC-333,Zaitsev Konstantin Sergeyevich,Зайцев Константин Сергеевич,Zaporizhzhia Oblast,Acting Minister of Physical Culture and Sport of Zaporizhzhia Oblast,Regional,Melitopol,2025,,Yes,Likely from Zaporizhzhia (tax account reg.),,,,Zaporizhzhia Oblast sport ministry.,,,Acting sport minister. Current as of 2026.
OFC-334,Prokhvatilov Grigory Vladimirovich,Прохватилов Григорий Владимирович,Zaporizhzhia Oblast,"Minister of Digital Development, Mass Communications and Communications of Zaporizhzhia Oblast",Regional,Melitopol,2025,,Yes,"Born in Ashgabat, Turkmenistan. Raised in Moscow, before 2014 lived in Crimea.",,,,Zaporizhzhia Oblast digital ministry.,,,Full Minister for digital and communications — oversees internet infrastructure replacement and surveillance systems. Relevant to Digital Enclosure dimension.
OFC-335,Mashkautsan Semyon Alekseyevich,Машкауцан Семен Алексеевич,Kherson Oblast,Chairman of Government of Kherson Oblast (Prime Minister),Regional,Henichesk,2024,,Yes,"Born in Chelyabinsk, educated in Moscow",,,Saldo Vladimir (Governor); Alekseyenko Andrei (predecessor).,Kherson Oblast government.,,,Current Prime Minister of Kherson occupation administration. Replaced Alekseyenko. Based in Henichesk (administrative centre since loss of right bank in Nov 2022).
OFC-336,Bulyuk Vitaly Viktorovich,Булюк Виталий Викторович,Kherson Oblast,First Deputy Chairman of Government of Kherson Oblast,Regional,Henichesk,2024,,Yes,From Kherson,,,Mashkautsan Semyon; Saldo Vladimir.,Kherson Oblast government.,,,First Deputy PM of Kherson occupation government. Current.
OFC-337,Vetrov Alexander Andreyevich,Ветров Александр Андреевич,Kherson Oblast,Deputy Chairman of Government of Kherson Oblast,Regional,Henichesk,2024,,Yes,"Born in Bryansk oblast, lived in Kherson prior to 2022",,,Mashkautsan Semyon.,Kherson Oblast government.,,,Deputy PM. Current.
OFC-338,Tsyganenko Ruslan Alekseyevich,Цыганенко Руслан Алексеевич,Kherson Oblast,Deputy Chairman of Government of Kherson Oblast,Regional,Henichesk,2024,,Yes,"Likely from Khanty-Mansi Autonomous Okrug, Russia (tax account reg.)",,,Mashkautsan Semyon.,Kherson Oblast government.,,,Deputy PM. Current.
OFC-340,Zaredinova Alime Nazimovna,Зарединова Алиме Назимовна,Kherson Oblast,"Acting Minister of Agro-Industrial Complex, Food Policy and Fisheries of Kherson Oblast",Regional,Henichesk,2024,,Yes,"Crimean Tatar origin, likely transferred from Crimea",,,,Kherson Oblast Ministry of Agriculture.,Agricultural sector.,,Acting agriculture minister. Crimean Tatar name — consistent with pattern of placing Tatar-background officials in new occupied territories as part of identity/loyalty management.
OFC-341,Borchaninova Elena Leonidovna,Борчанинова Елена Леонидовна,Kherson Oblast,Minister of Healthcare of Kherson Oblast,Regional,Henichesk,2024,,Yes,"From Komi Republic, Russia",,,,Kherson Oblast Ministry of Healthcare.,,,Full Healthcare Minister. Current.
OFC-342,Lagoyskyy Artyom Alekseyevich,Лагойский Артем Алексеевич,Kherson Oblast,Minister of Culture of Kherson Oblast,Regional,Henichesk,2024,,Yes,From Kherson,,,,Kherson Oblast Ministry of Culture.,,,Full Culture Minister. Relevant to Identity Replacement — oversees cultural Russification programme.
OFC-343,Zapuskalov Sergei Gennadyevich,Запускалов Сергей Геннадьевич,Kherson Oblast,Minister of Resorts and Tourism of Kherson Oblast,Regional,Henichesk,2024,,Yes,Likely from Chelyabinsk (tax account reg.),,,,Kherson Oblast Ministry of Tourism.,Tourism sector.,,Full Tourism Minister. Current.
OFC-344,Yarchenko Vladislav Vladimirovich,Ярченко Владислав Владимирович,Kherson Oblast,Minister of Youth Policy of Kherson Oblast,Regional,Henichesk,2024,,Yes,"Krasnodar Krai, Russia",,,,Kherson Oblast Ministry of Youth Policy.,,,"Full Youth Policy Minister. Relevant to Identity Replacement and youth militarisation dimensions. Announced plans to create a network of youth spaces in the region in 2026, with first spaces in Henichesk and Skadovsk."
OFC-346,Bystryiantsev Nikolai Yuryevich,Быстрянцев Николай Юрьевич,Kherson Oblast,Minister of Natural Resources and Ecology of Kherson Oblast,Regional,Henichesk,2024,,Yes,From Crimea,,,,Kherson Oblast Ministry of Natural Resources.,Natural resources sector.,,Full Natural Resources and Ecology Minister. Current.
OFC-347,Kirillova Elena Alexandrovna,Кириллова Елена Александровна,Kherson Oblast,Acting Minister of Sport of Kherson Oblast,Regional,Henichesk,2024,,Yes,"From Yalta, Crimea",,,,Kherson Oblast Ministry of Sport.,,,Acting Sport Minister. Current.
OFC-349,Savransky Pavel Vasilyevich,Савранский Павел Васильевич,Kherson Oblast,Minister of Fuel-Energy Complex of Kherson Oblast,Regional,Henichesk,2024,,Yes,Likely from Krasnodar Krai (tax account registration),,,,Kherson Oblast Ministry of Energy.,Energy sector.,,Full Energy Minister. Oversees electricity and fuel integration into Russian grid.
OFC-350,Tereshchenko Anatoly Nikolaevich,Терещенко Анатолий Николаевич,Kherson Oblast,Acting Minister / Head of Roads and Transport Infrastructure Management of Kherson Oblast,Regional,Henichesk,2024,,Yes,"From Sevastopol, Crimea",,,,Kherson Oblast transport ministry.,Transport infrastructure.,Road infrastructure has military logistics significance.,Acting transport minister. Current.
OFC-351,Ostrovskaya Marina Alexandrovna,Островская Марина Александровна,Kherson Oblast,Acting Minister of Labour and Social Protection of Kherson Oblast,Regional,Henichesk,2024,,Yes,"From Mocow, Russia",,,,Kherson Oblast Ministry of Labour.,,,Acting Labour and Social Protection Minister. Oversees pension/benefit integration — key Economic Dependency mechanism.
OFC-352,Rassadina Yulia Nikolayevna,Рассадина Юлия Николаевна,Kherson Oblast,Acting Minister of Finance of Kherson Oblast,Regional,Henichesk,2024,,Yes,From Russia,,,,Kherson Oblast Ministry of Finance.,,,Acting Finance Minister. Oversees budget integration with Russian federal system.
OFC-353,Borodin Nikita Alexandrovich,Бородин Никита Александрович,Kherson Oblast,Minister of Digital Development and Mass Communications of Kherson Oblast,Regional,Henichesk,2024,,Yes,Likely from Penza Oblast (tax account reg.),,,,Kherson Oblast digital ministry.,,,"Full Digital Development Minister. Oversees internet infrastructure replacement, communications control, and surveillance. Key Digital Enclosure dimension figure."
OFC-354,Kiriyenko Georgy Sergeyevich,Кириенко Георгий Сергеевич,Kherson Oblast,Minister of Industry and Trade of Kherson Oblast,Regional,Henichesk,2024,,Yes,Likely from Moscow (tax account reg.),,,,Kherson Oblast Ministry of Industry and Trade.,Industry and trade.,,Full Industry and Trade Minister. Current.
OFC-355,Musayev Ervin Kyazimovich,Мусаев Эрвин Кязимович,Kherson Oblast,Minister of Economic Development of Kherson Oblast,Regional,Henichesk,2024,,Yes,"Crimean Tatar origin, likely transferred from Crimea",,,,Kherson Oblast Ministry of Economic Development.,Economic development integration.,,Full Economic Development Minister. Current.
OFC-357,Ivashchenko Konstantin Vladimirovich,Иващенко Константин Владимирович,DPR,Head of Mariupol Occupation Administration,City,Mariupol,2022,2023,No,"Ukrainian-born, collaborator",Part of Sablin network operating from Russia pre-occupation.,"Replaced by Morgun when FSB formally took control of DPR; reportedly poisoned — most verified version attributes to Ukrainian special services, though blame publicly directed at FSB as part of information operation.","Sablin Dmytro (patron); Morgun Oleg (successor); Zolotov (Left Bank district head — his ally, later dismissed).",Sablin network; GRU MO Russia (indirect).,"Controlled metal scrap operations: collected from Azovmash and Azovstal enterprises, sold at 32,000 roubles/tonne in Rostov-on-Don; paid metal scrap collectors 2,000 roubles/tonne; Chechen Kadyrov-linked groups shared proceeds.",,"Led Mariupol administration under Sablin group influence. Managed metal scrap extraction from industrial enterprises through Kadyrov-linked criminal networks. Dismissed when FSB formally took control of DPR and Kiriyenko influence grew. Fate uncertain — document reports poisoning, circumstances disputed."
OFC-358,Nosenko Oleg Grigorievich,Носенко Олег Григорьевич,DPR,Chairman of Mariupol City Council,City,Mariupol,2023,,Unknown,"Ukrainian-born, collaborator","Deputy head of operational-technical department, Mariupol MVS; deputy head of 7th directorate; head of operational service, Mariupol UMVS (city police). Collaborated with DPR from 2014, served in operational service role for DPR occupation authority.","Attacked September 2024 — partisan attack, struck on head with brick on Sportivna St, serious traumatic brain injury, treated in intensive care. Status post-attack unclear.",Morgun Oleg (former boss — served as his adviser before appointment),United Russia (confirmed member in Mariupol UR database); DPR city council,,Former MVS (police) career; DPR security service role 2014 onward,"Appointed ""chairman of city council"" September 2023 without elections — decision taken by occupation-controlled deputy corps. Former MVS career gave him security service background useful to occupation. Organised elections under Russian scenario as Morgun adviser. Targeted by partisan attack September 2024 — confirms active resistance to named collaborators in Mariupol. Confirmed in United Russia membership database (entry ~153-155)."
OFC-359,Kharmyshev Evgeny Alexandrovich,Хармышев Евгений Александрович,DPR,Former Deputy Head of Mariupol Administration; Head of United Russia and People's Front structures in Mariupol,City,Mariupol,2022,,Yes,"Ukrainian-born, collaborator",Deputy head of Mariupol occupation administration.,Moved from deputy head to head of United Russia and People's Front political structures in Mariupol.,Sablin Dmytro (close individual); Ivanov Petro (close associate); Morgun Oleg (supported).,United Russia; People's Front (DPR); Sablin network.,,,"Described as ""the brains of the occupation on the ground"" in Mariupol. Manages United Russia political operations in city with Morgun's full support. Oversees Russian electoral processes in Mariupol. Maintains relative independence from all factions while staying close to Sablin and Ivanov networks."
OFC-360,Dmitriev Alexander Vladimirovich,Дмитриев Александр Владимирович,DPR,Deputy Head of Mariupol Occupation Administration; Head of Housing and Communal Services Management,City,Mariupol,2023,,Yes,"Ukrainian-born, collaborator",Absent from Mariupol before occupation; returned 2023 at invitation of Morgun.,,"Morgun Oleg (patron — described as his ""corruption wallet"").",DPR administration; Mytropolytska 20 building management.,Controls resource distribution; manages buildings including Mytropolytska 20; ensures functioning of occupation structures including military commandantures.,Manages military commandanture support functions.,"Returned to occupied Mariupol in 2023 at Morgun's invitation. Appointed deputy head of administration and heads housing and communal services management (ZhKH). Described as Morgun's ""corruption wallet"" — manages financial flows through resource distribution and building management. Also appears in HUMINT appendix as entry 23 (Дмитриев Александр Владимирович — same person, transliteration variant)."
OFC-361,Bodaghin Evgeny,Бодягин Евгений,DPR,Adviser to Head of Mariupol Administration / Deputy Head of Administration,City,Mariupol,2022,2025,No,"Ukrainian-born, collaborator",,Arrested autumn 2024 for corruption and bribery; offered to testify against colleagues in exchange for leniency; sentenced May 2025. His arrest significantly damaged corruption networks within Mariupol small business sector.,Morgun Oleg (served as adviser); Sablin group (loosely aligned).,DPR administration; FSB (his arrest was FSB-driven as part of power struggle).,Managed corruption networks involving small businesses in Mariupol.,,Adviser to Morgun and reportedly held deputy head role. Arrested in autumn 2024 by FSB as part of the broader purge of Morgun's network. Agreed to testify against colleagues. Sentenced May 2025. Arrest was a key instrument in FSB's reassertion of control over Mariupol against the Sablin/Morgun faction. Note:  Bodagina Viktoria Sergeevna (Бодягина Виктория Сергеевна) appears in UR database (DOB 09.05.1980) — possibly female relative.
OFC-362,Perepechay Bogdan,Перепечай Богдан,DPR,First Deputy Head of Mariupol Occupation Administration,City,Mariupol,2022,2024,No,"Local resident of Mariupol, occupation administration employee",,Multiple criminal cases opened autumn 2024; completely disappeared from public life. Status unknown.,Morgun Oleg (superior).,DPR administration.,,,"First Deputy Head of Mariupol administration under Morgun. Targeted in FSB's autumn 2024 purge of Morgun's network alongside Bodaghin. Multiple criminal cases opened, disappeared entirely from public view. First name not confirmed in available sources."
OFC-365,Sablin Dmitry Vadimovich,Саблин Дмитрий Вадимович,Multiple,Russian State Duma Deputy; Key power broker and patron for Mariupol occupation network,Regional,Moscow / Mariupol,2022,,Yes,"Ukrainian-born, Russian career",Duma deputy 4th-6th convocations from 2003; senator for Moscow Oblast 2013-2016; returned as deputy 2016. First deputy head of Boyevoye Bratstvo veterans organisation. Deputy chair of Duma defence committee. Coordinator of Duma group for DPR/LPR.,,"Ivanov Petro (co-organiser Russian Spring 2014, close associate); Kharmyshev Evgeny (close); Morgun Oleg (patron, protected after fall); Ivashchenko (former client, now removed); Koltsov Anton (new administration — losing influence).",United Russia; State Duma defence committee; Boyevoye Bratstvo; BARS Kaskad drone unit (joined 2022).,"20% stake in Vyna Arpachyna winery. Net worth Forbes top-100 Russia: 168m roubles 2020, 402m 2021. Co-founder of Antimaydan ultraconservative movement.",Voluntarily joined BARS Kaskad drone unit 2022 — commanded operations near Mariupol and Zaporizhzhia Oblast. Hero of Russia 2024. Awarded Order of Courage.,"Born in Mariupol, uses ""local patriot"" identity. One of the principal organizers of Russian Spring 2014 alongside Petro Ivanov. Personally oversaw ER humanitarian centres in Mariupol 2022-2023. Led group pushing for Mariupol's direct financial subordination to Moscow (bypassing Donetsk) — opposed by Pushilin/FSB group. His group (Sablin group) lost the power struggle after the referendum. Attended first school bell at Mariupol School No. 65 in September 2022 carrying a pistol — caused scandal. Sanctioned US, EU, UK, Canada, New Zealand, Ukraine for supporting annexation and fraudulent referendums. As of June 2025 protecting Morgun from criminal prosecution."
OFC-366,Ivanov Pyotr Vladimirovich,Иванов Петр Владимирович,DPR,Criminal authority / informal power broker in Mariupol,City,Mariupol,2022,,Yes,"Ukrainian-born, collaborator","Former Mariupol city council deputy (Party of Regions). Co-organiser of pro-Russian rallies and Russian Spring 2014 with Sablin. Financed separatist initiatives. Had status of de-facto ""smotryashchiy"" (overseer) for Mariupol in 2014.",,Sablin Dmytro (long-standing close associate — co-organised Russian Spring 2014); Kharmyshev Evgeny (close),Party of Regions (former); DPR structures (indirect).,Controls entire criminal economy including drugs and prostitution in Mariupol. Heads occupation boxing federation. Retains entrepreneurial and administrative base. Coordinated reconstruction management and resource allocation for occupiers from Russia 2022-2023.,,"Identified as criminal authority controlling organised crime in Mariupol under occupation. Former city council deputy who transitioned to informal power broker role. Coordinated all activity in Mariupol from Russia 2022-2023 including reconstruction management. Currently has limited but sufficient influence for key decisions. His connection to Sablin predates 2014. Document notes he ""retains entrepreneurial and administrative base"" in Mariupol."
OFC-367,Soldatov Alexander Grigoryevich,Солдатов Александр Григорьевич,DPR,Head of GUP DPR 'Administration of the Sea Port of the City of Mariupol',Sector,Mariupol,2022,,Yes,"Ukrainian-born, collaborator",Individual entrepreneur (IE) registered in Mariupol.,,,GUP DPR (state unitary enterprise); DPR Ministry of Transport (supervising body).,"Port administration — state entity managing port operations. Revenue ~183m roubles, net loss ~54m roubles (2024). Port handles coal, grain, metal export. Private structures extract value through intermediaries including offshore Green Rabbit Limited while state entity absorbs costs. Authorised capital: 237,403,756 roubles.","Port used for military logistics; main channel blocked by military vessel ""Donbass"".",Heads the official state port administration — a deliberately loss-making state structure that absorbs infrastructure costs while private companies extract export revenues through the port. Key figure in the resource extraction economy of occupied Mariupol. The dual structure (state nonprofit + private profit) is described as a deliberate scheme by the occupation authority.
OFC-368,Onatsky Valery Anatolyevich,Онацкий Валерий Анатольевич,DPR,Head of ideological work with children; de facto head of all youth organisations in Mariupol,Sector,Mariupol,2022,,Yes,"Ukrainian-born, collaborator","Founded NGO Iskrennost (sincerity) ostensibly helping at-risk teenagers; used it to create football sections and car wash, received financial support from MMK im. Ilicha management. From early 2010s Iskrennost used to recruit teenagers to Antimaydan; members wore St George ribbons and participated in pro-Russian events. 2019: became city council deputy from OPZZH (ОПЗЖ) party.",,"Averkin Nikita (described as Onatskyy's ""public face"")",United Russia (confirmed member); DPR youth structures; Yunarmiya and other youth military organisations.,,Youth militarisation — all youth organisations in Mariupol.,Controls all ideological work with children and de facto heads all youth organisations in Mariupol under occupation. His NGO Iskrennost was used as a vehicle for pro-Russian youth recruitment from at least 2010-2011 — a decade of pre-occupation groundwork. Key figure for Identity Replacement and youth militarisation dimensions. Uses Averkin as his public-facing representative.
OFC-369,Averkin Nikita Alexandrovich,Аверкин Никита Александрович,DPR,"Head of Youth Policy Department, Mariupol administration; MGER leader Mariupol; Mariupol city council deputy",Sector,"Mariupol — Shevchenko Boulevard 305, apt 86",2022,,Yes,"Ukrainian-born, collaborator",,Convicted in absentia in Ukraine to 10 years imprisonment with confiscation of property for state treason and collaboration — convicted for performing official duties in illegal DPR bodies.,"Onatsky Valery (mentor/patron — Averkin described as his ""public face"").",United Russia (MGER — Young Guard of United Russia); DPR city council; Mariupol administration.,,Youth militarisation through MGER structures.,Head of youth policy department from July 2022. Simultaneously leads MGER (Young Guard of United Russia) in Mariupol and serves as city council deputy. Public face of Onatsky's ideological programme. Key figure for Identity Replacement — directly manages youth programmes. Convicted in absentia by Ukrainian courts.
OFC-370,Orleansky Sergei Evgenyevich,Орлеанский Сергей Евгеньевич,DPR,"Head of Emergency Hospital, Mariupol; United Russia figure",Sector,Mariupol,2022,,Yes,"Ukrainian-born, collaborator",Hospital director pre-occupation.,,Morgun Oleg (supported by); Kharmyshev Evgeny (backed by United Russia network).,United Russia (confirmed member in UR Mariupol database).,,Hospital serves wounded Russian military personnel.,"Head of emergency hospital, backed by Morgun and the United Russia network as a key local institutional figure. Confirmed United Russia member via leaked database. Hospitals in occupied Mariupol serve dual civilian-military function. РОВ source: evidence of abuse of wounded Ukrainian soldiers in his care. Former BVB (not United Russia) city council deputy."
OFC-372,Klisak Natalya Alexandrovna,Клисак Наталья Александровна,DPR,"Head of Department, Mariupol occupation administration",Sector,Mariupol,2022,,Unknown,"Local resident of Mariupol, occupation administration employee",,,,Mariupol occupation administration.,,,TIER 4 — HUMINT SOURCE. Entry 1 in HUMINT appendix of department-level occupation administration staff obtained by Centre for the Study of Occupation. Specific department not confirmed.
OFC-373,Shiyan Anna Igorevna,Шиян Анна Игоревна,DPR,"Head of Department, Mariupol occupation administration",Sector,Mariupol,2022,,Unknown,"Local resident of Mariupol, occupation administration employee",,,,Mariupol occupation administration.,,,TIER 4 — HUMINT SOURCE. Entry 2 in HUMINT appendix.
OFC-374,Matrosova Marina Anatolyevna,Матросова Марина Анатольевна,DPR,"Head of Department, Mariupol occupation administration",Sector,Mariupol,2022,,Unknown,"Local resident of Mariupol, occupation administration employee",,,,Mariupol occupation administration.,,,TIER 4 — HUMINT SOURCE. Entry 3 in HUMINT appendix.
OFC-375,Bolotnyuk Angelina Vasilyevna,Болотнюк Ангелина Васильевна,DPR,"Head of Department / Chief Accountant, Mariupol occupation administration",Sector,Mariupol,2022,,Unknown,"Local resident of Mariupol, occupation administration employee",,,,Mariupol occupation administration.,Chief Accountant role — manages financial flows.,,TIER 4 — HUMINT SOURCE. Entry 4. Dual role: department head and chief accountant — financially significant position.
OFC-376,Istratova Irina Yaroslavovna,Истратова Ирина Ярославовна,DPR,"Head of Department, Mariupol occupation administration",Sector,Mariupol,2022,,Unknown,"Local resident of Mariupol, occupation administration employee",,,,Mariupol occupation administration.,,,TIER 4 — HUMINT SOURCE. Entry 5.
OFC-377,Safronov Igor Ivanovich,Сафронов Игорь Иванович,DPR,"Head of Department, Mariupol occupation administration",Sector,Mariupol,2022,,Unknown,"Local resident of Mariupol, occupation administration employee",,,,Mariupol occupation administration.,,,TIER 4 — HUMINT SOURCE. Entry 6.
OFC-378,Andrushchenko Elena Nikolaevna,Андрущенко Елена Николаевна,DPR,"Head of Department, Mariupol occupation administration",Sector,Mariupol,2022,,Unknown,"Local resident of Mariupol, occupation administration employee",,,,Mariupol occupation administration.,,,TIER 4 — HUMINT SOURCE. Entry 7.
OFC-379,Sergiyenko Alexei Nikolaevich,Сергиенко Алексей Николаевич,DPR,"Head of Department, Mariupol occupation administration",Sector,Mariupol,2022,,Unknown,"Local resident of Mariupol, occupation administration employee",,,,Mariupol occupation administration.,,,TIER 4 — HUMINT SOURCE. Entry 8.
OFC-380,Voytenko Spartak Nikolaevich,Войтенко Спартак Николаевич,DPR,"Head of Department, Mariupol occupation administration",Sector,Mariupol,2022,,Unknown,"Local resident of Mariupol, occupation administration employee",,,,Mariupol occupation administration.,,,TIER 4 — HUMINT SOURCE. Entry 9.
OFC-381,Golovan Elena Vladimirovna,Головань Елена Владимировна,DPR,"Head of Department, Mariupol occupation administration",Sector,Mariupol,2022,,Unknown,"Local resident of Mariupol, occupation administration employee",,,,Mariupol occupation administration.,,,TIER 4 — HUMINT SOURCE. Entry 10.
OFC-382,Zabelin Andrei Vladimirovich,Забелин Андрей Владимирович,DPR,"Head of Department, Mariupol occupation administration",Sector,Mariupol,2022,,Unknown,"Local resident of Mariupol, occupation administration employee",,,,Mariupol occupation administration.,,,TIER 4 — HUMINT SOURCE. Entry 11.
OFC-383,Vovchenko Gennady Olegovich,Вовченко Геннадий Олегович,DPR,"Head of Department, Mariupol occupation administration",Sector,Mariupol,2022,,Unknown,"Local resident of Mariupol, occupation administration employee",,,,Mariupol occupation administration.,,,TIER 4 — HUMINT SOURCE. Entry 12.
OFC-384,Kobzev Oleg Vitalyevich,Кобзев Олег Витальевич,DPR,"Head of Department, Mariupol occupation administration",Sector,Mariupol,2022,,Unknown,"Local resident of Mariupol, occupation administration employee",,,,Mariupol occupation administration.,,,TIER 4 — HUMINT SOURCE. Entry 13.
OFC-386,Bystrova Marianna Andreyevna,Быстрова Марианна Андреевна,DPR,"Head of Department / Architect, Mariupol occupation administration",Sector,Mariupol,2022,,Unknown,"Local resident of Mariupol, occupation administration employee",,,Klochkova Natalya (urban planning dept).,Mariupol occupation administration.,,,TIER 4 — HUMINT SOURCE. Entry 15. Works in architecture/urban planning alongside Klochkova.
OFC-387,Seliverstova Ksenia Alexandrovna,Селиверстова Ксения Александровна,DPR,"Head of Department, Mariupol occupation administration",Sector,Mariupol,2022,,Unknown,"Local resident of Mariupol, occupation administration employee",,,,Mariupol occupation administration.,,,TIER 4 — HUMINT SOURCE. Entry 16.
OFC-388,Fedyna Natalya Vyacheslavovna,Федына Наталья Вячеславовна,DPR,"Head of Department, Mariupol occupation administration",Sector,Mariupol,2022,,Unknown,"Local resident of Mariupol, occupation administration employee",,,,Mariupol occupation administration.,,,TIER 4 — HUMINT SOURCE. Entry 17.
OFC-389,Burlachenko Elena Grigoryevna,Бурлаченко Елена Григорьевна,DPR,"Head of Department (Management level), Mariupol occupation administration",Sector,Mariupol,2022,,Unknown,"Local resident of Mariupol, occupation administration employee",,,,Mariupol occupation administration.,,,"TIER 4 — HUMINT SOURCE. Entry 18. Listed as ""Начальник управления"" (head of management/directorate) — slightly more senior than department head."
OFC-390,Lyutaya Victoria Vladimirovna,Лютая Виктория Владимировна,DPR,"Head of Department, Mariupol occupation administration",Sector,Mariupol,2022,,Unknown,"Local resident of Mariupol, occupation administration employee",,,,Mariupol occupation administration.,,,TIER 4 — HUMINT SOURCE. Entry 19.
OFC-391,Litvikh Marina Vasilyevna,Литвих Марина Васильевна,DPR,"Head of Department, Mariupol occupation administration",Sector,Mariupol,2022,,Unknown,"Local resident of Mariupol, occupation administration employee",,,,Mariupol occupation administration.,,,TIER 4 — HUMINT SOURCE. Entry 20.
OFC-392,Levchuk Irina Nikolaevna,Левчук Ирина Николаевна,DPR,"Head of Department, Mariupol occupation administration",Sector,Mariupol,2022,,Unknown,"Local resident of Mariupol, occupation administration employee",,,,Mariupol occupation administration.,,,TIER 4 — HUMINT SOURCE. Entry 21.
OFC-393,Gavrish Yana Olegovna,Гавриш Яна Олеговна,DPR,"Head of Department, Mariupol occupation administration",Sector,Mariupol,2022,,Unknown,"Local resident of Mariupol, occupation administration employee",,,,Mariupol occupation administration.,,,TIER 4 — HUMINT SOURCE. Entry 22.
OFC-394,Burskaya Elena Evgenyevna,Бурская Елена Евгеньевна,DPR,"Head of Department / Chief Accountant, Mariupol occupation administration",Sector,Mariupol,2022,,Unknown,"Local resident of Mariupol, occupation administration employee",,,,Mariupol occupation administration.,Chief Accountant role.,,TIER 4 — HUMINT SOURCE. Entry 24. Dual role as department head and chief accountant.
OFC-395,Slyusarenko Yulia Ivanovna,Слюсаренко Юлия Ивановна,DPR,"Head of Department, Mariupol occupation administration",Sector,Mariupol,2022,,Unknown,"Local resident of Mariupol, occupation administration employee",,,,Mariupol occupation administration.,,,TIER 4 — HUMINT SOURCE. Entry 25.
OFC-396,Kukharenkova Olga Pavlovna,Кухаренкова Ольга Павловна,DPR,"Head of Department, Mariupol occupation administration",Sector,Mariupol,2022,,Unknown,"Local resident of Mariupol, occupation administration employee",,,,Mariupol occupation administration.,,,TIER 4 — HUMINT SOURCE. Entry 26.
OFC-397,Demchenko Larisa Anatolyevna,Демченко Лариса Анатольевна,DPR,"Head of Department, Mariupol occupation administration",Sector,Mariupol,2022,,Unknown,"Local resident of Mariupol, occupation administration employee",,,,Mariupol occupation administration.,,,TIER 4 — HUMINT SOURCE. Entry 27.
OFC-398,Zasulskaya Natalya Yuryevna,Засульская Наталья Юрьевна,DPR,"Head of Department, Mariupol occupation administration",Sector,Mariupol,2022,,Unknown,"Local resident of Mariupol, occupation administration employee",,,,Mariupol occupation administration.,,,TIER 4 — HUMINT SOURCE. Entry 28.
OFC-399,Miroshnichenko Yana Sergeyevna,Мирошниченко Яна Сергеевна,DPR,"Head of Management (Directorate), Mariupol occupation administration",Sector,Mariupol,2022,,Unknown,"Local resident of Mariupol, occupation administration employee",,,,Mariupol occupation administration.,,,"TIER 4 — HUMINT SOURCE. Entry 29. Listed as ""Начальник управления"" — directorate head level."
OFC-400,Khalpakhchi Natalia Vasilyevna,Халпахчи Наталия Васильевна,DPR,"Deputy Head of Directorate, Mariupol occupation administration",Sector,Mariupol,2022,,Unknown,"Local resident of Mariupol, occupation administration employee",,,,Mariupol occupation administration.,,,TIER 4 — HUMINT SOURCE. Entry 30. Deputy directorate head.
OFC-401,Shaposhnikov Evgeny Nikolaevich,Шапошников Евгений Николаевич,DPR,"Head of Department, Mariupol occupation administration",Sector,Mariupol,2022,,Unknown,"Local resident of Mariupol, occupation administration employee",,,,Mariupol occupation administration.,,,TIER 4 — HUMINT SOURCE. Entry 31.
OFC-402,Baranova Alla Alexandrovna,Баранова Алла Александровна,DPR,"Head of Department, Mariupol occupation administration",Sector,Mariupol,2022,,Unknown,"Local resident of Mariupol, occupation administration employee",,,,Mariupol occupation administration.,,,TIER 4 — HUMINT SOURCE. Entry 32.
OFC-403,Orlenko Natalya Viktorovna,Орленко Наталья Викторовна,DPR,"Head of Department / Chief Accountant, Mariupol occupation administration",Sector,Mariupol,2022,,Unknown,"Local resident of Mariupol, occupation administration employee",,,,Mariupol occupation administration.,Chief Accountant role.,,TIER 4 — HUMINT SOURCE. Entry 33. Dual role as department head and chief accountant.
OFC-404,Tkachenko Yulia Viktorovna,Ткаченко Юлия Викторовна,DPR,"Head of Department, Mariupol occupation administration",Sector,Mariupol,2022,,Unknown,"Local resident of Mariupol, occupation administration employee",,,,Mariupol occupation administration.,,,TIER 4 — HUMINT SOURCE. Entry 34.
OFC-405,Zelenyuk Irina Olegovna,Зеленюк Ирина Олеговна,DPR,"Head of Department, Mariupol occupation administration",Sector,Mariupol,2022,,Unknown,"Local resident of Mariupol, occupation administration employee",,,,Mariupol occupation administration.,,,TIER 4 — HUMINT SOURCE. Entry 35.
OFC-406,Shevchenko Mikhail Alexandrovich,Шевченко Михаил Александрович,DPR,"Head of Department, Mariupol occupation administration",Sector,Mariupol,2022,,Unknown,"Local resident of Mariupol, occupation administration employee",,,,Mariupol occupation administration.,,,TIER 4 — HUMINT SOURCE. Entry 36.
OFC-407,Shevchenko Yuri Alexandrovich,Шевченко Юрий Александрович,DPR,"Head of Department, Mariupol occupation administration",Sector,Mariupol,2022,,Unknown,"Local resident of Mariupol, occupation administration employee",,,Shevchenko Mikhail (same surname — possible relation).,Mariupol occupation administration.,,,TIER 4 — HUMINT SOURCE. Entry 37.
OFC-408,Salgalov Vyacheslav Sergeyevich,Салгалов Вячеслав Сергеевич,DPR,"Head of Directorate, Mariupol occupation administration",Sector,Mariupol,2022,,Unknown,"Local resident of Mariupol, occupation administration employee",,,,Mariupol occupation administration.,,,"TIER 4 — HUMINT SOURCE. Entry 38. Listed as ""Начальник управления"" — directorate level."
OFC-409,Balaban Vitaly Alexandrovich,Балабан Виталий Александрович,DPR,"Head of Department, Mariupol occupation administration",Sector,Mariupol,2022,,Unknown,"Local resident of Mariupol, occupation administration employee",,,,Mariupol occupation administration.,,,TIER 4 — HUMINT SOURCE. Entry 39.
OFC-410,Mateyko Elena Alexandrovna,Матейко Елена Александровна,DPR,"Head of Directorate, Mariupol occupation administration",Sector,Mariupol,2022,,Unknown,"Local resident of Mariupol, occupation administration employee",,,,Mariupol occupation administration.,,,TIER 4 — HUMINT SOURCE. Entry 40. Directorate head level.
OFC-411,Solodukha Galina Yuryevna,Солодуха Галина Юрьевна,DPR,"Deputy Head of Directorate, Mariupol occupation administration",Sector,Mariupol,2022,,Unknown,"Local resident of Mariupol, occupation administration employee",,,,Mariupol occupation administration.,,,TIER 4 — HUMINT SOURCE. Entry 41. Deputy directorate head.
OFC-413,Klenin Boris Vitalyevich,Кленин Борис Витальевич,DPR,"Head of Department, Mariupol occupation administration",Sector,Mariupol,2022,,Unknown,"Local resident of Mariupol, occupation administration employee",,,,Mariupol occupation administration.,,,TIER 4 — HUMINT SOURCE. Entry 43.
OFC-414,Uzun Elena Valentinovna,Узун Елена Валентиновна,DPR,"Head of Directorate, Mariupol occupation administration",Sector,Mariupol,2022,,Unknown,"Local resident of Mariupol, occupation administration employee",,,,Mariupol occupation administration.,,,TIER 4 — HUMINT SOURCE. Entry 44. Directorate head level.
OFC-415,Bodyagina Victoria Sergeyevna,Бодягина Виктория Сергеевна,DPR,"Head of Department, Mariupol occupation administration",Sector,Mariupol,2022,,Unknown,"Local resident of Mariupol, occupation administration employee",,,Bodaghin Evgeny (possible relation — same surname),Mariupol occupation administration; United Russia (confirmed in UR database).,,,"TIER 4 — HUMINT SOURCE. Entry 45. Also confirmed in United Russia Mariupol database (131.pdf, entry ~658). Possible relation to Bodaghin Evgeny — same surname, both in Mariupol administration."
OFC-416,Pogibayeva Svetlana Valentinovna,Погибаева Светлана Валентиновна,DPR,"Head of Department, Mariupol occupation administration",Sector,Mariupol,2022,,Unknown,"Local resident of Mariupol, occupation administration employee",,,,Mariupol occupation administration.,,,TIER 4 — HUMINT SOURCE. Entry 46.
OFC-417,Gerasimenko Yulia Vyacheslavovna,Герасименко Юлия Вячеславовна,DPR,"Head of Department, Mariupol occupation administration",Sector,Mariupol,2022,,Unknown,"Local resident of Mariupol, occupation administration employee",,,,Mariupol occupation administration.,,,TIER 4 — HUMINT SOURCE. Entry 47.
OFC-418,Ivanenko Elena Sergeyevna,Иваненко Елена Сергеевна,DPR,"Head of Department, Mariupol occupation administration",Sector,Mariupol,2022,,Unknown,"Local resident of Mariupol, occupation administration employee",,,,Mariupol occupation administration.,,,TIER 4 — HUMINT SOURCE. Entry 48.
OFC-419,Berdnikov Dmitry Viktorovich,Бердников Дмитрий Викторович,DPR,Prime Minister of DPR; formerly First Deputy Head of Mariupol Occupation Administration,Regional,Donetsk / Mariupol,2022,,Yes,"Born in Angarsk, Irkutsk Oblast",First Deputy Head of Mariupol occupation administration 2022-2023; gained public visibility through relationship with Morgun.,,Morgun Oleg (no conflict — worked alongside); Koltsov Anton (successor generation in Mariupol); Pushilin Denis (DPR head — superior).,DPR government; Presidential Administration (Kiriyenko connection).,Personal supervision of Pavlopil-Starokrymsk water pipeline project for Mariupol (announced July 2025).,,"Key figure linking Mariupol administration and DPR government. Served as First Deputy Head of Mariupol occupation administration 2022-2023 before rising to DPR Prime Minister. In July 2025, personally supervising the Pavlopil-Starokrymsk water pipeline construction project — indicating continued direct involvement in Mariupol despite seniority. His appointment as PM consolidates Kiriyenko/FSB influence at DPR government level. Document notes no conflict between Berdnikov and Morgun — they had a cooperative relationship and both gained public visibility together."
OFC-420,Zolotarev Sergey Borisovich,Золотарёв Сергей Борисович,Zaporizhzhia Oblast,Head (Holova) of Melitopol City under occupation,City,Melitopol,2022,,Yes,"Ukrainian-born, collaborator",,,Balitsky Evgeny (governor — client relationship); Rogov Vladimir (Rogov openly criticises the Melitopol clan as proxy attack on Balitsky).,Zaporizhzhia Oblast occupation administration.,"Heads a clan-based network in Melitopol controlling key economic decisions — described as making ""key decisions in the interests of a group close to Balitsky"".",,"Head of Melitopol city — the de facto administrative capital of occupied Zaporizhzhia Oblast. Described in Zaporizhzhia November 2025 report as head of a ""Melitopol group of influence"" operating a ""clan-based corrupt model."" Rogov's public criticism of Balitsky is partly an attack on Zolotarev's network as proxy. This clan structure — city head controlling economic flows through personal networks — is central to understanding how occupied Zaporizhzhia functions."
OFC-421,Sivenkova Elena,Сивенкова Елена,Zaporizhzhia Oblast,"Member, Zaporizhzhia Oblast Regional Election Commission",Regional,Melitopol,2023,2025,No,,,Fired for corruption allegations,Katiushchenko Halyna (closest ally — described as her direct associate); Balitsky Evgeny (attempted to dismiss her); Pamfilova Ella (intervened to reverse Sivenkova's dismissal),Russian Central Election Commission (Pamfilova); Zaporizhzhia Oblast election commission,,,"Election commission member and closest ally of commission chair Katiushchenko. Balitsky attempted to remove both under the guise of an ""anti-corruption campaign."" Russian CEC chair Pamfilova intervened and formally reversed the dismissals, publicly humiliating Balitsky. Document describes Balitsky's attempt to dismiss Sivenkova as ""hitting the neck when the head is protected"" — a failed political manoeuvre that demonstrated Balitsky's weakening position vis-à-vis Moscow."
OFC-437,Puduk Viktor,Пудук Виктор,DPR,Head of DPR Regional Yunarmiya Headquarters,Regional,Donetsk,2022,,Yes,Donetsk region,,,Pushilin Denis.,Yunarmiya (All-Russian Military-Patriotic Movement); DPR occupation administration.,,Yunarmiya is Russia's main youth pre-military organisation — directly militarises children from age 8.,"Heads the Yunarmiya headquarters for the DPR region. In October 2025, announced a campaign of ""patriotic concert-lessons"" titled ""Raising a Patriot"" — bard-style events to attract children and young people to Yunarmiya. Key figure for Identity Replacement and youth militarisation dimensions — Yunarmiya is one of the primary vehicles for militarising children in occupied territories."
OFC-438,Sumskaya Marianna,Сумская Марианна,LPR,Head of LPR Election Commission,Regional,Luhansk,2022,,Yes,Likely from Krasnodar Krai (tax account registration),,,Pasechnik Leonid (LPR head).,LPR election commission; Russian Central Election Commission (Pamfilova — federal oversight).,,,"Heads the LPR election commission responsible for organising occupation elections and referenda. In September 2025 announced that as of 1 July 2025 the total number of registered voters in occupied Luhansk region is 1,213,089, with 581 polling stations staffed by 5,665 people. Key figure for Legal Architecture dimension — manages the electoral legitimation of occupation rule. Compare with Katiushchenko Halyna (Zaporizhzhia equivalent) and the role of Pamfilova (Russian CEC) in overseeing these structures."
OFC-440,Leontyev Vladimir,Леонтьев Владимир,Kherson Oblast,Head of Nova Kakhovka Municipal Council (occupation),District,Nova Kakhovka,2022,2025,No,"Ukrainian-born, collaborator",Pre-occupation role unclear; became the first face of the occupation authority in Nova Kakhovka from March 2022.,Killed 1 October 2025 in targeted drone/explosive attack on his vehicle in Nova Kakhovka. Ukrainian forces and partisan underground claimed responsibility. He was previously suspected of kidnapping and torture of Ukrainian civilians including journalist Oleg Baturin.,Izyumenko Halyna (successor); Saldo Vladimir (Oblast governor).,Nova Kakhovka municipal council; Kherson Oblast administration.,,,"Historically significant as the first person to issue official occupation documents in Nova Kakhovka (March 2022) — marking the first formal administrative act of occupation authority in the city. Suspected of kidnapping and torture of Ukrainian citizens. Killed in a targeted operation on 1 October 2025 — attributed to Ukrainian underground resistance in Nova Kakhovka. His killing had major symbolic resonance as a demonstration that collaborators face accountability even in deep occupation. The Kherson October 2025 report describes it as ""the most visible act of Ukrainian resistance"" demonstrating ""the ability to operate even in the deep rear."""
OFC-441,Izyumenko Galina,Изюменко Галина,Kherson Oblast,Head of Nova Kakhovka Municipal Council,District,Nova Kakhovka,2025,,Yes,"Ukrainian-born, collaborator",Engaged in entrepreneurial activity at a local market in Nova Kakhovka.,,"Leontyev Vladimir (predecessor, killed); Saldo Vladimir.",Nova Kakhovka municipal council; Kherson Oblast administration.,Local market business background.,,Elected head of Nova Kakhovka Municipal Council on 14 October 2025 at an extraordinary session — replacing Leontyev who was killed on 1 October. Background as a local market entrepreneur rather than political or security figure suggests she was a compliant local figure chosen for manageability rather than ideological reliability.
OFC-442,Savchuk Vladimir,Савчук Владимир,Kherson Oblast,Head of Main Directorate of MVD Russia for Kherson Oblast,Regional,Henichesk,2025,,Yes,Russian,Deputy Head of Main Directorate of MVD Russia for Rostov Oblast.,,Saldo Vladimir (governor).,Russian MVD (Ministry of Internal Affairs); Main Directorate for Kherson Oblast.,,Police/MVD — direct law enforcement command over occupied Kherson Oblast.,"Appointed head of MVD Main Directorate for occupied Kherson Oblast, announced 24 October 2025. Came from the deputy head position at Rostov Oblast MVD — the key transit and logistics hub for the Russian occupation of southern Ukraine. His appointment reflects the importance Russia places on internal security in Kherson, where partisan activity (including the killing of Leontyev) is active. Career Russian police officer, not a local collaborator."
OFC-444,Safronov Ivan,Сафронов Иван,Kherson Oblast,Minister of Industry and Trade of Kherson Oblast,Regional,Henichesk,2023,2025,No,"Likely from Tambov Oblast, Russia (tax account reg.)",,Dismissed from post 4 October 2025. Circumstances not publicly stated.,Kiriyenko Georgii (successor).,Kherson Oblast Ministry of Industry and Trade.,,,Dismissed as Minister of Industry and Trade 4 October 2025. No public explanation given. His replacement (Kiriyenko Georgii) came from the Moscow Oblast Ministry of Economy and Finance — suggesting a deliberate rotation of Moscow personnel into key economic ministries in the occupied territories.
OFC-446,Niemtullayev Rustem,Немтуллаев Рустем,Kherson Oblast,Deputy of Kherson Oblast Duma; organiser of muftiate creation for Kherson Oblast,Regional,Henichesk,2023,,Yes,"Ukrainian-born, collaborator",,,Niemtullayev Seytumer (father).,Kherson Oblast Duma; United Russia (implied); Russian Muslim structures.,,,"Kherson Oblast Duma deputy overseeing the creation of a muftiate for occupied Kherson Oblast. In October 2025, the first Muslim community ""Iman"" in Novooleksiyivka received official state registration — described as an important step toward establishing the muftiate (requires at least three registered communities). His motivation described as desire to establish personal leadership and influence in Muslim religious sphere, analogous to Kadyrov's model. Father Seytumer Niemtullayev is a pro-Russian Crimean Tatar community leader who was formerly head of Henichesk rayon state administration."
OFC-448,Demchenko Dmitry,Демченко Дмитрий,Kherson Oblast,"Head of Youth Policy Department, Henichesk Municipal District; Head of Henichesk Yunarmiya branch",District,Henichesk,2023,,Yes,From Kherson,,,Kuzmich Tatyana (deputy governor overseeing youth programming).,Henichesk municipal district; Yunarmiya.,,Yunarmiya — pre-military youth organisation.,"Heads youth policy for Henichesk municipal district and on 27 October 2025 established and became head of the first Henichesk Yunarmiya branch. By October 2025, Yunarmiya units in occupied Kherson Oblast already have over 400 participants. Key figure for youth militarisation in Henichesk — the current administrative capital of occupied Kherson Oblast."
OFC-456,Stepanov Alexander,Степанов Александр,DPR,Senior figure in Mariupol occupation administration; described as 'head of administration',City,Mariupol,2022,,Unknown,"Ukrainian-born, collaborator",,,Morgun Oleg (accompanies at all meetings); Sablin/Ivanov network (implied — listed among Morgun's close circle).,Mariupol occupation administration.,,,"Listed in Mariupol October 2024 analytical note as ""Oleksandr Stepanov — head of administration of Mariupol""; described as accompanying Morgun at all meetings and having the ""greatest influence on decision-making"" of those close to him. This places him above Dmytriyev and other named deputies in practical influence. His status after Koltsov's appointment (June 2025) is unclear — may have been replaced as part of Koltsov's restructuring."
OFC-457,Ovcharenko Valentin Viktorovich,Овчаренко Валентин Викторович,DPR,"Head of FKU IK-13 (Corrective Colony), Mariupol; Lieutenant Colonel of Internal Service",Sector,Mariupol — Kalmiuskyi district,2024,,Yes,"Ukrainian-born, collaborator","Until 2024: head of FKU IK-11 of the Main Directorate of the Federal Penitentiary Service of the Russian Federation for the ""DPR"" (registered in Dokuchaievsk).",,Yefremov Mykhailo (SIZO-2 head).,Federal Penitentiary Service of Russia (FSIN) for DPR; DPR administration.,"~70 procurement contracts as customer totalling ~9.2 million rubles (utilities and supplies) — suppliers include Energosbyt Donetsk, Donbassteploenergo, Voda Donbassa.",Penitentiary/internal service rank (Lieutenant Colonel).,"Head of IK-13 (General-Regime Corrective Colony), located in Kalmiuskyi district of Mariupol within a residential area. As of February 2026, holds ~60 female inmates, all sentenced for criminal offences (theft, drugs, hooliganism); at least 15 sentenced by Ukrainian courts. No political prisoners confirmed held here as of that date. Key figure for Legal Architecture dimension — the prison infrastructure in Mariupol is central to the occupation's coercive apparatus. Ukrainian-born but career penitentiary officer under Russian structures."
OFC-458,Yefremov Mikhail Alexandrovich,Ефремов Михаил Александрович,DPR,"Head of FKU SIZO-2 (Pre-Trial Detention Centre), Mariupol",Sector,Mariupol — Kamenska Street 52,2024,,Yes,From Russia (Kalmykia Republic),"Before appointment as acting head of SIZO-2, worked as deputy head of SIZO-1 of the Federal Penitentiary Service of Russia in Yashkul (Kalmykia); previously deputy head for personnel and educational work at another colony.",,Ovcharenko Valentyn (IK-13 head).,"Federal Penitentiary Service of Russia (FSIN) for DPR; legal successor to GBU ""Mariupol Pre-Trial Detention Center of the GSIN of the Ministry of Justice of the DPR"".","In 2024-2025, 68 procurement contracts totalling ~24 million rubles as customer.",Penitentiary/internal service.,"Head of SIZO-2 (Pre-Trial Detention Centre), Mariupol. Legal successor entity to the former DPR detention centre (in liquidation since July 2024). Resumed operations 2024 — confirmed by procurement activity. Came to Mariupol from Yashkul (Kalmykia republic) — Russian career penitentiary officer. Key figure for Legal Architecture dimension — SIZO-2 is the primary pre-trial detention facility for Mariupol, including for those accused of resistance-related offences."
OFC-460,Apshev Albert Ruslanovich,Апшев Альберт Русланович,LPR,Minister of Infrastructure and Transport of LPR,Regional,Luhansk,2022,,Yes,Luhansk region,,,Pasechnik Leonid; Kovalchuk Egor.,LPR Ministry of Infrastructure and Transport.,"Oversees former Luhansk airport demining and planned reconstruction (2028-2030); claimed future airport capacity of 500,000 passengers/year and 100 tonnes cargo/day.",Transport/logistics infrastructure has direct military significance.,"LPR Minister of Infrastructure and Transport. In October 2025 announced demining of former Luhansk airport — rebuilding scheduled for 2028-2030, claimed future capacity for Boeing/Airbus/Sukhoi Superjet aircraft and medium/long-haul international flights. Document notes this contradicts Russia's own domestic aviation difficulties. Oversees transport integration of LPR into Russian infrastructure."
OFC-467,Smirnova Yulia Nikolaevna,Смирнова Юлия Николаевна,DPR,"First Deputy Head of Ordzhonikidze District Administration, Mariupol; Secretary of United Russia Local Branch, Mariupol",District,Mariupol — Ordzhonikidze district,2022,,Yes,"Ukrainian-born, collaborator","Civil servant, administrative services sector in Mariupol city council. Low public profile, stable documentary trail. Characterised as ""procedural block"" employee (admin services, certificates, registrations).",,"Koltsov Anton (appointed her as ER secretary — his ""protege""); Averkin Nikita (MGER — political network).",United Russia (local branch secretary); Ordzhonikidze district administration; DPR.,"Controls housing block in district: compensation housing, ownerless housing, contractor management.",,"Key Koltsov appointee — ""re-elected"" as United Russia local branch secretary on 20 January 2026 at political council convened by Koltsov with Kiriyenko's approval, ahead of State Duma election cycle. Simultaneously First Deputy Head of Ordzhonikidze district administration. Functional portfolio in occupation: housing (compensation, ownerless property, procedures); administrative services and public reception; socio-ideological events (school meetings, KDN/juvenile affairs participation, ceremonial RF events); party infrastructure as UR secretary. Career trajectory from low-level Ukrainian civil servant to occupation district deputy head and party secretary — a case study in administrative collaborationism."
OFC-471,Kiva Sergey,Кива Сергей,Kherson Oblast,Head of Kherson Grain Company (occupation),Sector,Henichesk,2024,,Yes,"Ukrainian-born, collaborator",Business/agriculture background in Zaporizhzhia Oblast.,,Saldo Vladimir (Kherson Oblast governor — Kiva reports to his administration).,Kherson Oblast administration; Kherson Grain Company; Russian state grain export structures.,"Heads the occupation grain company responsible for managing seized Ukrainian grain infrastructure in Kherson Oblast. 11 elevators total (only 2 functional as of October 2025 — including the Bratolyubivsky elevator with 163,600 tonne capacity). Brotherlove elevator began rail grain transportation from October 2025. Grain export channel for looted Ukrainian grain.",,"Heads the illegally created ""Kherson Grain Company"" — the occupation's vehicle for legalising stolen grain from Kherson Oblast for further export to Russia and abroad. Source documents describe the entity as created specifically to ""legalise stolen grain crops for subsequent export."" Appointed from Zaporizhzhia — a pattern of placing trusted personnel from established occupation networks into new territories. Only 2 of 11 company elevators are functional as of late 2025."
OFC-473,Babushkina Lyudmila,Бабушкина Людмила,Zaporizhzhia Oblast,"Member of Legislative Assembly, Zaporizhzhia Oblast (occupation)",Regional,Melitopol,2022,,Yes,"From Sverdlovsk Oblast, Russia",,,Yemelyanyenko Viktor; Balitsky Evgeny.,Zaporizhzhia Oblast Legislative Assembly.,,,"Member of occupation legislative assembly. In March 2026 emphasised cooperation with Sverdlovsk Oblast on budget mechanisms, investment tax deductions, industrial development, SME and agricultural matters."
OFC-474,Romanova Katerina,Романова Катерина,Zaporizhzhia Oblast,Representative of Zaporizhzhia Oblast in Russian Federation Public Chamber; Head of National-Cultural Autonomy of Belarusians of Melitopol,Regional,Melitopol,2023,,Yes,"Ukrainian-born, collaborator",Unknown prior to 2022.,,Rogov Vladimir (replaced him); Balitsky Evgeny (loyal to).,Russian Federation Public Chamber; National-Cultural Autonomy of Belarusians of Melitopol (registered 2023).,,Implicated in organising transfer of children from Melitopol to Crimea for militarised camps including weapons training.,Replaced Rogov as Zaporizhzhia Public Chamber representative in March 2026 — marking Balitsky's final political consolidation. Heads front organisation for Belarusian community in Melitopol. Involved in child transfer to militarised programmes in Crimea.
OFC-475,Falk Alexander,Фальк Александр,Zaporizhzhia Oblast,"President, Union of Industrial and Trade Development of Zaporizhzhia and Kherson Oblasts (occupation)",Sector,Melitopol,2022,2026,No — criminal proceedings,"Born in Melitopol, Ukraine",,Criminal case transferred to court March 2026: mediated 5 million rouble bribe to GUP Automobile Roads of Zaporizhzhia Oblast for road equipment leasing contract (February 2025). Assets arrested 5m+.,Balitsky Evgeny (road budget in his sphere — Balitsky not implicated).,Occupation economic structures; GUP Automobile Roads Zaporizhzhia.,Road infrastructure brokerage — intermediary in road contract corruption ecosystem.,Road infrastructure = military logistics.,Corruption case March 2026 reveals the mediation infrastructure around road construction budgets in occupied Zaporizhzhia. Balitsky's non-implication despite road money being in his sphere is analytically significant — consistent with selective prosecution insulating the principal.
OFC-477,Kravchuk Denis Sergeyevich,Кравчук Денис Сергеевич,DPR,Political figure; minority shareholder Mostovik (Penza); deputy Penza Oblast Legislative Assembly,Sector,Mariupol / Penza,2022,,Yes,Russian,Penza Oblast Legislative Assembly deputy; road construction business (Mostovik).,,Khusnullin Marat (Mostovik linked via Uprdor Novorossiya contracts).,Penza Oblast Legislative Assembly; Uprdor Novorossiya (federal road agency); Mostovik.,"Mostovik: 3.7bn roubles in Russian state contracts; net profit 2023 over 1.6bn roubles. Active in Mariupol from 2024: bypass road, bridge reconstruction. Dual-use — infrastructure serving military logistics.",Bypass road = direct military logistics infrastructure.,Public face of Mostovik's Mariupol construction operations. Russian political figure deploying road construction capital into occupied territories under Khusnullin network patronage. March 2026 Kiriyenko-Khusnullin reconciliation makes his position more secure.
OFC-478,Istratov Vadim Anatolyevich,Истратов Вадим Анатольевич,DPR,Deputy Head of Mariupol Occupation Administration for Financial Affairs,City,Mariupol,2022,,Unknown,"Ukrainian-born, collaborator",1998-2001: Mariupol city council ATI head; 2001-2002: LLC Techstroy director; 2003-2004: State Treasury; 2004-2005: State Control and Audit Service; 2005-2008: city council communal improvement control; 2009-2016: PE Dzhan director; 2016-2020: PE Ekostroi director. Education: PDTU economics 2000-2004; Dnipropetrovsk RIDU 2005-2007 (public administration).,,Morgun Oleg; Bodaghin Evhen (financial colleague).,Mariupol occupation administration finance.,Controls budget distribution for Mariupol occupation administration.,,"Described as the ""financial brain of the occupation authority."" Career in Ukrainian state financial structures (Treasury, Audit Service) before private business, then occupation. Former OPZZH deputy."
OFC-479,Khadzhinov Dmitry Mikhailovich,Хаджинов Дмитрий Михайлович,DPR,Deputy Head of Mariupol Occupation Administration for Housing and Communal Services (ZhKH),City,Mariupol,2022,,Yes,"Ukrainian-born, collaborator",PDTU 2001-2006 international transport and logistics. LLC Klinol director.,,Morgun Oleg; Ivanov Petro (OPZZH network).,Mariupol occupation administration ZhKH; DPR.,LLC Klinol director; controls housing and communal services sector.,,"Described as ""unqualified but actively public."" Controls ZhKH — directly relevant to housing redistribution and property confiscation dimensions. Former OPZZH (ОПЗЖ) deputy."
OFC-480,Agibalov Valery Viktorovich,Агибалов Валерий Викторович,DPR,"Head of Kalmiuska District Occupation Administration, Mariupol",District,Mariupol — Kalmiuska district,2022,,Unknown,"Ukrainian-born, collaborator","1975-1976: Zhdanivsky plant apprentice; 1976-1978: Soviet army; 1983-1985: driving school teacher; 1991-1994: Ilyichivska district administration communal economy; 1995-2003: PE founder, radio Lovensari co-founder; 2001-2007: JSC Hidromontazh Yalta board head; 1989-present: LLC Tavriya director.",,Koltsov Anton; Morgun Oleg.,Mariupol occupation administration district level; DPR.,"LLC Tavriya (long-term director); prior radio, construction, infrastructure interests.",1976-1978 Soviet army.,Head of Kalmiuska district — one of Mariupol's main administrative districts. Long-term local figure with diverse Soviet/post-Soviet business career. Former OPZZH (ОПЗЖ) deputy.
OFC-481,Ftits Ivan Fedorovich,Фтиц Иван Федорович,DPR,Head of St Petersburg Government Representation in Mariupol; former head of enterprise 'City for People',City,Mariupol,2022,,Yes,"Ukrainian-born, collaborator","Head of enterprise ""City for People"" in Mariupol pre-occupation.",,Adamov Dmytro (associate); Morgun Oleg.,St Petersburg government representation in Mariupol; United Russia.,Possesses database of Mariupol residents. Connected to burial corruption scheme via Adamov.,,"Heads St Petersburg's formal representation in Mariupol — part of the patron-region system controlling reconstruction funding flows. Named as one of the key ""conditionally public figures"" on whom United Russia has placed emphasis in Mariupol alongside Orleansky. Database of residents = surveillance/population control asset. SUPERSEDES OFC-371."
OFC-482,Adamov Dmitry Valeryevich,Адамов Дмитрий Валерьевич,DPR,"Deputy Head of Zhovtneva (Central) District Occupation Administration, Mariupol",District,Mariupol — Central district,2022,,Unknown,"Ukrainian-born, collaborator",,,Ftits Ivan (associate).,Mariupol occupation administration; DPR district structures.,Organised corruption scheme for burials under occupation — profiteering from death administration.,,"""One of the corruption brains."" Organised burial corruption scheme. Associate of Ivan Ftits."
OFC-483,Kior Andrey Leonidovich,Киор Андрей Леонидович,DPR,"Head of Information-Analytical Department, Mariupol Occupation Administration; Propagandist",City,Mariupol,2022,,Yes,"Ukrainian-born, collaborator",Journalist/media career in Mariupol region.,,Koltsov Anton; Morgun Oleg.,Mariupol occupation administration information dept; DPR propaganda.,,,Heads the information and analytical (propaganda/press) department. Ukrainian journalist turned occupation propagandist. Manages occupation public communications. Relevant to Digital Enclosure dimension.
OFC-484,Sobolevsky Grigory Grigoryevich,Соболевский Григорий Григорьевич,DPR,Deputy Head of Mariupol Maritime Trade Port Administration; Port Captain,Sector,Mariupol,2022,,Unknown,,Maritime career; port captain qualification.,,Soldatov Oleksandr (GUP port admin head).,GUP DPR Port Administration; DPR Ministry of Transport.,"Port operations — coal, grain, military logistics.",Port captain: direct military logistics role.,Operational port captain and deputy administrator. Manages vessel movements alongside Soldatov. Key operational figure in Mariupol port's coal/grain export and military logistics.
OFC-485,Ternavsky Yuri Ivanovich,Тернавский Юрий Иванович,DPR,"Head of dairy factory and drinking water filtration plant, Mariupol (occupation)",Sector,Mariupol,2022,,Unknown,"Ukrainian-born, collaborator","1985 joined MMK im. Ilicha enterprises; 1986-1987 military service; various management roles in catering and hospitality; 1989-1995 Donetsk State Commercial Institute (food tech engineer); 22 April 1998 appointed deputy director general of MMK im. Ilicha, head of public catering management. 2016 BPP election head; multiple mayoral candidacies. Founders: LLC Public Catering and Trade Management; LLC Ekoillychproduct.",,Bodaghin Evhen (former Ekoillychproduct financial director — Ternavsky's company).,DPR economic administration; food/water infrastructure.,Controls dairy and water filtration — critical food/water infrastructure. LLC Ekoillychproduct co-owner.,,Controls key food and water infrastructure. Water filtration control is particularly significant given Mariupol's ongoing water crisis. His company links to Bodaghin.
OFC-486,Zolotov Mikhail Sergeyevich,Золотов Михаил Сергеевич,DPR,"Head of Left Bank (Ordzhonikidze) District Occupation Administration, Mariupol",District,Mariupol — Left Bank district,2022,2023,No,Not local — Pushilin/military grouping appointee,Unknown — military/Pushilin network,Dismissed through Ivashchenko's lobbying to Moscow (complaints of poor performance).,Pushilin Denis (patron); Ivashchenko Kostiantyn (removed him).,DPR; Pushilin military network.,,Military-linked — Pushilin grouping representative.,"Full name confirmed: Mykhailo Serhiyovych. Non-local, installed by Pushilin's military grouping as overseer (smotryashchiy) of the Left Bank district. Dismissed when Ivashchenko gained leverage via Moscow."
OFC-487,Kalacheva Viktoria Viktorovna,Калачева Виктория Викторовна,DPR,Deputy Head of Mariupol Occupation Administration for Education,City,Mariupol,2022,2025,No — criminal proceedings,"Ukrainian-born, collaborator","Mariupol School of Arts ""Stars of Pryazovya"" (teacher/employee).",Subject to criminal prosecution 2025 following Morgun's fall.,Morgun Oleg (his deputy); Ivanov Petro (described as having close personal and political connection — his network controls education).,Mariupol occupation administration education; DPR education structures.,,,Controls occupation educational institutions — directly relevant to Identity Replacement dimension. Ukrainian language teacher who then supervised its replacement with Russian curriculum. Close connection to Petro Ivanov (criminal authority). Subject to criminal prosecution after Morgun's political fall.
OFC-488,Golubkov Sergey Petrovich,Голубков Сергей Петрович,DPR,"Head of Social Protection Department, Mariupol Occupation Administration",City,Mariupol,2022,,Yes,"Ukrainian-born, collaborator",,,Koltsov Anton; Morgun Oleg.,Mariupol occupation administration social protection; DPR social welfare.,,,Heads social protection department. Analytically significant: has access to lists of ATO (Anti-Terrorist Operation) participants — former Ukrainian soldiers and activists who participated in 2014-2022 conflict. This makes him a node in the occupation's filtration/targeting system for identifying resistance-linked individuals.
OFC-489,Vysotsky Andrey Borisovich,Высоцкий Андрей Борисович,DPR,"Head of DPR Central Bank Branch, Mariupol",City,Mariupol,2022,,Unknown,"Ukrainian-born, collaborator",Head of FUIB — one of Ukraine's major commercial banks. High-level Ukrainian banking career.,,Istratov Vadym (financial administration).,DPR Central Bank; PSB (Promsvyazbank) system.,Controls banking infrastructure — integration of Mariupol economy into Russian ruble system.,,Pivotal figure in economic integration: former head of a major Ukrainian bank who is now managing the transition to the Russian banking system. His technical expertise makes him uniquely valuable to the occupation for this role. Key Economic Dependency dimension figure.
OFC-490,Yankovsky Gennady Mikhailovich,Янковский Геннадий Михайлович,DPR,"Head of Occupation Authority in Melekine village, Mariupol district",District,"Melekine village, Mariupol district",2022,,Unknown,"Ukrainian-born, collaborator",See Origin Notes.,,Mariupol district occupation administration.,DPR; Mariupol district administration.,Long-term tourism/hotel business in Melekine coastal area.,Soviet army 1981-1989 (Arctic); Ukrainian air force to 1999.,Head of occupation authority in Melekine — an Azov coastal village south of Mariupol with strategic coastal access. Prior role heading a Ministry of Justice rehabilitation centre (2013-2018) indicates connections to state institutional structures.
OFC-491,Karpenko Elena Vasilievna,Карпенко Елена Васильевна,DPR,"Head of Culture Department, Mariupol Occupation Administration",City,Mariupol,2022,,Unknown,"Ukrainian-born, collaborator","City council, OPZZH political activity.",,"Treschev Artem ""Khromoy"" (civil partner — Ivanov criminal network connection).",Mariupol occupation administration culture dept; DPR cultural structures.,,,"Head of Culture Department — overseeing replacement of Ukrainian culture. Notable: civil partner of Artem Treschev (criminal nickname ""Khromoy""), a figure in Petro Ivanov's criminal network. This link between the culture department head and organised crime is analytically significant for understanding how the occupation administration functions. Also appears in TIER 4 — HUMINT SOURCE. Entry 42. - Звіт_MariupolФіналUA.docx"
OFC-492,Kostenko Irina Anatolievna,Костенко Ирина Анатольевна,DPR,Member of the ‘People’s Council’ of the ‘Donetsk People’s Republic’,Regional,Donetsk,2018,2023,No,"Ukrainian-born, collaborator",,,,,,,
OFC-493,Zhuravleva Tatyana Vladimirovna,Журавлева Татьяна Владимировна,DPR,Member of the ‘People’s Council’ of the ‘Donetsk People’s Republic’,Regional,Snizhne,2018,2023,No,"Ukrainian-born, collaborator",,Coordinator of the Snezhnyansky branch of the LDPR.,,,,,
OFC-494,Korolyuk Maxim Vitalievich,Королюк Максим Витальевич,DPR,Member of the ‘People’s Council’ of the ‘Donetsk People’s Republic’,Regional,Donetsk,2018,,Yes,Likely Rostov oblast (tax account reg.),,,,,,,
OFC-495,Pakreev Vladimir Gennadievich,Пакреев Владимир Геннадьевич,DPR,Member of the ‘People’s Council’ of the ‘Donetsk People’s Republic’,Regional,Donetsk,2018,2023,No,Likely from Crimea (tax account reg.),,,,,,,
OFC-496,Avdeev Alexander Vasilievich,Авдеев Александр Васильевич,DPR,Member of the ‘People’s Council’ of the ‘Donetsk People’s Republic’,Regional,Yenakijeve,2014,2023,No,"Born in Yenakijeve, Donetsk region",,,,,,,
OFC-497,Maly Pavel Georgievich,Малый Павел Георгиевич,LPR,Member of the ‘People’s Council’ of the ‘Luhansk People’s Republic’,Regional,LPR,2014,2023,No,"Born in Debaltseve, Ukraine",,,,,,,
OFC-498,Kovalchuk Gennady Evgenievich,Ковальчук Геннадий Евгеньевич,DPR,Member of the 'People’s Council' of the 'Donetsk People’s Republic',Regional,Bud'onivs'kyi district,2018,2023,No,Donetsk region,"Afghan veteran. One of the fighters of ""miners division"".",,,,,,
OFC-499,Moshkin Vladimir Evgenievich,Мошкин Владимир Евгеньевич,DPR,Member of the ‘People’s Council’ of the ‘Donetsk People’s Republic’,Regional,Donetsk,2018,2023,No,Born in Donetsk region,Had business in Moscow.,,,,,,
OFC-500,Serdyukova Viktoria Alexandrovna,Сердюкова Виктория Александровна,LPR,Commissioner for Human Rights in the Luhansk People’s Republic,Regional,Luhansk,2021,2025,No,"Born in Siverskodonetsk, Ukraine",Heads the secretariat of the Human Rights Commissioner of the Russian Federation.,,,,,,
OFC-501,Magdalina Marina Vladimirovna,Магдалина Марина Владимировна,DPR,Former member of the 'People’s Council' of the 'Donetsk People’s Republic',Regional,Donetsk,2018,2023,No,Donetsk region,,,,,,,
OFC-502,Dezortsev Dmitry Eduardovich,Дезорцев Дмитрий Эдуардович,DPR,Member of the ‘People’s Council’ of the ‘Donetsk People’s Republic’,Regional,Volnovakha,2014,2023,No,"Ukrainian-born, collaborator",,,,,,,
OFC-503,Knysh Maxim Gennadievich,Кныш Максим Геннадьевич,DPR,Member of the ‘People’s Council’ of the ‘Donetsk People’s Republic’,Regional,Donetsk,2014,2023,Unknown,"Ukrainian-born, collaborator",,,,,,,
OFC-504,Kumanova Svetlana Anatolievna,Куманова Светлана Анатольевна,DPR,Former member of the ‘People’s Council’ of the ‘Donetsk People’s Republic’,Regional,Donetsk,2018,2023,No,"Ukrainian-born, collaborator",,,,,,,
OFC-505,Bogatova Maria Viktorovna (Andreevna),Богатова Мария Викторовна (Андреевна),DPR,Member of the ‘People’s Council’ of the ‘Donetsk People’s Republic’,Regional,Donetsk,2018,2023,No,"Ukrainian-born, collaborator",,,,,,,
OFC-506,Peschanskaya Marina Leonidovna,Пещанская Марина Леонидовна,Crimea,Ombudsman for Children’s Rights in Sevastopol,Regional,Sevastopol,2022,,Yes,Born in Donetsk region,,,,,,,
OFC-507,Ogilets Dmitry Alexandrovich,Огилец Дмитрий Александрович,DPR,Member of the ‘People’s Council’ of the ‘Donetsk People’s Republic’,Regional,Donetsk,2018,,Yes,"Born in Makiivka, Ukraine",,,,,,,
OFC-508,Kamyshov Alexander Sergeevich,Камышов Александр Сергеевич,DPR,Member of the ‘People’s Council’ of the ‘Donetsk People’s Republic’,Regional,Donetsk,2018,,Yes,,,,,,,,
OFC-509,Mikhailiuk Leonid Vladimirovich,Михайлюк Леонид Владимирович,Crimea,Head of the Federal Security Service (FSB) in Crimea and Sevastopol and of the regional Anti-Terrorism Committee.,Regional,Simferopol,2018,2024,No,From Russia (FSB federal appointee),,FSB head in Krasnodar Krai since 2024.,,,,,
OFC-510,Bratchenko Tatiana Georgievna,Братченко Татьяна Георгиевна,Kherson Oblast,Director of the Kherson Regional Museum,Regional,,,2025 (latest),No,"Ukrainian-born, collaborator",,,,,,,
OFC-511,Mikhailova Yulia Valentinovna,Михайлова Юлия Валентиновна,DPR,"Member of the 'People’s Council' of the 'Donetsk People’s Republic' and member of the Committee on Labor, Social Policy and Veterans Affairs",Regional,Donetsk,2018,,Yes,,,,,,,,
OFC-512,Ryabushkin Igor Nikolaevich,Рябушкин Игорь Николаевич,LPR,Member of the ‘People’s Council’ of the ‘Luhansk People’s Republic’,Regional,Luhansk,2014,,Yes,"Born in Roven'ky, Ukraine",,,,"LPR People's Council (3rd convocation, 2023); United Russia party.",,,
OFC-513,Kulbatskaya Klavdia Yurievna,Кульбацкая Клавдия Юрьевна,DPR,Member of the ‘People’s Council’ of the ‘Donetsk People’s Republic’,Regional,Donetsk,2014,,Yes,,,,,,,,
OFC-514,Korotkyi Alexander Vladimirovich,Короткий Александр Владимирович,DPR,Member of the ‘People’s Council’ of the ‘Donetsk People’s Republic’,Regional,Donetsk,2018,2023,No,Donetsk region,,,,,,,
OFC-515,Katsavalov Evgeny Anatolievich,Катсавалов Евгений Анатольевич,LPR,Former ‘Minister of Emergency Situations and Disaster Management' of the 'Luhansk People’s Republic' awarded the rank of Lieutenant General in 2024.,Regional,Luhansk,2018,2023,No,Luhansk region,,Head of the Main Directorate of the Russian Ministry of Emergency Situations for the Luhansk People’s Republic.,,,,,
OFC-516,Turchenyuk Igor Nikolaevich,Турченюк Игорь Николаевич,Crimea,Commander of the Southern Military District of the National Guard of the Russian Federation,Regional,Crimea,2011,2016,No,"Born in Kyrgyzstan, military career in Russia",Former de facto Commander of Russian troops deployed on the ground in the illegally annexed Crimea; Former Deputy Commander of the Southern Military District.,,,,,,
OFC-517,Chigrina Oksana Aleksandrovna,Чигрина Оксана Александровна,LPR,Former spokesperson of the ‘government’ of the ‘Luhansk People's Republic’,Regional,Luhansk,2014,,No,"Ukrainian-born, collaborator",,Journalist in LPR. Former spokesperson of the Press Service of the LPR.,,,,,
OFC-518,Zakabluk Yuri Mikhailovich,Закаблук Юрий Михайлович,DPR,Member of the ‘People’s Council’ of the ‘Donetsk People’s Republic’,Regional,Donetsk,2018,2023,No,"Born in Horliva, Donetsk region",,,,,,,
OFC-519,Kishkinov Vitaliy Mikhaylovich,Кишкинов Виталий Михайлович,LPR,Member of the ‘People’s Council’ of the ‘Luhansk People’s Republic’,Regional,Luhansk,2014,2023,No,Luhansk region,,,,,,,
OFC-520,Afanasevsky Yuriy Nikolaevich,Афанасевский Юрий Николаевич,LPR,Former ‘Chairman of the State Customs Committee’ of the ‘Luhansk People's Republic’,Regional,Luhansk,,2023,No - assassination attempt,,,,,,,,
OFC-521,Uvarov Maksim Anatolyevich,Уваров Максим Анатольевич,LPR,Member of the ‘People’s Council’ of the ‘Luhansk People’s Republic’,Regional,Luhansk,2014,,Yes,"Born in Alchevs'k, Luhansk region",,,,,,,
OFC-522,Mardanov Ruslan Raisovich,Марданов Руслан Раисович,LPR,Member of the ‘People’s Council’ of the ‘Luhansk People’s Republic’,Regional,Luhansk,2014,2023,No,"Born in Antratsyt, Luhansk region",,,,,,,
OFC-523,Beletsky Aleksei Yuryevich,Белецкий Алексей Юрьевич,LPR,Member of the ‘People’s Council’ of the ‘Luhansk People’s Republic’,Regional,Luhansk,2014,,Yes,"Born Rodakove, Luhansk region",,,,,,,
OFC-524,Andrienko Vladimir Nikolaevich,Андриенко Владимир Николаевич,DPR,Member of the ‘People’s Council’ of the ‘Donetsk People’s Republic’,Regional,Donetsk,2018,2023,No,"Ukrainian-born, collaborator",,,,,,,
OFC-525,Todorova Anna Yurievna,Тодорова Анна Юрьевна,LPR,Head of the Archive Service of the 'Luhansk People’s Republic',Regional,Luhansk,2021,2023,No,"Ukrainian-born, collaborator",Former ‘Deputy Chair of the Government’ of the ‘Luhansk People’s Republic’.,,,,,,
OFC-526,Leonov Yury Vladimirovich,Леонов Юрий Владимирович,DPR,Member of the ‘People’s Council’ of the ‘Donetsk People’s Republic’,Regional,Donetsk,2014,,Yes,Donetsk region,,,,,,,
OFC-527,Shepotko Pavel Alexandrovich,Шепотко Павел Александрович,DPR,Member of the ‘People’s Council’ of the ‘Donetsk People’s Republic’,Regional,Donetsk,2014,2018,No,"Ukrainian-born, collaborator",,,,,,,
OFC-528,Golda Dmitry Yuryevich,Голда Дмитрий Юрьевич,LPR,Member of the ‘People’s Council’ of the ‘Luhansk People’s Republic’,Regional,Luhansk,2020,2023,No,Luhansk region,,,,,,,
OFC-529,Naumets Sergei Sergeevich,Науметс Сергей Сергеевич,DPR,"Former 'Minister of Construction, Housing, and Communal Services' of the 'Donetsk People’s Republic'",Regional,Donetsk,2015,2023 (latest),No,Donetsk region,,He is seeking to be reinstated in his post through the courts.,,,,,
OFC-530,Bilyalov Rinat Alievich,Билялов Ринат Алиевич,DPR,Member of the ‘People’s Council’ of the ‘Donetsk People’s Republic’,Regional,Donetsk,2018,2023,No,Donetsk region,,,,,,,
OFC-531,Abukov Sergei Navilievich,Абуков Сергей Навилевич,DPR,Member of the ‘People’s Council’ of the ‘Donetsk People’s Republic’,Regional,Donetsk,2018,2023,No,Luhansk region,,,,,,,
OFC-532,Giba Andrey Anatolyevich,Гиба Андрей Анатольевич,Crimea,Deputy Head of the Investigative Department of the Federal Security Service of the Russian Federation for Sevastopol and Crimea,Regional,Sevastopol,2014,,Unknown,"Born in Simferopol, Crimea.",Former SBU.,,,,,,
OFC-533,Mosina Anna Mikhaylovna,Мосина Анна Михайловна,LPR,Member of the ‘People’s Council’ of the ‘Luhansk People’s Republic’,Regional,Luhansk,2014,2023,No,Luhansk region,,,,,,,
OFC-534,Savelov Vladimir Vladimirovich,Савёлов Владимир Владимирович,DPR,Member of the ‘People’s Council’ of the ‘Donetsk People’s Republic’,Regional,Donetsk,2018,,Yes,"Ukrainian-born, collaborator",,,,,,,
OFC-535,Churadze Dmitry Murtazievich,Чурадзе Дмитрий Муртазиевич,DPR,Member of the ‘People’s Council’ of the ‘Donetsk People’s Republic’,Regional,Donetsk,2018,2023,No,Donetsk region,,,,,,,
OFC-536,Lugantseva Oksana Gennadyevna,Луганцева Оксана Геннадьевна,LPR,Chief of Staff of the regional branch of Yunarmiya within the Luhansk People’s Republic,Regional,Luhansk,2021,,Yes,Luhansk region,,,,,,,
OFC-537,Antonov Anatoly Andreevich (real name: Sadykov Rashid Ravilievich),Антонов Анатолий Андреевич (реальное имя: Садыков Рашид Равильевич),LPR,Former ‘Minister of State Security’ of the ‘Luhansk People’s Republic’,Regional,Luhansk,2017,,Unknown,"Born in Primorsky Krai, Russia",,,,,,,
OFC-538,Zinkov Viktor Ivanovich,Зинков Виктор Иванович,Crimea,Judge of the 'Supreme Court of the Republic of Crimea',Regional,Crimea,2014,,Unknown,"Ukrainian-born, collaborator",,,,,,,
OFC-539,Kukarsky Dmitry Leonidovich,Кукарский Дмитрий Леонидович,LPR,Member of the ‘People’s Council’ of the ‘Luhansk People’s Republic’,Regional,Luhansk,2014,,Yes,From Russia,,,,,,,
OFC-540,Usacheva Alexandra Alexandrovna,Усачева Александра Александровна,DPR,Member of the ‘People’s Council’ of the ‘Donetsk People’s Republic’,Regional,Donetsk,2018,,Yes,Luhansk region,,,,,,,
OFC-541,Gromakov Aleksandr Yurevich,Громаков Александр Юрьевич,DPR,"Former ‘Minister of Youth, Sports, and Tourism' of the ‘Donetsk People’s Republic’",Regional,Donetsk,2017,2023,No,Donetsk region,,,,,,,
OFC-542,Litsoev Andrei Viktorovich,Лицоев Андрей Викторович,LPR,Member of the ‘People’s Council’ of the ‘Luhansk People’s Republic’,Regional,Luhansk,2014,2023,No,Luhansk region,,,,,,,
OFC-543,Neverov Sergey Nikolaevich,Неверов Сергей Николаевич,LPR,Former 'Minister of Industry and Trade' of the 'Luhansk People’s Republic',Regional,Luhansk,2021,2022,No,,,,,,,,
OFC-544,Gritsenko Yevgeny Dmitrievich,Гриценко Евгений Дмитриевич,DPR,Former member of the ‘People’s Council’ of the ‘Donetsk People’s Republic’,Regional,Donetsk,2018,2023,No,Donetsk region,,,,,,,
OFC-545,Gubareva Natalya Vladimirovna,Губарева Наталья Владимировна,DPR,Member of the ‘People’s Council’ of the ‘Donetsk People’s Republic’,Regional,Donetsk,2018,2023,No,Likely from Russia (no mention of UA citizenship in sanctions lists),,,,,,,
OFC-546,Katyushenko Galina Anatolyevna,Катюшенко Галина Анатольевна,Zaporizhzhia Oblast,Chair of the Election Committee of the Zaporizhzhia Region,Regional,Zaporizhzhia Oblast,2022,2025,No,"From Zaporizhzhia oblast, Ukraine",,,,,,,
OFC-547,Malkov Alexander Viktorovich,Малков Александр Викторович,DPR,"Member of the 'People’s Council' of the 'Donetsk People’s Republic' and Deputy Chairman of the Committee for the Development of Civil Society, Issues of Public and Religious Associations",Regional,Donetsk,2018,,Yes,"Ukrainian-born, collaborator",,,,,,,
OFC-548,Trofimov Andrey Yuriovych,Трофимов Андрей Юрьевич,Zaporizhzhia Oblast,Deputy head of Russian controlled military-civilian administration in the Zaporizhzhia region; Head of the Crimean Union of Journalists,Regional,Zaporizhzhia Oblast,2022,,Unknown,"Born in Simferopol, Crimea.",,,,,,,
OFC-549,Ismailov Zaur Raufovich,Исмаилов Заур Рауфович,LPR,Minister of Justice of the 'Luhansk People's Republic'.,Regional,Luhansk,2017,,Yes,Luhansk region,Former 'General Prosecutor' of the 'Luhansk People's Republic' (until October 2017).,,,,,,
OFC-550,Dadonov Oleg Viacheslavovich,Дадонов Олег Вячеславович,LPR,Member of the ‘People’s Council’ of the ‘Luhansk People’s Republic’,Regional,Luhansk,2014,2018,No,"Born in Poltava, Ukraine",,,,,,,
OFC-551,Gryaznova Olga Petrovna,Грязнова Ольга Петровна,DPR,Member of the ‘People’s Council’ of the ‘Donetsk People’s Republic’,Regional,Donetsk,2018,2023,No,"Ukrainian-born, collaborator",,,,,,,
OFC-552,Babenko Oksana Alexandrovna,Бабенко Оксана Александровна,DPR,Member of the ‘People’s Council’ of the ‘Donetsk People’s Republic’,Regional,Donetsk,2018,2023,No,"Ukrainian-born, collaborator",,,,,,,
OFC-553,Selivanova Anastasia Yurievna,Селиванова Анастасия Юрьевна,DPR,Member of the ‘People’s Council’ of the ‘Donetsk People’s Republic’,Regional,Donetsk,2018,,Yes,Likely from Russia (no mention of UA citizenship in sanctions lists),,,,,,,
OFC-554,Zadiraka Nelli Akopovna,Задирака Нелли Акоповна,LPR,Former member of the 'People’s Council' of the 'Luhansk People’s Republic'.,Regional,Luhansk,2014,2023,No,"Born in Akhaltsikhe, Georgia",,,,,,,
OFC-555,Kravets Vitaly Vladimirovich,Кравец Виталий Владимирович,DPR,Former Member of the 'People’s Council' of the 'Donetsk People’s Republic',Regional,Donetsk,2014,2023,No,"Ukrainian-born, collaborator",,,,,,,
OFC-556,Redko Galina Vladimirovna,Редко Галина Владимировна,Crimea,Judge of the Supreme Court of the Republic of Crimea,Regional,Crimea,2014,,Yes,"Born in Poltava region, Ukraine",,,,,,,
OFC-558,Lisitsyna Anna Valeryevna,Лисицина Анна Валерьевна,LPR,Deputy of the 'People’s Council' of the 'Luhansk People’s Republic',Regional,Luhansk,2023,,Yes,"Ukrainian-born, collaborator",,,,,,,
OFC-559,Polyanskaya Natalya Alekseevna,Полянская Наталья Алексеевна,DPR,Member of the ‘People’s Council’ of the ‘Donetsk People’s Republic’,Regional,Donetsk,2018,2023,No,Likely from Russia (no mention of UA citizenship in sanctions lists),,,,,,,
OFC-560,Skrypnik Konstantin Evgenevich,Скрыпник Константин Евгеньевич,LPR,Member of the 'People’s Council' of the 'Luhansk People’s Republic'.,Regional,Luhansk,2014,2023,No,"Born in Dovzhansk, Ukraine",,,,,,,
OFC-561,Baevsky Andrey Vasilievich,Баевский Андрей Васильевич,DPR,Member of the ‘People’s Council’ of the ‘Donetsk People’s Republic’,Regional,Donetsk,2014,,Yes,Likely from Russia (no mention of UA citizenship in sanctions lists),,,,,,,
OFC-563,Selivanov Alexey Sergeyevich,Селиванов Алексей Сергеевич,Zaporizhzhia Oblast,Deputy Head of the Main Directorate of the Ministry of Internal Affairs of the Zaporizhzhia Civil-Military Administration,Regional,Zaporizhzhia Oblast,2022,,Unknown,"From Russia (Russian federal government), born in Kyiv",,,,,,,Associated entities: Government of the Russian Federation.
OFC-565,Shvenk Inna Volodymyrovna,Швенк Инна Владимировна,LPR,Commissioner for the Children’s rights in the Luhansk People’s Republic,Regional,Luhansk,2022,,Yes,Luhansk region,,,,,,,
OFC-566,Dianova Irina Leontievna,Дианова Ирина Леонтьевна,DPR,Member of the ‘People’s Council’ of the ‘Donetsk People’s Republic’,Regional,Donetsk,2018,2023,No,From Russia,,,,,,,
OFC-568,Parshin Maxim Alekseevich,Паршин Максим Алексеевич,DPR,Member of the ‘People’s Council’ of the ‘Donetsk People’s Republic’,Regional,Donetsk,2018,,Yes,Likely from Russia (no mention of UA citizenship in sanctions lists),,,,,,,
OFC-569,Medvedev Vladimir Anatolievich,Медведев Владимир Анатольевич,DPR,"Former member of the 'People's Council' of the 'Donetsk People’s Republic', leader of the' Free Donbass Public Movement'.",Regional,Donetsk,2018,2023,No,Likely from Russia (no mention of UA citizenship in sanctions lists),,,,,,,
OFC-570,Pertsev Vasily Anatolievich,Перцев Василий Анатольевич,DPR,Member of the ‘People’s Council’ of the ‘Donetsk People’s Republic’,Regional,Donetsk,2018,,Yes,"Ukrainian-born, collaborator",,,,,,,
OFC-571,Mayboroda Svetlana Anatolievna,Майборода Светлана Анатольевна,DPR,Head of the State Service for Family and Children Affairs in the Donetsk people’s Republic,Regional,Donetsk,2023,2026,No,Donetsk region,,,,,,,
OFC-572,Kadyrov German Rustemovich,Кадыров Герман Рустемович,DPR,Member of the 'People’s Council' of the 'Donetsk People's Republic',Regional,Donetsk,2014,2023,No,"Ukrainian-born, collaborator",,,,,,,
OFC-573,Kozyakov Sergey Yurievich,Козяков Сергей Юрьевич,LPR,Former 'Head of the Luhansk Central Election Commission'. Between October 2015 and December 2017 'Minister of Justice' of the 'Luhansk People’s Republic'. Listed as notary in city,Regional,Luhansk,2015,2017,No,,,,,,,,
OFC-574,Kravtsova Olga Alexandrovna,Кравцова Ольга Александровна,DPR,Member of the ‘People’s Council’ of the ‘Donetsk People’s Republic’,Regional,Donetsk,2018,2023,No,Donetsk region,,,,,,,
OFC-575,Podtynnaya Alla Arkadyevna,Подтынная Алла Аркадьевна,LPR,Member of the ‘People’s Council’ of the ‘Luhansk People’s Republic’,Regional,Luhansk,2014,2023,No,Luhansk region,,,,,,,
OFC-576,Ermolenko Aleksandr Viktorovich,Ермоленко Александр Викторович,LPR,Member of the 'People’s Council' of the 'Luhansk People’s Republic',Regional,Luhansk,2014,,Yes,"Ukrainian-born, collaborator",,,,,,,
OFC-577,Galinkin Valeriy Iosifovich,Галинкин Валерий Иосифович,LPR,Member of the ‘People’s Council’ of the ‘Luhansk People’s Republic’,Regional,Luhansk,2014,,Yes,Luhansk region,,,,,,,
OFC-578,Svidchenko Maksim Aleksandrovich,Свидченко Максим Александрович,LPR,Chair of the 'District Electoral Commission' in the Artemovsk Region of Luhansk; Former 'Deputy Chair' of the 'Central Electoral Commission',Regional,Luhansk,2018,,Yes,Luhansk region,,,,,,,
OFC-579,Astranin Igor Vladimirovich,Астранин Игорь Владимирович,Kherson Oblast,Minister of Youth Policy of Kherson Region,Regional,Kherson Oblast,2023,2025,No,"Born in Astrakhan, Russia",,,,,,,
OFC-580,Farakhova Elena Evgenyevna,Фарахова Елена Евгеньевна,LPR,Member of the ‘People’s Council’ of the ‘Luhansk People’s Republic’,Regional,Luhansk,2014,2023,No,Luhansk region,,,,,,,
OFC-581,Buneev Gennadiy Mikhaylovich,Бунеев Геннадий Михайлович,LPR,Member of the ‘People’s Council’ of the ‘Luhansk People’s Republic’,Regional,Luhansk,2014,2023,No,Luhansk region,,,,,,,
OFC-582,Petrov Andrey Yuryevich,Петров Андрей Юрьевич,Kherson Oblast,"Prosecutor of the Kherson region, under the authority of the Office of Public Prosecutor of the Russian Federation",Regional,Kherson Oblast,2022,,Unknown,Born in Rostov oblast,,,,,,,
OFC-583,Obolenskaya Alla Ivanovna,Оболенская Алла Ивановна,DPR,Former member of the 'People's Council' of the 'Donetsk People’s Republic',Regional,Donetsk,2018,2023,No,Donetsk region,,,,,,,
OFC-584,Kravchenko Elena Valerievna,Кравченко Елена Валерьевна,LPR,Chairperson of the 'Central Electoral Commission' of the 'Luhansk People's Republic'.,Regional,Luhansk,2018,,Yes,Luhansk region,,,,,,,
OFC-585,Telnykh Sergey Leonidovich,Тельных Сергей Леонидович,DPR,Member of the ‘People’s Council’ of the ‘Donetsk People’s Republic’,Regional,Donetsk,2018,2023,No,Donetsk region,,,,,,,
OFC-586,Guzeeva Inna Nikolayevna,Гузеева Инна Николаевна,Crimea,Deputy Chair of the Crimea Electoral Commission.,Regional,Crimea,2015,,Yes,"Born in Lysnivka village, Autonomous Republic of Crimea, Ukraine",,,,,,,
OFC-589,Bondarchuk Anatoly Vladimirovich,Бондарчук Анатолий Владимирович,DPR,Member of the ‘People’s Council’ of the ‘Donetsk People’s Republic’,Regional,Donetsk,2018,2023,No,Likely from Rostov oblast (tax account reg.),,,,,,,
OFC-590,Lysenko Roman Grigoryevich,Лысенко Роман Григорьевич,LPR,Member of the ‘People’s Council’ of the ‘Luhansk People’s Republic’,Regional,Luhansk,2014,2023,No,"Ukrainian-born, collaborator",,Chair of the Council of the Alchevsk Urban District.,,,,,
OFC-592,Fetisov Oleg Vasilievich,Фетисов Олег Васильевич,LPR,Former ‘Minister of Communications and Mass Communications’ of the ‘Luhansk People's Republic’,Regional,Luhansk,2017,2022,No,"Born in Nizhnemityakin, Rostov oblast, Russia",,,,,,,
OFC-593,Pshenichnaya Natalya Anatolyevna,Пшеничная Наталья Анатольевна,DPR,Member of the ‘People’s Council’ of the ‘Donetsk People’s Republic’,Regional,Donetsk,2014,,Yes,"Ukrainian-born, collaborator",,,,,,,
OFC-594,Yurov Yuriy Pavlovich,Юров Юрий Павлович,LPR,Member of the 'People’s Council' of the 'Luhansk People’s Republic'.,Regional,Luhansk,2014,,Yes,Luhansk region,,,,"LPR People's Council (3rd convocation, 2023); United Russia party.",,,
OFC-595,Svetlov Viacheslav Evgenyevich,Светлов Вячеслав Евгеньевич,LPR,Member of the ‘People’s Council’ of the ‘Luhansk People’s Republic’,Regional,Luhansk,2014,2023,No,"Born in Tikhvin, Russia",,Head of the ‘Luhansk People's Republic Hockey Federation’ since 2023.,,,,,
OFC-597,Kuryanov Vladimir Olegovich,Курянов Владимир Олегович,Crimea,Acting Rector of the V.I. Vernadsky Crimean Federal University.,Regional,Simferopol,2023,,Yes,"Born in Simferopol, Crimea.",,,,,,,He is supporting policies which contribute to the militarised education of Ukrainians under occupation.
OFC-598,Shambazov Ruslan Rinatovich,Шамбазов Руслан Ринатович,Crimea,"Head of the Department of the Center for Countering Extremism of the Ministry of Internal Affairs for the Republic of Crimea, Police Lieutenant Colonel. Part of Interdepartmental Commission on Countering Extremism in the Republic of Crimea",Regional,Crimea,"2021 - date of commission creation, was in Ministry of the Interior (МВД) before that",,Yes,"Ukrainian-born, collaborator",,,,,,,
OFC-599,Shein Andrey Borisovich,Шейн Андрей Борисович,Crimea,Deputy Head of Border Directorate – Head of Coast Guard Unit of the Federal Security Service of the Russian Federation for 'Republic of Crimea and City of Sevastopol',City,Sevastopol,,,Unknown,"Born in Ivanovo Oblast, Russia",,,,,,,
OFC-600,Kapustnikova Natalya Aleksandrovna,Капустникова Наталья Александровна,Multiple,Director of the Mariupol Museum of Local History,Regional,Mariupol,2017,,Yes,"Born in Mariupol, Ukraine",,,,,,,
OFC-601,Kurenkov Alexander Pavlovich,Куренков Александр Павлович,DPR,Member of the ‘People’s Council’ of the ‘Donetsk People’s Republic’,Regional,Donetsk,2014,,Yes,Donetsk region,,,,,,,
OFC-602,Bykadorov Alexander Viktorovich,Быкадоров Александр Викторович,DPR,Member of the ‘People’s Council’ of the ‘Donetsk People’s Republic’,Regional,Donetsk,2018,2022,No,Donetsk region,,"In 2022 signed a contract with Russian military, Unit: 'ОТРЯД БАРС-БПЛА-КАСКАД (БРИГАДА ГРОМ-КАСКАД)'.",,,,,
OFC-603,Banakh Alexander Sergeevich,Банах Александр Сергеевич,DPR,Member of the ‘People’s Council’ of the ‘Donetsk People’s Republic’,Regional,Donetsk,2018,2023,No,Donetsk region,,,,,,,
OFC-604,Turobova Anna Sergeyevna,Туробова Анна Сергеевна,Crimea,Prosecutor of the Crimea Prosecutor’s Office,Regional,Crimea,2017 (at least),,Yes,"From Volgograd, Russia",,,,,,,
OFC-605,Popova Irina Vasilievna,Попова Ирина Васильевна,DPR,Member of the ‘People’s Council’ of the ‘Donetsk People’s Republic’,Regional,Donetsk,2018,,Yes,Donetsk region,,,,,,,
OFC-606,Spivak Andrey Alexandrovich,Спивак Андрей Александрович,DPR,"Former prosecutor of the 'Donetsk People's Republic', under the authority of the Office of Public Prosecutor of the Russian Federation",Regional,Donetsk,2014,,Yes,"Born in Dnipro, Ukraine",,,,,,,
OFC-607,Polyakov Vladimir Nikolaevich,Поляков Владимир Николаевич,LPR,Member of the ‘People’s Council’ of the ‘Luhansk People’s Republic’,Regional,Luhansk,2014,,Yes,"Born in Pereval's'k, Ukraine",,,,"LPR People's Council (3rd convocation, 2023); United Russia party.",,,
OFC-608,Tereshchenko Ekaterina Vasilievna,Терещенко Екатерина Васильевна,LPR,Secretary of the 'Central Electoral Commission' of the 'Luhansk People's Republic',Regional,Luhansk,2023,,Yes,"Ukrainian-born, collaborator",,,,,,,
OFC-609,Sanaev Ivan Vladimirovich,Санаев Иван Владимирович,LPR,Member of the 'People’s Council' of the 'Luhansk People’s Republic',Regional,Luhansk,2014,,Yes,"Born in Otamanivka, Ukraine",,,,,,,
OFC-610,Pozdnyakova Olga Valerievna,Позднякова Ольга Валерьевна,DPR,"Director of the Nekrasov Fund, a social and cultural organisation based in Donetsk.",Regional,Donetsk,2023,2026,No,"Russian, from Rostov oblast",Former ‘Chairperson’ of the ‘Central Electoral Commission’ of the ‘Donetsk People’s Republic’.,,,,,,
OFC-611,Rakhmukova Elena Ivanovna,Рахмукова Елена Ивановна,LPR,Former member of the 'People's Council' of the 'Luhansk People's Republic'.,Regional,Luhansk,2014,2023,No,"Born in Antratsyt, Luhansk region",,,,,,,
OFC-612,Dorofeev Alexey Sergeevich,Дорофеев Алексей Сергеевич,DPR,Member of the ‘People’s Council’ of the ‘Donetsk People’s Republic’,Regional,Donetsk,2018,,Yes,Donetsk region,,,,,,,
OFC-613,Kovalenko Aleksandra Sergeevna,Коваленко Александра Сергеевна,LPR,Member of the ‘People’s Council’ of the ‘Luhansk People’s Republic’,Regional,Krasnodon,2014,2023,No,Luhansk region,,,,,,,
OFC-614,Kalyusskiy Oleksandr Arkadiyovych,Калюсский Александр Аркадьевич,DPR,Former ‘de facto Deputy Prime Minister for Social Affairs of the Donetsk People’s Republic’,Regional,Donetsk,2014,2014,No,Donetsk region,,Arrested in 2014.,,,,,
OFC-615,Sigidina Oksana Viktorovna,Сигидина Оксана Викторовна,DPR,Member of the ‘People’s Council’ of the ‘Donetsk People’s Republic’,Regional,Donetsk,2018,2023,No,Donetsk region,,,,,,,
OFC-616,Kovtyrin Alexander Vladimirovich,Ковтырин Александр Владимирович,DPR,Member of the ‘People’s Council’ of the ‘Donetsk People’s Republic’,Regional,Donetsk,2018,2023,No,"Born in Makiivka, Ukraine",,,,,,,
OFC-617,Marfina Zhanna Viktorovna,Марфина Жанна Викторовна,LPR,Member of the ‘People’s Council’ of the ‘Luhansk People’s Republic’,Regional,Luhansk,2014,,Yes,Luhansk region,,,,"LPR People's Council (3rd convocation, 2023); United Russia party.",,,
OFC-618,Stankevich Sergey Nikolayevich,Станкевич Сергей Николаевич,Crimea,"Head of Border Directorate of the Federal Security Service of the Russian Federation for 'Republic of Crimea and City of Sevastopol', Rear Admiral",City,Sevastopol,2018,,Unknown,"Born in Kaliningrad, Russia",,Was hospitalised in 2021 due to COVID-19.,,,,,
OFC-619,Sopelnik Andrei Fiodorovich,Сопельник Андрей Фёдорович,LPR,Deputy Chairman of the 'People’s Council' of the 'Luhansk People’s Republic'.,Regional,Sverdlovsk,2014,,Yes,"Born in Antratsyt, Luhansk region",,,,,,,
OFC-620,Degtyarev Yuriy Anatolievich,Дегтярев Юрий Анатольевич,LPR,Former ‘Minister of Natural Resources and Environmental Security’ of the ‘Luhansk People's Republic’,Regional,Luhansk,2014,2022,No,Luhansk region,,Arrested for corruption in 2022.,,,,,
OFC-621,Andrukh Irina Ivanovna,Андрух Ирина Ивановна,LPR,Member of the ‘People’s Council’ of the ‘Luhansk People’s Republic’,Regional,Luhansk,2014,2023,No,Luhansk region,,,,,,,
OFC-623,Siguta Andrey Leonidovich,Сигута Андрей Леонидович,Multiple,Russian-appointed acting head of the military-civilian administration of the Melitopol district,Regional,Melitopol,2023,2025,No,"Born in Berdiansk, Ukraine",,Acting Minister for Agriculture and Food Policy of the Zaporizhzhia Region since 2025. Later arrested for corruption allegations.,,,,,
OFC-624,Klyueva Irina Dmitrievna,Клюева Ирина Дмитриевна,Crimea,Commissioner for Children Rights in the Republic of Crimea,Regional,Crimea,2014,2024,No,"Born in Khmelnytskyi Oblast, Ukraine",,,,,,,
OFC-625,Kryukova Julia Mikhailovna,Крюкова Юлия Михайловна,DPR,Member of the ‘People’s Council’ of the ‘Donetsk People’s Republic’,Regional,Donetsk,2018,,Yes,"Born in Grozny, Chechnya",,,,,,,
OFC-626,Khoroshilov Dmitry Aleksandrovich,Хорошилов Дмитрий Александрович,LPR,First Deputy Chairman of the 'People’s Council' of the 'Luhansk People’s Republic'.,Regional,Luhansk,2014,,Yes,"Ukrainian-born, collaborator",,,,,,,
OFC-627,Telikanov Yuriy Nikolaevich,Теликанов Юрий Николаевич,LPR,Member of the ‘People’s Council’ of the ‘Luhansk People’s Republic’,Regional,Luhansk,2014,2023,No,"Born in Yenakijeve, Donetsk region",,,,,,,
OFC-629,Seryozhenko Alexander Anatolievich,Серёженко Александр Анатольевич,DPR,Member of the ‘People’s Council’ of the ‘Donetsk People’s Republic’,Regional,Donetsk,2014,,Yes,"Born in Horlivka, Ukraine",,,,,,,He was not elected during 2018-2023.
OFC-630,Kryuchkov Oleg,Крючков Олег,Crimea,Spokesperson for the Russian occupation authority in Crimea and advisor to the Head of Crimea,Regional,Crimea,2018,,Yes,"Born in Simferopol, Crimea.",,,,,,,
OFC-631,Lepa Roman Nikolaevich,Лепа Роман Николаевич,DPR,Member of the ‘People’s Council’ of the ‘Donetsk People’s Republic’,Regional,Donetsk,2018,2023,No,"Ukrainian-born, collaborator",,,,,,,
OFC-633,Zheynova Marina Nikolaevna,Жейнова Марина Николаевна,DPR,Member of the ‘People’s Council’ of the ‘Donetsk People’s Republic’,Regional,Donetsk,2014,2023,No,Donetsk region,,,,,,,
OFC-634,Shubin Alexandr Vasilievich,Шубин Александр Васильевич,LPR,Former 'Minister of Justice' and former 'Deputy Defence Minister' of the 'Luhansk People's Republic'; Former chairman of the 'Central Election Commission',Regional,Luhansk,2014,2015,No,"Ukrainian-born, collaborator",,,,,,,
OFC-635,Lavrik Valentina Vasilyevna,Лаврик Валентина Васильевна,Crimea,"Minister of Education, Science and Youth of the Republic of Crimea",Regional,Simferopol,2019,,Yes,"Born in Vinnytsia Oblast, Ukraine",,,,,,,
OFC-636,Tsyplakov Sergey Gennadevich,Цыплаков Сергей Геннадьевич,DPR,"One of the leaders of the ideologically radical organisation ‘People's Militia of Donbas’; Former member of the ‘People's Council of the Donetsk People's Republic’, and of its Committee on Foreign Policy",Regional,Donetsk,2014,2023,No,"Ukrainian-born, collaborator",,In 2024 worked as Deputy Minister of Labour for the Kherson Region.,,,,,
OFC-638,Besedina Olga Igorevna,Беседина Ольга Игоревна,Multiple,Former ‘Minister of Economic Development and Trade’ of the ‘Lugansk People's Republic’. Former head of the foreign economy department at the Office of the head of the 'Luhansk Administration',Regional,Luhansk,2014,2015,No,Luhansk region,,,,,,,
OFC-639,Domanin Nazariy Anatolyevich,Доманин Назарий Анатольевич,Kherson Oblast,Chairman of the Council of the Regional Branch of 'Movement of the First' of the Kherson Region,Regional,Kherson Oblast,2022,2024,No,"Ukrainian-born, collaborator",,,,,,,
OFC-640,Rodkin Andrei Nikolaevich,Родкин Андрей Николаевич,DPR,Former Moscow Representative of the ‘Donetsk People's Republic’; One of the former leaders of the ‘Union of Donbas Volunteers’,Regional,Moscow,2014,,No,Born in Moscow,,,,,,,
OFC-642,Sidorov Dmitry Sergeevich,Сидоров Дмитрий Сергеевич,LPR,"Minister of Culture, Sports and Youth, later Minister of Culture of the ‘Luhansk People's Republic’",Regional,Luhansk,2017,2025,No,Luhansk region,,Appointed Acting Rector of the Moscow State Institute of Culture in 2025.,,,,,
OFC-643,Arlamenkova Ekaterina Yurievna,Арламенкова Екатерина Юрьевна,Crimea,Chair of the regional branch of the Republic of Crimea of 'Movement of the First',Regional,Crimea,2022,2025,No,"Born in St Petersburg, Russia",,,,,,,
OFC-644,Ivanov Serafim Vikentevich,Иванов Серафим Викентьевич,Kherson Oblast,Press secretary in the organisation 'Volunteer Squad'; Head of the regional headquarters of Yunarmiya VVPOD in the Kherson region,Regional,Kherson Oblast,2022,,Yes,"From Russia, St. Petersburg",,,,,,,"Suspected location: St. Petersburg, Russian Federation"
OFC-645,Prisenko Leonid Vladimirovich,Присенко Леонид Владимирович,DPR,Member of the ‘People’s Council’ of the ‘Donetsk People’s Republic’,Regional,Donetsk,2018,2023,No,Donetsk region,,,,,,,
OFC-646,Zima Pyotr Anatolyevich,Зима Петр Анатольевич,Crimea,Head of the Crimean Security Service (SBU),Regional,Simferopol,,,Unknown,"Ukrainian-born, Crimea-based collaborator",,Has been re-assessed by the FSB and transferred to Moscow.,,,,,Name versions: Зима Пётр Анатольевич. Зима Петро Анатолiйович.
OFC-647,Galchenkov Alexey Sergeevich,Гальченков Алексей Сергеевич,Kherson Oblast,Minister of Education of Kherson Region,Regional,Kherson Oblast,2023,2023,No,"Born in Taganrog, Rostov oblast, Russia",,,,,,,
OFC-648,Strelchuk Natalya Ivanovna,Стрельчук Наталья Ивановна,DPR,Member of the ‘People’s Council’ of the ‘Donetsk People’s Republic’,Regional,Donetsk,2018,2023,No,Donetsk region,,,,,,,
OFC-649,Bezruchenko Natalia Ivanovna,Безрученко Наталья Ивановна,Crimea,Secretary of the Crimea Electoral Commission,Regional,Crimea,2024 (at least),,Yes,"Born in Simferopol, Crimea.",,,,,,,
OFC-650,Mikhailov Gleb Leonidovich,Михайлов Глеб Леонидович,LPR,"Prosecutor of the 'Luhansk People's Republic', under the authority of the Office of Public Prosecutor of the Russian Federation",Regional,Luhansk,2022,,Unknown,From Russia,,,,,,,
OFC-651,Dyagovets Alexander Pavlovich,Дяговец Александр Павлович,DPR,Member of the ‘People’s Council’ of the ‘Donetsk People’s Republic’,Regional,Donetsk,2018,2023,No,Donetsk region,,,,,,,
OFC-652,Shmelev Dmitriy Vladimirovich,Шмелев Дмитрий Владимирович,Multiple,Minister of Revenue of the 'Donetsk People’s Republic',Regional,Donetsk,2022,2023,No,"Born in Gelendzhik, Russia",,,,,,,
OFC-653,Malakhova Svetlana Anatolievna,Малахова Светлана Анатольевна,LPR,Deputy Chairperson of the Government' of the 'Luhansk People's Republic'; Former Minister of Labour and Social Policy of the 'Luhansk People's Republic',Regional,Luhansk,2023,2023,No,Luhansk region,Since 2014 Minister of labour in the LPR.,,,,,,
OFC-654,Gizay Svetlana Fiodorovna,Гизай Светлана Фёдоровна,LPR,Member of the ‘People’s Council’ of the ‘Luhansk People’s Republic’,Regional,Slavianoserbsky District,2014,,Yes,"Born in Kharkiv region, Ukraine",,,,,,,
OFC-655,Didenko Sergei Mikhaylovich,Диденко Сергей Михайлович,LPR,Member of the ‘People’s Council’ of the ‘Luhansk People’s Republic’,Regional,Krasnodon,2014,,Yes,Luhansk region,,,,,,,
OFC-656,Tolmachev Sergey Yurievich,Толмачев Сергей Юрьевич,Zaporizhzhia Oblast,Former Deputy Head of the Military-Civil Administration of the 'Zaporizhzhia region'; former Deputy Governor of the 'Zaporizhzhia region',Regional,Zaporizhzhia Oblast,2023,,Unknown,From Russia (Russian federal appointee),,,,,,,Associated individual: President Vladimir Putin.
OFC-657,Udalov Roman Sergeevich,Удалов Роман Сергеевич,DPR,Member of the ‘People’s Council’ of the ‘Donetsk People’s Republic’,Regional,Donetsk,2023,,Yes,"Ukrainian-born, collaborator",,,,,,,
OFC-658,Magomedov Magomed Farmanovich,Магомедов Магомед Фарманович,Crimea,"Special cases investigator at the First Investigation Department, Directorate for Investigation of Particularly Important Cases of the Main Investigation Department of the Investigative Committee of the Russian Federation",City,Crimea,2018 (at least),,Unknown,From Russia,,,,,,,
OFC-659,Ilyenko Evgeny Alekseevich,Ильенко Евгений Алексеевич,DPR,Member of the ‘People’s Council’ of the ‘Donetsk People’s Republic’,Regional,Donetsk,2018,2023,No,,,,,,,,
OFC-660,Voroshilov Andrey Sergeevich,Ворошилов Андрей Сергеевич,DPR,Former member of the ‘People’s Council’ of the ‘Donetsk People’s Republic’,Regional,Donetsk,2014,2023,No,Donetsk region,,,,,,,
OFC-661,Onopko Oleg Vladimirovich,Онопко Олег Владимирович,DPR,Member of the ‘People’s Council’ of the ‘Donetsk People’s Republic’,Regional,Donetsk,2018,2023,No,Donetsk region,,,,,,,
OFC-662,Makhnev Sergey,Махнев Сергей,Crimea,Senior Investigator for ‘particularly important cases’ of the Investigative Department of the Federal Security Service of the Russian Federation for Crimea and Sevastopol,Regional,Sevastopol,2019 (at least),,Unknown,From Russia,,,,,,,
OFC-663,Serov Sergei Viktorovich,Серов Сергей Викторович,LPR,Member of the ‘People’s Council’ of the ‘Luhansk People’s Republic’,Regional,Krasny Luch,2014,,Yes,Luhansk region,,,,,,,
OFC-664,Aleshina Svetlana Yanovna,Алешина Светлана Яновна,LPR,Deputy of the 'People’s Council' of the 'Luhansk People’s Republic',Regional,Stakhanov,2014,,Yes,Luhansk region,,,,,,,
OFC-665,Trokay Alena Andreevna,Трокай Алёна Андреевна,Zaporizhzhia Oblast,Leader of the 'Movement of the First' in the Zaporizhzhia region,Regional,Zaporizhzhia Oblast,2023 (at least),2024,No,"Ukrainian-born, collaborator",,,,,,,
OFC-666,Kolesnikov Denis Sergeevich,Колесников Денис Сергеевич,LPR,Member of the ‘People’s Council’ of the ‘Luhansk People’s Republic’,Regional,Luhansk,2014,,Yes,Luhansk region,,,,,,,"Deputy of the LPR People's Council. United Russia party faction. Council composition (3rd convocation): United Russia 39, LDPR 5, Just Russia 2, CPRF 4."
OFC-668,Naydenko Aleksey Alekseevich,Найденко Алексей Алексеевич,DPR,Deputy Chair of the 'Central Electoral Commission' of the 'Donetsk People's Republic'.,Regional,Donetsk,2018,,Unknown,Donetsk region,,,,,,,
OFC-669,Chekareva Natalya Dmitrievna,Чекарева Наталья Дмитриевна,DPR,Member of the ‘People’s Council’ of the ‘Donetsk People’s Republic’,Regional,Donetsk,2018,2023,No,"Makiivka, Donetsk region",,,,,,,
OFC-671,Terentev Vladimir Nikolaevich,Терентьев Владимир Николаевич,Crimea,Head of the Main Investigation Department of the Investigative Committee of Russia for the Republic of Crimea and the city of Sevastopol.,City,Simferopol,2020,,Yes,"Born in Voronezh, Russia",,,,,,,
OFC-672,Soroka Anna Borissovna,Сорока Анна Борисовна,LPR,Commissioner for Human Rights in the 'Luhansk People’s Republic',Regional,Luhansk,2024,,Yes,Luhansk region,,,,,,,
OFC-673,Brykov Yevgeny Alexandrovich,Брыков Евгений Александрович,Kherson Oblast,Minister of Information Policy of Kherson Region,Regional,Kherson Oblast,2023,,Yes,"Born in Kherson, Ukraine",,,,,,,
OFC-674,Bikbulatov Fidail Ilkhatovich,Бикбулатов Фидаиль Ильхатович,Zaporizhzhia Oblast,Head ofthe Regional Headquarters of the All-Russian 'Young Army' Military Patriotic Social Movement (Yunarmiya) in the 'Zaporizhzhia region',Regional,Melitopol,2025,,Yes,"From Russia (Yunarmiya federal appointee), born in Republic of Bashkortostan",,,,,,,Associated entity: All-Russian “Young Army” Military Patriotic Social Movement (Yunarmiya).
OFC-675,Sat Artysh Mikhailovich,Сат Артиш Михаилович,Kherson Oblast,Acting Minister of Health of Kherson Region,Regional,Kherson Oblast,2022,2025,No,"Borm in Tuva Republic, Russia",,Arrested in Russia for corruption.,,,,,
OFC-676,Romashkin Ruslan Alexandrovich,Ромашкин Руслан Александрович,Crimea,Head of the Service of the Control Point in the 'Republic of Crimea and City of Sevastopol' of the Federal Security Service of the Russian Federation.,City,Crimea,2018 (at least),2022 (latest),Unknown,"Born in Kamchatka Krai, Russia",,Deputy Head of the Border Guard Service of the FSB of Russia for the Republic of Kalmykia and the Astrakhan Region.,,,,,
OFC-677,Malyshev Mikhail Grigorievich,Малышев Михаил Григорьевич,Crimea,Chair of the Crimea Electoral Commission.,Regional,Simferopol,2014,,Unknown,Born in Crimea,,,,,,,
OFC-678,Chuchin Sergey Anatolievich,Чучин Сергей Анатольевич,DPR,Member of the ‘People’s Council’ of the ‘Donetsk People’s Republic’,Regional,Donetsk,2018,2023,No,Donetsk region,,,,,,,
OFC-679,Sergun Natalya Vladimirovna,Сергун Наталья Владимировна,LPR,Member of the 'People’s Council' of the 'Luhansk People’s Republic'; Chairman of the Trade Union of Railway Transport Workers of the 'Luhansk People’s Republic',Regional,Luhansk,2014,2023,No,"Born in Rostov oblast, Russia",,,,,,,
OFC-680,Ivakin Iurii Vladimirovich,Ивакин Юрий Владимирович,LPR,Former Minister of Internal Affairs of the 'Luhansk People’s Republic’,Regional,Luhansk,2014,2014,No,"Born in Pereval's'k, Luhansk region",,,,,,,
OFC-681,Hassan Abdu Tamer,Хассан Абду Тамер,DPR,Member of the ‘People’s Council’ of the ‘Donetsk People’s Republic’,Regional,Donetsk,2018,2023,No,,,,,,,,
OFC-682,Osipchuk Kirill Nikolaevich,Осипчук Кирилл Николаевич,Zaporizhzhia Oblast,"Prosecutor of the 'Zaporizhzhia region', under the authority of the Office of Public Prosecutor of the Russian Federation",Regional,Zaporizhzhia Oblast,2022,,Unknown,"Born in Khabarovsk, Russia",,,,,,,
OFC-683,Burova Olga Vasilyevna,Бурова Ольга Васильевна,Crimea,First Deputy Minister of Culture of the Republic of Crimea,Regional,Crimea,2023,,Yes,"Born in Stavropol Krai, raised in Crimea, Ukraine",,,,,,,"In that role, she has promoted Crimea as a centre of Russian culture."
OFC-684,Gubarev Andrei Anatolyevich,Губарёв Андрей Анатольевич,LPR,Member of the ‘People’s Council’ of the ‘Luhansk People’s Republic’,Regional,Stakhanov,2014,,Yes,Luhansk region,,,,,,,
OFC-685,Vysotskiy Vladimir Yurievich,Высоцкий Владимир Юрьевич,DPR,Joined the Council of Heads of Regional Election Commissions of the Russian Federation as a representative of the four 'reunited' regions.,Regional,Donetsk,2024,,Yes,"Born in Simferopol, Crimea.",Former 'Secretary' of the 'Central Electoral Commission' of the 'Donetsk People's Republic'.,,,,,,
OFC-686,Pronko Yuriy Alexandrovich,Пронько Юрий Александрович,LPR,Former Minister of Agriculture and Food of the ‘Luhansk People's Republic’,Regional,Luhansk,2017,2022,No,Luhansk region,,,,,,,
OFC-687,Dubovskiy Ruslan Mihajlovich,Дубовский Руслан Михайлович,DPR,Former Minister of Coal and Energy of the ‘Donetsk People’s Republic’,Regional,Donetsk,2014,2022,Unknown,Donetsk region,,,,,,,
OFC-688,Tambovtsev Andrei Mikhaylovich,Тамбовцев Андрей Михайлович,LPR,Member of the ‘People’s Council’ of the ‘Luhansk People’s Republic’,Regional,Lutuginsky District,2014,2023,No,Luhansk region,,,,,,,
OFC-690,Khvorostian Svetlana Vadimovna,Хворостян Светлана Вадимовна,LPR,Member of the ‘People’s Council’ of the ‘Luhansk People’s Republic’,Regional,Bryanka,2014,2023,No,"Ukrainian-born, collaborator",,,,,,,
OFC-691,Jarosh Petr Grigorievich,Ярош Петр Григорьевич,Crimea,Former head of the Federal Migration Service office for Crimea.,Regional,Crimea,2014,,No,"Born in Simferopol, Crimea.",,,,,,,
OFC-692,Leshchenko Yan Vitalyevich,Лещенко Ян Витальевич,LPR,Deputy of the 'People’s Council' of the 'Luhansk People’s Republic',Regional,Luhansk,2023,,Yes,Luhansk region,,,,,,,
OFC-693,Manezhina Tatyana Anatolyevna,Манежина Татьяна Анатольевна,Crimea,Minister of Culture of the Republic of Crimea,Regional,Crimea,2021,2024,No,"Born in Chelyabinsk, Ukrainian, collaborator",,,,,,,
OFC-694,Kovalchuk Sergey Alexandrovich,Ковальчук Сергей Александрович,DPR,Member of the ‘People’s Council’ of the ‘Donetsk People’s Republic’,Regional,Donetsk,2014,2023,No,Luhansk region,,,,,,,
OFC-695,Gavrilchuk Sergey Alekseevich,Гаврильчук Сергей Алексеевич,Crimea,"Head of the regional headquarters of Yunarmiya of the Republic of Crimea; Deputy of the Gvardeyskaya village council of the Simferopoldistrict of the 'Republic of Crimea', representing the United Russia",Regional,Crimea,2022 (at least),,Yes,"Born in Simferopol, Crimea.",,,,,,,
OFC-696,Demeshko Bella Seyranovna,Демешко Бэлла Сейрановна,LPR,Member of the ‘People’s Council’ of the ‘Luhansk People’s Republic’,Regional,Rovenky,2014,,Yes,"Born in Tbilisi, Georgia",,,,,,,
OFC-697,Merkulov Vadim Nikolaevich,Меркулов Вадим Николаевич,Crimea,Head of the Expert unit of the Federal Security Service of the Russian Federation for Crimea and Sevastopol,Regional,Crimea,,,Unknown,From Russia,,,,,,,
OFC-698,Chernobay Denis Sergeyevich,Чернобай Денис Сергеевич,DPR,Chairman of the 'Donetsk People Republic' branch of the All-Russian public-state movement of children and youth 'Movement of the First',Regional,Donetsk,2023,2026,No,"Ukrainian-born, collaborator",,Deputy Head of the Information and Analysis Department of the Ministry of Youth Policy of the DPR.,,,,,
OFC-699,Falaleev Andrey Pavlovich,Фалалеев Андрей Павлович,Crimea,Rector of the V.I. Vernadsky Crimean Federal University,Regional,Crimea,2017,2023,No,"Born in Kerch, Crimea",,,,,,,
OFC-700,Yatsenko Viktor Vyacheslavovich,Яценко Виктор Вячеславович,DPR,Member of the Central Council of the Party 'A Just Russia – For the Truth',Regional,Donetsk,2021,2024,No,"Born in Kherson, Ukraine",Former Minister of Communications of the ‘Donetsk People’s Republic’ (until October 2019).,"On 3 June 2024, he registered as a private entrepreneur.",,,,,
OFC-701,Kuznetsov Vladislav Garievich,Кузнецов Владислав Гариевич,LPR,Former First Deputy Chairman of the 'government' of the Luhansk People’s Republic.,Regional,Luhansk,2022,2023,No,Born in Moscow,,Governor of the Chukotka Autonomous Okrug since 2023.,,,,,
OFC-702,Kastyukevich Igor Yurevich,Кастюкевич Игорь Юрьевич,Kherson Oblast,"Secretary of the Kherson regional branch of the United Russia party, 'Senator of the Russian Federation — representative of the legislative branch of the Kherson Oblast'",Regional,Kherson Oblast,2023,,Yes,"Born in Saratov, Russia",Former Member of the State Duma.,,,,,,
OFC-704,Halepa Igor Nikolaevich,Халепа Игорь Николаевич,DPR,Former Minister of Communications of the 'Donetsk People’s Republic',Regional,Donetsk,2019,2025,No,Donetsk region,,,,,,,
OFC-705,Miroshnik Rodion Valeryevich,Мирошник Родион Валерьевич,LPR,Ambassador-at-large of the Russian Foreign Ministry 'on the crimes of the Kyiv regime',Regional,Luhansk,2023,,Yes,Luhansk region,Former 'Ambassador extraordinary and plenipotentiary' of the 'Luhansk People’s Republic' to the Russian Federation.,,,,,,
OFC-708,Pilavov Pavel Aristievich,Пилавов Павел Аристеевич,LPR,Member of the ‘People’s Council’ of the ‘Luhansk People’s Republic’,Regional,Luhansk,2014,,Yes,Born in Georgian SSR,,,,,,,
OFC-709,Danilchenko Galina Viktorivna,Данилченко Галина Викторовна,Multiple,Appointed acting mayor of Melitopol by Russian occupation forces,City,Melitopol,2022,2025,No,"Born in Melitopol, Ukraine",,,,,,,
OFC-711,Berdichevsky Vladislav Leonidovich,Бердичевский Владислав Леонидович,DPR,Former Member of the 'People’s Council' of the 'Donetsk People’s Republic',Regional,Donetsk,2018,2023,No,"Ukrainian-born, collaborator",,,,,,,
OFC-712,Zhoga Artem Vladimirovich,Жога Артем Владимирович,DPR,Chairman of the 'People’s Council of the Donetsk People’s Republic',Regional,Donetsk,2023,2024,No,"Born in Magadan Oblast, Russia",Previous Commander of the Sparta Battalion.,7th Plenipotentiary Representative of the President of the Russian Federation in the Ural Federal District since 2024.,,DPR People's Council; United Russia party.,,,
OFC-715,Prokopenko Sergey Borisovich,Прокопенко Сергей Борисович,DPR,Member of the ‘People’s Council’ of the ‘Donetsk People’s Republic’,Regional,Donetsk,2015,,Yes,"Born in Taganrog, Rostov oblast, Russia",,,,,,,
OFC-717,Eliseev Sergey Vladimirovich,Елисеев Сергей Владимирович,Kherson Oblast,Former Head of the Kherson Civil-Military Administration,Regional,Kherson,2022,2022,No,From Russia (Government of the Russian Federation). Born in Stavropol,,"Currently, Deputy Plenipotentiary Representative of the President of the Russian Federation in the North-West Federal District.",,,,,Associated entities: Government of the Russian Federation.
OFC-718,Knyrik Konstantin Sergeyevich,Кнюрик Константин Сергеевич,Crimea,"A pro-Russian activist running MediaGroup News Front Ltd, a news website registered in the Crimean Peninsula. Chief of the Crimean division of the Rodina Party, a pro-Kremlin party",Regional,Crimea,2015,,Yes,"Born in Bakhchisaray, Autonomous Republic of Crimea, Ukraine",,,,,,,
OFC-719,Lisobey Yaroslav Igorevich,Лисобей Ярослав Игоревич,DPR,Member of the ‘People’s Council’ of the ‘Donetsk People’s Republic’,Regional,Donetsk,2018,,Yes,"Ukrainian-born, collaborator",,,,,,,
OFC-720,Pokintelitsa Yuri Ivanovich,Покинтелица Юрий Иванович,DPR,Member of the ‘People’s Council’ of the ‘Donetsk People’s Republic’,Regional,Donetsk,2018,,Yes,"Born in Odesa, Ukraine",,,,,,,
OFC-721,Samatov Timur Ilgizovich,Саматов Тимур Ильгизович,Multiple,Appointed Minister of Industry and Trade of the 'People’s Republic of Luhansk' by the Russian government,Regional,Luhansk,2022,2024,No,"Born in Kazan, Russia",,Has been appointed Minister of Industry and Trade of the Khabarovsk Krai in 2025.,,,,,
OFC-723,Morgun Oleg Valerievich,Моргун Олег Валерьевич,Multiple,Mayor of Mariupol,City,Mariupol,2023,2023,No,"Born in Vinnytsia Oblast, Ukraine",,,,,,,
OFC-724,Orlov Yevgeniy Vyacheslavovich,Орлов Евгений Вячеславович,DPR,Former Member of the ‘National Council’ of the ‘Donetsk People’s Republic’; Former chairman of the public movement ‘Free Donbass’ and former commander of 'Don battalion',Regional,Donetsk,2014,2023,No,Donetsk region,,,,,,,
OFC-725,Lapteva Lesya Mikhaylovna,Лаптева Леся Михайловна,LPR,"Former Minister of Education, Science, Culture and Religion of the ‘Luhansk People's Republic’",Regional,Luhansk,2014,2015,No,"Born in Kazakh SSR, raised in Ukraine",,Working for the Fund ‘Mir Detiam’ in Moscow.,,,,,Married name. Namn som gift.
OFC-726,Lustenko Andrey Yurievich,Лустенко Андрей Юрьевич,LPR,Former Minister of Education and Science of the 'Luhansk People's Republic',Regional,Luhansk,2021,2022,No,Luhansk region,,,,,,,
OFC-727,Nimchenko Yury Petrovich,Нимченко Юрий Петрович,Crimea,Senator of the Federation Council from the 'Republic of Crimea',Regional,Moscow,2024,,Yes,"Born in Kirovohrad Oblast, Ukraine",,,,,,,
OFC-729,Polkovnikov Dmitry Aleksandrovich,Полковников Дмитрий Александрович,Crimea,Director of Crimea Patriot Centre (also known as 'Krympatriotcentr'),Regional,Crimea,2022,2024,No,"Born in Kostroma, Russia",,,,,,,
OFC-730,Shishkina Elena Nikolaevna,Шишкина Елена Николаевна,DPR,Member of the ‘People’s Council’ of the ‘Donetsk People’s Republic’,Regional,Donetsk,2018,,Yes,"Ukrainian-born, collaborator",,,,,,,
OFC-731,Titskiy Anton Robertovich,Тицкий Антон Робертович,Zaporizhzhia Oblast,First Deputy Governor of the Zaporizhzhia Oblast,Regional,Zaporizhzhia Oblast,2024,,Yes,"From Russia, born in Volgograd",From 2022 to 2024 – Minister for Youth Policy of the Russian-occupied Military-Civilian Administration of Zaporizhzhia Oblast,,,,,,Associated entities: Government of the Russian Federation.
OFC-732,Oprischenko Aleksandr Aleksandrovich,Оприщенко Александр Александрович,DPR,First Deputy Minister of Healthcare of the 'Donetsk People’s Republic',Regional,Donetsk,2022,,Unknown,Donetsk region,2016 - 2022 Minister of healthcare of DPR.,,,,,,
OFC-733,Kuzmin Konstantin Alexandrovich,Кузьмин Константин Александрович,DPR,Member of the ‘People’s Council’ of the ‘Donetsk People’s Republic’,Regional,Donetsk,2014,,Yes,Donetsk region,,,,,,,
OFC-734,Anika Yaroslav Gennadievich,Аника Ярослав Геннадьевич,DPR,Former Member of the 'People’s Council' of the 'Donetsk People’s Republic',Regional,Donetsk,2014,2023,No,"Ukrainian-born, collaborator",,,,,,,
OFC-736,Bondarenko Alexander Alexandrovich,Бондаренко Александр Александрович,DPR,Minister of transport of the ‘People’s Council’ of the ‘Donetsk People’s Republic’,Regional,Donetsk,2024,,Yes,,Member of the ‘People’s Council’ of the ‘Donetsk People’s Republic’,,,,,,
OFC-737,Golubovich Mikhail Artemovich,Голубович Михаил Артемович,LPR,Minister of Youth Policy of the Luhansk People’s Republic,Regional,Luhansk,2025,,Yes,"Ukrainian-born, collaborator",,,,,,,
OFC-739,Temirgaliev Rustam Ilmirovich,Темиргалиев Рустам Ильмирович,Crimea,Former Deputy Prime Minister of Crimea.,Regional,Crimea,2013,2014,No,"Born in Ulan-Ude, Russia",,,,,,,"On 11 June 2014, he resigned from his function as ‘First Deputy Prime Minister’ of the ‘Republic of Crimea’."
OFC-740,Poklonskaya Natalia Vladimirovna,Поклонская Наталья Владимировна,Crimea,Prosecutor,Regional,Crimea,2014,2016,No,Luhansk region,"Former Deputy head of the Federal Agency for Compatriots Living Abroad (CIS), and International Humanitarian Cooperation (Rossotrudnichestvo).",Since 2022 Adviser to the Prosecutor General of Russia.,,,,,
OFC-741,Belaventsev Oleg Yevgenyvich,Белавенцев Олег Евгеньевич,Crimea,Former Plenipotentiary Representative of the President of the Russian Federation into the ‘Crimean Federal District’,Regional,Crimea,2014,2016,No,"Born in Pskov oblast, Russia",Former non-permanent member of the Russian Security Council.,,,,,,
OFC-742,Savelyev Oleg Genrikhovich,Савельев Олег Генрихович,Crimea,Former Minister for Crimean Affairs,Regional,Crimea,2014,2015,No,"Born in St Petersburg, Russia",,Deputy Minister of Defence and Chief of Staff at the Ministry of Defence of the Russian Federation (nominated on 20 May 2024).,,,,,Responsible for the integration of Crimea into the Russian system.
OFC-743,Abisov Sergey Vadimovich,Абисов Сергей Вадимович,Crimea,Minister of Interior of the Republic of Crimea,Regional,Crimea,2014,2018,No,"Born in Simferopol, Crimea.",Assistant for the 'Head of the Republic of Crimea'; former aide to the Chairman’ of the Council.,,,,,,
OFC-744,Strelkov Igor,Стрелков Игорь,DPR,"Staff of Main Intelligence Directorate of the General Staff of the Armed Forces of the Russian Federation (GRU). Assistant on security issues to Sergey Aksionov, 'prime-minister of Crimea'",Regional,,2014,2024,No,"From Russia (GRU, Russian military intelligence)",,Arrested in 2024 for 'extremism' (criticised Russian military leadership and Putin).,,,,,Head of ‘Novorossia’ public movement.
OFC-745,Kakidzyanov Igor Evgenevich,Хакимзянов Игорь Евгеньевич,DPR,One of the leaders of armed forces of the ‘Donetsk People's Republic’. Minister of Defense of DPR.,Regional,Donetsk,2014,2018,No,Donetsk region,,,,,,,
OFC-746,Kovitidi Olga Fyodorovna,Ковитиди Ольга Фёдоровна,Crimea,Former member of the Russian Federation Council from the 'Republic of Crimea' and former member of the Federation Council Committee on Constitutional Legislation and State Building,Regional,Moscow,2014,2024,No,"Born in Simferopol, Crimea.",,,,,,,
OFC-747,Gubareva Ekaterina Yurievna,Губарева Екатерина Юрьевна,DPR,Deputy head of military-civil administration in Kherson region,Regional,Kherson Oblast,2022,2022,No,"Born in Kherson region, Ukraine",Former member of the People's Council of the Donetsk People's Republic.,"Some media outlets stated she was put on house arrest in 2022 for economic crime, she however denied the claim.",,,,,
OFC-748,Rudenko Miroslav Vladimirovich,Руденко Мирослав Владимирович,DPR,"Associated with the ‘Donbass People’s Militia’; Member of the ‘People’s Council of the Donetsk People’s Republic’ Committee on Education, Science and Culture",Regional,Donetsk,2014,2023,No,Donetsk region,,,,,,,
OFC-749,Borodai Aleksandr Yurevich,Бородай Александр Юрьевич,DPR,Former ‘Prime Minister of the Donetsk People’s Republic’; Chairman of the Board of the Union of Volunteers of Donbass,Regional,Donetsk,2014,2014,No,Born in Moscow,Involved actively in recruitment and training of ‘volunteers’.,"Since 2021 Member of the State Duma of the Federal Assembly of the Russian Federation, 8th convocation.",,,,,
OFC-750,Lyagin Roman Viktorovich,Лягин Роман Викторович,DPR,Former head of the 'Donetsk People’s Republic' Central Electoral Commission,Regional,Donetsk,2014,2016,No,Donetsk region,Former 'Minister of Labour and Social Policy' (05.2014-09.2014).,In 2019 arrested in Ukraine. By 2023 was still in Ukrainian detention centre.,,,,,
OFC-751,Khryakov Aleksandr Vitalievich,Хряков Александр Витальевич,DPR,Member of the ‘People’s Council’ of the ‘Donetsk People’s Republic’,Regional,Donetsk,2014,,Yes,Donetsk region,Former ‘Information and Mass Communications Minister’ of the ‘Donetsk People’s Republic’.,,,,,,
OFC-752,Khodakovskii Aleksandr Sergeevich,Ходаковский Александр Сергеевич,DPR,Deputy Head of the Main Directorate of the Federal Service of National Guard Troops of the Russian Federation for the Donetsk People’s Republic,Regional,Donetsk,2023,,Yes,Donetsk region,"Former so-called “Minister of Security of the Donetsk People’s Republic”, as such responsible for the separatist security activities of the “government of the Donetsk People’s Republic”.",,,,,,
OFC-753,Litvinov Boris Alekseevich,Литвинов Борис Алексеевич,DPR,First Secretary of the Committee of the Donetsk Regional Branch of the Communist Party of the Russian Federation,Regional,Donetsk,2022,,Yes,Donetsk region,Former member of the ‘People's Council’ and former chairman of the ‘Supreme Council’ of the ‘Donetsk People's Republic’.,,,,,,
OFC-754,Bashirov Marat Faatovich,Баширов Марат Фаатович,LPR,Second Chairman of the Council of Ministers of the 'Luhansk People’s Republic',Regional,Luhansk,2014,2014,No,"Born in Izhevsk, Russia","Political scientist at the Institute of Communication Management and Director of the Centre for the Study of Problems of International Sanctions Regimes, professor at the Higher School of Economics. Former ‘Prime Minister of the Council of Ministers of the Luhansk People’s Republic’, confirmed on 8 July 2014.",,,,,,
OFC-755,Plotnitskii Igor Venediktovich,Плотницкий Игорь Венедиктович,LPR,Former ‘Defence Minister’ and former ‘Head’ of the ‘Luhansk People's Republic’,Regional,Luhansk,2014,2022,No,"Born in Chernivtsi region, Ukraine",Former Special Envoy of the ‘Luhansk People's Republic’ on Minsk implementation.,,,,,,
OFC-756,Kononov Vladimir Petrovich,Кононов Владимир Петрович,DPR,Defence minister of the ‘Donetsk People's Republic’,Regional,Donetsk,2014,2018,No,Luhansk region,,,,,,,"As of 14 August 2014, he replaced Igor Strelkov/Girkin on the role."
OFC-757,Karyakin Aleksey Vyacheslavovich,Карякин Алексей Вячеславович,LPR,Chairman of the ‘Public Chamber of the Luhansk People’s Republic’,Regional,Luhansk,2014,,Unknown,Local collaborator (Luhansk-based),Until 25 March 2016 ‘Supreme Council Chair of the Luhansk People’s Republic’.,,,,,,Date of listing: 12/07/2014
OFC-758,Pavlenko Vladimir Viktorovich,Павленко Владимир Викторович,DPR,Former Minister of State Security of the ‘Donetsk People's Republic’,Regional,Donetsk,2015,,Yes,Donetsk region,,,,,,,
OFC-759,Kofman Aleksandr Igorevich,Кофман Александр Игоревич,DPR,Former Foreign Minister and First deputy speaker of the 'Parliament' of the 'Donetsk People's Republic',Regional,Donetsk,2014,2016,No,"Born in Makiivka, Ukraine","He ran in the election for head of the Donetsk People’s Republic held on November 2, 2014. According to the election results, he came in second place, receiving the support of 111,024 voters and securing 11.45% of the vote.",,,,,,
OFC-760,Filippova Ekaterina Vladimirovna,Филиппова Екатерина Владимировна,DPR,Former ‘Minister of Justice’ of the ‘Donetsk People’s Republic’,Regional,Donetsk,2014,2015,No,Donetsk region,,"Former Director of the Department of Organizational and Operational Support, Administrative Office of the Council of Ministers of the DPR (2017-2018).",,,,,It is her maiden name.
OFC-761,Basurin Eduard Aleksandrovich,Басурин Эдуард Александрович,DPR,Spokesperson and Deputy Head of the ‘People’s Militia’ of the ‘Donetsk People’s Republic’,Regional,Donetsk,2014,2023,No,Donetsk region,Former Deputy Defence Minister of the 'Donetsk People’s Republic'.,,,,,,
OFC-763,Morozova Darya Vasilievna,Морозова Дарья Васильевна,DPR,Commissioner of Human Rights of the 'Donetsk People’s Republic',Regional,Donetsk,2019,,Yes,"Ukrainian-born, collaborator",,,,,,,
OFC-765,Antyufeyev Vladimir Yuryevich,Антиуфеев Владимир Юрьевич,DPR,Former vice-prime minister of the 'Donetsk People's Republic',Regional,Donetsk,2014,2014,No,From Russia,Former Minister of State Security in the separatist region of Transnistria.,,,,,Soviet/Russian military security background.,Date of listing: 25/07/2014; In his role he is responsible for security and law enforcement.
OFC-766,Bidevka Vladimir Anatolievich,Бидёвка Владимир Анатольевич,DPR,Chairperson of the 'People's Council' of the 'Donetsk People's Republic'.,Regional,Donetsk,2018,2023,No,Donetsk region,,,,,,,
OFC-767,Karyakin Sergey Alexandrovich,Карякин Сергей Александрович,Crimea,Senator of the Federation Council from the 'Republic of Crimea',Regional,Moscow,2024,,Yes,"Born in Simferopol, Crimea.",,,,,,,
OFC-768,Vorona Dmitry Nikolayevich,Ворона Дмитрий Николаевич,Crimea,Senator of the Russian Federation — representative for the Zaporizhzhia Oblast in the Federation Council of Russia,Regional,Moscow,2022,,Yes,Donetsk region,Former CEO of the Crimea Development Corporation.,,Yevgeny Balitsky.,"Kremlin, State Duma.",,,
OFC-770,Pushkin Lyubomir (Andrei) Evgenevich,Пушкин Любомир (Андрей) Евгеньевич,DPR,Member of the ‘People’s Council’ of the ‘Donetsk People’s Republic’,Regional,Donetsk,2014,2023,No,Donetsk region,,,,,,,
OFC-772,Timofeev Aleksandr Yurievich,Тимофеев Александр Юрьевич,DPR,Former Minister of Finance and Taxes of the 'Donetsk People's Republic',Regional,Donetsk,2014,2018,No,"Born in Stavropol Krai, Russia",,,,,,,
OFC-773,Sheremet Mikhail Sergeyevich,Шеремет Михаил Сергеевич,Crimea,Former First Deputy Prime Minister of Crimea,Regional,Crimea,2014,2016,No,"Born in Dzhankoi, Crimea",,"Since 2016 Member of the State Duma of the Federal Assembly of the Russian Federation, 7th convocation. Member of the State Duma and its Committee on Security and Anti-Corruption.",,,,,
OFC-775,Savchenko Svetlana Borisovna,Савченко Светлана Борисовна,Crimea,The Commissioner for Children’s Rights in the Republic of Crimea,Regional,Crimea,2024,,Yes,Born in Crimea,Advisor to the Chairman of the State Council of the 'Republic of Crimea' (2021-2024). Former Member of the State Duma and former Member of the Duma Committee on Culture.,,,,,,
OFC-776,Pinchuk Andrey Yurevich,Пинчук Андрей Юрьевич,DPR,Former State Security Minister of the 'Donetsk People’s Republic',Regional,Donetsk,2014,2015,No,"From Russia, born in Ulyanovsk",,"Executive Director of the organisation, Head of the Moscow branch of the Union of Donbas Volunteers, and the Council of Commanders",,,,,"Associated with Vladimir Antyufeyev, who was responsible for the separatist “governmental” activities of the “government of the Donetsk People’s Republic”. Senior officer (Colonel) of the Federal Security Service (FSB)."
OFC-777,Bakharev Konstantin Mikhailovich,Бахарёв Константин Михайлович,Crimea,"Member of the State Duma, elected from the 'Republic of Crimea'; Vice Chairman of the Duma Committee on Financial Markets.",Regional,Moscow,2016,,Yes,"Born in Simferopol, Crimea.",,,,,,,
OFC-778,Berezin Fyodor Dmitrievich,Березин Фёдор Дмитриевич,DPR,Member of the ‘People’s Council’ of the ‘Donetsk People’s Republic’,Regional,Donetsk,2014,,Yes,Donetsk region,Former Deputy Defence Minister of the ‘Donetsk People’s Republic’.,,,,,,"Current Chairman of the Board of Union of Writers of the DPR, Since 2022 – Deputy Commander for Political Affairs of the ‘Diesel’ Tank Battalion (1st Army Corps of the Russian Armed Forces), Major."
OFC-781,Akimov Oleg Konstantinovich,Акимов Олег Константинович,LPR,Chairman of the Board of the Union of Compatriots of the Luhansk Region.,Regional,Luhansk,2020,,Yes,Luhansk region,Former deputy of the ‘Luhansk Economic Union’ in the ‘National Council’ of the ‘Luhansk People’s Republic’.,,,,,,
OFC-782,Mikhaylov Yevgeniy Eduardovich,Михайлов Евгений Эдуардович,DPR,Former Minister of the Council of Ministers (head of the administration for governmental affairs) of the 'Donetsk People's Republic',Regional,Donetsk,2014,2014,No,"Born in Arkhangelsk, Russia",,"In 2023, he joined the Club of Angry Patriots—an organisation led by Igor Strelkov that supports Russia’s invasion of Ukraine and criticises the Russian authorities for their inept conduct of military operations.",,,,,
OFC-783,Muradov Georgiy Lvovich,Мурадов Георгий Львович,Crimea,Deputy Prime Minister of Crimea and Plenipotentiary Representative of Crimea to President Putin,Regional,Crimea,2014,,Yes,"Born in Komi Republic, Russia",,,,,,,
OFC-784,Kornet Igor Aleksandrovich,Корнет Игорь Александрович,LPR,Minister of Interior of the ‘Luhansk People’s Republic’,Regional,Luhansk,2017,2023,No,Luhansk region,,,,,,,
OFC-786,Rusanov Vladislav Adolfovich,Русанов Владислав Адольфович,DPR,Member of the ‘People’s Council’ of the ‘Donetsk People’s Republic’,Regional,Donetsk,2018,2023,No,Donetsk region,,,,,,,
OFC-787,Dubinsky Sergey Nikolaevich,Дубинский Сергей Николаевич,DPR,Head of the Military Intelligence Agency (GRU) of the 'Donetsk People’s Republic',Regional,Donetsk,2014,,Unknown,Donetsk region,,,,,,,
OFC-788,Tsekov Sergey Pavlovych,Цеков Сергей Павлович,Crimea,First Deputy Chairman of the State Council of the Republic of Crimea.,Regional,Crimea,2024,,Yes,"Born in Simferopol, Crimea.",Vice Speaker of the Verkhovna Rada of Crimea; former member of the Federation Council of the Russian Federation from the “Republic of Crimea”.,,,,,,
OFC-789,Karaman Aleksandr Akimovich,Караман Александр Акимович,DPR,Former Deputy Prime Minister for Social Issues of the ‘Donetsk People's Republic’,Regional,Donetsk,2014,2014,No,Born in Moldovan SSR,Former Head of the Administration of the Council of Ministers of the ‘Donetsk People's Republic’.,"On 30 May 2015, the DPR Prosecutor’s Office opened criminal case No. 0212015173000162001 against Alexander Karaman, in which he was charged with kidnapping (Article 127(2) of the Criminal Code). On 26 June 2016, the Donetsk Internal Affairs Directorate officially placed Alexander Karaman on the wanted list.",,,,,
OFC-790,Naden Zinaida Gavrilovna,Наден Зинаида Гавриловна,LPR,Member of the ‘People’s Council’ of the ‘Luhansk People’s Republic’,Regional,Pervomaisk,2014,,Yes,"Born in Odesa, Ukraine",,,,"LPR People's Council (3rd convocation, 2023); United Russia party.",,,
OFC-791,Zhigulin Aleksei Mikhailovich,Жигулин Алексей Михайлович,DPR,Member of the ‘People’s Council’ of the ‘Donetsk People’s Republic’,Regional,Donetsk,2014,,Yes,"Born in Kazakh SSR, raised in Russia and later Ukraine.",,,,,,,
OFC-792,Khalikov Ravil Zakarievich,Халиков Равиль Закариевич,DPR,Former First Deputy Prime Minister of the ‘Donetsk People's Republic’,Regional,Donetsk,2014,2017,No,"Born in Mordovia Republic (Russia), SSR",Former Prosecutor-General of the ‘Donetsk People's Republic’.,He is currently the deputy head of the Moscow branch of the Investigative Committee of the Russian Federation.,,,,,
OFC-793,Makeeva Olga Alexandrovna,Макеева Ольга Александровна,DPR,Deputy Chairman of the Government of the Donetsk People’s Republic – Head of the Representative Office of the Donetsk People’s Republic in Moscow,Regional,Donetsk,2024,,Yes,Donetsk region,"Former Member of the “People’s Council” of the “DPR"" (2014-2022). She was appointed “Ambassador Extraordinary and Plenipotentiary of the Donetsk People’s Republic to the Russian Federation”.",,,,,,
OFC-794,Ananchenko Alexander Yevgenevych,Ананченко Александр Евгеньевич,DPR,Former Prime Minister of the 'Donetsk People’s Republic',Regional,Donetsk,2018,2022,No,Donetsk region,,Senator of the Russian Federation — representative of the People’s Council of the Donetsk People’s Republic (the DPR parliament) in 2022–2023.,,,,,
OFC-795,Bereza Oleg Vladimirovich,Береза Олег Владимирович,DPR,Former Internal Affairs Minister of the ‘Donetsk People's Republic’,Regional,Donetsk,2014,2015,No,"Born in Yuzhno-Sakhalinsk, Russia",,,"Associated with Vladimir Antyufeyev, who was responsible for the separatist ‘governmental’ activities.",,,,
OFC-797,Volkova Natalya Markovna,Волкова Наталья Марковна,DPR,Member of the ‘People’s Council’ of the ‘Donetsk People’s Republic’,Regional,Donetsk,2018,2023,No,Donetsk region,,Member of the Presidential Council for Culture and the Arts of the Russian Federation (since 15 October 2024).,,,,,
OFC-798,Gotsaniuk Yuriy Mikhailovich,Гоцанюк Юрий Михайлович,Crimea,Prime Minister of the 'Republic of Crimea',Regional,Crimea,2019,,Yes,"Born in Novaya Derevnya, Crimea region",,,,,,,
OFC-799,Rogozin Dmitry Olegovich,Рогозин Дмитрий Олегович,Zaporizhzhia Oblast,Senator of the Federation Council for Zaporizhzhia region.,Regional,Zaporizhzhia Oblast / Moscow,2023,,Yes,From Russia,Former Deputy Prime Minister of the Russian Federation. Former General Director in a State corporation.,,,,,,Russian federal politician.
OFC-800,Shatokhin Aleksey Vladimirovich,Шатохин Алексей Владимирович,Crimea,Head of the Service of the Kerch Control Point for the 'Republic of Crimea and City of Sevastopol' of the Federal Security Service of the Russian Federation,City,Kerch,2014,,Unknown,"Born in Feodosia, Crimea",,,,,,,
OFC-801,Kharchenko Leonid Vladimirovich,Харченко Леонид Владимирович,DPR,Head of the Krot Reconnaissance Battalion of the 2nd Department of the Military Intelligence Agency (GRU) of the 'Donetsk People’s Republic',Regional,Donetsk,2014,,Unknown,"Born in Kostyantynivka, Ukraine",,,,,,,
OFC-803,Zheleznaya Anna Aleksandrovna,Железная Анна Александровна,DPR,Deputy of DPR People's Council,Regional,Donetsk,2023,,Yes,Donetsk-based local politician,,,,DPR People's Council; United Russia party.,,,Deputy of the DPR People's Council representing United Russia faction — elected to Russian-controlled occupation legislature in the DPR.
OFC-804,Boryak Andrey Leonidovich,Боряк Андрей Леонидович,DPR,Deputy of DPR People's Council,Regional,Donetsk,2023,,Yes,Donetsk-based local politician,,,,DPR People's Council; United Russia party.,,,Deputy of the DPR People's Council representing United Russia faction — elected to Russian-controlled occupation legislature in the DPR.
OFC-805,Kuzmin Konstantin Aleksandrovich,Кузьмин Константин Александрович,DPR,Deputy of DPR People's Council,Regional,Donetsk,2014,,Yes,Donetsk-based local politician,,,,DPR People's Council; United Russia party.,,,Deputy of the DPR People's Council representing United Russia faction — elected to Russian-controlled occupation legislature in the DPR.
OFC-806,Mineev Vladimir Konstantinovich,Минеев Владимир Константинович,DPR,Deputy of DPR People's Council,Regional,Donetsk,2023,,Yes,"Donetsk-based local politician, born in Yekaterinburg, Russia",,,,DPR People's Council; United Russia party.,,,Deputy of the DPR People's Council representing United Russia faction — elected to Russian-controlled occupation legislature in the DPR.
OFC-807,Mikhaylova Yuliya Valentinovna,Михайлова Юлия Валентиновна,DPR,Deputy of DPR People's Council,Regional,Donetsk,2018,,Yes,Donetsk-based local politician,,,,DPR People's Council; United Russia party.,,,Deputy of the DPR People's Council representing United Russia faction — elected to Russian-controlled occupation legislature in the DPR.
OFC-808,Burtseva Natalya Nikolaevna,Бурцева Наталья Николаевна,DPR,Deputy of DPR People's Council,Regional,Donetsk,2023,,Yes,Donetsk-based local politician,,,,DPR People's Council; United Russia party.,,,Deputy of the DPR People's Council representing United Russia faction — elected to Russian-controlled occupation legislature in the DPR.
OFC-810,Mikhalev Sergey Aleksandrovich,Михалев Сергей Александрович,DPR,Deputy of DPR People's Council,Regional,Donetsk,2023,,Yes,Donetsk-based local politician,,,,DPR People's Council; United Russia party.,,,Deputy of the DPR People's Council representing United Russia faction — elected to Russian-controlled occupation legislature in the DPR.
OFC-811,Skablyuk Vadim Stanislavovich,Скаблюк Вадим Станиславович,DPR,Deputy of DPR People's Council,Regional,Donetsk,2023,,Yes,Donetsk-based local politician,,,,DPR People's Council; United Russia party.,,,Deputy of the DPR People's Council representing United Russia faction — elected to Russian-controlled occupation legislature in the DPR.
OFC-812,Paretskiy Aleksandr Aleksandrovich,Парецкий Александр Александрович,DPR,Deputy of DPR People's Council,Regional,Donetsk,2023,,Yes,Donetsk-based local politician,,,,DPR People's Council; United Russia party.,,,Deputy of the DPR People's Council representing United Russia faction — elected to Russian-controlled occupation legislature in the DPR.
OFC-813,Arutinova Olga Mikhaylovna,Арутинова Ольга Михайловна,DPR,Deputy of DPR People's Council,Regional,Donetsk,2023,,Yes,Donetsk-based local politician,,,,DPR People's Council; United Russia party.,,,Deputy of the DPR People's Council representing United Russia faction — elected to Russian-controlled occupation legislature in the DPR.
OFC-815,Ichenko Andrey Aleksandrovich,Иченко Андрей Александрович,DPR,Deputy of DPR People's Council,Regional,Donetsk,2023,,Yes,Donetsk-based local politician,,,,DPR People's Council; United Russia party.,,,Deputy of the DPR People's Council representing United Russia faction — elected to Russian-controlled occupation legislature in the DPR.
OFC-816,Zheleznyak Evgeniy Vladimirovich,Железняк Евгений Владимирович,DPR,Deputy of DPR People's Council,Regional,Donetsk,2023,,Yes,Donetsk-based local politician,,,,DPR People's Council; United Russia party.,,,Deputy of the DPR People's Council representing United Russia faction — elected to Russian-controlled occupation legislature in the DPR.
OFC-817,Pashkov Igor Valentinovich,Пашков Игорь Валентинович,DPR,Deputy of DPR People's Council,Regional,Donetsk,2018,,Yes,Donetsk-based local politician,,,,DPR People's Council; United Russia party.,,,Deputy of the DPR People's Council representing United Russia faction — elected to Russian-controlled occupation legislature in the DPR.
OFC-820,Dikiy Dmitriy Alekseevich,Дикий Дмитрий Алексеевич,DPR,Deputy of DPR People's Council,Regional,Donetsk,2023,,Yes,Donetsk-based local politician,,,,DPR People's Council; United Russia party.,,,Deputy of the DPR People's Council representing United Russia faction — elected to Russian-controlled occupation legislature in the DPR.
OFC-821,Shvets Maksim Nikolaevich,Швец Максим Николаевич,DPR,Deputy of DPR People's Council,Regional,Donetsk,2023,,Yes,Donetsk-based local politician,,,,DPR People's Council; United Russia party.,,,Deputy of the DPR People's Council representing United Russia faction — elected to Russian-controlled occupation legislature in the DPR.
OFC-822,Morozov Vadim Aleksandrovich,Морозов Вадим Александрович,DPR,Deputy of DPR People's Council,Regional,Donetsk,2023,,Yes,Donetsk-based local politician,,,,DPR People's Council; United Russia party.,,,Deputy of the DPR People's Council representing United Russia faction — elected to Russian-controlled occupation legislature in the DPR.
OFC-823,Filatov Andrey Dmitrievich,Филатов Андрей Дмитриевич,DPR,Deputy of DPR People's Council,Regional,Donetsk,2023,,Yes,Donetsk-based local politician,,,,DPR People's Council; United Russia party.,,,Deputy of the DPR People's Council representing United Russia faction — elected to Russian-controlled occupation legislature in the DPR.
OFC-824,Shemsedinov Shayda Abdullakhovich,Шемсединов Шайда Абдуллахович,DPR,Deputy of DPR People's Council,Regional,Donetsk,2023,,Yes,Donetsk-based local politician,,,,DPR People's Council; United Russia party.,,,Deputy of the DPR People's Council representing United Russia faction — elected to Russian-controlled occupation legislature in the DPR.
OFC-825,Mashkov Denis Valerevich,Машков Денис Валерьевич,DPR,Deputy of DPR People's Council,Regional,Donetsk,2023,,Yes,Donetsk-based local politician,,,,DPR People's Council; United Russia party.,,,Deputy of the DPR People's Council representing United Russia faction — elected to Russian-controlled occupation legislature in the DPR.
OFC-826,Peshne Dmitriy Valerievich,Пешне Дмитрий Валериевич,DPR,Deputy of DPR People's Council,Regional,Donetsk,2023,,Yes,Donetsk-based local politician,,,,DPR People's Council; United Russia party.,,,Deputy of the DPR People's Council representing United Russia faction — elected to Russian-controlled occupation legislature in the DPR.
OFC-827,Chernikov Aleksandr Aleksandrovich,Черников Александр Александрович,DPR,Deputy of DPR People's Council,Regional,Donetsk,2023,,Yes,Donetsk-based local politician,,,,DPR People's Council; United Russia party.,,,Deputy of the DPR People's Council representing United Russia faction — elected to Russian-controlled occupation legislature in the DPR.
OFC-829,Muratov Aleksey Valentinovich,Муратов Алексей Валентинович,DPR,Deputy of DPR People's Council,Regional,Donetsk,2023,,Yes,Donetsk-based local politician,,,,DPR People's Council; United Russia party.,,,Deputy of the DPR People's Council representing United Russia faction — elected to Russian-controlled occupation legislature in the DPR.
OFC-830,Pleten Dmitriy Anatolevich,Плетень Дмитрий Анатольевич,DPR,Deputy of DPR People's Council,Regional,Donetsk,2023,,Yes,Donetsk-based local politician,,,,DPR People's Council; United Russia party.,,,Deputy of the DPR People's Council representing United Russia faction — elected to Russian-controlled occupation legislature in the DPR.
OFC-831,Voloshin Aleksandr Viktorovich,Волошин Александр Викторович,DPR,Senator of the Russian Federation — representative of the People’s Council of the DPR in the Federation Council of Russia,Regional,Donetsk,2023,,Yes,Donetsk-based local politician,Former Deputy of DPR People's Council.,,,DPR People's Council; United Russia party.,,,
OFC-832,Bratkovskiy Miron Leonidovich,Братковский Мирон Леонидович,DPR,Deputy of DPR People's Council,Regional,Donetsk,2023,,Yes,Donetsk-based local politician,,,,DPR People's Council; United Russia party.,,,Deputy of the DPR People's Council representing United Russia faction — elected to Russian-controlled occupation legislature in the DPR.
OFC-833,Pyatibratov Petr Vladimirovich,Пятибратов Петр Владимирович,DPR,Deputy of DPR People's Council,Regional,Donetsk,2023,,Yes,Donetsk-based local politician,,,,DPR People's Council; United Russia party.,,,Deputy of the DPR People's Council representing United Russia faction — elected to Russian-controlled occupation legislature in the DPR.
OFC-834,Shaparev Denis Vladimirovich,Шапарев Денис Владимирович,DPR,Deputy of DPR People's Council,Regional,Donetsk,2023,,Yes,Donetsk-based local politician,,,,DPR People's Council; United Russia party.,,,Deputy of the DPR People's Council representing United Russia faction — elected to Russian-controlled occupation legislature in the DPR.
OFC-836,Kulbatskaya Klavdiya Yurevna,Кульбацкая Клавдия Юрьевна,DPR,Deputy of DPR People's Council,Regional,Donetsk,2014,,Yes,Donetsk-based local politician,,,,DPR People's Council; United Russia party.,,,Deputy of the DPR People's Council representing United Russia faction — elected to Russian-controlled occupation legislature in the DPR.
OFC-837,Dobrovolskiy Sergey Sergeevich,Добровольский Сергей Сергеевич,DPR,Deputy of DPR People's Council,Regional,Donetsk,2023,,Yes,Donetsk-based local politician,,,,DPR People's Council; United Russia party.,,,Deputy of the DPR People's Council representing United Russia faction — elected to Russian-controlled occupation legislature in the DPR.
OFC-838,Belashev Evgeniy Alekseevich,Белашев Евгений Алексеевич,DPR,Deputy of DPR People's Council,Regional,Donetsk,2023,,Yes,Donetsk-based local politician,,,,DPR People's Council; United Russia party.,,,Deputy of the DPR People's Council representing United Russia faction — elected to Russian-controlled occupation legislature in the DPR.
OFC-839,Bedilo Andrey Nikolaevich,Бедило Андрей Николаевич,DPR,Deputy of DPR People's Council,Regional,Donetsk,2023,,Yes,Donetsk-based local politician,,,,DPR People's Council; United Russia party.,,,Deputy of the DPR People's Council representing United Russia faction — elected to Russian-controlled occupation legislature in the DPR.
OFC-841,Kaplyanok Marina Gennadevna,Каплянок Марина Геннадьевна,DPR,Deputy of DPR People's Council,Regional,Donetsk,2023,,Yes,Donetsk-based local politician,,,,DPR People's Council; United Russia party.,,,Deputy of the DPR People's Council representing United Russia faction — elected to Russian-controlled occupation legislature in the DPR.
OFC-843,Gridenko Aleksandr Sergeevich,Гриденко Александр Сергеевич,DPR,Deputy of DPR People's Council,Regional,Donetsk,2023,,Yes,Donetsk-based local politician,,,,DPR People's Council; United Russia party.,,,Deputy of the DPR People's Council representing United Russia faction — elected to Russian-controlled occupation legislature in the DPR.
OFC-844,Yarosh Sergey Anatolevich,Ярош Сергей Анатольевич,DPR,Deputy of DPR People's Council,Regional,Donetsk,2023,,Yes,Donetsk-based local politician,,,,DPR People's Council; United Russia party.,,,Deputy of the DPR People's Council representing United Russia faction — elected to Russian-controlled occupation legislature in the DPR.
OFC-847,Shimanovskiy Pyotr Vitalevich,Шимановский Пётр Витальевич,DPR,Deputy of DPR People's Council,Regional,Donetsk,2014,,Yes,Donetsk-based local politician,,,,DPR People's Council; United Russia party.,,,Deputy of the DPR People's Council representing United Russia faction — elected to Russian-controlled occupation legislature in the DPR. Pause during 2018-2023.
OFC-848,Rymar Mikhail Anatolevich,Рымарь Михаил Анатольевич,DPR,Deputy of DPR People's Council,Regional,Donetsk,2023,,Yes,Donetsk-based local politician,,,,DPR People's Council; United Russia party.,,,Deputy of the DPR People's Council representing United Russia faction — elected to Russian-controlled occupation legislature in the DPR.
OFC-849,Matrus Igor Viktorovich,Матрус Игорь Викторович,DPR,Deputy of DPR People's Council,Regional,Donetsk,2018,,Yes,Donetsk-based local politician,,,,DPR People's Council; United Russia party.,,,Deputy of the DPR People's Council representing United Russia faction — elected to Russian-controlled occupation legislature in the DPR.
OFC-850,Pokintelitsa Yuriy Ivanovich,Покинтелица Юрий Иванович,DPR,Deputy of DPR People's Council,Regional,Donetsk,2018,,Yes,Donetsk-based local politician,,,,DPR People's Council; United Russia party.,,,Deputy of the DPR People's Council representing United Russia faction — elected to Russian-controlled occupation legislature in the DPR.
OFC-851,Popova Irina Vasilevna,Попова Ирина Васильевна,DPR,Deputy of DPR People's Council,Regional,Donetsk,2018,,Yes,Donetsk-based local politician,,,,DPR People's Council; United Russia party.,,,Deputy of the DPR People's Council representing United Russia faction — elected to Russian-controlled occupation legislature in the DPR.
OFC-852,Malkov Aleksandr Viktorovich,Мальков Александр Викторович,DPR,Deputy of DPR People's Council,Regional,Donetsk,2014,,Yes,Donetsk-based local politician,,,,DPR People's Council; United Russia party.,,,Deputy of the DPR People's Council representing United Russia faction — elected to Russian-controlled occupation legislature in the DPR.
OFC-853,Kurenkov Aleksandr Pavlovich,Куренков Александр Павлович,DPR,Deputy of DPR People's Council,Regional,Donetsk,2014,,Yes,Donetsk-based local politician,,,,DPR People's Council; United Russia party.,,,Deputy of the DPR People's Council representing United Russia faction — elected to Russian-controlled occupation legislature in the DPR.
OFC-854,Chekun Vladimir Anatolevich,Чекун Владимир Анатольевич,DPR,Deputy of DPR People's Council,Regional,Donetsk,2014,,Yes,Donetsk-based local politician,,,,DPR People's Council; United Russia party.,,,Deputy of the DPR People's Council representing United Russia faction — elected to Russian-controlled occupation legislature in the DPR.
OFC-856,Sivokonenko Yuriy Viktorovich,Сивоконенко Юрий Викторович,DPR,Deputy of DPR People's Council,Regional,Donetsk,2014,,Yes,Donetsk-based local politician,,,,DPR People's Council; United Russia party.,,,Deputy of the DPR People's Council representing United Russia faction — elected to Russian-controlled occupation legislature in the DPR.
OFC-857,Pertsev Vasiliy Anatolevich,Перцев Василий Анатольевич,DPR,Deputy of DPR People's Council,Regional,Donetsk,2018,,Yes,Donetsk-based local politician,,,,DPR People's Council; United Russia party.,,,Deputy of the DPR People's Council representing United Russia faction — elected to Russian-controlled occupation legislature in the DPR.
OFC-858,Minakov Pavel Vladimirovich,Минаков Павел Владимирович,DPR,Deputy of DPR People's Council,Regional,Donetsk,2023,,Yes,Donetsk-based local politician,,,,DPR People's Council; United Russia party.,,,Deputy of the DPR People's Council representing United Russia faction — elected to Russian-controlled occupation legislature in the DPR.
OFC-859,Ishchenko Viktor Dmitrievich,Ищенко Виктор Дмитриевич,DPR,Deputy of DPR People's Council,Regional,Donetsk,2018,,Yes,Donetsk-based local politician,,,,DPR People's Council; United Russia party.,,,Deputy of the DPR People's Council representing United Russia faction — elected to Russian-controlled occupation legislature in the DPR.
OFC-861,Korolyuk Maksim Vitalevich,Королюк Максим Витальевич,DPR,Deputy of DPR People's Council,Regional,Donetsk,2018,,Yes,Donetsk-based local politician,,,,DPR People's Council; United Russia party.,,,Deputy of the DPR People's Council representing United Russia faction — elected to Russian-controlled occupation legislature in the DPR.
OFC-862,Parchevskiy Sergey Vladimirovich,Парчевский Сергей Владимирович,DPR,Deputy of DPR People's Council,Regional,Donetsk,2023,,Yes,Donetsk-based local politician,,,,DPR People's Council; United Russia party.,,,Deputy of the DPR People's Council representing United Russia faction — elected to Russian-controlled occupation legislature in the DPR.
OFC-864,Podkova Vladislav Aleksandrovich,Подкова Владислав Александрович,DPR,Deputy of DPR People's Council,Regional,Donetsk,2023,,Yes,Donetsk-based local politician,,,,DPR People's Council; United Russia party.,,,Deputy of the DPR People's Council representing United Russia faction — elected to Russian-controlled occupation legislature in the DPR.
OFC-865,Dyachenko Timur Nikolaevich,Дьяченко Тимур Николаевич,DPR,Deputy of DPR People's Council,Regional,Donetsk,2023,,Yes,Donetsk-based local politician,,,,DPR People's Council; United Russia party.,,,Deputy of the DPR People's Council representing United Russia faction — elected to Russian-controlled occupation legislature in the DPR.
OFC-866,Nikolaenko Viktor Viktorovich,Николаенко Виктор Викторович,DPR,Deputy of DPR People's Council,Regional,Donetsk,2023,,Yes,Donetsk-based local politician,,,,DPR People's Council; United Russia party.,,,Deputy of the DPR People's Council representing United Russia faction — elected to Russian-controlled occupation legislature in the DPR.
OFC-867,Afendikov Yuriy Pavlovich,Афендиков Юрий Павлович,DPR,Deputy of DPR People's Council,Regional,Donetsk,2023,,Yes,Donetsk-based local politician,,,,DPR People's Council; United Russia party.,,,Deputy of the DPR People's Council representing United Russia faction — elected to Russian-controlled occupation legislature in the DPR.
OFC-868,Dmitriev Sergey Leonidovich,Дмитриев Сергей Леонидович,DPR,Deputy of DPR People's Council,Regional,Donetsk,2023,,Yes,Donetsk-based local politician,,,,DPR People's Council; United Russia party.,,,Deputy of the DPR People's Council representing United Russia faction — elected to Russian-controlled occupation legislature in the DPR.
OFC-869,Danilov Pavel Anatolevich,Данилов Павел Анатольевич,DPR,Deputy of DPR People's Council,Regional,Donetsk,2023,,Yes,Donetsk-based local politician,,,,DPR People's Council; United Russia party.,,,Deputy of the DPR People's Council representing United Russia faction — elected to Russian-controlled occupation legislature in the DPR.
OFC-873,Khramenkova Anna Anatolevna,Храменкова Анна Анатольевна,DPR,Deputy of DPR People's Council,Regional,Donetsk,2023,,Yes,Donetsk-based local politician,,,,DPR People's Council; United Russia party.,,,Deputy of the DPR People's Council representing United Russia faction — elected to Russian-controlled occupation legislature in the DPR.
OFC-875,Sytov Nikolay Olegovich,Сытов Николай Олегович,DPR,Deputy of DPR People's Council,Regional,Donetsk,2023,,Yes,Donetsk-based local politician,,,,DPR People's Council; Communist Party of the Russian Federation.,,,"Deputy of the DPR People's Council, CPRF faction — elected to Russian-controlled occupation legislature in DPR."
OFC-876,Yakubov Yuliy Yakubovich,Якубов Юлий Якубович,DPR,Deputy of DPR People's Council,Regional,Donetsk,2023,,Yes,Donetsk-based local politician,,,,DPR People's Council; Communist Party of the Russian Federation.,,,"Deputy of the DPR People's Council, CPRF faction — elected to Russian-controlled occupation legislature in DPR."
OFC-877,Akubekov Sergey Akubekovich,Акубеков Сергей Акубекович,DPR,Deputy of DPR People's Council,Regional,Donetsk,2023,2025,No,Donetsk-based local politician,,,,DPR People's Council; Communist Party of the Russian Federation.,,,"Deputy of the DPR People's Council, CPRF faction — elected to Russian-controlled occupation legislature in DPR."
OFC-878,Kostenok Igor Vladimirovich,Костенок Игорь Владимирович,DPR,Deputy of DPR People's Council,Regional,Donetsk,2023,,Yes,Ukrainian-born,Former Minister of Education of the 'Donetsk People’s Republic',,,DPR People's Council; Communist Party of the Russian Federation.,,,"Deputy of the DPR People's Council, CPRF faction — elected to Russian-controlled occupation legislature in DPR."
OFC-879,Khmelevoy Anatoliy Petrovich,Хмелевой Анатолий Петрович,DPR,Deputy of DPR People's Council,Regional,Donetsk,2023,,Yes,Donetsk-based local politician,,,,DPR People's Council; Communist Party of the Russian Federation.,,,"Deputy of the DPR People's Council, CPRF faction — elected to Russian-controlled occupation legislature in DPR."
OFC-880,Kramar Andrey Petrovich,Крамар Андрей Петрович,DPR,Deputy of DPR People's Council,Regional,Donetsk,2023,,Yes,Donetsk-based local politician,,,,DPR People's Council; Liberal Democratic Party of Russia.,,,"Deputy of the DPR People's Council, LDPR faction — elected to Russian-controlled occupation legislature in DPR."
OFC-881,Fistal Emil Yakovlevich,Фисталь Эмиль Яковлевич,DPR,Deputy of DPR People's Council,Regional,Donetsk,2023,,Yes,Donetsk-based local politician,,,,DPR People's Council; Liberal Democratic Party of Russia.,,,"Deputy of the DPR People's Council, LDPR faction — elected to Russian-controlled occupation legislature in DPR."
OFC-885,Seryozhenko Aleksandr Anatolevich,Серёженко Александр Анатольевич,DPR,Deputy of DPR People's Council,Regional,Donetsk,2014,,Yes,Donetsk-based local politician,,,,DPR People's Council; Liberal Democratic Party of Russia.,,,"Deputy of the DPR People's Council, LDPR faction — elected to Russian-controlled occupation legislature in DPR. Pause during 2018-2023."
OFC-886,Dorofeev Aleksey Sergeevich,Дорофеев Алексей Сергеевич,DPR,Deputy of DPR People's Council,Regional,Donetsk,2018,,Yes,Donetsk-based local politician,,,,DPR People's Council; New People political party.,,,"Deputy of the DPR People's Council, New People faction — elected to Russian-controlled occupation legislature in DPR."
OFC-887,Gurchenko Sergey Andreevich,Гурченко Сергей Андреевич,DPR,Deputy of DPR People's Council,Regional,Donetsk,2023,2024,No,Donetsk-based local politician,,,,DPR People's Council; New People political party.,,,"Deputy of the DPR People's Council, New People faction — elected to Russian-controlled occupation legislature in DPR."
OFC-888,Rozhkov Kirill Vasilevich,Рожков Кирилл Васильевич,DPR,Deputy of DPR People's Council,Regional,Donetsk,2023,,Yes,Donetsk-based local politician,,,,DPR People's Council; New People political party.,,,"Deputy of the DPR People's Council, New People faction — elected to Russian-controlled occupation legislature in DPR."
OFC-889,Seleznyov Georgiy Konstantinovich,Селезнёв Георгий Константинович,DPR,Deputy of DPR People's Council,Regional,Donetsk,2023,,Yes,Donetsk-based local politician,,,,DPR People's Council; New People political party.,,,"Deputy of the DPR People's Council, New People faction — elected to Russian-controlled occupation legislature in DPR."
OFC-890,Glebov Sergey Anatolevich,Глебов Сергей Анатольевич,DPR,Deputy of DPR People's Council,Regional,Donetsk,2023,,Yes,Donetsk-based local politician,,,,DPR People's Council; United Russia party.,,,"Deputy of the DPR People's Council, United Russia faction — elected to Russian-controlled occupation legislature in DPR."
OFC-892,Vodolatskiy Viktor Petrovich,Водолацкий Виктор Петрович,LPR,Deputy of LPR People's Council,Regional,Luhansk,2023,,Yes,Luhansk-based local politician,,,,"LPR People's Council (3rd convocation, 2023); United Russia party.",,,"Deputy of the LPR People's Council, 3rd convocation elected 2023. United Russia party faction. Council composition: United Russia 39, LDPR 5, Just Russia 2, CPRF 4."
OFC-894,Leshchenko Yan Vitalevich,Лещенко Ян Витальевич,LPR,Deputy of LPR People's Council,Regional,Luhansk,2023,,Yes,Luhansk-based local politician,,,,"LPR People's Council (3rd convocation, 2023); United Russia party.",,,"Deputy of the LPR People's Council, 3rd convocation elected 2023. United Russia party faction. Council composition: United Russia 39, LDPR 5, Just Russia 2, CPRF 4."
OFC-896,Dyakonov Nikolay Leonidovich,Дьяконов Николай Леонидович,LPR,Deputy of LPR People's Council,Regional,Luhansk,2023,,Yes,Luhansk-based local politician,,,,"LPR People's Council (3rd convocation, 2023); United Russia party.",,,"Deputy of the LPR People's Council, 3rd convocation elected 2023. United Russia party faction. Council composition: United Russia 39, LDPR 5, Just Russia 2, CPRF 4."
OFC-899,Khoroshilov Dmitriy Aleksandrovich,Хорошилов Дмитрий Александрович,LPR,Deputy of LPR People's Council,Regional,Luhansk,2023,,Yes,Luhansk-based local politician,,,,"LPR People's Council (3rd convocation, 2023); United Russia party.",,,"Deputy of the LPR People's Council, 3rd convocation elected 2023. United Russia party faction. Council composition: United Russia 39, LDPR 5, Just Russia 2, CPRF 4."
OFC-902,Gizay Svetlana Fedorovna,Гизай Светлана Федоровна,LPR,Deputy of LPR People's Council,Regional,Luhansk,2023,,Yes,Luhansk-based local politician,,,,"LPR People's Council (3rd convocation, 2023); United Russia party.",,,"Deputy of the LPR People's Council, 3rd convocation elected 2023. United Russia party faction. Council composition: United Russia 39, LDPR 5, Just Russia 2, CPRF 4."
OFC-903,Butrimov Konstantin Aleksandrovich,Бутримов Константин Александрович,LPR,Deputy of LPR People's Council,Regional,Luhansk,2023,,Yes,Luhansk-based local politician,,,,"LPR People's Council (3rd convocation, 2023); United Russia party.",,,"Deputy of the LPR People's Council, 3rd convocation elected 2023. United Russia party faction. Council composition: United Russia 39, LDPR 5, Just Russia 2, CPRF 4."
OFC-904,Velichko Maksim Sergeevich,Величко Максим Сергеевич,LPR,Deputy of LPR People's Council,Regional,Luhansk,2023,,Yes,Luhansk-based local politician,,,,"LPR People's Council (3rd convocation, 2023); United Russia party.",,,"Deputy of the LPR People's Council, 3rd convocation elected 2023. United Russia party faction. Council composition: United Russia 39, LDPR 5, Just Russia 2, CPRF 4."
OFC-908,Didenko Sergey Mikhaylovich,Диденко Сергей Михайлович,LPR,Deputy of LPR People's Council,Regional,Luhansk,2023,,Yes,Luhansk-based local politician,,,,"LPR People's Council (3rd convocation, 2023); United Russia party.",,,"Deputy of the LPR People's Council, 3rd convocation elected 2023. United Russia party faction. Council composition: United Russia 39, LDPR 5, Just Russia 2, CPRF 4."
OFC-909,Leonov Vasiliy Vasilevich,Леонов Василий Васильевич,LPR,Deputy of LPR People's Council,Regional,Luhansk,2023,,Yes,Luhansk-based local politician,,,,"LPR People's Council (3rd convocation, 2023); United Russia party.",,,"Deputy of the LPR People's Council, 3rd convocation elected 2023. United Russia party faction. Council composition: United Russia 39, LDPR 5, Just Russia 2, CPRF 4."
OFC-911,Beletskiy Aleksey Yurevich,Белецкий Алексей Юрьевич,LPR,Deputy of LPR People's Council,Regional,Luhansk,2023,,Yes,Luhansk-based local politician,,,,"LPR People's Council (3rd convocation, 2023); United Russia party.",,,"Deputy of the LPR People's Council, 3rd convocation elected 2023. United Russia party faction. Council composition: United Russia 39, LDPR 5, Just Russia 2, CPRF 4."
OFC-912,Sopelnik Andrey Fedorovich,Сопельник Андрей Федорович,LPR,Deputy of LPR People's Council,Regional,Luhansk,2023,,Yes,Luhansk-based local politician,,,,"LPR People's Council (3rd convocation, 2023); United Russia party.",,,"Deputy of the LPR People's Council, 3rd convocation elected 2023. United Russia party faction. Council composition: United Russia 39, LDPR 5, Just Russia 2, CPRF 4."
OFC-913,Serov Sergey Viktorovich,Серов Сергей Викторович,LPR,Deputy of LPR People's Council,Regional,Luhansk,2023,,Yes,Luhansk-based local politician,,,,"LPR People's Council (3rd convocation, 2023); United Russia party.",,,"Deputy of the LPR People's Council, 3rd convocation elected 2023. United Russia party faction. Council composition: United Russia 39, LDPR 5, Just Russia 2, CPRF 4."
OFC-914,Vokalova Lina Anatolevna,Вокалова Лина Анатольевна,LPR,Deputy of LPR People's Council,Regional,Luhansk,2023,,Yes,Luhansk-based local politician,,,,"LPR People's Council (3rd convocation, 2023); United Russia party.",,,"Deputy of the LPR People's Council, 3rd convocation elected 2023. United Russia party faction. Council composition: United Russia 39, LDPR 5, Just Russia 2, CPRF 4."
OFC-915,Muratov Pavel Mikhaylovich,Муратов Павел Михайлович,LPR,Deputy of LPR People's Council,Regional,Luhansk,2023,,Yes,Luhansk-based local politician,,,,"LPR People's Council (3rd convocation, 2023); United Russia party.",,,"Deputy of the LPR People's Council, 3rd convocation elected 2023. United Russia party faction. Council composition: United Russia 39, LDPR 5, Just Russia 2, CPRF 4."
OFC-916,Derskiy Maksim Yurevich,Дерский Максим Юрьевич,LPR,Deputy of LPR People's Council,Regional,Luhansk,2023,,Yes,Luhansk-based local politician,,,,"LPR People's Council (3rd convocation, 2023); United Russia party.",,,"Deputy of the LPR People's Council, 3rd convocation elected 2023. United Russia party faction. Council composition: United Russia 39, LDPR 5, Just Russia 2, CPRF 4."
OFC-918,Alyoshina Svetlana Yanovna,Алёшина Светлана Яновна,LPR,Deputy of LPR People's Council,Regional,Luhansk,2023,,Yes,Luhansk-based local politician,,,,"LPR People's Council (3rd convocation, 2023); United Russia party.",,,"Deputy of the LPR People's Council, 3rd convocation elected 2023. United Russia party faction. Council composition: United Russia 39, LDPR 5, Just Russia 2, CPRF 4."
OFC-919,Gubarev Andrey Anatolevich,Губарев Андрей Анатольевич,LPR,Deputy of LPR People's Council,Regional,Luhansk,2023,,Yes,Luhansk-based local politician,,,,"LPR People's Council (3rd convocation, 2023); United Russia party.",,,"Deputy of the LPR People's Council, 3rd convocation elected 2023. United Russia party faction. Council composition: United Russia 39, LDPR 5, Just Russia 2, CPRF 4."
OFC-922,Kukarskiy Dmitriy Leonidovich,Кукарский Дмитрий Леонидович,LPR,Deputy of LPR People's Council,Regional,Luhansk,2023,,Yes,Luhansk-based local politician,,,,"LPR People's Council (3rd convocation, 2023); United Russia party.",,,"Deputy of the LPR People's Council, 3rd convocation elected 2023. United Russia party faction. Council composition: United Russia 39, LDPR 5, Just Russia 2, CPRF 4."
OFC-923,Okolelov Aleksey Yurevich,Околелов Алексей Юрьевич,LPR,Deputy of LPR People's Council,Regional,Luhansk,2023,,Yes,Luhansk-based local politician,,,,"LPR People's Council (3rd convocation, 2023); United Russia party.",,,"Deputy of the LPR People's Council, 3rd convocation elected 2023. United Russia party faction. Council composition: United Russia 39, LDPR 5, Just Russia 2, CPRF 4."
OFC-924,Rezanov Yuriy Aleksandrovich,Резанов Юрий Александрович,LPR,Deputy of LPR People's Council,Regional,Luhansk,2023,,Yes,Luhansk-based local politician,,,,"LPR People's Council (3rd convocation, 2023); United Russia party.",,,"Deputy of the LPR People's Council, 3rd convocation elected 2023. United Russia party faction. Council composition: United Russia 39, LDPR 5, Just Russia 2, CPRF 4."
OFC-925,Mashkova Antonina Valerievna,Машкова Антонина Валериевна,LPR,Deputy of LPR People's Council,Regional,Luhansk,2023,,Yes,Luhansk-based local politician,,,,"LPR People's Council (3rd convocation, 2023); United Russia party.",,,"Deputy of the LPR People's Council, 3rd convocation elected 2023. United Russia party faction. Council composition: United Russia 39, LDPR 5, Just Russia 2, CPRF 4."
OFC-926,Golubovich Mikhail Artyomovich,Голубович Михаил Артёмович,LPR,Deputy of LPR People's Council,Regional,Luhansk,2023,,Yes,Luhansk-based local politician,,,,"LPR People's Council (3rd convocation, 2023); United Russia party.",,,"Deputy of the LPR People's Council, 3rd convocation elected 2023. United Russia party faction. Council composition: United Russia 39, LDPR 5, Just Russia 2, CPRF 4."
OFC-927,Vishnevskiy Dmitriy Aleksandrovich,Вишневский Дмитрий Александрович,LPR,Deputy of LPR People's Council,Regional,Luhansk,2023,,Yes,Luhansk-based local politician,,,,"LPR People's Council (3rd convocation, 2023); United Russia party.",,,"Deputy of the LPR People's Council, 3rd convocation elected 2023. United Russia party faction. Council composition: United Russia 39, LDPR 5, Just Russia 2, CPRF 4."
OFC-928,Slutskiy Leonid Eduardovich,Слуцкий Леонид Эдуардович,LPR,Deputy of LPR People's Council,Regional,Luhansk,2023,,Yes,Luhansk-based local politician,,,,"LPR People's Council (3rd convocation, 2023); Liberal Democratic Party of Russia.",,,"Deputy of the LPR People's Council, 3rd convocation elected 2023. LDPR party faction. Council composition: United Russia 39, LDPR 5, Just Russia 2, CPRF 4."
OFC-929,Uvarov Maksim Anatolevich,Уваров Максим Анатольевич,LPR,Deputy of LPR People's Council,Regional,Luhansk,2023,,Yes,Luhansk-based local politician,,,,"LPR People's Council (3rd convocation, 2023); Liberal Democratic Party of Russia.",,,"Deputy of the LPR People's Council, 3rd convocation elected 2023. LDPR party faction. Council composition: United Russia 39, LDPR 5, Just Russia 2, CPRF 4."
OFC-930,Filiponenko Mikhail Yurevich,Филипоненко Михаил Юрьевич,LPR,Deputy of LPR People's Council,Regional,Luhansk,2023,,Yes,Luhansk-based local politician,,,,"LPR People's Council (3rd convocation, 2023); Liberal Democratic Party of Russia.",,,"Deputy of the LPR People's Council, 3rd convocation elected 2023. LDPR party faction. Council composition: United Russia 39, LDPR 5, Just Russia 2, CPRF 4."
OFC-931,Zubova Marina Anatolevna,Зубова Марина Анатольевна,LPR,Deputy of LPR People's Council,Regional,Luhansk,2023,,Yes,Luhansk-based local politician,,,,"LPR People's Council (3rd convocation, 2023); Liberal Democratic Party of Russia.",,,"Deputy of the LPR People's Council, 3rd convocation elected 2023. LDPR party faction. Council composition: United Russia 39, LDPR 5, Just Russia 2, CPRF 4."
OFC-932,Dubrova Galina Aleksandrovna,Дуброва Галина Александровна,LPR,Deputy of LPR People's Council,Regional,Luhansk,2023,,Yes,Luhansk-based local politician,,,,"LPR People's Council (3rd convocation, 2023); Liberal Democratic Party of Russia.",,,"Deputy of the LPR People's Council, 3rd convocation elected 2023. LDPR party faction. Council composition: United Russia 39, LDPR 5, Just Russia 2, CPRF 4."
OFC-934,Gumenyuk Igor Gennadevich,Гуменюк Игорь Геннадьевич,LPR,Deputy of LPR People's Council,Regional,Luhansk,2023,,Yes,Luhansk-based local politician,,,,"LPR People's Council (3rd convocation, 2023); Communist Party of the Russian Federation.",,,"Deputy of the LPR People's Council, 3rd convocation elected 2023. CPRF party faction. Council composition: United Russia 39, LDPR 5, Just Russia 2, KPRF 4."
OFC-935,Rupin Igor Yurevich,Рупин Игорь Юрьевич,LPR,Deputy of LPR People's Council,Regional,Luhansk,2023,,Yes,Luhansk-based local politician,,,,"LPR People's Council (3rd convocation, 2023); Communist Party of the Russian Federation.",,,"Deputy of the LPR People's Council, 3rd convocation elected 2023. CPRF party faction. Council composition: United Russia 39, LDPR 5, Just Russia 2, KPRF 4."
OFC-936,Shchekatunov Viktor Ivanovich,Щекатунов Виктор Иванович,LPR,Deputy of LPR People's Council,Regional,Luhansk,2023,,Yes,Luhansk-based local politician,,,,"LPR People's Council (3rd convocation, 2023); Communist Party of the Russian Federation.",,,"Deputy of the LPR People's Council, 3rd convocation elected 2023. CPRF party faction. Council composition: United Russia 39, LDPR 5, Just Russia 2, KPRF 4."
OFC-937,Tarakanov Gennadiy Viktorovich,Тараканов Геннадий Викторович,LPR,Deputy of LPR People's Council,Regional,Luhansk,2023,,Yes,Luhansk-based local politician,,,,"LPR People's Council (3rd convocation, 2023); A Just Russia party.",,,"Deputy of the LPR People's Council, 3rd convocation elected 2023. A Just Russia party faction. Council composition: United Russia 39, LDPR 5, Just Russia 2, KPRF 4."
OFC-938,Kotkovets Sergey Andreevich,Котковец Сергей Андреевич,LPR,Deputy of LPR People's Council,Regional,Luhansk,2023,,Yes,Luhansk-based local politician,,,,"LPR People's Council (3rd convocation, 2023); A Just Russia party.",,,"Deputy of the LPR People's Council, 3rd convocation elected 2023. A Just Russia party faction. Council composition: United Russia 39, LDPR 5, Just Russia 2, KPRF 4."
OFC-940,Anyukhina Anna Vladimirovna,Анюхина Анна Владимировна,Crimea,Deputy Chairman of the Council of Ministers of the Republic of Crimea,Regional,Simferopol,2020,2024,No,Crimea-based government official,,,,Council of Ministers of the Republic of Crimea.,,,Member of the Crimea Council of Ministers.
OFC-941,Kiviko Irina Valerevna,Кивико Ирина Валерьевна,Crimea,Deputy Chairman of the Council of Ministers — Minister of Finance of the Republic of Crimea,Regional,Simferopol,2018,,Yes,Crimea-based government official,,,,Council of Ministers of the Republic of Crimea.,,,Member of the Crimea Council of Ministers.
OFC-942,Kurshutov Albert Abdurashitovich,Куршутов Альберт Абдурашитович,Crimea,"Deputy Chairman of the Council of Ministers — Minister of Internal Policy, Information and Communications of the Republic of Crimea",Regional,Simferopol,2025,,Yes,Crimea-based government official,,,,Council of Ministers of the Republic of Crimea.,,,Member of the Crimea Council of Ministers.
OFC-943,Mikhaylichenko Igor Nikolaevich,Михайличенко Игорь Николаевич,Crimea,Deputy Chairman of the Council of Ministers of the Republic of Crimea,Regional,Simferopol,2016,,Yes,Crimea-based government official,,,,Council of Ministers of the Republic of Crimea.,,,Member of the Crimea Council of Ministers.
OFC-944,Nazarov Mikhail Anatolevich,Назаров Михаил Анатольевич,Crimea,Deputy Chairman of the Council of Ministers of the Republic of Crimea,Regional,Simferopol,2020,,Yes,Crimea-based government official,,,,Council of Ministers of the Republic of Crimea.,,,Member of the Crimea Council of Ministers.
OFC-946,Romanovskaya Elena Vasilevna,Романовская Елена Васильевна,Crimea,Deputy Chairman of the Council of Ministers — Minister of Labour and Social Protection of the Republic of Crimea,Regional,Simferopol,2019,,Yes,Crimea-based government official,,,,Council of Ministers of the Republic of Crimea.,,,Member of the Crimea Council of Ministers.
OFC-947,Vorobev Nikolay Valerevich,Воробьев Николай Валерьевич,Crimea,Deputy Chairman of the Council of Ministers of the Republic of Crimea,Regional,Simferopol,2024,,Yes,Crimea-based government official,,,,Council of Ministers of the Republic of Crimea.,,,Member of the Crimea Council of Ministers.
OFC-948,Shevtsova Olga Aleksandrovna,Шевцова Ольга Александровна,Crimea,Deputy Chairman of the Council of Ministers of the Republic of Crimea,Regional,Simferopol,2026,,Yes,Crimea-based government official,,,,Council of Ministers of the Republic of Crimea.,,,Member of the Crimea Council of Ministers.
OFC-949,Dugarenko Olga Vladimirovna,Дугаренко Ольга Владимировна,Crimea,"Head of the Council of Ministers Apparatus (Chief of Staff), Republic of Crimea",Regional,Simferopol,2024,,Yes,Crimea-based government official,,,,Council of Ministers of the Republic of Crimea.,,,Member of the Crimea Council of Ministers as of 26 March 2026.
OFC-950,Mikhaylov Konstantin Aleonardovich,Михайлов Константин Алеонардович,Crimea,First Deputy Head of the Office of the Council of Ministers of the Republic of Crimea – Head of the Main Directorate for the Support of the Head of the Republic of Crimea,Regional,Simferopol,2024,,Yes,Crimea-based government official,,,,Council of Ministers of the Republic of Crimea.,,,Member of the Crimea Council of Ministers as of 26 March 2026.
OFC-951,Natarov Aleksey Alekseevich,Натаров Алексей Алексеевич,Crimea,Minister of Health of the Republic of Crimea,Regional,Simferopol,2024,,Yes,Crimea-based government official,,,,Council of Ministers of the Republic of Crimea.,,,Crimea Health Minister. Manages healthcare integration into Russian system including passportisation of medical records and replacement of Ukrainian medical standards.
OFC-952,Manezhina Tatyana Anatolevna,Манежина Татьяна Анатольевна,Crimea,Minister of Culture of the Republic of Crimea,Regional,Simferopol,2024,,Yes,Crimea-based government official,,,,Council of Ministers of the Republic of Crimea.,,,Member of the Crimea Council of Ministers as of 26 March 2026.
OFC-953,Ganziy Sergey Aleksandrovich,Ганзий Сергей Александрович,Crimea,Minister of Resorts and Tourism of the Republic of Crimea,Regional,Simferopol,2024,,Yes,Crimea-based government official,,,,Council of Ministers of the Republic of Crimea.,,,Tourism Minister — Crimea was a major tourist destination before 2022; his role involves managing the shift to Russian domestic tourism market under sanctions.
OFC-954,Lavrik Valentina Vasilevna,Лаврик Валентина Васильевна,Crimea,Minister of Education and Science of the Republic of Crimea,Regional,Simferopol,2024,,Yes,Crimea-based government official,,,,Council of Ministers of the Republic of Crimea.,,,Crimea Education and Science Minister. Oversees complete Russification of educational curriculum in Crimea since 2014 — longest-running example of education-based identity replacement in occupied Ukraine.
OFC-955,Agadzhanyan Anushavan Araratovich,Агаджанян Анушаван Араратович,Crimea,Minister of Industrial Policy of the Republic of Crimea,Regional,Simferopol,2024,,Yes,Crimea-based government official,,,,Council of Ministers of the Republic of Crimea.,,,Industrial Policy Minister — Armenian-origin name notable in context of Crimea's multi-ethnic Soviet-era demographic legacy.
OFC-956,Shcheglenko Zakhar Vladimirovich,Щегленко Захар Владимирович,Crimea,Minister of Housing and Communal Services of the Republic of Crimea,Regional,Simferopol,2024,,Yes,Crimea-based government official,,,,Council of Ministers of the Republic of Crimea.,,,Member of the Crimea Council of Ministers as of 26 March 2026.
OFC-957,Tarasov Nikita Sergeevich,Тарасов Никита Сергеевич,Crimea,Minister of Housing Policy and State Construction Supervision of the Republic of Crimea,Regional,Simferopol,2024,,Yes,Crimea-based government official,,,,Council of Ministers of the Republic of Crimea.,,,Member of the Crimea Council of Ministers as of 26 March 2026.
OFC-958,Kratyuk Denis Vasilevich,Кратюк Денис Васильевич,Crimea,Minister of Agriculture of the Republic of Crimea,Regional,Simferopol,2024,,Yes,Crimea-based government official,,,,Council of Ministers of the Republic of Crimea.,,,Member of the Crimea Council of Ministers as of 26 March 2026.
OFC-959,Torubarova Olga Aleksandrovna,Торубарова Ольга Александровна,Crimea,Minister of Sport of the Republic of Crimea,Regional,Simferopol,2024,,Yes,Crimea-based government official,,,,Council of Ministers of the Republic of Crimea.,,,Member of the Crimea Council of Ministers as of 26 March 2026.
OFC-960,Voronkin Vladimir Gennadevich,Воронкин Владимир Геннадьевич,Crimea,Minister of Fuel and Energy of the Republic of Crimea,Regional,Simferopol,2024,,Yes,Crimea-based government official,,,,Council of Ministers of the Republic of Crimea.,,,Member of the Crimea Council of Ministers as of 26 March 2026.
OFC-961,Shapovalov Oleg Georgievich,Шаповалов Олег Георгиевич,Crimea,Minister of Justice of the Republic of Crimea,Regional,Simferopol,2024,,Yes,Crimea-based government official,,,,Council of Ministers of the Republic of Crimea.,,,Member of the Crimea Council of Ministers as of 26 March 2026.
OFC-962,Kulinich Larisa Vitalevna,Кулинич Лариса Витальевна,Crimea,Minister of Property and Land Relations of the Republic of Crimea,Regional,Simferopol,2024,,Yes,Crimea-based government official,,,,Council of Ministers of the Republic of Crimea.,,,Member of the Crimea Council of Ministers as of 26 March 2026.
OFC-963,Eryomenko Aleksey Mikhaylovich,Ерёменко Алексей Михайлович,Crimea,Minister of Emergency Situations of the Republic of Crimea,Regional,Simferopol,2024,,Yes,Crimea-based government official,,,,Council of Ministers of the Republic of Crimea.,,,Member of the Crimea Council of Ministers as of 26 March 2026.
OFC-964,Yakubov Ruslan Rishatovich,Якубов Руслан Ришатович,Crimea,Chairman of the State Committee for Inter-Ethnic Relations of the Republic of Crimea,Regional,Simferopol,2024,,Yes,"Crimean Tatar, Crimea-based official",,,,Council of Ministers of the Republic of Crimea.,,,"Chairs the inter-ethnic relations committee — directly relevant to management of Crimean Tatar community, which has faced systematic suppression since 2014."
OFC-965,Maslyanik Vladislav Ivanovich,Масляник Владислав Иванович,Crimea,Chairman of the State Committee for Water Management and Land Reclamation of the Republic of Crimea,Regional,Simferopol,2024,,Yes,Crimea-based government official,,,,Council of Ministers of the Republic of Crimea.,,,Member of the Crimea Council of Ministers as of 26 March 2026.
OFC-966,Shchyogolev Eduard Gennadevich,Щёголев Эдуард Геннадьевич,Crimea,Minister of Construction and Architecture of the Republic of Crimea,Regional,Simferopol,2024,,Yes,Crimea-based government official,,,,Council of Ministers of the Republic of Crimea.,,,Member of the Crimea Council of Ministers as of 26 March 2026.
OFC-967,Kozlovskiy Arseniy Dmitrievich,Козловский Арсений Дмитриевич,Crimea,Minister of Transport of the Republic of Crimea,Regional,Simferopol,2024,,Yes,Crimea-based government official,,,,Council of Ministers of the Republic of Crimea.,,,Member of the Crimea Council of Ministers as of 26 March 2026.
OFC-968,Ivanov Valeriy Valerevich,Иванов Валерий Валерьевич,Crimea,Chairman of the State Committee for Veterinary Affairs of the Republic of Crimea,Regional,Simferopol,2024,,Yes,Crimea-based government official,,,,Council of Ministers of the Republic of Crimea.,,,Member of the Crimea Council of Ministers as of 26 March 2026.
OFC-969,Mshanetskaya Svetlana Vladimirovna,Мшанецкая Светлана Владимировна,Crimea,Chairman of the State Committee for Prices and Tariffs of the Republic of Crimea,Regional,Simferopol,2024,,Yes,Crimea-based government official,,,,Council of Ministers of the Republic of Crimea.,,,Member of the Crimea Council of Ministers as of 26 March 2026.
OFC-971,Borisenko Nataliya Nikolaevna,Борисенко Наталия Николаевна,Crimea,Chairman of the State Committee for Competitive Policy of the Republic of Crimea,Regional,Simferopol,2024,,Yes,Crimea-based government official,,,,Council of Ministers of the Republic of Crimea.,,,Member of the Crimea Council of Ministers as of 26 March 2026.
OFC-972,Zinchenko Aleksey Sergeevich,Зинченко Алексей Сергеевич,Crimea,Chairman of the State Committee for Youth Policy of the Republic of Crimea,Regional,Simferopol,2024,,Yes,Crimea-based official,,,,Council of Ministers of the Republic of Crimea.,,,"Youth Policy Committee Chair — key figure in Identity Replacement dimension for Crimea. Oversees Yunarmiya, Movement of the First, and other youth militarisation programmes."
OFC-974,Kalinichenko Pavel Vladimirovich,Калиниченко Павел Владимирович,DPR,First Deputy Head of Horlivka City Administration,City,Horlivka,2016,,Yes,Local DPR city official,,,,DPR occupation administration; Horlivka municipal administration.,,,
OFC-975,Gorbatov Igor Evgenevich,Горбатов Игорь Евгеньевич,DPR,Deputy Head of Horlivka City Administration,District,Horlivka,2021 (at least),,Yes,Local DPR city official,,,,DPR occupation administration; Horlivka municipal administration.,,,
OFC-976,Ivakhnenko Aleksey Aleksandrovich,Ивахненко Алексей Александрович,DPR,Deputy Head of Horlivka City Administration,District,Horlivka,2022 (at least),,Yes,Local DPR city official,,,,DPR occupation administration; Horlivka municipal administration.,,,
OFC-977,Andrienko Aleksey Sergeevich,Андриенко Алексей Сергеевич,DPR,Deputy Head of Horlivka City Administration,District,Horlivka,2024,,Yes,Local DPR city official,,,,DPR occupation administration; Horlivka municipal administration.,,,
OFC-978,Olkhovskaya Oksana Yurevna,Ольховская Оксана Юрьевна,DPR,"Managing Affairs (Chief of Staff), Horlivka Administration",District,Horlivka,2023 (at least),,Yes,Local DPR city official,,,,DPR occupation administration; Horlivka municipal administration.,,,
OFC-980,Moiseenkov Viktor Viktorovich,Моисеенков Виктор Викторович,DPR,First Deputy Head of Donetsk City Administration,City,Donetsk,2025 (at least),,Yes,Local DPR city official,,,,DPR occupation administration; Donetsk municipal administration.,,,
OFC-981,Lavrushko Anna Vasilevna,Лаврушко Анна Васильевна,DPR,"Head of Apparatus, Donetsk City Administration",City,Donetsk,2026 (at least),,Yes,Local DPR city official,,,,DPR occupation administration; Donetsk municipal administration.,,,
OFC-982,Artemenko Timur Ivanovich,Артеменко Тимур Иванович,DPR,Deputy Head of Donetsk City Administration,District,Donetsk,2024 (at least),,Yes,Local DPR city official,,,,DPR occupation administration; Donetsk municipal administration.,,,
OFC-983,Vezdenko Svetlana Aleksandrovna,Везденко Светлана Александровна,DPR,Deputy Head of Donetsk City Administration,District,Donetsk,2023 (at least),,Yes,Local DPR city official,,,,DPR occupation administration; Donetsk municipal administration.,,,
OFC-984,Danshin Dmitriy Sergeevich,Даньшин Дмитрий Сергеевич,DPR,Deputy Head of Donetsk City Administration,District,Donetsk,2022 (at least),,Yes,Local DPR city official,,,,DPR occupation administration; Donetsk municipal administration.,,,
OFC-985,Zaytsev Vladimir Nikolaevich,Зайцев Владимир Николаевич,DPR,Deputy Head of Donetsk City Administration,District,Donetsk,2024 (at least),,Yes,Local DPR city official,,,,DPR occupation administration; Donetsk municipal administration.,,,
OFC-986,Saprykin Igor Valentinovich,Сапрыкин Игорь Валентинович,DPR,Deputy Head of Donetsk City Administration,District,Donetsk,2022 (at least),,Yes,Local DPR city official,,,,DPR occupation administration; Donetsk municipal administration.,,,
OFC-987,Sukhorukov Maksim Alekseevich,Сухоруков Максим Алексеевич,DPR,Deputy Head of Donetsk City Administration,District,Donetsk,2022 (at least),,Yes,Local DPR city official,,,,DPR occupation administration; Donetsk municipal administration.,,,
OFC-988,Kuts Natalya Vladimirovna,Куц Наталья Владимировна,DPR,Deputy Head of Donetsk City Administration,District,Donetsk,2022 (at least),,Yes,Local DPR city official,,,,DPR occupation administration; Donetsk municipal administration.,,,
OFC-989,Lyakhovets Valeriy Andreevich,Ляховец Валерий Андреевич,DPR,Deputy Head of Donetsk City Administration,District,Donetsk,2022 (at least),,Yes,Local DPR city official,,,,DPR occupation administration; Donetsk municipal administration.,,,
OFC-990,Snitsar Yuliya Anatolevna,Сницарь Юлия Анатольевна,DPR,"Managing Affairs (Chief of Staff), Donetsk City Administration",District,Donetsk,2024 (at least),,Yes,Local DPR city official,,,,DPR occupation administration; Donetsk municipal administration.,,,
OFC-991,Ivanova Yuliya Gennadievna,Иванова Юлия Геннадиевна,DPR,Acting Head of Makiivka City Administration,City,Makiivka,2026,,Yes,Local DPR city official,,,,DPR occupation administration; Makiivka municipal administration.,,,"Acting head of Makiivka — second largest DPR city. Also listed as deputy head simultaneously, suggesting transitional appointment."
OFC-992,Borisov Oleg Yurevich,Борисов Олег Юрьевич,DPR,First Deputy Head of Makiivka City Administration,City,Makiivka,2022 (at least),,Yes,Local DPR city official,,,,DPR occupation administration; Makiivka municipal administration.,,,
OFC-993,Litovchenko Anastasiya Yurevna,Литовченко Анастасия Юрьевна,DPR,Deputy Head of Makiivka City Administration,District,Makiivka,2020 (at least),,Yes,Local DPR city official,,,,DPR occupation administration; Makiivka municipal administration.,,,
OFC-994,Lyakh Irina Viktorovna,Лях Ирина Викторовна,DPR,Deputy Head of Makiivka City Administration,District,Makiivka,2020 (at least),,Yes,Local DPR city official,,,,DPR occupation administration; Makiivka municipal administration.,,,
OFC-995,Sidyakina Irina Valentinovna,Сидякина Ирина Валентиновна,DPR,Deputy Head of Makiivka City Administration,District,Makiivka,2024,,Yes,Local DPR city official,,,,DPR occupation administration; Makiivka municipal administration.,,,
OFC-996,Shatov Aleksandr Vasilevich,Шатов Александр Васильевич,DPR,"Head of Shakhtarsk Municipal District Administration, DPR",City,Shakhtarsk,2019,,Yes,Local DPR district official,,,,DPR occupation administration; Shakhtarsk municipal administration.,,,"Head of Shakhtarsk municipal district — coal-mining district. Address: Shakhtarsk, Lenin St 4."
OFC-997,Lebedev Sergey Yurevich,Лебедев Сергей Юрьевич,DPR,First Deputy Head of Shakhtarsk Municipal District Administration,District,Shakhtarsk,2021 (at least),,Yes,Local DPR district official,,,,DPR occupation administration; Shakhtarsk municipal administration.,,,
OFC-998,Kasitskiy Yuriy Nikolaevich,Касицкий Юрий Николаевич,DPR,Deputy Head of Shakhtarsk Municipal District Administration,District,Shakhtarsk,2019 (at least),,Yes,Local DPR district official,,,,DPR occupation administration; Shakhtarsk municipal administration.,,,
OFC-999,Krmadzhyan Nairi Khachikovich,Крмаджян Наири Хачикович,DPR,Deputy Head of Shakhtarsk Municipal District Administration,District,Shakhtarsk,2024 (at least),,Yes,Local DPR district official,,,,DPR occupation administration; Shakhtarsk municipal administration.,,,Deputy head of Shakhtarsk. Armenian-origin surname notable in Donbas multi-ethnic context. Based in Zhdanivka sub-district.
OFC-1000,Maychuk Svetlana Nikolaevna,Майчук Светлана Николаевна,DPR,Deputy Head of Shakhtarsk Municipal District Administration,District,Shakhtarsk,2019 (at least),,Yes,Local DPR district official,,,,DPR occupation administration; Shakhtarsk municipal administration.,,,
OFC-1001,Nazarov Sergey Borisovich,Назаров Сергей Борисович,DPR,Deputy Head of Shakhtarsk Municipal District Administration,District,Shakhtarsk,2019 (at least),,Yes,Local DPR district official,,,,DPR occupation administration; Shakhtarsk municipal administration.,,,"Deputy head of Shakhtarsk, based in Kirovske sub-district."
OFC-1002,Ponomarenko Yuliya Pavlovna,Пономаренко Юлия Павловна,DPR,Deputy Head of Shakhtarsk Municipal District Administration,District,Shakhtarsk,2019 (at least),,Yes,Local DPR district official,,,,DPR occupation administration; Shakhtarsk municipal administration.,,,
OFC-1003,Kozhevnikova Evgeniya Ivanovna,Кожевникова Евгения Ивановна,DPR,"Managing Affairs, Shakhtarsk Municipal District Administration",District,Shakhtarsk,2025 (at least),,Yes,Local DPR district official,,,,DPR occupation administration; Shakhtarsk municipal administration.,,,
OFC-1004,Lyzov Igor Viktorovich,Лызов Игорь Викторович,DPR,"Head of Amvrosiyivka Municipal District Administration, DPR",City,Amvrosiyivka,2019,,Yes,Local DPR district official,,,,DPR occupation administration; Amvrosiyivka municipal administration.,,,"Head of Amvrosiyivka municipal district. Address: Amvrosiyivka, Lenin St 24."
OFC-1005,Kudryavtsev Dmitriy Arkadevich,Кудрявцев Дмитрий Аркадьевич,DPR,First Deputy Head of Amvrosiyivka Municipal District Administration,District,Amvrosiyivka,2023 (at least),,Yes,Local DPR district official,,,,DPR occupation administration; Amvrosiyivka municipal administration.,,,
OFC-1006,Butko Boris Borisovich,Бутко Борис Борисович,DPR,Deputy Head of Amvrosiyivka Municipal District Administration,District,Amvrosiyivka,2023,,Yes,Local DPR district official,,,,DPR occupation administration; Amvrosiyivka municipal administration.,,,
OFC-1007,Kryukova Elena Nikolaevna,Крюкова Елена Николаевна,DPR,Deputy Head of Amvrosiyivka Municipal District Administration,District,Amvrosiyivka,2022 (at least),,Yes,Local DPR district official,,,,DPR occupation administration; Amvrosiyivka municipal administration.,,,
OFC-1008,Fisenko Elena Nikolaevna,Фисенко Елена Николаевна,DPR,"Managing Affairs, Amvrosiyivka Municipal District Administration",District,Amvrosiyivka,2022 (at least),,Yes,Local DPR district official,,,,DPR occupation administration; Amvrosiyivka municipal administration.,,,
OFC-1009,Zinchenko Konstantin Aleksandrovich,Зинченко Константин Александрович,DPR,"Head of Volnovakha Municipal District Administration, DPR",City,Volnovakha,2022,,Yes,Local DPR district official,,,,DPR occupation administration; Volnovakha municipal administration.,,,Head of Volnovakha municipal district — strategically significant as a key logistics junction in southern DPR.
OFC-1010,Snisarenko Elena Sergeevna,Снисаренко Елена Сергеевна,DPR,Deputy Head of Volnovakha Municipal District Administration,District,Volnovakha,2022,,Yes,Local DPR district official,,,,DPR occupation administration; Volnovakha municipal administration.,,,
OFC-1011,Vasileva Mariya Aleksandrovna,Васильева Мария Александровна,DPR,"Managing Affairs, Volnovakha Municipal District Administration",District,Volnovakha,2023 (at least),,Yes,Local DPR district official,,,,DPR occupation administration; Volnovakha municipal administration.,,,
OFC-1012,Kachanov Aleksandr Yurevich,Качанов Александр Юрьевич,DPR,"Head of Dokuchaievsk City Administration, DPR",City,Dokuchaievsk,2015,,Yes,Local DPR city official,,,,DPR occupation administration; Dokuchaievsk municipal administration.,,,"Head of Dokuchaievsk city administration. Address: Dokuchaievsk, Zakharchenko St 22. City was formerly known for limestone quarrying."
OFC-1013,Dolbachev Ruslan Viktorovich,Долбачев Руслан Викторович,DPR,First Deputy Head of Dokuchaievsk City Administration,District,Dokuchaievsk,2017 (at least),,Yes,Local DPR city official,,,,DPR occupation administration; Dokuchaievsk municipal administration.,,,
OFC-1014,Khizhnyak Yuliya Genadievna,Хижняк Юлия Генадиевна,DPR,Deputy Head of Dokuchaievsk City Administration,District,Dokuchaievsk,2017 (at least),,Yes,Local DPR city official,,,,DPR occupation administration; Dokuchaievsk municipal administration.,,,
OFC-1015,Popov Igor Evgenevich,Попов Игорь Евгеньевич,DPR,Deputy Head of Dokuchaievsk City Administration,District,Dokuchaievsk,2024 (at least),,Yes,Local DPR city official,,,,DPR occupation administration; Dokuchaievsk municipal administration.,,,
OFC-1016,Bozhik Sergey Aleksandrovich,Божик Сергей Александрович,DPR,"Deputy Head of Yenakiieve City Administration, DPR",District,Yenakiieve,2021 (at least),,Yes,Local DPR city official,,,,DPR occupation administration; Yenakiieve municipal administration.,,,Deputy head of Yenakiieve. Head of administration not listed in available source.
OFC-1017,Vitruk Elena Sergeevna,Витрук Елена Сергеевна,DPR,"Deputy Head of Yenakiieve City Administration, DPR",District,Yenakiieve,2021 (at least),,Yes,Local DPR city official,,,,DPR occupation administration; Yenakiieve municipal administration.,,,
OFC-1018,Demenkov Aleksandr Aleksandrovich,Деменков Александр Александрович,DPR,"Deputy Head of Yenakiieve City Administration, DPR",District,Yenakiieve,2021 (at least),,Yes,Local DPR city official,,,,DPR occupation administration; Yenakiieve municipal administration.,,,
OFC-1019,Vitruk Igor Vasilevich,Витрук Игорь Васильевич,DPR,"Deputy Head of Yenakiieve City Administration, DPR",District,Yenakiieve,2021 (at least),,Yes,Local DPR city official,,,,DPR occupation administration; Yenakiieve municipal administration.,,,
OFC-1020,Stasenko Lyudmila Pavlovna,Стасенко Людмила Павловна,DPR,"Managing Affairs, Yenakiieve City Administration, DPR",District,Yenakiieve,2021 (at least),,Yes,Local DPR city official,,,,DPR occupation administration; Yenakiieve municipal administration.,,,
OFC-1021,Ponomarev Oleg Vasilevich,Пономарев Олег Васильевич,DPR,"Acting Head of Krasnolymansk Municipal District, DPR",City,Krasny Liman,2025,,Yes,Local DPR city official,,,,DPR occupation administration; Krasny Liman municipal administration.,,,"Acting head of Krasnolymansk (formerly Krasny Liman) — recaptured by Russian forces 2022. Address: Krasny Liman, Frunze St 46."
OFC-1022,Zabolotskaya Anzhela Vladimirovna,Заболотская Анжела Владимировна,DPR,"Chairman of Krasnolymansk Municipal Council (1st Convocation), DPR",City,Krasny Liman,2023,,Yes,Local DPR city official,,,,DPR occupation administration; Krasny Liman municipal administration.,,,
OFC-1023,Ovcharov Vasiliy Anatolevich,Овчаров Василий Анатольевич,DPR,"Head of Novoazovsk Municipal District Administration, DPR",City,Novoazovsk,2023,,Yes,Local DPR city official,,,,DPR occupation administration; Novoazovsk municipal administration.,,,Head of Novoazovsk municipal district — Azov coastal district bordering Russia. Important logistics corridor.
OFC-1024,Logvinov Oleg Nikolaevich,Логвинов Олег Николаевич,DPR,First Deputy Head of Novoazovsk Municipal District Administration,District,Novoazovsk,2024 (at least),,Yes,Local DPR city official,,,,DPR occupation administration; Novoazovsk municipal administration.,,,
OFC-1025,Kharkov Sergey Aleksandrovich,Харьков Сергей Александрович,DPR,Deputy Head of Novoazovsk Municipal District Administration,District,Novoazovsk,2024 (at least),,Yes,Local DPR city official,,,,DPR occupation administration; Novoazovsk municipal administration.,,,
OFC-1026,Sotnikova Natalya Anatolevna,Сотникова Наталья Анатольевна,DPR,"Managing Affairs (Chief of Staff), Mariupol City Administration",City,Mariupol,2022,,Yes,Local DPR city official,,,,DPR occupation administration; Mariupol municipal administration.,,,Administrative chief of staff for Mariupol occupation administration. Former OPZZH (ОПЗЖ) city council deputy.
OFC-1027,Ermakov Sergey Vladimirovich,Ермаков Сергей Владимирович,DPR,"Head of Snizhne City Administration, DPR",City,Snizhne,2023 (at least),,Yes,Local DPR city official,,,,DPR occupation administration; Snizhne municipal administration.,,,Head of Snizhne (Snezhnoye) city administration — coal-mining city in eastern DPR.
OFC-1028,Shergelashvili Vasil Papulich,Шергелашвили Васил Папулич,DPR,First Deputy Head of Snizhne City Administration,District,Snizhne,2024 (at least),,Yes,Local DPR city official,,,,DPR occupation administration; Snizhne municipal administration.,,,First deputy of Snizhne. Georgian-origin surname notable in Donbas demographic context.
OFC-1029,Bondarenko Elena Vitalevna,Бондаренко Елена Витальевна,DPR,"Managing Affairs, Snizhne City Administration",District,Snizhne,2024 (at least),,Yes,Local DPR city official,,,,DPR occupation administration; Snizhne municipal administration.,,,
OFC-1030,Cherkashin Aleksey Romanovich,Черкашин Алексей Романович,DPR,"Acting Head of Starobesheve Municipal District, DPR",City,Starobesheve,2026,,Yes,Local DPR city official,,,,DPR occupation administration; Starobesheve municipal administration.,,,"Acting head of Starobesheve municipal district. Address: Starobesheve, Sovetska St 43."
OFC-1031,Retivov Aleksandr Borisovich,Ретивов Александр Борисович,DPR,First Deputy Head of Starobesheve Municipal District Administration,District,Starobesheve,2022 (at least),,Yes,Local DPR city official,,,,DPR occupation administration; Starobesheve municipal administration.,,,
OFC-1032,Olmezov Mikhail Svetoslavovich,Ольмезов Михаил Светославович,DPR,Deputy Head of Starobesheve Municipal District Administration,District,Starobesheve,2022 (at least),,Yes,Local DPR city official,,,,DPR occupation administration; Starobesheve municipal administration.,,,
OFC-1033,Biatova Evgeniya Mikhaylovna,Биатова Евгения Михайловна,DPR,"Managing Affairs, Starobesheve Municipal District Administration",District,Starobesheve,2022 (at least),,Yes,Local DPR city official,,,,DPR occupation administration; Starobesheve municipal administration.,,,
OFC-1034,Velikodnaya Natalya Anatolevna,Великодная Наталья Анатольевна,DPR,"Head of Telmanove Municipal District Administration, DPR",City,Telmanove,2022,,Yes,Local DPR city official,,,,DPR occupation administration; Telmanove municipal administration.,,,"Head of Telmanove (Telmanova) municipal district — southern DPR, near Azov coast."
OFC-1035,Katrysh Liana Valerevna,Катрыш Лиана Валерьевна,DPR,First Deputy Head of Telmanove Municipal District Administration,District,Telmanove,2023 (at least),,Yes,Local DPR city official,,,,DPR occupation administration; Telmanove municipal administration.,,,
OFC-1036,Reyberg Sergey Andreevich,Рейберг Сергей Андреевич,DPR,Deputy Head of Telmanove Municipal District Administration,District,Telmanove,2025 (at least),,Yes,Local DPR city official,,,,DPR occupation administration; Telmanove municipal administration.,,,
OFC-1037,Arabadzhi Olga Aleksandrovna,Арабаджи Ольга Александровна,DPR,Deputy Head of Telmanove Municipal District Administration,District,Telmanove,2024 (at least),,Yes,Local DPR city official,,,,DPR occupation administration; Telmanove municipal administration.,,,
OFC-1038,Krivaya Natalya Alekseevna,Кривая Наталья Алексеевна,DPR,"Managing Affairs, Telmanove Municipal District Administration",District,Telmanove,2024 (at least),,Yes,Local DPR city official,,,,DPR occupation administration; Telmanove municipal administration.,,,
OFC-1039,Lysenko Dmitriy Sergeevich,Лысенко Дмитрий Сергеевич,DPR,"Head of Torez City Administration, DPR",City,Torez,2019,2025,No,Local DPR city official,,,,DPR occupation administration; Torez municipal administration.,,,"Head of Torez city administration — coal city in eastern DPR, formerly known for mining."
OFC-1040,Makarova Anna Efimovna,Макарова Анна Ефимовна,DPR,First Deputy Head of Torez City Administration,District,Torez,2023 (at least),,Yes,Local DPR city official,,,,DPR occupation administration; Torez municipal administration.,,,
OFC-1041,Dedukh Olga Petrovna,Дедух Ольга Петровна,DPR,Deputy Head of Torez City Administration,District,Torez,2023 (at least),,Yes,Local DPR city official,,,,DPR occupation administration; Torez municipal administration.,,,
OFC-1042,Stavitskiy Aleksandr Mikhaylovich,Ставицкий Александр Михайлович,DPR,Deputy Head of Torez City Administration,District,Torez,2023 (at least),,Yes,Local DPR city official,,,,DPR occupation administration; Torez municipal administration.,,,
OFC-1043,Chesnokov Artem Valerievich,Чесноков Артем Валериевич,DPR,"Head of Torez City Administration, DPR",District,Torez,2025,,Yes,Local DPR city official,,,,DPR occupation administration; Torez municipal administration.,,,
OFC-1044,Beketova Natalya Nikolaevna,Бекетова Наталья Николаевна,DPR,"Managing Affairs, Torez City Administration",District,Torez,2023 (at least),,Yes,Local DPR city official,,,,DPR occupation administration; Torez municipal administration.,,,
OFC-1045,Poplavskiy Evgeniy Valentinovich,Поплавский Евгений Валентинович,DPR,"Acting Head of Khartsyzsk City Administration, DPR",City,Khartsyzsk,2025,,Yes,Local DPR city official,,,,DPR occupation administration; Khartsyzsk municipal administration.,,,"Acting head of Khartsyzsk city administration — industrial city, pipe manufacturing heritage."
OFC-1046,Podustov Oleg Sergeevich,Подустов Олег Сергеевич,DPR,First Deputy Head of Khartsyzsk City Administration (Housing/Communal Services),District,Khartsyzsk,2020,,Yes,Local DPR city official,,,,DPR occupation administration; Khartsyzsk municipal administration.,,,"First deputy of Khartsyzsk, portfolio covering ZhKH (ЖКХ)."
OFC-1047,Mikhalenko Yuliya Aleksandrovna,Михаленко Юлия Александровна,DPR,Deputy Head of Khartsyzsk City Administration,District,Khartsyzsk,2024 (at least),,Yes,Local DPR city official,,,,DPR occupation administration; Khartsyzsk municipal administration.,,,
OFC-1048,Rogozhina Viktoriya Sergeevna,Рогожина Виктория Сергеевна,DPR,"Managing Affairs, Khartsyzsk City Administration",District,Khartsyzsk,2021 (at least),,Yes,Local DPR city official,,,,DPR occupation administration; Khartsyzsk municipal administration.,,,
OFC-1049,Rachek Yuliya Mikhaylovna,Рачек Юлия Михайловна,DPR,First Deputy Head of Yasinovatka Municipal District Administration,District,Yasinovatka,2022 (at least),,Yes,Local DPR city official,,,,DPR occupation administration; Yasinovatka municipal administration.,,,"First deputy of Yasinovatka. Head of administration not confirmed in source. Note: a Yasinovatka district head was previously reported facing corruption charges (bribery, road contracts) per September 2025 Donetsk report."
OFC-1050,Penyaev Aleksandr Mikhaylovich,Пеняев Александр Михайлович,DPR,Deputy Head of Yasinovatka Municipal District Administration,District,Yasinovatka,2022 (at least),,Yes,Local DPR city official,,,,DPR occupation administration; Yasinovatka municipal administration.,,,
OFC-1051,Lisovenko Karolina Yurevna,Лисовенко Каролина Юрьевна,DPR,Deputy Head of Yasinovatka Municipal District Administration,District,Yasinovatka,2022 (at least),,Yes,Local DPR city official,,,,DPR occupation administration; Yasinovatka municipal administration.,,,
OFC-1052,Bogdanova Irina Sergeevna,Богданова Ирина Сергеевна,DPR,Deputy Head of Yasinovatka Municipal District Administration,District,Yasinovatka,2022 (at least),,Yes,Local DPR city official,,,,DPR occupation administration; Yasinovatka municipal administration.,,,
OFC-1053,Polyanskaya Anna Vladimirovna,Полянская Анна Владимировна,DPR,"Managing Affairs, Yasinovatka Municipal District Administration",District,Yasinovatka,2024 (at least),,Yes,Local DPR city official,,,,DPR occupation administration; Yasinovatka municipal administration.,,,
OFC-1054,Epifanov Vladimir Anatolevich,Епифанов Владимир Анатольевич,Zaporizhzhia Oblast,"Deputy of 1st Convocation, Zaporizhzhia Oblast Legislative Assembly",Regional,Melitopol,2023,,Yes,Zaporizhzhia Oblast-based local politician,,,,Zaporizhzhia Oblast occupation administration; Melitopol municipal administration.,,,Deputy of the 1st convocation of the Zaporizhzhia Oblast occupation Legislative Assembly. The assembly was established after the 2022 occupation and formalised in 2023.
OFC-1055,Khomenko Ruslan Anatolevich,Хоменко Руслан Анатольевич,Kherson Oblast,"Head of Aleshky Municipal District, Kherson Oblast (occupation)",District,Aleshky,2024,,Yes,Kherson Oblast-based local official,,,,Kherson Oblast occupation administration; Aleshky municipal administration.,,,Head of Aleshky (Олешки/Цюрупинськ) municipal district — located directly across the Dnipro river from Ukrainian-controlled Kherson city. Strategically significant as the main occupation administrative centre in the area facing the Ukrainian-held bank.
OFC-1056,Baranovskaya Olga Nikolaevna,Барановская Ольга Николаевна,Kherson Oblast,"Head of Velyka Lepetykha Municipal District, Kherson Oblast (occupation)",District,Velyka Lepetykha,2023,,Yes,Kherson Oblast-based local official,,,Vladimir Saldo.,Kherson Oblast occupation administration; Velyka Lepetykha municipal administration.,,,Head of Velyka Lepetykha municipal district in northern occupied Kherson Oblast. She received a verbal instruction from Governor Saldo to arrange for the replacement of Ukrainian-language street signs with Russian-language ones and for the replacement of satellite dishes with Russian-made ones.
OFC-1057,Vasyutinskiy Vitaliy Pavlovich,Васютинский Виталий Павлович,Kherson Oblast,"Head of Verkhniy Rohachyk Municipal District, Kherson Oblast (occupation)",District,Verkhniy Rohachyk,2023,,Yes,Kherson Oblast-based local official,,,,Kherson Oblast occupation administration; Verkhniy Rohachyk municipal administration.,,,Head of Verkhniy Rohachyk municipal district in northern occupied Kherson Oblast.
OFC-1058,Semyakina Yulіya Vіktorіvna,Семякина Юлія Вікторівна,Kherson Oblast,"Head of Henichesk Municipal District, Kherson Oblast (occupation)",District,Henichesk,2025,,Yes,Kherson Oblast-based local official,,,,Kherson Oblast occupation administration; Henichesk municipal administration.,,,Head of Henichesk municipal district — Henichesk is the de facto administrative capital of occupied Kherson Oblast and the seat of Saldo's government.
OFC-1059,Titarenko Vitaliy Valerevich,Титаренко Виталий Валерьевич,Kherson Oblast,"Head of Holoprystansky Municipal District, Kherson Oblast (occupation)",District,Hola Prystan,2023,,Yes,Kherson Oblast-based local official,,,,Kherson Oblast occupation administration; Hola Prystan municipal administration.,,,"Head of Holoprystansky municipal district — on the western bank of the Dnipro estuary, Azov coast."
OFC-1060,Turulev Yuriy Valerevich,Турулев Юрий Валерьевич,Kherson Oblast,"Head of Hornostaivka Municipal District, Kherson Oblast (occupation)",District,Hornostaivka,2023,,Yes,Kherson Oblast-based local official,,,,Kherson Oblast occupation administration; Hornostaivka municipal administration.,,,Head of Hornostaivka municipal district — northern Kherson Oblast near the front line.
OFC-1061,Malyonkin Aleksey Petrovich,Малёнкин Алексей Петрович,Kherson Oblast,"Head of Ivanivka Municipal District, Kherson Oblast (occupation)",District,Ivanivka,2024,,Yes,Kherson Oblast-based local official,,,,Kherson Oblast occupation administration; Ivanivka municipal administration.,,,Head of Ivanivka municipal district in northern occupied Kherson Oblast.
OFC-1062,Perelovich Galina Yanoshevna,Перелович Галина Яношевна,Kherson Oblast,"Acting Head of Kalanchak Municipal District, Kherson Oblast (occupation)",District,Kalanchak,2025,,Yes,Kherson Oblast-based local official,,,,Kherson Oblast occupation administration; Kalanchak municipal administration.,,,Acting head of Kalanchak municipal district — Kalanchak is one of the five districts with a functioning MFC (multi-function centre) for Russian document issuance per October 2025 Kherson report.
OFC-1063,Nikitenko Vladislav Viktorovich,Никитенко Владислав Викторович,Kherson Oblast,"Head of Nyzhni Sirohozy Municipal District, Kherson Oblast (occupation)",District,Nyzhni Sirohozy,2023,,Yes,Kherson Oblast-based local official,,,,Kherson Oblast occupation administration; Nyzhni Sirohozy municipal administration.,,,
OFC-1064,Oganesov Vladimir Shagenovich,Оганесов Владимир Шагенович,Kherson Oblast,"Acting Head of Nova Kakhovka City District, Kherson Oblast (occupation)",City,Nova Kakhovka,2025,,Yes,"Kherson Oblast-based local official, born in Russia",,,,Kherson Oblast occupation administration; Nova Kakhovka municipal administration.,,,Acting head of Nova Kakhovka city district — replacing Izyumenko Halyna (OFC-441) who replaced the killed Leontyev (OFC-440). Armenian-origin surname. Nova Kakhovka is strategically significant as the site of the destroyed Kakhovka dam (June 2023) and a key Dnipro crossing point.
OFC-1065,Kuzmenko Evgeniya Nikolaevna,Кузьменко Евгения Николаевна,Kherson Oblast,"Head of Novotroitske Municipal District, Kherson Oblast (occupation)",District,Novotroitske,2023,,Yes,Kherson Oblast-based local official,,,,Kherson Oblast occupation administration; Novotroitske municipal administration.,,,Head of Novotroitske municipal district — one of the five districts with a functioning MFC for Russian document issuance per October 2025 Kherson report.
OFC-1066,Dudka Aleksandr Petrovich,Дудка Александр Петрович,Kherson Oblast,"Head of Skadovsk Municipal District, Kherson Oblast (occupation)",District,Skadovsk,2023,,Yes,Kherson Oblast-based local official,,,,Kherson Oblast occupation administration; Skadovsk municipal administration.,,,Head of Skadovsk municipal district — Skadovsk is a significant Azov/Black Sea coastal town with one of the five functioning MFCs for Russian document issuance. Also mentioned in multiple Kherson monthly reports as a site for medical outreach and cultural events.
OFC-1067,Pulyaeva Liliya Anatolevna,Пуляева Лилия Анатольевна,Kherson Oblast,"Head of Chaplynka Municipal District, Kherson Oblast (occupation)",District,Chaplynka,2023,,Yes,Kherson Oblast-based local official,,,,Kherson Oblast occupation administration; Chaplynka municipal administration.,,,Head of Chaplynka municipal district — one of the five districts with a functioning MFC per October 2025 Kherson report.
OFC-1068,Svechnikov Aleksandr Valerevich,Свечников Александр Валерьевич,Kherson Oblast,"Acting First Deputy Minister of Property and Land Relations, Kherson Oblast",Sector,Henichesk,2024 (at least),,Yes,Kherson Oblast occupation official,,,,Kherson Oblast occupation administration; Ministry of Property and Land Relations.,,,Acting first deputy minister for property and land relations — directly relevant to Legal Architecture dimension. Oversees seizure and redistribution of Ukrainian property assets.
OFC-1069,Davidova Mariya Vyacheslavovna,Давидова Мария Вячеславовна,Kherson Oblast,"Acting Deputy Minister of Property and Land Relations, Kherson Oblast",Sector,Henichesk,2025 (at least),,Yes,Kherson Oblast occupation official,,,,Kherson Oblast occupation administration; Ministry of Property and Land Relations.,,,
OFC-1070,Andreeva Angelina Davidovna,Андреева Ангелина Давидовна,Kherson Oblast,"Acting Deputy Minister of Property and Land Relations, Kherson Oblast",Sector,Henichesk,2025 (at least),,Yes,Kherson Oblast occupation official,,,,Kherson Oblast occupation administration; Ministry of Property and Land Relations.,,,
OFC-1071,Malaya Lyudmila Aleksandrovna,Малая Людмила Александровна,Kherson Oblast,Head (Managing Director) of Social Fund of Russia — Kherson Oblast Branch,Sector,Henichesk,2023,,Yes,From Russia,,,,Kherson Oblast occupation administration; Social Fund of Russia (Kherson).,,,"Manages Russian pension and social payment system in occupied Kherson Oblast. Key figure in economic integration — over 67,000 residents receive Russian pensions (per August 2025 Kherson report)."
OFC-1072,Karaulova Yuliya Pavlovna,Караулова Юлия Павловна,Kherson Oblast,"Deputy Head, Social Fund of Russia — Kherson Oblast Branch",Sector,Henichesk,2022,,Yes,From Russia,,"While she is mentioned on the website of SFR, accoridng to audit-it.ru her term ended in 2023.",,Kherson Oblast occupation administration; Social Fund of Russia (Kherson).,,,
OFC-1073,Kuguk Viktoriya Anatolevna,Кугук Виктория Анатольевна,Kherson Oblast,"Deputy Head, Social Fund of Russia — Kherson Oblast Branch",Sector,Henichesk,2022,,Yes,From Russia,,,,Kherson Oblast occupation administration; Social Fund of Russia (Kherson).,,,
OFC-1074,Akifeva Elena Evgenevna,Акифьева Елена Евгеньевна,Kherson Oblast,"Deputy Head, Social Fund of Russia — Kherson Oblast Branch",Sector,Henichesk,2023 (at least),,Yes,From Russia,,,,Kherson Oblast occupation administration; Social Fund of Russia (Kherson).,,,
OFC-1075,Mordachyova Irina Sergeevna,Мордачёва Ирина Сергеевна,Kherson Oblast,"Head of Employment Service, Kherson Oblast",Sector,Henichesk,2024,,Yes,Kherson Oblast occupation official,,,,Kherson Oblast occupation administration; Employment Service.,,,Heads the occupation employment service — manages labour market integration into Russian employment system including forced registration requirements.
OFC-1076,Kalyonov Georgiy Dmitrievich,Калёнов Георгий Дмитриевич,Kherson Oblast,"First Deputy Minister of Industry and Trade, Kherson Oblast",Sector,Henichesk,2023 (at least),,Yes,Kherson Oblast occupation official,,,,Kherson Oblast occupation administration; Ministry of Industry and Trade.,,,First deputy to Kiriyenko Georgy (OFC-354).
OFC-1077,Krasulya Svetlana Valerevna,Красуля Светлана Валерьевна,Kherson Oblast,"Deputy Minister of Industry and Trade, Kherson Oblast",Sector,Henichesk,2025 (at least),,Yes,Kherson Oblast occupation official,,,,Kherson Oblast occupation administration; Ministry of Industry and Trade.,,,
OFC-1078,Saenko Marina Vladimirovna,Саенко Марина Владимировна,Kherson Oblast,"Acting Deputy Minister of Industry and Trade, Kherson Oblast",Sector,Henichesk,2025 (at least),,Yes,Kherson Oblast occupation official,,,,Kherson Oblast occupation administration; Ministry of Industry and Trade.,,,
OFC-1079,Larionov Vladimir Yurevich,Ларионов Владимир Юрьевич,Kherson Oblast,"Acting First Deputy Minister of Health, Kherson Oblast",Sector,Henichesk,2025 (at least),,Yes,Kherson Oblast occupation official,,,,Kherson Oblast occupation administration; Ministry of Health.,,,
OFC-1080,Demedyuk Olga Ivanovna,Демедюк Ольга Ивановна,Kherson Oblast,"Acting Deputy Minister of Health, Kherson Oblast",Sector,Henichesk,2025 (at least),,Yes,Kherson Oblast occupation official,,,,Kherson Oblast occupation administration; Ministry of Health.,,,
OFC-1081,Kolmykov Maksim Evgenevich,Колмыков Максим Евгеньевич,Kherson Oblast,"First Deputy Minister of Economic Development, Kherson Oblast",Sector,Henichesk,,,Yes,Kherson Oblast occupation official,,,,Kherson Oblast occupation administration; Ministry of Economic Development.,,,
OFC-1082,Belik Sergey Yakovlevich,Белик Сергей Яковлевич,Kherson Oblast,"Acting Deputy Minister of Economic Development, Kherson Oblast",Sector,Henichesk,2025 (at least),,Yes,Kherson Oblast occupation official,,,,Kherson Oblast occupation administration; Ministry of Economic Development.,,,
OFC-1083,Korostelenko Maksim Sergeevich,Коростеленко Максим Сергеевич,Kherson Oblast,"First Deputy Minister of Youth Policy, Kherson Oblast",Sector,Henichesk,2023 (at least),,Yes,Kherson Oblast occupation official,,,,Kherson Oblast occupation administration; Ministry of Youth Policy.,,,First deputy to Yarchenko Vladislav.
OFC-1084,Krupnaya Darya Anatolevna,Крупная Дарья Анатольевна,Kherson Oblast,"Deputy Minister of Youth Policy, Kherson Oblast",Sector,Henichesk,2025 (at least),,Yes,Kherson Oblast occupation official,,,,Kherson Oblast occupation administration; Ministry of Youth Policy.,,,
OFC-1085,Podsadnyy Aleksandr Sergeevich,Подсадный Александр Сергеевич,Kherson Oblast,"Head of Mass Sport and Infrastructure Development Department, Ministry of Sport, Kherson Oblast",Sector,Henichesk,,,Yes,Kherson Oblast occupation official,,,,Kherson Oblast occupation administration; Ministry of Sport.,,,
OFC-1086,Bodnya Karina Alekseevna,Бодня Карина Алексеевна,Kherson Oblast,"Head of Elite Sport Department, Ministry of Sport, Kherson Oblast",Sector,Henichesk,2026 (at least),,Yes,Kherson Oblast occupation official,,,,Kherson Oblast occupation administration; Ministry of Sport.,,,
OFC-1087,Grigorev Roman Nikolaevich,Григорьев Роман Николаевич,Kherson Oblast,"First Deputy Minister of Digital Development and Mass Communications, Kherson Oblast",Sector,Henichesk,2023 (at least),,Yes,Kherson Oblast occupation official,,,,Kherson Oblast occupation administration; Ministry of Digital Development.,,,"Announced in October 2025 that 20,000 ""Russian World"" satellite TV kits had been installed in occupied Kherson Oblast — key Digital Enclosure figure."
OFC-1088,Glukhova Elena Mikhaylovna,Глухова Елена Михайловна,Kherson Oblast,"Deputy Minister of Digital Development and Mass Communications, Kherson Oblast",Sector,Henichesk,,,Yes,Kherson Oblast occupation official,,,,Kherson Oblast occupation administration; Ministry of Digital Development.,,,
OFC-1089,Kalnaus Oleg Robertovich,Калнаус Олег Робертович,Kherson Oblast,"Acting Head of Veterinary Administration, Kherson Oblast",Sector,Henichesk,2023,,Yes,Kherson Oblast occupation official,,,,Kherson Oblast occupation administration; Veterinary Administration.,,,
OFC-1090,Musienko Viktor Ivanovich,Мусиенко Виктор Иванович,Kherson Oblast,"Deputy Head of Veterinary Administration, Kherson Oblast",Sector,Henichesk,,,Yes,Kherson Oblast occupation official,,,,Kherson Oblast occupation administration; Veterinary Administration.,,,
OFC-1091,Kalashnikova Oksana Aleksandrovna,Калашникова Оксана Александровна,Kherson Oblast,"Head of Internal Policy Administration, Kherson Oblast",Regional,Henichesk,2023,,Yes,Kherson Oblast occupation official,,,,Kherson Oblast occupation administration; Internal Policy Administration.,,,Heads the internal politics administration — directly responsible for political integration and loyalty management in occupied Kherson Oblast. Oversees United Russia party infrastructure and public chamber activities.
OFC-1092,Bulyuk Igor Vitalevich,Булюк Игорь Витальевич,Kherson Oblast,"First Deputy Head of Internal Policy Administration, Kherson Oblast",Sector,Henichesk,2024 (at least),,Yes,Kherson Oblast occupation official,,,,Kherson Oblast occupation administration; Internal Policy Administration.,,,Official in Kherson Oblast Internal Policy Administration — manages political integration and loyalty structures.
OFC-1093,Gavrishchuk Svetlana Aleksandrovna,Гаврищук Светлана Александровна,Kherson Oblast,"Deputy Head of Internal Policy Administration, Kherson Oblast",Sector,Henichesk,2025 (at least),,Yes,Kherson Oblast occupation official,,,,Kherson Oblast occupation administration; Internal Policy Administration.,,,Official in Kherson Oblast Internal Policy Administration — manages political integration and loyalty structures.
OFC-1094,Goltsov Dmitriy Evgenevich,Гольцов Дмитрий Евгеньевич,Kherson Oblast,"Deputy Head of Internal Policy Administration, Kherson Oblast",Sector,Henichesk,2022,,Yes,Kherson Oblast occupation official,,,,Kherson Oblast occupation administration; Internal Policy Administration.,,,Official in Kherson Oblast Internal Policy Administration — manages political integration and loyalty structures. Started as Deputy Head of the Police Department for the Korabelny District of Kherson.
OFC-1095,Nemtinov Evgeniy Viktorovich,Немтинов Евгений Викторович,Kherson Oblast,"Acting Deputy Minister of Finance, Kherson Oblast",Sector,Henichesk,2022,,Yes,Kherson Oblast occupation official,,,,Kherson Oblast occupation administration; Ministry of Finance.,,,
OFC-1096,Aleynova Anna Igorevna,Алейнова Анна Игоревна,Zaporizhzhia Oblast,Deputy of Zaporizhzhia Oblast Legislative Assembly,Regional,Melitopol,2023,,Yes,Zaporizhzhia Oblast-based local politician,,,,"Zaporizhzhia Oblast Legislative Assembly (1st convocation, September 2023); United Russia.",,,"Deputy of the Zaporizhzhia Oblast occupation Legislative Assembly, United Russia faction — elected to Russian-controlled occupation legislature (1st convocation, September 2023)."
OFC-1097,Andros Nikolay Vasilevich,Андрос Николай Васильевич,Zaporizhzhia Oblast,Deputy of Zaporizhzhia Oblast Legislative Assembly; Coordinator of 'Healthy Future' project,Regional,Melitopol,2023,,Yes,Zaporizhzhia Oblast-based local politician,,,,"Zaporizhzhia Oblast Legislative Assembly (1st convocation, September 2023); United Russia.",,,"Deputy of the Zaporizhzhia Oblast occupation Legislative Assembly, United Russia faction — elected to Russian-controlled occupation legislature (1st convocation, September 2023)."
OFC-1098,Ashcheulov Vladislav Viktorovich,Ащеулов Владислав Викторович,Zaporizhzhia Oblast,Deputy of Zaporizhzhia Oblast Legislative Assembly,Regional,Melitopol,2023,,Yes,Zaporizhzhia Oblast-based local politician,,,,"Zaporizhzhia Oblast Legislative Assembly (1st convocation, September 2023); United Russia.",,,"Deputy of the Zaporizhzhia Oblast occupation Legislative Assembly, United Russia faction — elected to Russian-controlled occupation legislature (1st convocation, September 2023)."
OFC-1099,Betin Viktor Anatolevich,Бетин Виктор Анатольевич,Zaporizhzhia Oblast,Deputy of Zaporizhzhia Oblast Legislative Assembly,Regional,Melitopol,2023,,Yes,Zaporizhzhia Oblast-based local politician,,,,"Zaporizhzhia Oblast Legislative Assembly (1st convocation, September 2023); United Russia.",,,"Deputy of the Zaporizhzhia Oblast occupation Legislative Assembly, United Russia faction — elected to Russian-controlled occupation legislature (1st convocation, September 2023)."
OFC-1100,Gorlachev Evgeniy Sergeevich,Горлачев Евгений Сергеевич,Zaporizhzhia Oblast,Deputy of Zaporizhzhia Oblast Legislative Assembly; Director of Melitopol Regional Museum; Head of Melitopol Military-Historical Society,Regional,Melitopol,2023,,Yes,Zaporizhzhia Oblast-based local politician,,,,"Zaporizhzhia Oblast Legislative Assembly (1st convocation, September 2023); United Russia.",,,"Director of Melitopol Museum and military-historical society head — dual role placing him at intersection of occupation cultural administration and identity replacement. Deputy of the Zaporizhzhia Oblast occupation Legislative Assembly, United Russia faction — elected to Russian-controlled occupation legislature (1st convocation, September 2023)."
OFC-1101,Doloman Roman Gennadevich,Доломан Роман Геннадьевич,Zaporizhzhia Oblast,Deputy of Zaporizhzhia Oblast Legislative Assembly,Regional,Melitopol,2023,,Yes,Zaporizhzhia Oblast-based local politician,,,,"Zaporizhzhia Oblast Legislative Assembly (1st convocation, September 2023); United Russia.",,,"Deputy of the Zaporizhzhia Oblast occupation Legislative Assembly, United Russia faction — elected to Russian-controlled occupation legislature (1st convocation, September 2023)."
OFC-1102,Zubarev Maksim Yurevich,Зубарев Максим Юрьевич,Zaporizhzhia Oblast,Deputy of Zaporizhzhia Oblast Legislative Assembly; Chair of Committee on State Management and Local Government; coordinator 'Russian Village' project,Regional,Melitopol,2023,,Yes,Zaporizhzhia Oblast-based local politician,,,,"Zaporizhzhia Oblast Legislative Assembly (1st convocation, September 2023); United Russia.",,,"Committee chair for state management and local government — one of the most structurally significant committee roles in the assembly. Deputy of the Zaporizhzhia Oblast occupation Legislative Assembly, United Russia faction — elected to Russian-controlled occupation legislature (1st convocation, September 2023)."
OFC-1103,Karchaa Renat Ivanovich,Карчаа Ренат Иванович,Zaporizhzhia Oblast,Deputy of Zaporizhzhia Oblast Legislative Assembly,Regional,Melitopol,2023,,Yes,Zaporizhzhia Oblast-based local politician,,,,"Zaporizhzhia Oblast Legislative Assembly (1st convocation, September 2023); United Russia.",,,"Caucasian-origin surname notable in occupied Zaporizhzhia context. Deputy of the Zaporizhzhia Oblast occupation Legislative Assembly, United Russia faction — elected to Russian-controlled occupation legislature (1st convocation, September 2023)."
OFC-1104,Kovdrya Anastasiya Vitalevna,Ковдря Анастасия Витальевна,Zaporizhzhia Oblast,Deputy of Zaporizhzhia Oblast Legislative Assembly,Regional,Melitopol,2023,,Yes,Zaporizhzhia Oblast-based local politician,,,,"Zaporizhzhia Oblast Legislative Assembly (1st convocation, September 2023); United Russia.",,,"Deputy of the Zaporizhzhia Oblast occupation Legislative Assembly, United Russia faction — elected to Russian-controlled occupation legislature (1st convocation, September 2023)."
OFC-1105,Kuvachev Stepan Anatolevich,Кувачев Степан Анатольевич,Zaporizhzhia Oblast,"Deputy of Zaporizhzhia Oblast Legislative Assembly; Chair of Committee on Culture, Sport, Tourism, Ecology and Youth",Regional,Melitopol,2023,,Yes,Zaporizhzhia Oblast-based local politician,,,,"Zaporizhzhia Oblast Legislative Assembly (1st convocation, September 2023); United Russia.",,,"Committee chair covering youth, culture, and ecology — all key dimensions of occupation governance. Deputy of the Zaporizhzhia Oblast occupation Legislative Assembly, United Russia faction — elected to Russian-controlled occupation legislature (1st convocation, September 2023)."
OFC-1106,Kucherkov Aleksandr Aleksandrovich,Кучерков Александр Александрович,Zaporizhzhia Oblast,Deputy of Zaporizhzhia Oblast Legislative Assembly,Regional,Melitopol,2023,,Yes,Zaporizhzhia Oblast-based local politician,,,,"Zaporizhzhia Oblast Legislative Assembly (1st convocation, September 2023); United Russia.",,,"Deputy of the Zaporizhzhia Oblast occupation Legislative Assembly, United Russia faction — elected to Russian-controlled occupation legislature (1st convocation, September 2023)."
OFC-1107,Lyubeznyy Maksim Vladimirovich,Любезный Максим Владимирович,Zaporizhzhia Oblast,Deputy of Zaporizhzhia Oblast Legislative Assembly,Regional,Melitopol,2023,,Yes,Zaporizhzhia Oblast-based local politician,,,,"Zaporizhzhia Oblast Legislative Assembly (1st convocation, September 2023); United Russia.",,,"Deputy of the Zaporizhzhia Oblast occupation Legislative Assembly, United Russia faction — elected to Russian-controlled occupation legislature (1st convocation, September 2023)."
OFC-1108,Musenko Pavel Aleksandrovich,Мусенко Павел Александрович,Zaporizhzhia Oblast,Deputy of Zaporizhzhia Oblast Legislative Assembly,Regional,Melitopol,2023,,Yes,Zaporizhzhia Oblast-based local politician,,,,"Zaporizhzhia Oblast Legislative Assembly (1st convocation, September 2023); United Russia.",,,"Deputy of the Zaporizhzhia Oblast occupation Legislative Assembly, United Russia faction — elected to Russian-controlled occupation legislature (1st convocation, September 2023)."
OFC-1109,Novikova Lyudmila Viktorovna,Новикова Людмила Викторовна,Zaporizhzhia Oblast,Deputy of Zaporizhzhia Oblast Legislative Assembly; Member of Regional Political Council,Regional,Melitopol,2023,,Yes,Zaporizhzhia Oblast-based local politician,,,,"Zaporizhzhia Oblast Legislative Assembly (1st convocation, September 2023); United Russia.",,,"Deputy of the Zaporizhzhia Oblast occupation Legislative Assembly, United Russia faction — elected to Russian-controlled occupation legislature (1st convocation, September 2023)."
OFC-1110,Paraskan Kristina Nikolaevna,Параскан Кристина Николаевна,Zaporizhzhia Oblast,Deputy of Zaporizhzhia Oblast Legislative Assembly,Regional,Melitopol,2023,,Yes,Zaporizhzhia Oblast-based local politician,,,,"Zaporizhzhia Oblast Legislative Assembly (1st convocation, September 2023); United Russia.",,,"Deputy of the Zaporizhzhia Oblast occupation Legislative Assembly, United Russia faction — elected to Russian-controlled occupation legislature (1st convocation, September 2023)."
OFC-1111,Pastushenko Nikolay Mikhaylovich,Пастушенко Николай Михайлович,Zaporizhzhia Oblast,First Deputy Chairman of Zaporizhzhia Oblast Legislative Assembly,Regional,Melitopol,2023,,Yes,Zaporizhzhia Oblast-based local politician,,,,"Zaporizhzhia Oblast Legislative Assembly (1st convocation, September 2023); United Russia.",,,"First Deputy Chair of the assembly — senior leadership position. Deputy of the Zaporizhzhia Oblast occupation Legislative Assembly, United Russia faction — elected to Russian-controlled occupation legislature (1st convocation, September 2023)."
OFC-1112,Popov Mikhail Nikolaevich,Попов Михаил Николаевич,Zaporizhzhia Oblast,Deputy Chairman of Zaporizhzhia Oblast Legislative Assembly,Regional,Melitopol,2023,,Yes,Zaporizhzhia Oblast-based local politician,,,,"Zaporizhzhia Oblast Legislative Assembly (1st convocation, September 2023); United Russia.",,,"Deputy Chair of the assembly. Deputy of the Zaporizhzhia Oblast occupation Legislative Assembly, United Russia faction — elected to Russian-controlled occupation legislature (1st convocation, September 2023)."
OFC-1113,Rozhkova Veronika Viktorovna,Рожкова Вероника Викторовна,Zaporizhzhia Oblast,Deputy of Zaporizhzhia Oblast Legislative Assembly,Regional,Melitopol,2023,,Yes,Zaporizhzhia Oblast-based local politician,,,,"Zaporizhzhia Oblast Legislative Assembly (1st convocation, September 2023); United Russia.",,,"Deputy of the Zaporizhzhia Oblast occupation Legislative Assembly, United Russia faction — elected to Russian-controlled occupation legislature (1st convocation, September 2023)."
OFC-1114,Saulenko Aleksandr Fedorovich,Сауленко Александр Федорович,Zaporizhzhia Oblast,Deputy of Zaporizhzhia Oblast Legislative Assembly,Regional,Melitopol,2023,,Yes,Zaporizhzhia Oblast-based local politician,,,,"Zaporizhzhia Oblast Legislative Assembly (1st convocation, September 2023); United Russia.",,,"Deputy of the Zaporizhzhia Oblast occupation Legislative Assembly, United Russia faction — elected to Russian-controlled occupation legislature (1st convocation, September 2023)."
OFC-1115,Skiba Anna Valerevna,Скиба Анна Валерьевна,Zaporizhzhia Oblast,Deputy of Zaporizhzhia Oblast Legislative Assembly,Regional,Melitopol,2023,,Yes,Zaporizhzhia Oblast-based local politician,,,,"Zaporizhzhia Oblast Legislative Assembly (1st convocation, September 2023); United Russia.",,,"Deputy of the Zaporizhzhia Oblast occupation Legislative Assembly, United Russia faction — elected to Russian-controlled occupation legislature (1st convocation, September 2023)."
OFC-1116,Starikov Roman Gennadevich,Стариков Роман Геннадьевич,Zaporizhzhia Oblast,Deputy of Zaporizhzhia Oblast Legislative Assembly; Coordinator of the 'Historical Memory' project,Regional,Melitopol,2023,,Yes,Zaporizhzhia Oblast-based local politician,,,,"Zaporizhzhia Oblast Legislative Assembly (1st convocation, September 2023); United Russia.",,,"Coordinates the ""Historical Memory"" project — directly relevant to Identity Replacement dimension and rewriting of historical narrative in occupied territory. Deputy of the Zaporizhzhia Oblast occupation Legislative Assembly, United Russia faction — elected to Russian-controlled occupation legislature (1st convocation, September 2023)."
OFC-1117,Stelmachenko Vladimir Anatolevich,Стельмаченко Владимир Анатольевич,Zaporizhzhia Oblast,Deputy of Zaporizhzhia Oblast Legislative Assembly,Regional,Melitopol,2023,,Yes,Zaporizhzhia Oblast-based local politician,,,,"Zaporizhzhia Oblast Legislative Assembly (1st convocation, September 2023); United Russia.",,,"Deputy of the Zaporizhzhia Oblast occupation Legislative Assembly, United Russia faction — elected to Russian-controlled occupation legislature (1st convocation, September 2023)."
OFC-1118,Stepanov Vladislav Vitalevich,Степанов Владислав Витальевич,Zaporizhzhia Oblast,Deputy Chairman (Social Policy) of Zaporizhzhia Oblast Legislative Assembly,Regional,Melitopol,2023,,Yes,Zaporizhzhia Oblast-based local politician,,,,"Zaporizhzhia Oblast Legislative Assembly (1st convocation, September 2023); United Russia.",,,"Deputy Chair with social policy portfolio. Deputy of the Zaporizhzhia Oblast occupation Legislative Assembly, United Russia faction — elected to Russian-controlled occupation legislature (1st convocation, September 2023)."
OFC-1119,Stepanyuk Ekaterina Ivanovna,Степанюк Екатерина Ивановна,Zaporizhzhia Oblast,Deputy of Zaporizhzhia Oblast Legislative Assembly,Regional,Melitopol,2023,,Yes,Zaporizhzhia Oblast-based local politician,,,,"Zaporizhzhia Oblast Legislative Assembly (1st convocation, September 2023); United Russia.",,,"Deputy of the Zaporizhzhia Oblast occupation Legislative Assembly, United Russia faction — elected to Russian-controlled occupation legislature (1st convocation, September 2023)."
OFC-1120,Surotkina Darya Nikolaevna,Суроткина Дарья Николаевна,Zaporizhzhia Oblast,"Leader of United Russia Faction; Chair of Budget and Economic Policy Committee, Zaporizhzhia Oblast Legislative Assembly",Regional,Melitopol,2023,,Yes,Zaporizhzhia Oblast-based local politician,,,,"Zaporizhzhia Oblast Legislative Assembly (1st convocation, September 2023); United Russia.",,,UR faction leader and Budget Committee chair — one of the most powerful figures in the assembly. Member of Presidium of Regional Political Council.
OFC-1121,Tarantinov Anton Sergeevich,Тарантинов Антон Сергеевич,Zaporizhzhia Oblast,Deputy of Zaporizhzhia Oblast Legislative Assembly,Regional,Melitopol,2023,,Yes,Zaporizhzhia Oblast-based local politician,,,,"Zaporizhzhia Oblast Legislative Assembly (1st convocation, September 2023); United Russia.",,,"Deputy of the Zaporizhzhia Oblast occupation Legislative Assembly, United Russia faction — elected to Russian-controlled occupation legislature (1st convocation, September 2023)."
OFC-1122,Trokay Elena Andreevna,Трокай Елена Андреевна,Zaporizhzhia Oblast,Deputy of Zaporizhzhia Oblast Legislative Assembly; Coordinator of the 'World of Possibilities' project,Regional,Melitopol,2023,,Yes,Zaporizhzhia Oblast-based local politician,,,,"Zaporizhzhia Oblast Legislative Assembly (1st convocation, September 2023); United Russia.",,,"Deputy of the Zaporizhzhia Oblast occupation Legislative Assembly, United Russia faction — elected to Russian-controlled occupation legislature (1st convocation, September 2023)."
OFC-1123,Tyurin Konstantin Vitalevich,Тюрин Константин Витальевич,Zaporizhzhia Oblast,Deputy of Zaporizhzhia Oblast Legislative Assembly; Director of MUP 'Teplo-Melitopol',Regional,Melitopol,2023,,Yes,Zaporizhzhia Oblast-based local politician,,,,"Zaporizhzhia Oblast Legislative Assembly (1st convocation, September 2023); United Russia.",,,"Director of Melitopol heat supply municipal enterprise — dual legislator/utility manager role. Deputy of the Zaporizhzhia Oblast occupation Legislative Assembly, United Russia faction — elected to Russian-controlled occupation legislature (1st convocation, September 2023)."
OFC-1124,Yurchenko Sergey Nikolaevich,Юрченко Сергей Николаевич,Zaporizhzhia Oblast,"Deputy Chair of Defence and Law Enforcement Committee, Zaporizhzhia Oblast Legislative Assembly",Regional,Melitopol,2023,,Yes,Zaporizhzhia Oblast-based local politician,,,,"Zaporizhzhia Oblast Legislative Assembly (1st convocation, September 2023); United Russia.",,,"Defence committee deputy chair — oversight of occupation security structures. Deputy of the Zaporizhzhia Oblast occupation Legislative Assembly, United Russia faction — elected to Russian-controlled occupation legislature (1st convocation, September 2023)."
OFC-1125,Yarchuk Angelina Vladimirovna,Ярчук Ангелина Владимировна,Zaporizhzhia Oblast,Deputy Chairman of Zaporizhzhia Oblast Legislative Assembly; Member Regional Political Council,Regional,Melitopol,2023,,Yes,Zaporizhzhia Oblast-based local politician,,,,"Zaporizhzhia Oblast Legislative Assembly (1st convocation, September 2023); United Russia.",,,"Deputy of the Zaporizhzhia Oblast occupation Legislative Assembly, United Russia faction — elected to Russian-controlled occupation legislature (1st convocation, September 2023)."
OFC-1126,Kovganko Andrey Anatolevich,Ковганко Андрей Анатольевич,Zaporizhzhia Oblast,Deputy Chairman of Zaporizhzhia Oblast Legislative Assembly,Regional,Melitopol,2023,,Yes,Zaporizhzhia Oblast-based local politician,,,,"Zaporizhzhia Oblast Legislative Assembly (1st convocation, September 2023); United Russia.",,,"Deputy Chair mentioned in Zaporizhzhia news sources. United Russia faction — elected to Russian-controlled occupation legislature (1st convocation, September 2023)."
OFC-1127,Yasinskiy Aleksey Leonidovich,Ясинский Алексей Леонидович,Zaporizhzhia Oblast,Deputy of Zaporizhzhia Oblast Legislative Assembly,Regional,Melitopol,2023,,Yes,Zaporizhzhia Oblast-based local politician,,,,"Zaporizhzhia Oblast Legislative Assembly (1st convocation, September 2023); United Russia.",,,"Deputy of the Zaporizhzhia Oblast occupation Legislative Assembly, United Russia faction — elected to Russian-controlled occupation legislature (1st convocation, September 2023)."
OFC-1128,Abduraimov Enver Elimdarovich,Абдураимов Энвер Элимдарович,Kherson Oblast,"Deputy, Kherson Oblast Duma; Deputy Chair of Finance and Budget Committee",Regional,Henichesk,2023,,Yes,Kherson Oblast-based local politician,,,,"Kherson Oblast Duma (1st convocation, September 2023); United Russia.",,,"Crimean Tatar-origin surname — analytically significant in context of Kherson Oblast demographic and political engineering, pattern of Tatar-background officials placed in Kherson Oblast legislature as part of demographic engineering strategy."
OFC-1129,Barbashov Yuriy Vladislavovich,Барбашов Юрий Владиславович,Kherson Oblast,"Deputy, Kherson Oblast Duma; Member of Legislation and Local Government Committee",Regional,Henichesk,2023,,Yes,Kherson Oblast-based local politician,,,,"Kherson Oblast Duma (1st convocation, September 2023); United Russia.",,,"Deputy of the Kherson Oblast occupation Duma, United Russia faction — elected to Russian-controlled occupation legislature (1st convocation, September 2023)."
OFC-1130,Gabrielyan Khoren Alikovich,Габриелян Хорен Аликович,Kherson Oblast,"Deputy, Kherson Oblast Duma; Member of Nationality Policy Committee",Regional,Henichesk,2023,,Yes,Kherson Oblast-based local politician,,,,"Kherson Oblast Duma (1st convocation, September 2023); United Russia.",,,"Armenian-origin surname. Deputy of the Kherson Oblast occupation Duma, United Russia faction — elected to Russian-controlled occupation legislature (1st convocation, September 2023)."
OFC-1131,Gribovskaya Ekaterina Viktorovna,Грибовская Екатерина Викторовна,Kherson Oblast,"Deputy, Kherson Oblast Duma",Regional,Henichesk,2023,,Yes,Kherson Oblast-based local politician,,,,"Kherson Oblast Duma (1st convocation, September 2023); United Russia.",,,"Deputy of the Kherson Oblast occupation Duma, United Russia faction — elected to Russian-controlled occupation legislature (1st convocation, September 2023)."
OFC-1132,Grishin Aleksey Yurevich,Гришин Алексей Юрьевич,Kherson Oblast,"Deputy, Kherson Oblast Duma; Member of Finance and Budget Committee",Regional,Henichesk,2023,,Yes,Kherson Oblast-based local politician,,,,"Kherson Oblast Duma (1st convocation, September 2023); United Russia.",,,"Deputy of the Kherson Oblast occupation Duma, United Russia faction — elected to Russian-controlled occupation legislature (1st convocation, September 2023)."
OFC-1133,Dmitruk Elena Leonidovna,Дмитрук Елена Леонидовна,Kherson Oblast,First Deputy Chairman of Kherson Oblast Duma; Coordinator of the 'Entrepreneurship' project,Regional,Henichesk,2023,,Yes,Kherson Oblast-based local politician,,,,"Kherson Oblast Duma (1st convocation, September 2023); United Russia.",,,"First Deputy Chair of Duma — senior leadership. Deputy of the Kherson Oblast occupation Duma, United Russia faction — elected to Russian-controlled occupation legislature (1st convocation, September 2023)."
OFC-1134,Kovalyov Yuriy Ivanovich,Ковалёв Юрий Иванович,Kherson Oblast,"Deputy, Kherson Oblast Duma; Chair of Agriculture, Land and Ecology Committee",Regional,Henichesk,2023,,Yes,Kherson Oblast-based local politician,,,,"Kherson Oblast Duma (1st convocation, September 2023); United Russia.",,,"Committee chair covering agriculture and land — directly relevant to grain confiscation and land redistribution dimensions. Deputy of the Kherson Oblast occupation Duma, United Russia faction — elected to Russian-controlled occupation legislature (1st convocation, September 2023)."
OFC-1135,Konovalov Vladimir Ivanovich,Коновалов Владимир Иванович,Kherson Oblast,"Deputy, Kherson Oblast Duma; Member of Agriculture Committee",Regional,Henichesk,2023,,Yes,Kherson Oblast-based local politician,,,,"Kherson Oblast Duma (1st convocation, September 2023); United Russia.",,,"Deputy of the Kherson Oblast occupation Duma, United Russia faction — elected to Russian-controlled occupation legislature (1st convocation, September 2023)."
OFC-1136,Kosov Vladimir Viktorovich,Косов Владимир Викторович,Kherson Oblast,"Deputy, Kherson Oblast Duma; Deputy Chair of Agriculture Committee; Coordinator of the 'Children's Sport' project",Regional,Henichesk,2023,,Yes,Kherson Oblast-based local politician,,,,"Kherson Oblast Duma (1st convocation, September 2023); United Russia.",,,"Deputy of the Kherson Oblast occupation Duma, United Russia faction — elected to Russian-controlled occupation legislature (1st convocation, September 2023)."
OFC-1137,Kuzmin Evgeniy Sergeevich,Кузьмин Евгений Сергеевич,Kherson Oblast,"Deputy, Kherson Oblast Duma; Deputy Chair of Social Policy Committee; Coordinator of the 'Healthy Future' project",Regional,Henichesk,2023,,Yes,Kherson Oblast-based local politician,,,,"Kherson Oblast Duma (1st convocation, September 2023); United Russia.",,,"Deputy of the Kherson Oblast occupation Duma, United Russia faction — elected to Russian-controlled occupation legislature (1st convocation, September 2023)."
OFC-1138,Lebedkin Vladimir Ivanovich,Лебедкин Владимир Иванович,Kherson Oblast,"Deputy, Kherson Oblast Duma; Deputy Chair of Nationality Policy Committee",Regional,Henichesk,2023,,Yes,Kherson Oblast-based local politician,,,,"Kherson Oblast Duma (1st convocation, September 2023); United Russia.",,,"Deputy of the Kherson Oblast occupation Duma, United Russia faction — elected to Russian-controlled occupation legislature (1st convocation, September 2023)."
OFC-1139,Maksimov Evgeniy Ivanovich,Максимов Евгений Иванович,Kherson Oblast,"Deputy, Kherson Oblast Duma; Member of Finance Committee; Coordinator of the 'Culture of Small Homeland' project",Regional,Henichesk,2023,,Yes,Kherson Oblast-based local politician,,,,"Kherson Oblast Duma (1st convocation, September 2023); United Russia.",,,"Deputy of the Kherson Oblast occupation Duma, United Russia faction — elected to Russian-controlled occupation legislature (1st convocation, September 2023)."
OFC-1140,Moroz Oksana Petrovna,Мороз Оксана Петровна,Kherson Oblast,"Deputy, Kherson Oblast Duma; Member of Social Policy Committee; Deputy Secretary for Project Work; Coordinator of the 'Women's Movement' project",Regional,Henichesk,2023,,Yes,Kherson Oblast-based local politician,,,,"Kherson Oblast Duma (1st convocation, September 2023); United Russia.",,,"Deputy of the Kherson Oblast occupation Duma, United Russia faction — elected to Russian-controlled occupation legislature (1st convocation, September 2023)."
OFC-1141,Osipenko Olga Nikolaevna,Осипенко Ольга Николаевна,Kherson Oblast,"Deputy, Kherson Oblast Duma; Chair of Finance and Budget Committee",Regional,Henichesk,2023,,Yes,Kherson Oblast-based local politician,,,,"Kherson Oblast Duma (1st convocation, September 2023); United Russia.",,,"Deputy of the Kherson Oblast occupation Duma, United Russia faction — elected to Russian-controlled occupation legislature (1st convocation, September 2023)."
OFC-1142,Rubin Evgeniya Romanovna,Рубин Евгения Романовна,Kherson Oblast,"Leader of United Russia Faction, Kherson Oblast Duma; Director of Askania-Nova Scientific Research Institute; Coordinator of the 'Strong Family' project",Regional,Henichesk,2023,,Yes,Kherson Oblast-based local politician,,,,"Kherson Oblast Duma (1st convocation, September 2023); United Russia.",,,"Faction leader and director of the Askania-Nova biosphere research institute — dual role connecting legislature to state research infrastructure. Deputy of the Kherson Oblast occupation Duma, United Russia faction — elected to Russian-controlled occupation legislature (1st convocation, September 2023)."
OFC-1143,Sabinov Andrey Pavlovich,Сабинов Андрей Павлович,Kherson Oblast,"Deputy, Kherson Oblast Duma; Deputy Chair of Legislation and Local Government Committee",Regional,Henichesk,2023,,Yes,Kherson Oblast-based local politician,,,,"Kherson Oblast Duma (1st convocation, September 2023); United Russia.",,,"Deputy of the Kherson Oblast occupation Duma, United Russia faction — elected to Russian-controlled occupation legislature (1st convocation, September 2023)."
OFC-1144,Sivolonskaya Tatyana Borisovna,Сиволонская Татьяна Борисовна,Kherson Oblast,"Deputy, Kherson Oblast Duma; Member of Agriculture Committee; Coordinator of the 'Russian Village' project",Regional,Henichesk,2023,,Yes,Kherson Oblast-based local politician,,,,"Kherson Oblast Duma (1st convocation, September 2023); United Russia.",,,"Deputy of the Kherson Oblast occupation Duma, United Russia faction — elected to Russian-controlled occupation legislature (1st convocation, September 2023)."
OFC-1145,Sipko Yuliya Olegovna,Сипко Юлия Олеговна,Kherson Oblast,"Deputy, Kherson Oblast Duma; Member of Nationality Policy Committee",Regional,Henichesk,2023,,Yes,Kherson Oblast-based local politician,,,,"Kherson Oblast Duma (1st convocation, September 2023); United Russia.",,,"Deputy of the Kherson Oblast occupation Duma, United Russia faction — elected to Russian-controlled occupation legislature (1st convocation, September 2023)."
OFC-1146,Telegin Igor Evgenevich,Телегин Игорь Евгеньевич,Kherson Oblast,"Deputy, Kherson Oblast Duma; Chair of Social Policy Committee",Regional,Henichesk,2023,,Yes,Kherson Oblast-based local politician,,,,"Kherson Oblast Duma (1st convocation, September 2023); United Russia.",,,"Deputy of the Kherson Oblast occupation Duma, United Russia faction — elected to Russian-controlled occupation legislature (1st convocation, September 2023)."
OFC-1148,Tropkin Pavel Mikhaylovich,Тропкин Павел Михайлович,Kherson Oblast,Deputy Chairman of Kherson Oblast Duma; First Deputy Secretary of Kherson ER regional branch; Coordinator of the 'Safe Roads' project,Regional,Henichesk,2023,,Yes,Kherson Oblast-based local politician,,,,"Kherson Oblast Duma (1st convocation, September 2023); United Russia.",,,"Deputy Chair of Duma and effectively co-leads the United Russia regional organisation. Elected to Russian-controlled occupation legislature (1st convocation, September 2023)."
OFC-1149,Fateeva Elvira Mikhaylovna,Фатеева Эльвира Михайловна,Kherson Oblast,"Deputy, Kherson Oblast Duma; Rector of Kherson Academy of Continuing Education; Coordinator of the 'World of Possibilities' project",Regional,Henichesk,2023,,Yes,Kherson Oblast-based local politician,,,,"Kherson Oblast Duma (1st convocation, September 2023); United Russia.",,,"Rector of Kherson Academy of Continuing Education — dual legislative/educational institution role. Key figure in education integration/Identity Replacement dimension. Deputy of the Kherson Oblast occupation Duma, United Russia faction — elected to Russian-controlled occupation legislature (1st convocation, September 2023)."
OFC-1150,Fomin Aleksandr Aleksandrovich,Фомин Александр Александрович,Kherson Oblast,"Deputy, Kherson Oblast Duma; Member of Finance and Budget Committee",Regional,Henichesk,2023,,Yes,Kherson Oblast-based local politician,,,,"Kherson Oblast Duma (1st convocation, September 2023); United Russia.",,,"Deputy of the Kherson Oblast occupation Duma, United Russia faction — elected to Russian-controlled occupation legislature (1st convocation, September 2023)."
OFC-1151,Kharitonov Andrey Nikolaevich,Харитонов Андрей Николаевич,Kherson Oblast,"Deputy, Kherson Oblast Duma; Member of Economic Policy and Industry Committee",Regional,Henichesk,2023,,Yes,Kherson Oblast-based local politician,,,,"Kherson Oblast Duma (1st convocation, September 2023); United Russia.",,,"Deputy of the Kherson Oblast occupation Duma, United Russia faction — elected to Russian-controlled occupation legislature (1st convocation, September 2023)."
OFC-1152,Tsalikov Tamerlan Ruslanovich,Цаликов Тамерлан Русланович,Kherson Oblast,"Deputy Chair of United Russia Faction; Chair of Legislation and Local Government Committee, Kherson Oblast Duma; Coordinator of the 'Choice of the Strong' project",Regional,Henichesk,2023,,Yes,Kherson Oblast-based local politician,,,,"Kherson Oblast Duma (1st convocation, September 2023); United Russia.",,,Ossetian-origin surname. Faction deputy leader and Legislation Committee chair — one of the most influential deputies.
OFC-1153,Cherniy Igor Anatolevich,Черний Игорь Анатольевич,Kherson Oblast,"Deputy, Kherson Oblast Duma; Member of Legislation and Local Government Committee",Regional,Henichesk,2023,,Yes,Kherson Oblast-based local politician,,,,"Kherson Oblast Duma (1st convocation, September 2023); United Russia.",,,"Deputy of the Kherson Oblast occupation Duma, United Russia faction — elected to Russian-controlled occupation legislature (1st convocation, September 2023)."
OFC-1154,Kovalchuk Egor Viktorovich,Ковальчук Егор Викторович,LPR,Chairman of the LPR Government (Prime Minister),Regional,Luhansk,2024,,Yes,From Russia (Chelyabinsk Oblast),,,,LPR occupation administration.,,,"Appointed June 2024, replacing Kozlov Sergei. Background: career in ZhKH, energy and industry in Chelyabinsk Oblast and Khanty-Mansiysk AO, then Russian Ministry of Construction. Former head of Miass city. Graduate of RANEPA ""School of Governors"" programme. His appointment — an outsider from Chelyabinsk Oblast — signals Moscow's tightening of direct control over LPR executive."
OFC-1155,Govtvin Yuriy Nikolaevich,Говтвин Юрий Николаевич,LPR,First Deputy Chairman of the LPR Government,Regional,Luhansk,2019,,Yes,Local LPR government official,,,,LPR occupation administration.,,,First Deputy PM of LPR government. Acted as interim PM between Kozlov's resignation and Kovalchuk's appointment.
OFC-1157,Sukhachev Andrey Valerevich,Сухачев Андрей Валерьевич,LPR,"Head of Sverdlovsk (Dovzhansk) Municipal District Administration, LPR",City,Sverdlovsk (Dovzhansk),2016,,Yes,Local LPR city official,,,,LPR occupation administration.,,,"Head of Sverdlovsk municipal district — a major coal-mining city in southern LPR, formerly known as Sverdlovsk, renamed Dovzhansk by Ukraine in 2016."
OFC-1158,Sergeeva Viktoriya Ivanovna,Сергеева Виктория Ивановна,LPR,"Head of Kirovsk City Administration (occupation), LPR",City,Kirovsk,2021,,Yes,Local LPR city official,,,,LPR occupation administration.,,,Appointed 7 September 2021. Career background in municipal tax administration (deputy head of Pervomaysk tax inspectorate) before switching to political administration.
OFC-1159,Solovev Sergey Vitalevich,Соловьев Сергей Витальевич,LPR,"Head of Krasny Luch City Administration (occupation), LPR",City,Krasny Luch,2023,,Yes,Local LPR city official,,,,LPR occupation administration.,,,Head of Krasny Luch (renamed Sorokyne by Ukraine) city administration.
OFC-1160,Dreev Pavel Pavlovich,Дреев Павел Павлович,LPR,"Acting Head of Sievierodonetsk City Administration (occupation), LPR",City,Sievierodonetsk,2025,,Yes,Local LPR city official,,,,LPR occupation administration.,,,"Acting head of Sievierodonetsk occupation administration — a city captured in June 2022 after heavy fighting, former administrative centre of Ukrainian-controlled Luhansk Oblast. Population largely displaced."
OFC-1161,Sakhnenko Eduard Valerevich,Сахненко Эдуард Валерьевич,LPR,"Head of Lysychansk City Administration (occupation), LPR",City,Lysychansk,2023,,Yes,Local Lysychansk resident,,,,LPR occupation administration.,,,Born 4 September 1979. Before occupation worked as director of a subdivision of Lysychanskuhoil mine company. Appointed acting head of Lysychansk occupation administration 3 August 2023.
OFC-1162,Tokarev Nikolay Kirillovich,Токарев Николай Кириллович,LPR,"Head of Pervomaysk City Administration (occupation), LPR",City,Pervomaysk,2022,,Yes,Local LPR official,,,,LPR occupation administration.,,,"Head of Pervomaysk (renamed Sоkolohirsk by Ukraine in 2024, still called Pervomaysk by occupation). Appointed 17 February 2022. Career background in occupation administration internal politics from 2017."
OFC-1163,Bondar Evgeniy Nikolaevich,Бондарь Евгений Николаевич,LPR,"Head of Luhansk Municipal District Administration - Lutugino (occupation), LPR",District,Luhansk district,2023,,Yes,Local LPR city official,,,,LPR occupation administration.,,,
OFC-1164,Chernev Vladimir Ilich,Чернев Владимир Ильич,LPR,"Head of Starobilsk Municipal District Administration (occupation), LPR",District,Starobilsk,2023,,Yes,Local LPR city official,,,,LPR occupation administration.,,,"Head of Starobilsk municipal district — a significant district capital in northern LPR, captured in 2022, historically important as a logistics hub."
OFC-1165,Saenko Sergey Nikolaevich,Саенко Сергей Николаевич,LPR,"Head of Antratsyt Municipal District Administration (occupation), LPR",City,Antratsyt,2018,,Yes,Local LPR city official,,,,LPR occupation administration.,,,Head of Antratsyt (Antratsyt and Antratsytivsky district) municipal administration. Named in local occupation media.
OFC-1166,Rubantsov Andrey Viktorovich,Рубанцов Андрей Викторович,LPR,"Head of Rovenky City Administration (occupation), LPR",City,Rovenky,2021,,Yes,Local LPR city official,,,,LPR occupation administration.,,,
OFC-1167,Grebenkova Svetlana Petrovna,Гребенькова Светлана Петровна,LPR,"Head of Alchevsk City Administration (occupation), LPR",City,Alchevsk,2025,,Yes,Local LPR city official,,,,LPR occupation administration.,,,"Head of Alchevsk occupation city administration — Alchevsk is the second largest city in LPR, major metallurgical centre (Alchevsk Iron and Steel Works)."
OFC-1168,Moiseev Dmitriy,Моисеев Дмитрий,LPR,"Head of Stakhanov City Administration (occupation), LPR",City,Stakhanov (Kadiivka),,,Yes,Local LPR city official,,,,LPR occupation administration.,,,"Acting/temporary head of Stakhanov (renamed Kadiivka by Ukraine, retained as Stakhanov by occupation) city administration."
OFC-1169,Kalmykov Aleksandr,Калмыков Александр,Zaporizhzhia Oblast,"Head of Tokmak Municipal District, Zaporizhzhia Oblast (occupation)",City,Tokmak,2025,,Yes,"Local Zaporizhzhia Oblast official, originally from Penza oblast",,,,Zaporizhzhia Oblast occupation administration.,,,Head of Tokmak municipal district and local United Russia secretary. Tokmak is a key logistics hub in occupied Zaporizhzhia — junction of major road routes. Named in local occupation news.
OFC-1170,Titskiy Anton,Тицкий Антон,Zaporizhzhia Oblast,Vice-Governor of Zaporizhzhia Oblast; former Minister of Youth Policy,Regional,Melitopol,2022,,Yes,From Russia,,,,"Zaporizhzhia Oblast occupation administration, Government of the Russian Federation.",,,Vice-Governor of Zaporizhzhia Oblast. Previously served as Minister of Youth Policy. Named in zo.gov.ru news as conducting meetings with regional judicial council.
OFC-1172,Zubritskiy Viktor Vasilevich,Зубрицкий Виктор Васильевич,Zaporizhzhia Oblast,Deputy of Zaporizhzhia Oblast Legislative Assembly,Regional,Melitopol,2023,,Yes,Zaporizhzhia Oblast-based local politician,,,,"Zaporizhzhia Oblast Legislative Assembly (1st convocation, September 2023).",,,"Deputy of Zaporizhzhia Oblast Legislative Assembly (United Russia), 1st convocation (September 2023)."
OFC-1174,Efremov Aleksey Mikhaylovich,Ефремов Алексей Михайлович,Zaporizhzhia Oblast,Deputy of Zaporizhzhia Oblast Legislative Assembly,Regional,Melitopol,2023,,Yes,Zaporizhzhia Oblast-based local politician,,,,"Zaporizhzhia Oblast Legislative Assembly (1st convocation, September 2023).",,,"Deputy of Zaporizhzhia Oblast Legislative Assembly (United Russia), 1st convocation (September 2023)."
OFC-1175,Lobacheva Veronika Viktorovna,Лобачева Вероника Викторовна,Zaporizhzhia Oblast,Deputy of Zaporizhzhia Oblast Legislative Assembly,Regional,Melitopol,2023,,Yes,Zaporizhzhia Oblast-based local politician,,,,"Zaporizhzhia Oblast Legislative Assembly (1st convocation, September 2023).",,,"Deputy of Zaporizhzhia Oblast Legislative Assembly (United Russia), 1st convocation (September 2023)."
OFC-1176,Koryakin Egor Pavlovich,Корякин Егор Павлович,Zaporizhzhia Oblast,Deputy of Zaporizhzhia Oblast Legislative Assembly,Regional,Melitopol,2023,,Yes,Zaporizhzhia Oblast-based local politician,,,,"Zaporizhzhia Oblast Legislative Assembly (1st convocation, September 2023).",,,"Head of Zaporizhzhia ER Regional Executive Committee (RIK). Also elected Chair of the new Zaporizhzhia Oblast Youth Parliament. United Russia organisational backbone in the region. Elected to Russian-controlled occupation legislature (1st convocation, September 2023)."
OFC-1177,Onishchuk Yuriy Petrovich,Онищук Юрий Петрович,Zaporizhzhia Oblast,Deputy of Zaporizhzhia Oblast Legislative Assembly,Regional,Melitopol,2023,,Yes,Zaporizhzhia Oblast-based local politician,,,,"Zaporizhzhia Oblast Legislative Assembly (1st convocation, September 2023).",,,"Deputy from non-United Russia faction in Zaporizhzhia Oblast Legislative Assembly (1st convocation, September 2023). Exact party affiliation unconfirmed — assembly has CPRF (2 seats), LDPR (2 seats), A Just Russia (2 seats)."
OFC-1178,Mishchenko Vasiliy Arsentevich,Мищенко Василий Арсентьевич,Zaporizhzhia Oblast,Deputy of Zaporizhzhia Oblast Legislative Assembly,Regional,Melitopol,2023,,Yes,Zaporizhzhia Oblast-based local politician,,,,"Zaporizhzhia Oblast Legislative Assembly (1st convocation, September 2023).",,,"Deputy from non-United Russia faction in Zaporizhzhia Oblast Legislative Assembly (1st convocation, September 2023). Exact party affiliation unconfirmed — assembly has CPRF (2 seats), LDPR (2 seats), A Just Russia (2 seats)."
OFC-1179,Perov Kirill Alekseevich,Перов Кирилл Алексеевич,Zaporizhzhia Oblast,Deputy of Zaporizhzhia Oblast Legislative Assembly,Regional,Melitopol,2023,,Yes,Zaporizhzhia Oblast-based local politician,,,,"Zaporizhzhia Oblast Legislative Assembly (1st convocation, September 2023).",,,"Deputy from non-United Russia faction in Zaporizhzhia Oblast Legislative Assembly (1st convocation, September 2023). Exact party affiliation unconfirmed — assembly has CPRF (2 seats), LDPR (2 seats), A Just Russia (2 seats)."
OFC-1180,Tretyak Svetlana Feodosievna,Третьяк Светлана Феодосиевна,Zaporizhzhia Oblast,Deputy of Zaporizhzhia Oblast Legislative Assembly,Regional,Melitopol,2023,,Yes,Zaporizhzhia Oblast-based local politician,,,,"Zaporizhzhia Oblast Legislative Assembly (1st convocation, September 2023).",,,"Deputy from non-United Russia faction in Zaporizhzhia Oblast Legislative Assembly (1st convocation, September 2023). Exact party affiliation unconfirmed — assembly has CPRF (2 seats), LDPR (2 seats), A Just Russia (2 seats)."
OFC-1181,Slyusarenko Oleg Aleksandrovich,Слюсаренко Олег Александрович,Zaporizhzhia Oblast,Deputy of Zaporizhzhia Oblast Legislative Assembly,Regional,Melitopol,2023,,Yes,Zaporizhzhia Oblast-based local politician,,,,"Zaporizhzhia Oblast Legislative Assembly (1st convocation, September 2023).",,,"Deputy from non-United Russia faction in Zaporizhzhia Oblast Legislative Assembly (1st convocation, September 2023). Exact party affiliation unconfirmed — assembly has CPRF (2 seats), LDPR (2 seats), A Just Russia (2 seats)."
OFC-1182,Zakharov Maksim Evgenevich,Захаров Максим Евгеньевич,DPR,"Acting Minister of Economic Development, DPR",Regional,Donetsk,2024,,Yes,Local DPR political figure,,,,DPR occupation government.,,,Acting Economy Minister. Listed in May 2024 presidential decree creating a tax revenues and illegal employment task force as secretary of that body — indicates significant economic governance role.
OFC-1184,Golovko Aleksandr Ivanovich,Головко Александр Иванович,DPR,Deputy Minister of Sport and Tourism of the DPR,Regional,Donetsk,2025,,Yes,Local DPR political figure,"Former Acting First Deputy Minister of Economic Development, DPR.",,,DPR occupation government.,,,"Appointed acting first deputy economy minister March 2024, having previously served as deputy minister."
OFC-1185,Peresada Sergey Sergeyevich,Пересада Сергей Сергеевич,DPR,Director of the Department of External Relations of the Administration of the Head and Government of the Donetsk People’s Republic,Regional,Donetsk,2025,,Yes,Local DPR political figure,"First Deputy Minister of Foreign Affairs, DPR.",,,DPR occupation government.,,,First Deputy MFA of DPR — appeared in delegation to Damascus alongside Foreign Minister Nikonorova.
OFC-1186,Nikonorov Yuriy Alekseevich,Никоноров Юрий Алексеевич,DPR,"First Deputy Minister of Industry and Trade, DPR",Regional,Donetsk,2023 (at least),2024,No,Local DPR political figure,,,,DPR occupation government.,,,First Deputy Industry and Trade Minister — appeared in DPR Damascus delegation.
OFC-1187,Zinchenko Aleksandr Anatolevich,Зинченко Александр Анатольевич,Zaporizhzhia Oblast,Deputy Chairman of the Government of Zaporizhzhia Oblast,Regional,Melitopol,2021,2025,No,Local Zaporizhzhia Oblast official,,Arrested for corruption in 2025.,,Zaporizhzhia Oblast occupation government.,,,"Deputy PM of Zaporizhzhia Oblast occupation government. Chairs meetings on vocational education, social policy and youth. Named in multiple zo.gov.ru news items as chairing government meetings."
OFC-1188,Martynenko Elena Vladimirovna,Мартыненко Елена Владимировна,Zaporizhzhia Oblast,"Minister of Labour and Social Policy, Zaporizhzhia Oblast",Regional,Melitopol,2023 (at least),2025,No,Local Zaporizhzhia Oblast official,,,,Zaporizhzhia Oblast occupation government.,,,Labour and Social Policy Minister for occupied Zaporizhzhia Oblast. Oversees integration of workforce into Russian employment system.
OFC-1189,Ugolkova Anna Petrovna,Уголкова Анна Петровна,LPR / Zaporizhzhia Oblast,Minister of Economic Development of the Luhansk People’s Republic,Regional,Luhansk,2025,,Yes,Local Zaporizhzhia Oblast official,"Former Minister of Industry and Trade, Zaporizhzhia Oblast.",,,Zaporizhzhia Oblast occupation government.,,,
OFC-1190,Dyachenko Irina Viktorovna,Дьяченко Ирина Викторовна,Zaporizhzhia Oblast,"Head of the Employment Committee, Zaporizhzhia Oblast",Sector,Melitopol,2022,,Yes,Local Zaporizhzhia Oblast official,,,,Zaporizhzhia Oblast occupation government.,,,Heads the employment committee — manages forced labour registration requirements and integration into Russian employment structures.
OFC-1191,Kucherenko Anna Valerievna,Кучеренко Анна Валериевна,Zaporizhzhia Oblast,Former Acting Minister of Education and Science of Zaporizhzhia Oblast,Sector,Melitopol,2024,2025 (latest),No,Local Zaporizhzhia Oblast official,"Former Deputy Minister of Education and Science, Zaporizhzhia Oblast.",,,Zaporizhzhia Oblast occupation government.,,,
OFC-1192,Panfyorova Tatyana Mikhaylovna,Панфёрова Татьяна Михайловна,Zaporizhzhia Oblast,"Acting Deputy Minister of Education and Science, Zaporizhzhia Oblast",Sector,Melitopol,2025 (at least),,Yes,Local Zaporizhzhia Oblast official,,,,Zaporizhzhia Oblast occupation government.,,,Acting deputy education minister covering vocational/secondary education.
OFC-1193,Verkeenko Vladimir Valeryanovich,Веркеенко Владимир Валерьянович,Zaporizhzhia Oblast,"Deputy Minister of Education and Science, Zaporizhzhia Oblast",Sector,Melitopol,2024 (at least),2024 (last mentioned),No,Local Zaporizhzhia Oblast official,,,,Zaporizhzhia Oblast occupation government.,,,
OFC-1194,Afanasev Mikhail Sergeevich,Афанасьев Михаил Сергеевич,Crimea,"Head of Administration of Simferopol City, Republic of Crimea",City,Simferopol,2022,,Yes,Crimea-based occupation official,,,,Republic of Crimea; rk.gov.ru municipal administration.,,,"Head of Simferopol city administration since March 2022. Previously served as Minister of Internal Policy, Information and Communications of Crimea — the position now held by Kurshutov. His appointment replaced Balakhonov Maksim. Ranked second in Crimea municipal media effectiveness ratings 2025."
OFC-1195,Katorgin Oleg,Каторгин Олег,Crimea,"Head of Administration of Kerch City, Republic of Crimea",City,Kerch,2024,,Yes,Crimea-based occupation official,,,,Republic of Crimea; rk.gov.ru municipal administration.,,,Appointed head of Kerch city administration in October 2024. Kerch is strategically critical — site of the Kerch Bridge (Crimean Bridge) and key military-logistics hub. Consistently ranked among top Crimea municipal heads in media ratings.
OFC-1196,Yurev Aleksandr Yuryevich,Юрьев Александр Юрьевич,Crimea,"Head of Administration of Yevpatoria City, Republic of Crimea",City,Yevpatoria,2024,,Yes,"Crimea-based occupation official, born in Tambov, Russia",,,,Republic of Crimea; rk.gov.ru municipal administration.,,,Head of Yevpatoria city administration. Yevpatoria is one of Crimea's main resort cities. Ranked third in Crimea municipal social media ratings Q2 2025.
OFC-1197,Pavlenko Yanina Petrovna,Павленко Янина Петровна,Crimea,"Head of Administration of Yalta City, Republic of Crimea",City,Yalta,2020,,Yes,"Crimea-based occupation official, born in Chernivtsi region, Ukraine",,,,Republic of Crimea; rk.gov.ru municipal administration.,,,"Head of Yalta city administration. Consistently ranked first in Crimea municipal media effectiveness ratings — Q2 2025, Q3 2025, February 2025. Yalta is Crimea's most prominent resort city and was site of major international summits; its occupation administration manages a major tourist economy now redirected exclusively to Russian domestic market."
OFC-1198,Ogneva Galina Ivanovna,Огнева Галина Ивановна,Crimea,"Head of Administration of Alushta City, Republic of Crimea",City,Alushta,2024,,Yes,Crimea-based occupation official,,,,Republic of Crimea; rk.gov.ru municipal administration.,,,Head of Alushta city administration. Ranked second in Crimea municipal media ratings Q2 and Q3 2025. Alushta is a major Black Sea resort town.
OFC-1199,Tkachenko Igor Nikolaevich,Ткаченко Игорь Николаевич,Crimea,"Head of Administration of Feodosiya City, Republic of Crimea",City,Feodosiya,2023,2025,No,Crimea-based occupation official,,,,Republic of Crimea; rk.gov.ru municipal administration.,,,Head of Feodosiya city administration. Active communicator via Telegram channel. Feodosiya is an eastern Crimea port city with historical significance and ongoing military logistics role.
OFC-1200,Yurchenko Ivan Sergeevich,Юрченко Иван Сергеевич,Crimea,"Acting Head of Simferopol District Administration, Republic of Crimea",District,Simferopol district,2025,,Yes,Crimea-based occupation official,,,,Republic of Crimea; rk.gov.ru municipal administration.,,,"Acting head of Simferopol District (rayon) administration from October 2025 — distinct from Simferopol city administration (head: Afanasyev). Replaced Petelin Sergei who resigned. Has worked in Simferopol District administration since 2018, previously in Sevastopol administration."
OFC-1201,Petelin Sergey Anatolevich,Петелин Сергей Анатольевич,Crimea,"Former Head of Simferopol District Administration, Republic of Crimea",District,Simferopol district,2024,2025,No,From Russia (Brest Oblast / Russian-Belarusian background),,,,Republic of Crimea; rk.gov.ru municipal administration.,,,"Elected head of Simferopol District administration October 2024, resigned October 2025. Background: 2009-2012 State Duma committee (natural resources); worked at Roslesinform; 2016-2022 Deputy Minister of Agriculture of Crimea; August 2022 First Deputy Head of Simferopol District. Russian (Brest Oblast, Belarus origin)."
OFC-1202,Fedorenko Inna Sergeyevna,Федоренко Инна Сергеевна,Crimea,"Head of Dzhankoi District Administration, Republic of Crimea",District,Dzhankoi district,2024,,Yes,Crimea-based occupation official,,,,Republic of Crimea; rk.gov.ru municipal administration.,,,Head of Dzhankoi district administration. Ranked third in Crimea municipal social media ratings Q3 2025. Dzhankoi is a key rail junction in northern Crimea — the main entry point for Russian rail from the mainland. Strategic infrastructure significance.
OFC-1203,Burlaka Oleg Nikolaevich,Бурлака Олег Николаевич,Crimea,"Head of Administration of Krasnoperekopsk City, Republic of Crimea",City,Krasnoperekopsk,2024,,Yes,Crimea-based occupation official,,,,Republic of Crimea; rk.gov.ru municipal administration.,,,"Head of Krasnoperekopsk city administration. Krasnoperekopsk is an industrial city at the entrance to Crimea (chemical industry, titanium dioxide)."
OFC-1204,Girskiy Sergey,Гирский Сергей,Crimea,"First Deputy Head of Administration of Krasnoperekopsk City, Republic of Crimea",City,Krasnoperekopsk,2024,,Yes,Crimea-based occupation official,,,,Republic of Crimea; rk.gov.ru municipal administration.,,,First deputy head of Krasnoperekopsk city administration. Chairs regular utility meetings in Burlaka's absence.
OFC-1205,Grabovan Vasiliy,Грабован Василий,Crimea,"Head of Krasnohvardiyske (Krasnogvardeysky) District Administration, Republic of Crimea",District,Krasnohvardiyske district,2024,,Yes,Crimea-based occupation official,,,,Republic of Crimea; rk.gov.ru municipal administration.,,,"Head of Krasnogvardeysky district administration since 2017, re-elected October 2024. One of the longest-serving Crimea municipal heads — the re-election after 7 years signals continuity in an agricultural district."
OFC-1206,Kharlamov Aleksandr Nikolaevich,Харламов Александр Николаевич,Crimea,"Head of Sovetsky District Administration, Republic of Crimea",District,Sovetsky district,2024,,Yes,Crimea-based occupation official,,,,Republic of Crimea; rk.gov.ru municipal administration.,,,
OFC-1207,Kravets Anton Andreevich,Кравец Антон Андреевич,Crimea,"Head of Nyzhnohorsk (Nizhnegorsky) District Administration, Republic of Crimea",District,Nyzhnohorsk district,2019,,Yes,Crimea-based occupation official,,,,Republic of Crimea; rk.gov.ru municipal administration.,,,
OFC-1208,Skoblikov Dmitriy Sergeevich,Скобликов Дмитрий Сергеевич,Crimea,"Head of Administration of Bakhchisaray City, Republic of Crimea",City,Bakhchisaray,2024,,Yes,From Russia (born Bryansk Oblast),,,,Crimea occupation government.,,,"Re-elected 17 October 2024 by unanimous vote of Bakhchisaray city council. Born 23 January 1988, Seltso, Bryansk Oblast — consistent with Russian-origin pattern in occupied Crimea administration. Career: 2009 onwards — service in Federal Protection Service (FSO); from 2017 director of Bakhchisaray Development Institute; head of city administration since 2019. Bakhchisaray is the former capital of the Crimean Khanate and has significant Crimean Tatar cultural heritage — his administration manages ongoing systematic pressure on that heritage."
OFC-1209,Yastrebova Anzhelika Nikolaevna,Ястребова Анжелика Николаевна,Crimea,"Head of Bakhchisaray District Administration, Republic of Crimea",District,Bakhchisaray district,2024,,Yes,Crimea-based occupation official,,,,Crimea occupation government.,,,Head of Bakhchisaray district administration since 16 August 2024. She chairs regular district apparatus meetings. Distinct from Bakhchisaray city administration (headed by Skoblikov).
OFC-1210,Kulinchenko Olga Mikhailovna,Кулинченко Ольга Михайловна,Crimea,"Chairman of Bakhchisaray City Council, Republic of Crimea",City,Bakhchisaray,2024,,Yes,Crimea-based occupation official,,,,Crimea occupation government.,,,"Chair of Bakhchisaray city council (representative, not executive role — distinct from administration head Skoblikov)."
OFC-1211,Chebyshev Kirill Yurevich,Чебышев Кирилл Юрьевич,Crimea,"Head of Administration of Sudak City, Republic of Crimea",City,Sudak,2024,,Yes,Crimea-based occupation official,,,,Crimea occupation government.,,,Appointed November 2024. Born 2 December 1993 in Sudak — a rare case of a locally-born appointment. 'SVO' veteran. Education: Moscow State University of Technology and Management (K.G. Razumovsky). Replaced Podsyevalov Konstantin who served 2021-2024. Analytically notable: a 30-year-old SVO veteran appointed to administer one of Crimea's key wine and tourism centres.
OFC-1212,Predybaylo Yuliya Anatolevna,Предыбайло Юлия Анатольевна,Crimea,"Head of Administration of Saky City, Republic of Crimea",City,Saky,2024,,Yes,Crimea-based occupation official,,,,Crimea occupation government.,,,"Acting head of Saky city administration from July 2024, confirmed as head. Replaced Ovdienko Alexander Dmitrievich who resigned after public criticism over street cleaning failures. Born 12 June 1965, Saky. Previously deputy head of Saky administration. Saky is notable for its military airbase (Saky Air Base, site of Ukrainian strike August 2022)."
OFC-1213,Chumakov Dmitriy Sergeevich,Чумаков Дмитрий Сергеевич,Crimea,"Head of Belohorsk (Bilohirsk) District Administration, Republic of Crimea",District,Belohorsk district,2024,,Yes,Crimea-based occupation official,,,,Crimea occupation government.,,,Head of Belohorsk district administration. Participated in 24th session of Belohorsk district council December 2025.
OFC-1214,Pukhov Maksim Olegovich,Пухов Максим Олегович,Zaporizhzhia Oblast,"Head of Enerhodar City Administration, Zaporizhzhia Oblast (occupation)",City,Enerhodar,2025,,Yes,From Russia (Murmansk Oblast),,,,Zaporizhzhia Oblast occupation government.,,,"Appointed head of Enerhodar February 2025, confirmed by city council. Career: 2001-2013 Kola Nuclear Power Plant (various roles); 2013-2024 head of Polyarnye Zori city (Murmansk Oblast, another nuclear company town). First Deputy Head of Enerhodar from late 2024, became acting head when Senovoz resigned January 2025. Another Russian nuclear-industry technocrat running the ZNPP city."
OFC-1215,Senovoz Eduard Nikolaevich,Сеновоз Эдуард Николаевич,Zaporizhzhia Oblast,"Former Head of Enerhodar City Administration, Zaporizhzhia Oblast",City,Enerhodar,2022,2025,No,From Russia,,,,Zaporizhzhia Oblast occupation government.,,,"Head of Enerhodar December 2022 – January 2025. Former CEO of Smolenskaya AES-Service (Rosatom subsidiary). Resigned citing ""new tasks"" from Rosenergoatom. The revolving door between Rosatom and Enerhodar administration illustrates the direct Russian state-nuclear corporation control of this city."
OFC-1216,Tuzhilin Vladimir Gennadevich,Тужилин Владимир Геннадьевич,DPR,"Acting Minister of Transport, DPR",Regional,Donetsk,2023,2024,No,Local DPR political figure,,,,DPR occupation government.,,,Acting Transport Minister. Transport ministry oversees integration of DPR road and rail network into Russian transport system.
OFC-1217,Pershina Natalya Dmitrievna,Першина Наталья Дмитриевна,DPR,"Acting Minister of Information, DPR",Regional,Donetsk,2023,,Yes,Local DPR political figure,,,,DPR occupation government.,,,Acting Information Minister — oversees occupation propaganda and media apparatus.
OFC-1218,Strelchenko Denis Igorevich,Стрельченко Денис Игоревич,DPR,"Acting Minister of Labour and Social Policy, DPR",Regional,Donetsk,2022,2025,No,Local DPR political figure,,,,DPR occupation government.,,,
OFC-1219,Tsiganov Nikolay Mikhaylovich,Циганов Николай Михайлович,DPR,"Minister of Construction and Housing/Communal Services (ZhKH), DPR",Regional,Donetsk,2023,,Yes,Local DPR political figure,,,,DPR occupation government.,,,"Permanent (not acting) Construction and ZhKH Minister — the only minister listed without 'Acting' status on the DPR-online government page, suggesting enhanced tenure. Housing reconstruction is the largest budget item in DPR."
OFC-1220,Ponomarenko Natalya Nikolaevna,Пономаренко Наталья Николаевна,DPR,"First Deputy Minister of Finance, DPR",Sector,Donetsk,2026,,Yes,Local DPR political figure,Acting Minister of Finance of the Donetsk People’s Republic (2025-2026).,,,DPR occupation government.,,,First Deputy Finance Minister — listed directly on minfinDPR.ru/rukovodstvo/ alongside Finance Minister Chausova.
OFC-1221,Efimov Aleksandr Anatolevich,Ефимов Александр Анатольевич,DPR,"Deputy Minister of Economic Development, DPR",Sector,Donetsk,2025,2026,No,Local DPR political figure,Former Acting Minister (May 2025–Feb 2026).,,,DPR occupation government.,,,Deputy Economy Minister who served as acting minister May 2025–February 2026 after full minister Zakharov Maksim stepped down 30 April 2025. Replaced in acting role by Kushnir Evgenia in February 2026. Previously Deputy then First Deputy Economy Minister.
OFC-1222,Kushnir Evgeniya Vladimirovna,Кушнир Евгения Владимировна,DPR,"Deputy Minister of Economic Development, DPR",Sector,Donetsk,2026,,Yes,Local DPR political figure,"Former Acting Minister of Economic Development, DPR (from February 2026 until March 2026)",,,DPR occupation government.,,,"Deputy Economy Minister who became Acting Minister from 19 February 2026, replacing Efimov. The successive acting-minister appointments from within the deputy pool reflect Moscow's management through interim appointees rather than confirmed ministers."
OFC-1223,Kovalev Pavel Vyacheslavovich,Ковалев Павел Вячеславович,LPR,Deputy Chairman of the LPR Government,Regional,Luhansk,2024,2026,No,Local LPR government official,,,,LPR occupation government.,,,Deputy PM of LPR Government — listed on sovminLPR.ru gov page alongside Prime Minister Kovalchuk and First Deputy PM Govtvin.
OFC-1224,Malakhova Svetlana Anatolevna,Малахова Светлана Анатольевна,LPR,Acting Deputy Chairman of the LPR Government,Regional,Luhansk,2023,,Yes,Local LPR government official,,,,LPR occupation government.,,,
OFC-1225,Sorokin Evgeniy Dmitrievich,Сорокин Евгений Дмитриевич,LPR,"Minister of Agriculture and Food, LPR",Regional,Luhansk,2022,,Yes,Local LPR government official,,,,LPR occupation government.,,,LPR Agriculture and Food Minister. Oversees agricultural land integration and food production in LPR.
OFC-1226,Makarenko Elena Sergeevna,Макаренко Елена Сергеевна,LPR,"Minister of Labour and Social Policy, LPR",Regional,Luhansk,2023,,Yes,Local LPR government official,,,,LPR occupation government.,,,
OFC-1230,Prokopenko Vladimir Vladimirovich,Прокопенко Владимир Владимирович,Zaporizhzhia Oblast,"Head of Prymorsk (Primorsky) Municipal District, Zaporizhzhia Oblast",District,Prymorsk,2023,,Yes,Zaporizhzhia Oblast-based local official,,,,Zaporizhzhia Oblast occupation government.,,,"Head of Prymorsk municipal district, Zaporizhzhia Oblast occupation administration. Prymorsk is an Azov Sea coastal town ~32km from Berdyansk. Official gosuslugi page lists him."
OFC-1231,Mervaezova Yuliya Alekseevna,Мерваезова Юлия Алексеевна,DPR,"First Deputy Minister of Construction and ZhKH, DPR",Sector,Donetsk,2023 (at least),2025,No,"From Russia, born in Irkutsk",Arrested in Russia for corruption in 2025.,,,DPR occupation government.,,,"First Deputy Construction and ZhKH Minister. Career background: Irkutsk Oblast (deputy minister of construction, road economy; worked at Irkutskgiprodorii; headed АО ""SibirPromGrup""; involved in 2019 flood disaster response in Irkutsk). Deployed to DPR from Irkutsk — characteristic of Russian federal cadre rotation into occupied territories."
OFC-1232,Nagaytsev Andrey Petrovich,Нагайцев Андрей Петрович,DPR,"Deputy Minister of Construction and ZhKH, DPR",Sector,Donetsk,2022,2024,No,Local DPR political figure,,Moved to Moscow where he serves as Deputy Director of the State Unitary Enterprise ‘Moscow City Capital Repair and Construction Department’.,,DPR occupation government.,,,"Person with the same name is listed in the HUR published FSB officials database - number 380 “7 April 1972, 5003100284, 10 April 2002, Central District Internal Affairs Directorate, Novosibirsk, 101000 Moscow, 2 Bolshaya Lubyanka Street, Federal Security Service (FSB) of the Russian Federation, 7AECC8A76ADCC2900BFF535F30336106, 2494.”"
OFC-1233,Zhukovskiy Maksim Mikhaylovich,Жуковский Максим Михайлович,DPR,"Deputy Minister of Construction and ZhKH, DPR",Sector,Donetsk,2022 (at least),,Yes,Local DPR political figure,,,,DPR occupation government.,,,
OFC-1234,Radyuk Anna Sergeevna,Радюк Анна Сергеевна,DPR,"Deputy Minister of Health, DPR",Sector,Donetsk,2024 (at least),,Yes,Local DPR political figure,,,,DPR occupation government.,,,Deputy Health Minister of DPR. Listed on mzDPR.ru/structure leadership page.
OFC-1235,Levchenko Aleksandr Anatolevich,Левченко Александр Анатольевич,DPR,"Deputy Minister of Health, DPR",Sector,Donetsk,2020 (at least),2021 (last mentioned),No,Local DPR political figure,,,,DPR occupation government.,,,Deputy Health Minister of DPR. Listed on mzDPR.ru/structure leadership page.
OFC-1236,Maiboroda Svetlana Anatolyevna,Майборода Светлана Анатольевна,DPR,Director of the State Service for Family and Children Affairs (DSSSD),Sector,Mariupol,2015,,Unknown,Local-based collaborator,,,,,,,"Oversaw occupation child deportation administrative apparatus across all five Mariupol districts. Name appears repeatedly in documents proving child deportation. Director since 2015; personally appoints district staff with access to ""Children of Donbas"" database."
OFC-1237,Popova Anna (Hanna) Vladimirovna,Попова Анна (Ганна) Владимировна,DPR,"Specialist, guardian and custody sector, Mariupol city department for family and children",Sector,Mariupol,2022,,Yes,Local-based collaborator,,,,,,,"Guardian and custody sector. Involved in operation of ""Children of Donbas"" database."
OFC-1238,Pravilova Natalia Valerievna,Правилова Наталья Валерьевна,DPR,"Specialist, Mariupol city department for family and children",Sector,Mariupol,2022,,Yes,Local-based collaborator,20 years at Mariupol orphanage pre-occupation.,,,,,,Author of child-rearing book. 20 years pre-occupation at Mariupol orphanage. Obtained Russian passport late 2022.
OFC-1239,Gubskaya Elena Vasilievna,Губская Елена Васильевна,DPR,"Specialist, Mariupol city department for family and children",Sector,Mariupol,2022,,Yes,Local-based collaborator,,,,,,,"Has access to ""Children of Donbas"" database. Russian passport found, and official renunciation of Ukrainian citizenship."
OFC-1240,Orkhimenko Olga Valentinovna,Орхименко Ольга Валентиновна,DPR,"Specialist, Mariupol city department for family and children",Sector,Mariupol,2023,,Yes,Local-based collaborator,,,,,,,"Received commendation for Social Worker Day 30 May 2023. Involved in ""patriotic upbringing"" programming under occupation."
OFC-1241,Barkalov Andrey Aleksandrovich,Баркалов Андрей Александрович,DPR,"Specialist, Mariupol city department for family and children",Sector,Mariupol,2022,,Yes,Local-based collaborator,,,,,,,"Involved in operation of ""Children of Donbas"" database. Obtained Russian passport late 2022."
OFC-1242,Berezka (Kurilenko) Mariya Aleksandrovna,Березка (Куриленко) Мария Александровна,DPR,"Chief specialist, department for family and children's affairs, Zhovtnevy district, Mariupol",Sector,Mariupol,2022,,Yes,Local-based collaborator,,,,,,,"Prevention sector and children in difficult circumstances. Assists Russian authorities in operation of ""Children of Donbas"" database — register of children without parental care used to facilitate adoption into Russian families. Listed on war-sanctions.gur.gov.ua kidnappers register."
OFC-1243,Bogdanova (Papush) Marina Vasilievna,Богданова (Папуш) Марина Васильевна,DPR,"Specialist, department for family and children's affairs, Zhovtnevy district, Mariupol",Sector,Mariupol,2022,,Yes,Local-based collaborator,,,,,,,"Involved in operation of ""Children of Donbas"" database, Zhovtnevy district."
OFC-1244,Stryzhenko Irina Nikolaevna,Стриженко Ирина Николаевна,DPR,"Specialist, department for family and children's affairs, Zhovtnevy district, Mariupol",Sector,Mariupol,2022,,Yes,Local-based collaborator,,,,,,,"Involved in operation of ""Children of Donbas"" database, Zhovtnevy district."
OFC-1245,Petrushyna Zoya Leonidovna,Петрушина Зоя Леонидовна,DPR,"Chief specialist, guardian and custody sector, department for family and children's affairs, Zhovtnevy district",Sector,Mariupol,2022,,Yes,Local-based collaborator,,,,,,,"Chief specialist, guardian and custody sector. Involved in operation of ""Children of Donbas"" database."
OFC-1246,Lychman Yuliya Nikolaevna,Личман Юлия Николаевна,DPR,"Specialist, department for family and children's affairs, Zhovtnevy district, Mariupol",Sector,Bakhmut,2022,,Unknown,Local-based collaborator,,,,,,,"Involved in operation of ""Children of Donbas"" database. Registered in Bakhmut, not Mariupol."
OFC-1247,Kabanova Irina Vladimirovna,Кабанова Ирина Владимировна,DPR,"Specialist, department for family and children's affairs, Zhovtnevy district, Mariupol",Sector,Mariupol,2022,,Yes,Local-based collaborator,,,,,,,"Involved in operation of ""Children of Donbas"" database. Mother (Kabanova Olena Borysivna) has VK profile with anti-Ukrainian posts."
OFC-1248,Dubinchenko Inna Anatolievna,Дубинченко Инна Анатольевна,DPR,"Adoption specialist, department for family and children's affairs, Zhovtnevy district, Mariupol",Sector,Mariupol,2022,,Yes,Local-based collaborator,,,,,,,"Listed in telephone directory as adoption specialist. Involved in operation of ""Children of Donbas"" database."
OFC-1249,Kondratenko Viktoriya Igorevna,Кондратенко Виктория Игоревна,DPR,"Chief specialist, department for family and children's affairs, Zhovtnevy district, Mariupol",Sector,Mariupol,2022,,Yes,Local-based collaborator,,,,,,,Chief specialist. Received honorary certificate from Mariupol occupation administration. Russian passport confirmed.
OFC-1250,Ashykhmina (Ulanova) Yuliya Valerievna,Ашихмина (Уланова) Юлия Валерьевна,DPR,"Former head, department for family and children's affairs, Ordzhonikidze district, Mariupol",Sector,Mariupol,2022,2023,No,Local-based collaborator,,,,,,,"Headed district department under occupation. By March 2023 VK profile shows she moved to private company ""MSM"" as ""territory development director""."
OFC-1251,Boryush Yuliya Viktorovna,Борюш Юлия Викторовна,DPR,"Head, department for family and children's affairs, Ordzhonikidze district, Mariupol",Sector,Mariupol,2022,,Yes,"Russian, born in Magadan Oblast",,,,,,,Replaced Ashykhmina as district department head. Born in Russia — Russian appointee to occupation child services administration.
OFC-1252,Lappa Yana Igorevna,Лаппа Яна Игоревна,DPR,"Adoption specialist, department for family and children's affairs, Ordzhonikidze district, Mariupol",Sector,Mariupol,2022,,Yes,Local-based collaborator,,,,,,,Adoption specialist. VK profile has two recordings of 2023 All-Russian Forum of Foster Families.
OFC-1253,Nakonechnaya Viktoriya Leonidovna,Наконечная Виктория Леонидовна,DPR,"Specialist (guardianship, housing and database), department for family and children's affairs, Ordzhonikidze district",Sector,Mariupol,2022,,Yes,Local-based collaborator,,,,,,,"Responsible for guardianship, housing, and database access. Russian passport confirmed."
OFC-1254,Zhenenkova Nataliya Sergeevna,Жененкова Наталия Сергеевна,DPR,"Chief specialist, department for family and children's affairs, Ordzhonikidze district, Mariupol",Sector,Mariupol,2022,,Yes,Local-based collaborator,,,,,,,Began collaborating in 2022. Chief specialist. Received commendation from State Service for Family and Children.
OFC-1255,Volkova Oksana Vyacheslavovna,Волкова Оксана Вячеславовна,DPR,"Specialist, department for family and children's affairs, Ordzhonikidze district, Mariupol",Sector,Mariupol,2022,,Yes,Local-based collaborator,,,,,,,"Involved in operation of ""Children of Donbas"" database, Ordzhonikidze district."
OFC-1256,Mazur Larisa Mikhaylovna,Мазур Лариса Михайловна,DPR,"Specialist, department for family and children's affairs, Ordzhonikidze district, Mariupol",Sector,Mariupol,2022,,Yes,Local-based collaborator,,,,,,,"Involved in operation of ""Children of Donbas"" database, Ordzhonikidze district."
OFC-1257,Bartosh Nataliya Aleksandrovna,Бартош Наталия Александровна,DPR,"Head, department for family and children's affairs, Illichivsk district, Mariupol",Sector,Mariupol,2022,,Yes,Local-based collaborator,,,,,,,"Head of Illichivsk district department from August 2022. Involved in operation of ""Children of Donbas"" database."
OFC-1258,Smaleva Lyudmila Pavlovna,Смалева Людмила Павловна,DPR,"Specialist, department for family and children's affairs, Illichivsk district, Mariupol",Sector,Mariupol,2022,,Yes,Local-based collaborator,,,,,,,"Involved in operation of ""Children of Donbas"" database, Illichivsk district."
OFC-1259,Shpuganich Margarita Yurievna,Шпуганич Маргарита Юрьевна,DPR,"Specialist with database access, department for family and children's affairs, Illichivsk district, Mariupol",Sector,Mariupol,2022,,Yes,Local-based collaborator,,,,,,,"Has access to ""Children of Donbas"" database, Illichivsk district. Registered address in Kostiantynivka, not Mariupol."
OFC-1260,Lagoyskiy Artem Alekseevich,Лагойский Артем Алексеевич,Kherson Oblast,Minister of Culture of the Kherson Region,Regional,Kherson,2024,,Yes,Unknown,Acting First Deputy Minister from 2022.,,,,,,"Involved in looting of Kherson region museums and theft of Potemkin ashes from St Catherine's Cathedral. Organised propaganda exhibition of looted Nova Kakhovka paintings at Transneft HQ, Moscow."
OFC-1261,Bodelan Vladimir Ruslanovich,Боделан Владимир Русланович,Kherson Oblast,Head of Permanent Mission of Kherson Region to Russian Government,Regional,Nova Kakhovka,2024,,Yes,Unknown,Deputy Governor (September 2023).,,,,,,Organised opening of looted Nova Kakhovka paintings exhibition at Transneft HQ in Moscow — indicating direct connections to Russian state corporate structures; served as deputy governor then permanent representative to Russian government.
OFC-1262,Kovanov Yuriy Vladimirovich,Кованов Юрий Владимирович,Zaporizhzhia Oblast,Former Minister of Culture of Zaporizhzhia Region,Regional,,2022,,No,Unknown,,,,,,,Facilitated illegal accession of Kam'yana Mohyla Reserve into Russian Chersonesos Tauric museum structure. Managed transfer of reserve to Russian control.
OFC-1263,Oleksin Roman Teodorovych,Олексин Роман Теодорович,LPR / Zaporizhzhia Oblast,Acting Minister of Culture of LPR,Regional,Luhansk,2025,,Yes,Local-based collaborator,Former so-called acting Minister of Culture of Zaporizhzhia Oblast.,,,,,,"Promoted Russian cultural integration for occupation cultural workers; called for countering ""falsification of history"" and preserving Russian values in occupied Zaporizhzhia."
OFC-1264,Burova Olga Vasilievna,Бурова Ольга Васильевна,Crimea,First Deputy Minister of Culture of the Republic of Crimea,Regional,Simferopol,2023,,Yes,"Born in Zelenchutskaya settlement, Stavropol Krai, Russian SFSR, USSR",,,,,,,Facilitated illegal archaeological activities in occupied Crimea. Notified of suspicion by Ukrainian Prosecutor's Office for holding positions in illegal authorities.
OFC-1265,Mikhailov Yaroslav Borisovich,Михайлов Ярослав Борисович,Zaporizhzhia Oblast,"Director, Kam'yana Mohyla National Historical and Archaeological Reserve",Sector,Melitopol district,2023 (at least),,Yes,Local-based collaborator,Pre-occupation director of Kam'yana Mohyla Reserve.,,,,,,Remained as director after occupation. Cooperated with occupation authorities. Involved in integrating reserve into Russian Chersonesos Tauric museum structure and export of cultural property for exhibitions.
OFC-1266,Zamataeva Olga Viktorovna,Заматаева Ольга Викторовна,Zaporizhzhia Oblast,"Head of Scientific Funds Department, Kam'yana Mohyla Museum-Reserve",Sector,Melitopol district,2024 (at least),,Yes,Local-based collaborator,,,,,,,Cooperated with occupation. Involved in integrating Kam'yana Mohyla Reserve into Russian Chersonesos Tauric museum structure. Attends occupied Crimea museum events. Contributed to inclusion of Ukrainian cultural property in Russian state catalogue.
OFC-1267,Jos Victor Sergeyevich,Джос Виктор Сергеевич,Zaporizhzhia Oblast,"Head of Monument Protection and Cultural Heritage Department, Kam'yana Mohyla Museum-Reserve",Sector,Melitopol district,2024 (at least),,Yes,Local-based collaborator,Pre-occupation head of cultural heritage protection department.,,,,,,"Remained in post after occupation. Regularly participates in events in occupied Crimea, sharing research with Russian scientists."
OFC-1268,Khromova Olga Vladimirovna,Хромова Ольга Владимировна,Zaporizhzhia Oblast,"Chief consultant, Department of Culture, Ministry of Culture of Zaporizhzhia Region",Sector,Zaporizhzhia,2024 (at least),,Yes,Local-based collaborator,,,,,,,"Integrates museum funds of occupied Zaporizhzhia into Russian state catalogue of museums, erasing Ukrainian cultural identity. Conducted illegal excavations in occupied Luhansk region in 2021."
OFC-1269,Gorlachev Evgeny Sergeyevich,Горлачев Евгений Сергеевич,Zaporizhzhia Oblast,Director of the Melitopol Museum of Local Lore,Sector,Melitopol,2022,,Yes,Local-based collaborator,,,,,,,"Appointed by occupation authorities. Revealed location of Scythian gold to occupiers. Received Order of Merit for Zaporizhzhia Region, first class, from occupation authorities."
OFC-1270,Khlebovsky Pavel Nikolaevich,Хлебовский Павел Николаевич,Crimea,"Head of Exhibition Department, Chersonesos Tauric Museum-Reserve",Sector,Sevastopol,2022 (at least),,Yes,Russian,,,,,,,Organised exhibitions using exhibits taken from Kam'yana Mohyla Reserve. Visited occupied Zaporizhzhia during illegal accession of reserve to Chersonesos Tauric.
OFC-1271,Lobov Oleg Vladimirovich,Лобов Олег Владимирович,Crimea,"Chairman, State Committee for Archives of the Republic of Crimea",Regional,Simferopol,2014,,Yes,Russian,,,,,,,"Heads archival legitimisation of occupation. Runs propaganda exhibitions ""Crimea in the History of Russia"". Official page regularly posts calls for contract military service. Active in military-patriotic education programming."
OFC-1272,Krasnonos Irina Vladimirovna,Краснонос Ирина Владимировна,Crimea,Director of the Sevastopol City Archive,Sector,Sevastopol,2018,2024,No,Russian,,,,,,,"Director of Sevastopol City Archive; archive under her leadership creates collections on the ""special military operation and preconditions of events in Donbas"" — actively distorting historical record and subordinating Ukrainian archival holdings to Russian state infrastructure."
OFC-1273,Gurkov Igor Anatoliyovych,Гурьков Игорь Анатольевич,Crimea,Director of the State Archives of the Republic of Crimea on Personnel,Sector,Simferopol,2015,2024,No,Ukrainian-born,,,,,,,"Participated in illegal transfer of Kherson region state archives to occupied Crimea. Received Medal ""For Merit to the Kherson Region"" third degree from occupation authorities in 2023."
OFC-1274,Grishkov Valeriy Vasilievich,Гришков Валерий Васильевич,Crimea,"Acting Director, State Archives of the Republic of Crimea",Sector,Simferopol,2025,,Yes,Born in Kherson oblast,Deputy Director of Crimea State Archive.,,,,,,"Participated in illegal transfer of Kherson region state archives to occupied Crimea. Received Medal ""For Merit to the Kherson Region"" third degree from occupation authorities in 2023."
OFC-1275,Rogachov Vladimir Vladimirovich,Рогачов Владимир Владимирович,Crimea,"Head of Archives Department, State Archive of the Republic of Crimea",Sector,Simferopol,2025 (at least),,Yes,"Born in Norilsk, Krasnoyarsk Krai, Russian SFSR, USSR",,,,,,,"Participated in illegal transfer of Kherson region state archives to occupied Crimea. Received Medal ""For Merit to the Kherson Region"" third degree from occupation authorities in 2023."
OFC-1276,Desyatova Natalya Leonidovna,Десятова Наталья Леонидовна,Kherson Oblast,Director of the Kherson Art Museum,Sector,Kherson,2022,,Unknown,"Ukrainian citizenship (born in Irkutsk, Russia)",,,,,,,"Appointed by occupation authorities July 2022. Organised propaganda exhibition ""Kaliningrad-Kherson Forever Together"". Contributed to removal of cultural property from museum by occupiers."
OFC-1277,Shandra Tatyana Petrovna,Шандра Татьяна Петровна,Kherson Oblast,Director of the Kherson Museum of Local Lore,Sector,Henichesk,2023,,Yes,Unknown,,,,,,,"Appointed by occupation authorities 17 July 2023 as director of the relocated Kherson Museum of Local Lore (now based in Henichesk); holds propaganda exhibitions promoting ""Kherson region as part of the Russian Federation""."
OFC-1278,Nikolaenko Natalia Ivanovna,Николаенко Наталья Ивановна,LPR,"Director, Museum of the Order of Friendship of Peoples 'Young Guard'",Sector,Luhansk,2024,,Yes,Local-based collaborator,,,,,,,"Received Medal ""For Merit"" first degree from LPR Ministry of Culture. Participated in 2024 republican forum ""Young Guard"" in occupied Berdiansk. Stated that LPR accession to Russia ""is a holiday, a return to your homeland."" Active in Russian military-patriotic education programming."
OFC-1279,Shkriblyak Irina Ivanovna,Шкрибляк Ирина Ивановна,Crimea,"Deputy Director, State Budgetary Institution 'Historical and Archaeological Museum-Reserve Scythian Naples'",Sector,Simferopol,2014,,Yes,"Born in Ukraine, Odesa Oblast",,,,,,,Received 13 permits from Russian Ministry of Culture for illegal archaeological work in occupied Crimea 2014-2018. Participated in excavations at multiple Crimean archaeological sites.
