"Name","Type","Position","Territory","Jurisdiction","Date_Designated","DOB","Nationality","Reference_ID","Programme"
"Alexander Mihailovich NOSATOV","Individual","Admiral; Previously listed under 'Ukraine criteria' - Autonomous Sanctions (Designated Persons and Entities and Declared Persons – Ukraine) Amendment List 2014 [F2014L01184]; New listing start date 27 Aug 2023","Crimea","Australia (DFAT)","2023-08-27","1963-03-27","Russia, Ukraine","7662","Instrument of first designation: Autonomous Sanctions (Designated Persons and Entities and Declared Persons—Russia and Ukraine) Amendment (No. 10) Instrument 2023"
"Andrey Anatolyevich GIBA","Individual","Deputy Head of the Investigative Department of the Federal Security Service of the Russian Federation in Crimea and Sevastopol","Crimea","Australia (DFAT)","2025-02-24","1976-11-03","Russia, Ukraine","8059","Autonomous Sanctions (Designated Persons and Entities and Declared Persons – Russia and Ukraine) Amendment (No. 1) Instrument 2025"
"Azov Distillery Plant","Entity","Previously listed under 'Ukraine criteria' - Autonomous Sanctions (Designated Persons and Entities and Declared Persons – Ukraine) Amendment List 2014 [F2014L01184]; New listing start date 27 Aug 2023","Crimea","Australia (DFAT)","2023-08-27","","","7678","Instrument of first designation: Autonomous Sanctions (Designated Persons and Entities and Declared Persons—Russia and Ukraine) Amendment (No. 10) Instrument 2023"
"Crimean Railway Federal State Unitary Enterprise","Entity","Previously listed under Part 2 of Schedule 1 (Ukraine) to the Autonomous Sanctions (Designated Persons and Entities and Declared Persons – Russia and Ukraine) List 2014, through Autonomous Sanctions (Designated Persons and Entities and Declared Persons – Ukraine) Amendment (No. 1) Instrument 2021 [F2021L00366]
https://crimearw.ru 
Registration ID (OGRN no.): 1 159 102 022 738
Company number: 9102157783","Crimea","Australia (DFAT)","2024-03-29","","","7944","Autonomous Sanctions (Designated Persons and Entities and Declared Persons—Russia and Ukraine) Amendment (No. 3) Instrument 2024"
"Ekaterina Borisovna ALTABAEVA","Individual","Member of the Federation Council of the Russian Federation for the city of Sevastopol. 
Previously listed under 'Ukraine criteria' - Autonomous Sanctions (Designated Persons and Entities and Declared Persons – Ukraine) Amendment List 2020 [F2020L00083]; 
New listing start date 31 March 2023","Crimea","Australia (DFAT)","2023-03-31","1956-05-27","Russia","7526","Autonomous Sanctions (Designated Persons and Entities and Declared Persons—Russia and Ukraine) Amendment (No. 4) Instrument 2023"
"Ekaterina Eduardovna PYRKOVA","Individual","Secretary of the Sevastopol Electoral Commission.
Previously listed under 'Ukraine criteria' - Autonomous Sanctions (Designated Persons and Entities and Declared Persons – Ukraine) Amendment List 2020 [F2020L00083]; 
New listing start date 31 March 2023","Crimea","Australia (DFAT)","2023-03-31","1967-08-22","Russia","7531","Autonomous Sanctions (Designated Persons and Entities and Declared Persons—Russia and Ukraine) Amendment (No. 4) Instrument 2023"
"Factory of Sparkling Wine Novy Svet – State Enterprise","Entity","Previously listed under 'Ukraine criteria' - Autonomous Sanctions (Designated Persons and Entities and Declared Persons – Ukraine) Amendment List 2014 [F2014L01184]; New listing start date 27 Aug 2023","Crimea","Australia (DFAT)","2023-08-27","","","7679","Instrument of first designation: Autonomous Sanctions (Designated Persons and Entities and Declared Persons—Russia and Ukraine) Amendment (No. 10) Instrument 2023"
"Feodosiya Enterprise","Entity","Previously listed under 'Ukraine criteria' - Autonomous Sanctions (Designated Persons and Entities and Declared Persons – Ukraine) Amendment List 2014 [F2014L01184]; New listing start date 27 Aug 2023","Crimea","Australia (DFAT)","2023-08-27","","","7674","Instrument of first designation: Autonomous Sanctions (Designated Persons and Entities and Declared Persons—Russia and Ukraine) Amendment (No. 10) Instrument 2023"
"First Crimean Insurance Company","Entity","Previously listed under Part 2 of Schedule 1 (Ukraine) to the Autonomous Sanctions (Designated Persons and Entities and Declared Persons – Russia and Ukraine) List 2014, through Autonomous Sanctions (Designated Persons and Entities and Declared Persons – Ukraine) Amendment (No. 1) Instrument 2021 [F2021L00366]
http://kpsk-ins.ru 
Registration ID (OGRN no.): 1 149 102 007 933","Crimea","Australia (DFAT)","2024-03-29","","","7945","Autonomous Sanctions (Designated Persons and Entities and Declared Persons—Russia and Ukraine) Amendment (No. 3) Instrument 2024"
"Hanna Serhiivna TUROBOVA","Individual","Prosecutor in the Prosecutor’s Office in Crimea","Crimea","Australia (DFAT)","2025-02-24","1969-08-10","Russia","8060","Autonomous Sanctions (Designated Persons and Entities and Declared Persons – Russia and Ukraine) Amendment (No. 1) Instrument 2025"
"Igor Sergeievich SHEVCHENKO","Individual","Previously listed under 'Ukraine criteria' - Autonomous Sanctions (Designated Persons and Entities and Declared Persons – Ukraine) Amendment List 2014 [F2014L01184]; New listing start date 27 Aug 2023","Crimea","Australia (DFAT)","2023-08-27","1979-02-09","Russia, Ukraine","7645","Instrument of first designation: Autonomous Sanctions (Designated Persons and Entities and Declared Persons—Russia and Ukraine) Amendment (No. 10) Instrument 2023"
"Kerch Commercial Sea Port – State Enterprise","Entity","Previously listed under 'Ukraine criteria' - Autonomous Sanctions (Designated Persons and Entities and Declared Persons – Ukraine) Amendment List 2014 [F2014L01184]; New listing start date 27 Aug 2023","Crimea","Australia (DFAT)","2023-08-27","","","7676","Instrument of first designation: Autonomous Sanctions (Designated Persons and Entities and Declared Persons—Russia and Ukraine) Amendment (No. 10) Instrument 2023"
"Kerch Ferry – State Ferry Enterprise","Entity","Previously listed under 'Ukraine criteria' - Autonomous Sanctions (Designated Persons and Entities and Declared Persons – Ukraine) Amendment List 2014 [F2014L01184]; New listing start date 27 Aug 2023","Crimea","Australia (DFAT)","2023-08-27","","","7675","Instrument of first designation: Autonomous Sanctions (Designated Persons and Entities and Declared Persons—Russia and Ukraine) Amendment (No. 10) Instrument 2023"
"Lidia Aleksandrovna BASOVA","Individual","Former Deputy Chair of the Sevastopol Electoral Commission.
Previously listed under 'Ukraine criteria' - Autonomous Sanctions (Designated Persons and Entities and Declared Persons – Ukraine) Amendment List 2020 [F2020L00083]; 
New listing start date 31 March 2023","Crimea","Australia (DFAT)","2023-03-31","1970-01-01","Russia","7527","Autonomous Sanctions (Designated Persons and Entities and Declared Persons—Russia and Ukraine) Amendment (No. 4) Instrument 2023"
"Magarach of the National Institute of Wine – State Enterprise","Entity","Previously listed under 'Ukraine criteria' - Autonomous Sanctions (Designated Persons and Entities and Declared Persons – Ukraine) Amendment List 2014 [F2014L01184]; New listing start date 27 Aug 2023","Crimea","Australia (DFAT)","2023-08-27","","","7680","Instrument of first designation: Autonomous Sanctions (Designated Persons and Entities and Declared Persons—Russia and Ukraine) Amendment (No. 10) Instrument 2023"
"Mikhail Vladimirovich DEGTYAREV","Individual","Previously listed under 'Ukraine criteria' - Autonomous Sanctions (Designated Persons and Entities and Declared Persons – Ukraine) Amendment List 2014 [F2014L01184]; New listing start date 27 Aug 2023","Crimea","Australia (DFAT)","2023-08-27","1981-07-10","Russia, Ukraine","7656","Instrument of first designation: Autonomous Sanctions (Designated Persons and Entities and Declared Persons—Russia and Ukraine) Amendment (No. 10) Instrument 2023"
"Mikhail Vladimirovich RAZVOZHAEV","Individual","“Governor” of Sevastopol commencing 2 October 2020.
Previously listed under 'Ukraine criteria' - Autonomous Sanctions (Designated Persons and Entities and Declared Persons – Ukraine) Amendment List 2020 [F2020L00083]; 
New listing start date 31 March 2023","Crimea","Australia (DFAT)","2023-03-31","1980-12-30","Russia","7532","Autonomous Sanctions (Designated Persons and Entities and Declared Persons—Russia and Ukraine) Amendment (No. 4) Instrument 2023"
"National Association of Producers “Massandra” – State Concern","Entity","Previously listed under 'Ukraine criteria' - Autonomous Sanctions (Designated Persons and Entities and Declared Persons – Ukraine) Amendment List 2014 [F2014L01184]; New listing start date 27 Aug 2023","Crimea","Australia (DFAT)","2023-08-27","","","7670","Instrument of first designation: Autonomous Sanctions (Designated Persons and Entities and Declared Persons—Russia and Ukraine) Amendment (No. 10) Instrument 2023"
"Petr Grigorievich JAROSH","Individual","Previously listed under 'Ukraine criteria' - Autonomous Sanctions (Designated Persons and Entities and Declared Persons – Ukraine) Amendment List 2014 [F2014L01184]; New listing start date 27 Aug 2023","Crimea","Australia (DFAT)","2023-08-27","16/03/1966, 30/01/1971","Russia, Ukraine","7622","Instrument of first designation: Autonomous Sanctions (Designated Persons and Entities and Declared Persons—Russia and Ukraine) Amendment (No. 10) Instrument 2023"
"Russian National Commercial Bank","Entity","Previously listed under 'Ukraine criteria' - Autonomous Sanctions (Designated Persons and Entities and Declared Persons – Ukraine) Amendment List 2014 [F2014L01184]; New listing start date 27 Aug 2023","Crimea","Australia (DFAT)","2023-08-27","","","7671","Instrument of first designation: Autonomous Sanctions (Designated Persons and Entities and Declared Persons—Russia and Ukraine) Amendment (No. 10) Instrument 2023"
"Sergei Andreevich DANILENKO","Individual","Former Chair of the Sevastopol Electoral Commission.
Previously listed under 'Ukraine criteria' - Autonomous Sanctions (Designated Persons and Entities and Declared Persons – Ukraine) Amendment List 2020 [F2020L00083]; 
New listing start date 31 March 2023","Crimea","Australia (DFAT)","2023-03-31","1960-03-14","Russia","7528","Autonomous Sanctions (Designated Persons and Entities and Declared Persons—Russia and Ukraine) Amendment (No. 4) Instrument 2023"
"Sergei Mikhailovich PINCHUK","Individual","Deputy Commander in Chief of the Black Sea Fleet","Crimea","Australia (DFAT)","2022-03-25","1971-07-26","","6804","Autonomous Sanctions (Designated Persons and Entities and Declared Persons—Russia and Ukraine) Amendment (No. 10) Instrument 2022"
"Sergey Vadimovich ABISOV","Individual","Previously listed under 'Ukraine criteria' - Autonomous Sanctions (Designated Persons and Entities and Declared Persons – Ukraine) Amendment List 2014 [F2014L01184]; New listing start date 27 Aug 2023","Crimea","Australia (DFAT)","2023-08-27","1967-11-27","Russia, Ukraine","7607","Instrument of first designation: Autonomous Sanctions (Designated Persons and Entities and Declared Persons—Russia and Ukraine) Amendment (No. 10) Instrument 2023"
"Sevastopol Commercial Seaport","Entity","Previously listed under 'Ukraine criteria' - Autonomous Sanctions (Designated Persons and Entities and Declared Persons – Ukraine) Amendment List 2014 [F2014L01184]; New listing start date 27 Aug 2023","Crimea","Australia (DFAT)","2023-08-27","","","7677","Instrument of first designation: Autonomous Sanctions (Designated Persons and Entities and Declared Persons—Russia and Ukraine) Amendment (No. 10) Instrument 2023"
"Universal-Avia – State Enterprise","Entity","Previously listed under 'Ukraine criteria' - Autonomous Sanctions (Designated Persons and Entities and Declared Persons – Ukraine) Amendment List 2014 [F2014L01184]; New listing start date 27 Aug 2023","Crimea","Australia (DFAT)","2023-08-27","","","7673","Instrument of first designation: Autonomous Sanctions (Designated Persons and Entities and Declared Persons—Russia and Ukraine) Amendment (No. 10) Instrument 2023"
"Valentina Vasilevna LAVRIK","Individual","So-called “Minister of Education, Science and Youth of the Republic of Crimea”","Crimea","Australia (DFAT)","2025-02-24","1969-02-25","Russia, Ukraine","8057","Autonomous Sanctions (Designated Persons and Entities and Declared Persons – Russia and Ukraine) Amendment (No. 1) Instrument 2025"
"Vladimir Vladimirovich NEMTSEV","Individual","“Chairman” of the so-called “Legislative Assembly” of Sevastopol commencing 14 September 2019
Previously listed under 'Ukraine criteria' - Autonomous Sanctions (Designated Persons and Entities and Declared Persons – Ukraine) Amendment List 2020 [F2020L00083]; 
New listing start date 31 March 2023","Crimea","Australia (DFAT)","2023-03-31","1971-11-15","Russia","7530","Autonomous Sanctions (Designated Persons and Entities and Declared Persons—Russia and Ukraine) Amendment (No. 4) Instrument 2023"
"Yuriy Mikhailovich GOTSANYUK","Individual","Chairman of the Council of Ministers of the Republic of Crimea, and “Prime Minister” of the so-called “Republic of Crimea” commencing 1 October 2019.
Previously listed under 'Ukraine criteria' - Autonomous Sanctions (Designated Persons and Entities and Declared Persons – Ukraine) Amendment List 2020 [F2020L00083]; 
New listing start date 31 March 2023","Crimea","Australia (DFAT)","2023-03-31","1966-07-18","Russia","7529","Autonomous Sanctions (Designated Persons and Entities and Declared Persons—Russia and Ukraine) Amendment (No. 4) Instrument 2023"
"Yuriy Sergeyevich FEDIN","Individual","News Front Financier","Crimea","Australia (DFAT)","2022-03-08","1989-03-26","","6732","Autonomous Sanctions (Designated Persons and Entities and Declared Persons—Russia and Ukraine) Amendment (No. 5) Instrument 2022"
"Crimean Republican Enterprise ‘Azov distillery plant’","Entity","","Crimea","EU","","","","EU.4039.77","UKR — 2020/1267 (OJ L298)"
"Mikhail Grigorievich MALYSHEV","Individual","Chair of the Crimea Electoral Commission.","Crimea","EU","2014-03-21","1955-10-10","","EU.2819.84","UKR — 2023/571 (OJ L75 I)"
"Oleg Yevgenyvich BELAVENTSEV","Individual","Former Plenipotentiary Representative of the President of the Russian Federation into the so-called ‘Crimean Federal District’. Former non-permanent member of the Russian Security Council. Former Plenipotentiary Representative of the President of the Russian Federation into the North Caucasus Federal District (until June 2018).  Honorary Consul of Nicaragua in Crimea since October 2020.","Crimea","EU","2014-04-29","1949-09-15","","EU.3654.43","UKR — 2021/446 (OJ L87)"
"Valery Vladimirovich KULIKOV","Individual","Former Deputy-Commander of the Black Sea Fleet, Rear Admiral. On 26 September 2017, with a Decree of the President of Russian Federation, he was dismissed from this post and from military service. Former member of the Federation Council of Russian Federation, representing the annexed City of Sevastopol. Currently serves as deputy in the “Legislative Assembly” of the City of Sevastopol.","Crimea","EU","2014-03-21","1956-09-01","","EU.3525.40","UKR — 2021/446 (OJ L87)"
"АКЦИОНЕРНОЕ ОБЩЕСТВО “ЧЕРНОМОРСКИЙ БАНК РАЗВИТИЯ И РЕКОНСТРУКЦИИ”","Entity","Joint Stock Company “Black Sea Development and Reconstruction Bank” (ChBRR) is a regional bank with a network of offices in all cities and district centres in Crimea. Among the services which ChBRR provides are business lending, cash and settlement services, consumer lending, term deposits, remote account management services, and currency transactions.","Crimea","EU","2025-02-24","","","EU.12741.45","UKR — 2025/389 (OJ L24022025)"
"Владимир Олегович КУРЬЯНОВ","Individual","Since 22 June 2023, Vladimir Kuryanov has been the acting Rector of the V.I. Vernadsky Crimean Federal University. He is supporting policies which contribute to the militarised education of Ukrainian children and young people and which undermine Ukrainian history and language.","Crimea","EU","","1960-01-23","","EU.13344.91","UKR — 2025/1476 (OJ L202501476)"
"ООО “МЕДИАГРУПП НЬЮСФРОНТ”","Entity","LLC Media Group NewsFront (NewsFront) is a Crimea-based outlet presenting distorted interpretations of history and manipulated information, in line with Kremlin messaging.","Crimea","EU","2025-02-24","","","EU.12720.11","UKR — 2025/389 (OJ L24022025)"
"Ольга Василівна БУРОВА","Individual","Olga Burova has been the so-called “First Deputy Minister of Culture of the Republic of Crimea” since 15 May 2023. In that role, she has promoted Crimea as a centre of Russian culture and as a part of Russian history, and supported its illegal annexation by Russia in 2014.","Crimea","EU","","1972-08-29","","EU.13340.95","UKR — 2025/1476 (OJ L202501476)"
"Сергій Олександрович КАРЯКIН","Individual","Senator of the Federation Council from the illegally annexed “Republic of\nCrimea”","Crimea","EU","2025-02-24","1990-01-12","","EU.12742.44","UKR — 2025/389 (OJ L24022025)"
"Юрій Петрович НIМЧЕНКО","Individual","Senator of the Federation Council from the illegally annexed “Republic of Crimea”","Crimea","EU","2025-02-24","1980-06-04","","EU.12738.69","UKR — 2025/389 (OJ L24022025)"
"PO More Shipyard","Entity","","Crimea","Japan (METI/MFA)","","","","50","Foreign Exchange and Foreign Trade Act"
"Crimea Patriot Centre","Entity","","Crimea","Switzerland (SECO)","2023-12-20","","","","Ordinance SR 946.231.176.72"
"Crimean Republican Enterprise ""Azov distillery plant""","Entity","","Crimea","Switzerland (SECO)","2014-08-04","","","","Ordinance SR 946.231.176.72"
"Federal State Unitary Enterprise “Crimea Railway”","Entity","","Crimea","Switzerland (SECO)","2020-10-14","","","","Ordinance SR 946.231.176.72"
"Federal state budget institution for science and research ""All-Russia national scientific research institute for wine growing and wine making “Magarach” Russian Academy of Sciences""","Entity","","Crimea","Switzerland (SECO)","2014-08-04","","","","Ordinance SR 946.231.176.72"
"First Crimean Insurance Company","Entity","","Crimea","Switzerland (SECO)","2020-10-14","","","","Ordinance SR 946.231.176.72"
"Joint-stock company ""Production-Agrarian Union ‘Massandra’""","Entity","","Crimea","Switzerland (SECO)","2014-08-04","","","","Ordinance SR 946.231.176.72"
"Joint-stock company “Sparkling wine plant ‘Novy Svet’”","Entity","","Crimea","Switzerland (SECO)","2014-08-04","","","","Ordinance SR 946.231.176.72"
"State Unitary Enterprise of the ""Republic of Crimea"" ""Chernomorneftegaz""","Entity","","Crimea","Switzerland (SECO)","2014-05-19","","","","Ordinance SR 946.231.176.72"
"State Unitary Enterprise of the ""Republic of Crimea"" ""Universal-Avia""","Entity","","Crimea","Switzerland (SECO)","2014-08-04","","","","Ordinance SR 946.231.176.72"
"State Unitary Enterprise of the City of Sevastopol, ""Sevastopol seaport""","Entity","","Crimea","Switzerland (SECO)","2014-08-04","","","","Ordinance SR 946.231.176.72"
"Subsidiary Sevastopol Naval Plant of Zvezdochka Shipyard (Sevastopol Naval Plant)","Entity","","Crimea","Switzerland (SECO)","2023-01-25","","","","Ordinance SR 946.231.176.72"
"“State Unitary Enterprise of the Crimean Republic ‘Crimean Sea Ports’”","Entity","","Crimea","Switzerland (SECO)","2017-09-25","","","","Ordinance SR 946.231.176.72"
"'Joint-Stock Company 'Sparkling Wine Plant Novy Svet'","Entity","","Crimea","UK (OFSI)","31/12/2020","","","13062","Russia (Sanctions) (EU Exit) Regulations 2019"
"AO 'Institute Giprostroymost - Saint-Petersburg'","Entity","","Crimea","UK (OFSI)","31/12/2020","","","13700","Russia (Sanctions) (EU Exit) Regulations 2019"
"Abisov, Sergey Vadimovich","Individual","Former Minister of the Interior of the Republic","Crimea","UK (OFSI)","31/12/2020","27/11/1967","Ukraine","13071","Russia (Sanctions) (EU Exit) Regulations 2019"
"Aksyonov, Sergey Valeryevich","Individual","Prime Minister","Crimea","UK (OFSI)","31/12/2020","26/11/1972","Ukraine","12922","Russia (Sanctions) (EU Exit) Regulations 2019"
"Almaz-Antey Air and Space Defense Corporation.","Entity","","Crimea","UK (OFSI)","31/12/2020","","","13076","Russia (Sanctions) (EU Exit) Regulations 2019"
"Altabaeva, Yekaterina Borisovna","Individual","Member of the Federation Council","Crimea","UK (OFSI)","31/12/2020","27/05/1956","Russia","13808","Russia (Sanctions) (EU Exit) Regulations 2019"
"BULGAKOV, Dmitry Vitalyevich","Individual","Deputy Minister of Defence of the Russian Federation; Chief of the Russian Armed Forces Logistics Services","Crimea","UK (OFSI)","24/03/2022","20/10/1954","Russia","14992","Russia (Sanctions) (EU Exit) Regulations 2019"
"Babakov, Alexander Mikhailovich","Individual","Former Member of the State Duma of the Russian Federation","Crimea","UK (OFSI)","31/12/2020","08/02/1963","","13124","Russia (Sanctions) (EU Exit) Regulations 2019"
"Bakharev, Konstantin Mikhailovich","Individual","Member of the State Duma, elected from the illegally annexed Autonomous Republic of Crimea","Crimea","UK (OFSI)","31/12/2020","20/10/1972","Ukraine","13391","Russia (Sanctions) (EU Exit) Regulations 2019"
"Balbek, Ruslan Ismailovich","Individual","Member of the State Duma, elected from the illegally annexed Autonomous Republic of Crimea.","Crimea","UK (OFSI)","31/12/2020","28/08/1977","Russia","13390","Russia (Sanctions) (EU Exit) Regulations 2019"
"Bank Rossiya","Entity","","Crimea","UK (OFSI)","22/02/2022","","","14177","Russia (Sanctions) (EU Exit) Regulations 2019"
"Basova, Lidia Aleksandrovna","Individual","Vice-Chair Sevastopol City Electoral Commission","Crimea","UK (OFSI)","31/12/2020","dd/mm/1975","Russia","13806","Russia (Sanctions) (EU Exit) Regulations 2019"
"Belaventsev, Oleg Yevgenyvich","Individual","Former Plenipotentiary Representative of the President of the Russian Federation into the so-called 'Crimean Federal District' | Non- permanent member of the Russian Security Council","Crimea","UK (OFSI)","31/12/2020","15/09/1949","Russia","12951","Russia (Sanctions) (EU Exit) Regulations 2019"
"Belik, Dmitry Anatolievich","Individual","Member of the State Duma, elected from the illegally annexed city of Sevastopol|Member of the Duma Committee on Control and Regulation","Crimea","UK (OFSI)","31/12/2020","17/10/1969","","13392","Russia (Sanctions) (EU Exit) Regulations 2019"
"Berezovskiy, Denis Valentinovich","Individual","Deputy Commander of the Black Sea Fleet of the Russian Federation | Former Commander of the Ukrainian Navy","Crimea","UK (OFSI)","31/12/2020","15/07/1974","Ukraine","12925","Russia (Sanctions) (EU Exit) Regulations 2019"
"Bezruchenko, Natalia Ivanovna","Individual","Secretary of the Election Commission of the Crimea Electoral Commission","Crimea","UK (OFSI)","31/12/2020","22/08/1979","","13667","Russia (Sanctions) (EU Exit) Regulations 2019"
"Black Sea Bank for Development and Reconstruction","Entity","","Crimea","UK (OFSI)","22/02/2022","","","14178","Russia (Sanctions) (EU Exit) Regulations 2019"
"CHEMEZOV, Alexander Sergeevich","Individual","Family associate (son of Sergey Viktorovich CHEMEZOV)","Crimea","UK (OFSI)","15/03/2022","dd/mm/1985","","14737","Russia (Sanctions) (EU Exit) Regulations 2019"
"CHEMEZOV, Stanislav Sergeevich","Individual","Family associate (son of Sergey Viktorovitch CHEMEZOV)","Crimea","UK (OFSI)","15/03/2022","dd/mm/1973","Russia","14738","Russia (Sanctions) (EU Exit) Regulations 2019"
"Chaliy, Aleksei Mikhailovich","Individual","Acting 'Governor' of Sevastopol. (1 to 14 April 2014). | Chair of the Legislative Assembly of Sevastopol | Elected 'People's Mayor of Sevastopol' on 23 February 2014.","Crimea","UK (OFSI)","31/12/2020","13/06/1961","Russia","12926","Russia (Sanctions) (EU Exit) Regulations 2019"
"Chemezov, Sergey Viktorovich","Individual","Chair of the Rostec conglomerate","Crimea","UK (OFSI)","31/12/2020","20/08/1952","Russia","13115","Russia (Sanctions) (EU Exit) Regulations 2019"
"Cherezov, Andrey Vladimirovich","Individual","Former Deputy/Vice-Minister for Energy of the Russian Federation","Crimea","UK (OFSI)","31/12/2020","12/10/1967","Russia","13521","Russia (Sanctions) (EU Exit) Regulations 2019"
"Crimean Railway (Federal State United Enterprise)","Entity","","Crimea","UK (OFSI)","31/12/2020","","","13930","Russia (Sanctions) (EU Exit) Regulations 2019"
"Crimean Republican Enterprise Azov Distillery Plant","Entity","","Crimea","UK (OFSI)","31/12/2020","","","13059","Russia (Sanctions) (EU Exit) Regulations 2019"
"DYUMIN, Alexei Gennadyevich","Individual","Governor of Tula Oblast","Crimea","UK (OFSI)","23/02/2023","28/08/1972","","15790","Russia (Sanctions) (EU Exit) Regulations 2019"
"Danilenko, Sergei Andreevich","Individual","Former Head of the Sevastopol City Election Commission","Crimea","UK (OFSI)","31/12/2020","14/03/1960","Russia","13805","Russia (Sanctions) (EU Exit) Regulations 2019"
"Dobrolet","Entity","","Crimea","UK (OFSI)","31/12/2020","","","13077","Russia (Sanctions) (EU Exit) Regulations 2019"
"Dvornikov, Aleksandr Vladimirovich","Individual","Commander of the Southern Military District of the Russian Armed Forces","Crimea","UK (OFSI)","31/12/2020","22/08/1961","Russia","13785","Russia (Sanctions) (EU Exit) Regulations 2019"
"FEDIN, Yuriy Sergeyevich","Individual","CEO of NewsFront","Crimea","UK (OFSI)","04/07/2022","26/03/1989","Russia","15442","Russia (Sanctions) (EU Exit) Regulations 2019"
"Federal State Budgetary Enterprise 'Sanatorium 'Nizhnyaya Oreanda'' of the Administration of the President of the Russian Federation","Entity","","Crimea","UK (OFSI)","31/12/2020","","","13058","Russia (Sanctions) (EU Exit) Regulations 2019"
"First Crimean Insurance Company","Entity","","Crimea","UK (OFSI)","31/12/2020","","","13931","Russia (Sanctions) (EU Exit) Regulations 2019"
"Galkin, Aleksandr Viktorovich","Individual","Aide to the Defence Minister","Crimea","UK (OFSI)","31/12/2020","22/03/1958","Russia","12932","Russia (Sanctions) (EU Exit) Regulations 2019"
"Ganov, Alexander Nikolaevich","Individual","CEO of the railway company JSC TC Grand Service Express.","Crimea","UK (OFSI)","31/12/2020","24/10/1974","Russia","13926","Russia (Sanctions) (EU Exit) Regulations 2019"
"Glazyev, Sergey Yurievich","Individual","Adviser to the President of the Russian Federation","Crimea","UK (OFSI)","31/12/2020","01/01/1961","Ukraine","12936","Russia (Sanctions) (EU Exit) Regulations 2019"
"Gotsanyuk, Yuriy","Individual","Chair, Council of Ministers, Crimea (Prime Minister)","Crimea","UK (OFSI)","31/12/2020","18/07/1966","Russia","13809","Russia (Sanctions) (EU Exit) Regulations 2019"
"Grabchak, Evgeniy Petrovich","Individual","Vice-Minister for Energy of the Russian Federation","Crimea","UK (OFSI)","31/12/2020","18/07/1981","Russia","13522","Russia (Sanctions) (EU Exit) Regulations 2019"
"Gromov, Alexey Alexeyevich","Individual","First Deputy Chief of Staff of the Presidential Administration of the Russian Federation","Crimea","UK (OFSI)","31/12/2020","31/05/1960","Russia","13068","Russia (Sanctions) (EU Exit) Regulations 2019"
"Guzeyeva, Inna Nikolayevna","Individual","Deputy Chair of the Crimea Electoral Commission","Crimea","UK (OFSI)","31/12/2020","20/05/1971","Ukraine","13666","Russia (Sanctions) (EU Exit) Regulations 2019"
"IGNATOVA, Anastasiya Mikhailovna","Individual","step-daughter of prominent Russian oligarch Sergey CHEMEZOV","Crimea","UK (OFSI)","15/03/2022","dd/mm/1988","Russian","14740","Russia (Sanctions) (EU Exit) Regulations 2019"
"IGNATOVA, Ekaterina Sergeevna","Individual","second wife of prominent Russian oligarch Sergey CHEMEZOV","Crimea","UK (OFSI)","15/03/2022","21/03/1968","Russian","14741","Russia (Sanctions) (EU Exit) Regulations 2019"
"IS Bank","Entity","","Crimea","UK (OFSI)","22/02/2022","","","14180","Russia (Sanctions) (EU Exit) Regulations 2019"
"JSC VAD","Entity","","Crimea","UK (OFSI)","31/12/2020","","","13705","Russia (Sanctions) (EU Exit) Regulations 2019"
"JSC Zaliv Shipyard","Entity","","Crimea","UK (OFSI)","31/12/2020","","","13702","Russia (Sanctions) (EU Exit) Regulations 2019"
"Jarosh, Petr Grigorievich","Individual","Former head of the Federal Migration Service office for Crimea","Crimea","UK (OFSI)","31/12/2020","30/01/1971","Ukraine","12968","Russia (Sanctions) (EU Exit) Regulations 2019"
"Joint Stock Company Genbank","Entity","","Crimea","UK (OFSI)","22/02/2022","","","14179","Russia (Sanctions) (EU Exit) Regulations 2019"
"Joint-stock company 'Lenpromtransproyekt'","Entity","","Crimea","UK (OFSI)","31/12/2020","","","13928","Russia (Sanctions) (EU Exit) Regulations 2019"
"Joint-stock company 'Production Agrarian Union 'Massandra''","Entity","","Crimea","UK (OFSI)","31/12/2020","","","13060","Russia (Sanctions) (EU Exit) Regulations 2019"
"Joint-stock company 'The Berkatit-Tommot-Yakutsk Railway Line's Construction Directorate'","Entity","","Crimea","UK (OFSI)","31/12/2020","","","13929","Russia (Sanctions) (EU Exit) Regulations 2019"
"KHUSNULLIN, Marat Shakirzyanovich","Individual","Deputy Prime Minister, Russia","Crimea","UK (OFSI)","15/03/2022","09/08/1966","Russia","14642","Russia (Sanctions) (EU Exit) Regulations 2019"
"KLISHIN, Mikhail Alekseevich","Individual","Member of the Board of Directors, JSC SOGAZ","Crimea","UK (OFSI)","13/05/2022","09/10/1954","Russia","15385","Russia (Sanctions) (EU Exit) Regulations 2019"
"KOVALCHUK, Boris Yurievich","Individual","Family associate (son of Yuri KOVALCHUK)","Crimea","UK (OFSI)","15/03/2022","01/12/1977","Russia","14802","Russia (Sanctions) (EU Exit) Regulations 2019"
"KOVALENKO, Vladimir Vladislavovich","Individual","Chief of Staff of Yunarmia in Sevastopol, Crimea","Crimea","UK (OFSI)","17/07/2023","04/02/1962","Russia","16015","Russia (Sanctions) (EU Exit) Regulations 2019"
"KRIVONOGIKH, Svetlana Alexandrovna","Individual","[No role published — OFSI ""involved person"" designation]","Crimea","UK (OFSI)","08/02/2023","10/03/1975","Russia","15726","Russia (Sanctions) (EU Exit) Regulations 2019"
"Kadyrov, Ramzan Akhmadovitch","Individual","President of the Republic of Chechnya","Crimea","UK (OFSI)","31/12/2020","05/10/1976","","13042","Russia (Sanctions) (EU Exit) Regulations 2019"
"Kapranova, Anastasiya Nikolayevna","Individual","Secretary of the Sevastopol City Election Commission","Crimea","UK (OFSI)","31/12/2020","dd/mm/1964 | 21/04/1964","Ukraine","13670","Russia (Sanctions) (EU Exit) Regulations 2019"
"Kiselyov, Dmitry Konstantinovich","Individual","Head of the Russian Federal State News Agency 'Rossiya Segodnya'.","Crimea","UK (OFSI)","31/12/2020","26/04/1954","Russia","12944","Russia (Sanctions) (EU Exit) Regulations 2019"
"Klishas, Andrei Aleksandrovich","Individual","Chair of Federation Council Committee on Constitutional Legislation and State Building","Crimea","UK (OFSI)","31/12/2020","09/11/1972","Russia","12914","Russia (Sanctions) (EU Exit) Regulations 2019"
"Konstantinov, Vladimir Andreevich","Individual","speaker of the Supreme Council of the Autonomous republic of Crimea","Crimea","UK (OFSI)","31/12/2020","19/11/1956","Russia","12923","Russia (Sanctions) (EU Exit) Regulations 2019"
"Kovalchuk, Yuriy Valentinovich","Individual","Major shareholder of Bank Rossiya and the National Media Group","Crimea","UK (OFSI)","31/12/2020","25/07/1951","Russia","13075","Russia (Sanctions) (EU Exit) Regulations 2019"
"Kovitidi, Olga Fedorovna","Individual","Member of the Federation Council Committee on Constitutional Legislation and Stage Building | Member, formerly the Russian Federation Council from the annexed Autonomous Republic of Crimea","Crimea","UK (OFSI)","31/12/2020","07/05/1962","Ukraine","12954","Russia (Sanctions) (EU Exit) Regulations 2019"
"Kozak, Dmitry Nikolayevich","Individual","Deputy Chief of Staff to the Presidential Executive Office | de facto chief Russian negotiator on Ukraine | Former Deputy Prime Minister","Crimea","UK (OFSI)","31/12/2020","07/11/1958","Russia","12950","Russia (Sanctions) (EU Exit) Regulations 2019"
"Kozenko, Andrei Dmitrievich","Individual","Current or Former Memeber of the State Duma.","Crimea","UK (OFSI)","31/12/2020","03/08/1981","Ukraine","13393","Russia (Sanctions) (EU Exit) Regulations 2019"
"Kozyura, Oleg Grigorievich","Individual","Was the acting Head of the Federal Migration Service office for Sevastopol when and after it was transferred from the Ukrainian government to the Russian government following the Crimean annexation.","Crimea","UK (OFSI)","31/12/2020","30/12/1965 | 19/12/1962","Ukraine","12969","Russia (Sanctions) (EU Exit) Regulations 2019"
"Kulikov, Valery Vladimirovich","Individual","A deputy of the Legislative Assembly of the city of Sevastopol | Former Deputy Commander of the Black Sea Fleet","Crimea","UK (OFSI)","31/12/2020","01/09/1956","Russia","12940","Russia (Sanctions) (EU Exit) Regulations 2019"
"LAVRIK, Valentina Vasilyevna","Individual","Minister of Education, Science and Youth for occupied Crimea.","Crimea","UK (OFSI)","19/11/2024","25/02/1969","Ukraine","16690","Russia (Sanctions) (EU Exit) Regulations 2019"
"LEBEDEV, Dmitri Alekseevich","Individual","Chairman of Board of Directors, Bank Rossiya","Crimea","UK (OFSI)","10/03/2022","30/03/1968","Russia","14215","Russia (Sanctions) (EU Exit) Regulations 2019"
"Lebedev, Igor Vladimirovich","Individual","Former Deputy Speaker, State Duma","Crimea","UK (OFSI)","31/12/2020","27/09/1972","Russia","13111","Russia (Sanctions) (EU Exit) Regulations 2019"
"Lebedev, Oleg Vladimirovich","Individual","Former First Deputy Chairman of the Committee on Relations with CIS Countries, Eurasian Integration and Links with Compatriots of the State Duma","Crimea","UK (OFSI)","31/12/2020","21/03/1964","Russia","13109","Russia (Sanctions) (EU Exit) Regulations 2019"
"Levichev, Nikolai Vladimirovich","Individual","Currently a member of the Central Election Commission | former Deputy Speaker, State Duma | Former member of the State Duma of the Russian Federation","Crimea","UK (OFSI)","31/12/2020","28/05/1953","Russia","13112","Russia (Sanctions) (EU Exit) Regulations 2019"
"MILLER, Alexei Borisovich","Individual","Deputy Chairman of the Board of Directors | Chairman of the Management Committee of GAZPROM","Crimea","UK (OFSI)","10/03/2022","31/01/1962","Russia","14216","Russia (Sanctions) (EU Exit) Regulations 2019"
"Malyshev, Mikhail Grigoryevich","Individual","Chair of the Crimea Electoral Commission","Crimea","UK (OFSI)","31/12/2020","10/10/1955","Ukraine","12933","Russia (Sanctions) (EU Exit) Regulations 2019"
"Melnikov, Ivan Ivanovich","Individual","First Deputy Speaker, State Duma","Crimea","UK (OFSI)","31/12/2020","07/08/1950","Russia","13110","Russia (Sanctions) (EU Exit) Regulations 2019"
"Menyailo, Sergei Ivanovich","Individual","Former Governor of Sevastopol | Former Plenipotentiary Representative of the President of the Russian Federation | Head of the North Ossetia-Alania Republic","Crimea","UK (OFSI)","31/12/2020","22/08/1960","Ukraine","12953","Russia (Sanctions) (EU Exit) Regulations 2019"
"Milchakov, Alexey Yurevich","Individual","Commander, 'Rusich' armed separatist unit","Crimea","UK (OFSI)","31/12/2020","30/04/1991","Russia","13200","Russia (Sanctions) (EU Exit) Regulations 2019"
"Muradov, Georgiy L'Vovich","Individual","So-called 'Deputy Prime Minister of Crimea' Other Information: He is plenipotentiary representative of Crimea to President Putin.","Crimea","UK (OFSI)","31/12/2020","19/11/1954","Russia","13099","Russia (Sanctions) (EU Exit) Regulations 2019"
"Naryshkin, Sergei Evgenevich","Individual","Former Speaker of the State Duma","Crimea","UK (OFSI)","31/12/2020","27/10/1954","Russia","12942","Russia (Sanctions) (EU Exit) Regulations 2019"
"Naumets, Aleksey Vasilevich","Individual","Deputy Chief of Staff of the Airborne Forces","Crimea","UK (OFSI)","31/12/2020","11/02/1968","Russia","13114","Russia (Sanctions) (EU Exit) Regulations 2019"
"Nemtsev, Vladimir Vladimirovich","Individual","Chair, 'Legislative Assembly of Sevastopol'","Crimea","UK (OFSI)","31/12/2020","15/11/1971","Russia","13810","Russia (Sanctions) (EU Exit) Regulations 2019"
"Neverov, Sergei Ivanovich","Individual","Deputy Chairman of the State Duma, United Russia faction","Crimea","UK (OFSI)","31/12/2020","20/12/1961","Russia","12956","Russia (Sanctions) (EU Exit) Regulations 2019"
"Nikitin, Vladimir Stepanovich","Individual","Chairman of the All-Russian public movement 'Russian Lad' ('РУССКИЙ ЛАД') | Member of the Presidium of the Central Committee of the Communist Party of the Russian Federation","Crimea","UK (OFSI)","31/12/2020","05/04/1948","Russia","13108","Russia (Sanctions) (EU Exit) Regulations 2019"
"OAO 'VO Technopromexport'","Entity","","Crimea","UK (OFSI)","31/12/2020","","","13524","Russia (Sanctions) (EU Exit) Regulations 2019"
"OOO 'VO Technopromexport'","Entity","","Crimea","UK (OFSI)","31/12/2020","","","13525","Russia (Sanctions) (EU Exit) Regulations 2019"
"Ovsyannikov, Dmitrii Vladimirovich","Individual","Former Governor of the City of Sevastopol | later Deputy Minister of Trade and Industry of the Russian Federation","Crimea","UK (OFSI)","31/12/2020","21/02/1977","Russia","13558","Russia (Sanctions) (EU Exit) Regulations 2019"
"PIMANOV, Aleksei Viktorovich","Individual","Director General of Managing Organisation Creative Association Red Star | Head of the Krasnaya Zvezda media holding","Crimea","UK (OFSI)","21/04/2022","09/02/1962","Russia","15298","Russia (Sanctions) (EU Exit) Regulations 2019"
"PJSC Mostotrest","Entity","","Crimea","UK (OFSI)","31/12/2020","","","13701","Russia (Sanctions) (EU Exit) Regulations 2019"
"Petukhov, Aleksandr Yurievich","Individual","Former Deputy Head of the Sevastopol City Election Commission","Crimea","UK (OFSI)","31/12/2020","17/07/1970","Ukraine","13668","Russia (Sanctions) (EU Exit) Regulations 2019"
"Pligin, Vladimir Nikolaevich","Individual","Member of the Supreme Council of the United Russia Party","Crimea","UK (OFSI)","31/12/2020","19/05/1960","Russia","12967","Russia (Sanctions) (EU Exit) Regulations 2019"
"Pogorelov, Miroslav Yureyevich","Individual","Deputy Head of the Sevastopol City Election Commission","Crimea","UK (OFSI)","31/12/2020","07/06/1968","Ukraine","13669","Russia (Sanctions) (EU Exit) Regulations 2019"
"Poklonskaya, Natalia Vladimirovna","Individual","First Deputy Chairperson of the Committee for Security and countering corruption of the State Duma of the Russian Federation | Former Member of the State Duma of the Russian Federation elected from the illegally annexed Autonomous Republic of Crimea | Former Prosecutor of the so-called Republic of Crimea'","Crimea","UK (OFSI)","31/12/2020","18/03/1980","Russia","12977","Russia (Sanctions) (EU Exit) Regulations 2019"
"Public Joint Stock Company 'United Aircraft Corporation'","Entity","","Crimea","UK (OFSI)","24/02/2022","","","14186","Russia (Sanctions) (EU Exit) Regulations 2019"
"Public Joint Stock Company 'United Shipbuilding Corporation'","Entity","","Crimea","UK (OFSI)","24/02/2022","","","14189","Russia (Sanctions) (EU Exit) Regulations 2019"
"Pyrkova, Yekaterina Eduardovna","Individual","Secretary of the Sevastopol Central Electoral Commission","Crimea","UK (OFSI)","31/12/2020","22/08/1967","Russia","13807","Russia (Sanctions) (EU Exit) Regulations 2019"
"RESHETNIKOV, Maxim Gennadyevich","Individual","Minister of Economic Development of the Russian Federation; Member of the Supervisory Council of the VTB Bank, Member of the Presidium of the Commission on Scientific and technological Development of the Russian Federation.","Crimea","UK (OFSI)","15/03/2022","11/07/1979","Russia","14644","Russia (Sanctions) (EU Exit) Regulations 2019"
"ROTENBERG, Liliya Arkadyevna","Individual","Family associate (daughter of Arkady Romanovich ROTENBERG)","Crimea","UK (OFSI)","15/03/2022","17/04/1978","","14755","Russia (Sanctions) (EU Exit) Regulations 2019"
"ROTENBERG, Pavel Arkedyevich","Individual","Family associate (son of Arkady Romanovich ROTENBERG)","Crimea","UK (OFSI)","15/03/2022","20/02/2000","","14756","Russia (Sanctions) (EU Exit) Regulations 2019"
"Rashkin, Valery Fedorovich","Individual","First Deputy Chairman of the State Duma Committee on Ethnicity Issues","Crimea","UK (OFSI)","31/12/2020","14/03/1955","Russia","13217","Russia (Sanctions) (EU Exit) Regulations 2019"
"Razvozhaev, Mikhail","Individual","Acting 'Governor' of Sevastopol","Crimea","UK (OFSI)","31/12/2020","30/12/1980","Russia","13811","Russia (Sanctions) (EU Exit) Regulations 2019"
"Rogozin, Dmitry Olegovich","Individual","Former Deputy Prime Minister, Russian Federation","Crimea","UK (OFSI)","31/12/2020","21/12/1963","Russia","12935","Russia (Sanctions) (EU Exit) Regulations 2019"
"Romashkin, Ruslan Alexandrovich","Individual","Head of Service of the Control Point in the 'Republic of Crimea and City of Sevastopol' of the Federal Security Service of the Russian Federation","Crimea","UK (OFSI)","31/12/2020","15/06/1976","Russia","13783","Russia (Sanctions) (EU Exit) Regulations 2019"
"Russian National Commercial Bank","Entity","","Crimea","UK (OFSI)","31/12/2020","","","13078","Russia (Sanctions) (EU Exit) Regulations 2019"
"Ryzhenkin, Leonid Kronidovich","Individual","Former deputy general director for infrastructure projects at Strogazmontazh (SGM)","Crimea","UK (OFSI)","31/12/2020","10/11/1967","","13927","Russia (Sanctions) (EU Exit) Regulations 2019"
"SHAPOVALOV, Oleg Georgevich","Individual","Minister of Justice of the Republic of Crimea","Crimea","UK (OFSI)","29/09/2023","14/07/1959","Ukraine","16101","Russia (Sanctions) (EU Exit) Regulations 2019"
"SHATOKHIN, Oleksii VOLODYMYROVYCH","Individual","Head of Service, Kerch City Branch of FSB in Crimea","Crimea","UK (OFSI)","31/12/2020","26/01/1971","Russia","13782","Russia (Sanctions) (EU Exit) Regulations 2019"
"SHEIN, Andrei BORISOVICH","Individual","Deputy Head of Department, Head of the Coast Guard of the FSB Border Control in Crimea","Crimea","UK (OFSI)","31/12/2020","10/06/1971","Russia","13779","Russia (Sanctions) (EU Exit) Regulations 2019"
"SHELOMOV, Mikhail Lvovich","Individual","Russian business owner","Crimea","UK (OFSI)","13/05/2022","07/01/1968","Russia","15383","Russia (Sanctions) (EU Exit) Regulations 2019"
"Saliaiev, Oleksii Mykhailovych","Individual","Commander of the Border Patrol Boat ‘Don’","Crimea","UK (OFSI)","31/12/2020","04/12/1975 | 22/08/1978","Russia","13780","Russia (Sanctions) (EU Exit) Regulations 2019"
"Savchenko, Svetlana Borisovna","Individual","Member of the State Duma, elected from the illegally annexed Autonomous Republic of Crimea.| Member of the Duma Committee on culture.","Crimea","UK (OFSI)","31/12/2020","24/06/1965","Ukraine","13394","Russia (Sanctions) (EU Exit) Regulations 2019"
"Savelyev, Oleg Genrikhovich","Individual","Former Minister for Crimean Affairs Federation","Crimea","UK (OFSI)","31/12/2020","27/10/1965","Russia","12952","Russia (Sanctions) (EU Exit) Regulations 2019"
"Shamalov, Nikolay Terentievich","Individual","a co-founder","Crimea","UK (OFSI)","31/12/2020","24/01/1950","Russia","13074","Russia (Sanctions) (EU Exit) Regulations 2019"
"Shamanov, Vladimir Anatolievich","Individual","Chairperson of the Defence Committee of the State Duma of the Russian Federation","Crimea","UK (OFSI)","31/12/2020","15/02/1957","Russia","12966","Russia (Sanctions) (EU Exit) Regulations 2019"
"Shcherbakov, Serhii Oleksiivich","Individual","Commander of the anti-submarine ship ‘Suzdal’","Crimea","UK (OFSI)","31/12/2020","02/11/1986","Russia","13784","Russia (Sanctions) (EU Exit) Regulations 2019"
"Sheremet, Mikhail Sergeyevich","Individual","Member of Russian State Duma elected for Crimea and former so-called ‘First Deputy Prime Minister’ of Crimea.","Crimea","UK (OFSI)","31/12/2020","23/05/1971","Ukraine","13100","Russia (Sanctions) (EU Exit) Regulations 2019"
"Shevchenko, Igor Sergeivich","Individual","Former prosecutor of the City of Sevastopol | Acting Attorney Sevastopol","Crimea","UK (OFSI)","31/12/2020","09/02/1979","Ukraine","12978","Russia (Sanctions) (EU Exit) Regulations 2019"
"Shypitsyn, Andrii","Individual","Commander of the Border Patrol Boat ‘Izumrud’","Crimea","UK (OFSI)","31/12/2020","25/12/1969","Russia","13781","Russia (Sanctions) (EU Exit) Regulations 2019"
"Sidorov, Anatoliy Alekseevich","Individual","Former Commander of Russia's Western Military District, units of which are deployed in Crimea","Crimea","UK (OFSI)","31/12/2020","02/07/1958","Russia","12931","Russia (Sanctions) (EU Exit) Regulations 2019"
"Sobol","Entity","","Crimea","UK (OFSI)","31/12/2020","","","13053","Russia (Sanctions) (EU Exit) Regulations 2019"
"Stankevich, Sergey Nikolayevich","Individual","Head of Border Directorate of the Federal Security Service of the Russian Federation for 'Republic of Crimea and City of Sevastopol","Crimea","UK (OFSI)","31/12/2020","27/01/1963","Russia","13778","Russia (Sanctions) (EU Exit) Regulations 2019"
"State Unitary Enterprise of the 'Republic of Crimea' 'Chernomorneftegaz'","Entity","","Crimea","UK (OFSI)","31/12/2020","","","12979","Russia (Sanctions) (EU Exit) Regulations 2019"
"State Unitary Enterprise of the City of Sevastopol 'Sevastopol Sea Port'","Entity","","Crimea","UK (OFSI)","31/12/2020","","","13051","Russia (Sanctions) (EU Exit) Regulations 2019"
"State Unitary Enterprise of the Crimean Republic 'Crimean Sea Ports'","Entity","","Crimea","UK (OFSI)","31/12/2020","","","13544","Russia (Sanctions) (EU Exit) Regulations 2019"
"Stroygazmontazh Corporation (SGM Group)","Entity","","Crimea","UK (OFSI)","31/12/2020","","","13703","Russia (Sanctions) (EU Exit) Regulations 2019"
"Stroygazmontazh-Most OOO (SGM-MOST OOO)","Entity","","Crimea","UK (OFSI)","31/12/2020","","","13704","Russia (Sanctions) (EU Exit) Regulations 2019"
"Surkov, Vladislav Yurievich","Individual","Aide to the President of the Russian Federation","Crimea","UK (OFSI)","31/12/2020","21/09/1964","Russia","12937","Russia (Sanctions) (EU Exit) Regulations 2019"
"Tactical Missiles Corporation Joint Stock Company","Entity","","Crimea","UK (OFSI)","24/02/2022","","","14187","Russia (Sanctions) (EU Exit) Regulations 2019"
"Temirgaliev, Rustam Ilmirovich","Individual","Managing Company of the Russian-Chinese Investment Fund for Regional Development","Crimea","UK (OFSI)","31/12/2020","15/08/1976","Ukraine","12924","Russia (Sanctions) (EU Exit) Regulations 2019"
"Tkachyov, Alexander Nikolayevich","Individual","Former Governor of the Krasnodar Krai","Crimea","UK (OFSI)","31/12/2020","23/12/1960","","13043","Russia (Sanctions) (EU Exit) Regulations 2019"
"Topor-Gilka, Sergey Anatolevich","Individual","Director General of OOO 'VO TPE'. Director General of OAO 'VO TPE' until its insolvency.","Crimea","UK (OFSI)","31/12/2020","17/02/1970","Russia","13523","Russia (Sanctions) (EU Exit) Regulations 2019"
"Tsekov, Sergey Pavlovych","Individual","Vice Speaker of the Verkhovna Rada of Crimea","Crimea","UK (OFSI)","31/12/2020","29/09/1953 | 28/08/1953","Ukraine","12929","Russia (Sanctions) (EU Exit) Regulations 2019"
"Turchenyuk, Igor Nikoolaevich","Individual","Head of the Southern District of the National Guard of the Russian Federation","Crimea","UK (OFSI)","31/12/2020","05/12/1959","","12938","Russia (Sanctions) (EU Exit) Regulations 2019"
"Vasilyev, Vladimir Abdualiyevich","Individual","Former Deputy Speaker of the State Duma","Crimea","UK (OFSI)","31/12/2020","11/08/1949","","13105","Russia (Sanctions) (EU Exit) Regulations 2019"
"Vodolatsky, Viktor Petrovich","Individual","Former Chairman ('Ataman') of the Union of the Russian and Foreign Cossack Forces|Member of Parliament & Deputy of the State Duma","Crimea","UK (OFSI)","31/12/2020","19/08/1957","","13106","Russia (Sanctions) (EU Exit) Regulations 2019"
"Volodin, Vyacheslav Viktorovich","Individual","Chairman of the State Duma of the Russian Federation (Speaker) | former First Deputy Chief of Staff of the Presidential Administration of Russia and aide to Vladimir Putin.","Crimea","UK (OFSI)","31/12/2020","04/02/1964","Russia","12965","Russia (Sanctions) (EU Exit) Regulations 2019"
"Yanukovych, Viktor","Individual","Former President of Ukraine","Crimea","UK (OFSI)","31/12/2020","09/07/1950","Ukraine","12891","Russia (Sanctions) (EU Exit) Regulations 2019"
"Zheleznyak, Sergei Vladimirovich","Individual","Former member of the Foreign Affairs Committee of the State Duma | Former Member of the State Duma","Crimea","UK (OFSI)","31/12/2020","30/07/1970","Russia","12920","Russia (Sanctions) (EU Exit) Regulations 2019"
"Zhurova, Svetlana Sergeevna","Individual","First Deputy Chairperson of the Committeeon Foreign Affairs, State Duma","Crimea","UK (OFSI)","31/12/2020","07/01/1972","Russia","13113","Russia (Sanctions) (EU Exit) Regulations 2019"
"Zima, Pyotr Anatoliyovych","Individual","as the new head","Crimea","UK (OFSI)","31/12/2020","18/01/1970","Ukraine","12927","Russia (Sanctions) (EU Exit) Regulations 2019"
"AUTONOMOUS NONPROFIT ORGANIZATION INSTITUTE OF MARINE INSTRUMENTATION AND ROBOTICS","Entity","","Crimea","US (OFAC)","2023-12-12","","","46686","RUSSIA-EO14024 | Executive Order 14024 (Russia)"
"DEGTYAREV, Mikhail Vladimirovich","Individual","","Crimea","US (OFAC)","2023-02-24","10 Jul 1981","Russia","41044","RUSSIA-EO14024 | Executive Order 14024 (Russia)"
"FEDERAL STATE BUDGETARY EDUCATIONAL INSTITUTE INTERNATIONAL CHILDREN CENTER ARTEK","Entity","","Crimea","US (OFAC)","2023-08-24","","","44682","RUSSIA-EO14024 | Executive Order 14024 (Russia)"
"K A VOLODIN INSTRUMENT ENGINEERING PLANT FEDERAL STATE UNITARY ENTERPRISE","Entity","","Crimea","US (OFAC)","2024-08-23","","","50293","RUSSIA-EO14024 | Executive Order 14024 (Russia)"
"KOVALENKO, Vladimir Vladislavovich","Individual","","Crimea","US (OFAC)","2023-08-24","04 Feb 1962","Ukraine","44688","RUSSIA-EO14024 | Executive Order 14024 (Russia)"
"LAVRIK, Valentina Vasilevna","Individual","","Crimea","US (OFAC)","2024-06-12","25 Feb 1969","Ukraine","49408","RUSSIA-EO14024 | Executive Order 14024 (Russia)"
"LIMITED LIABILITY COMPANY CYBERSECURITY LABORATORY","Entity","","Crimea","US (OFAC)","2024-03-25","","","48053","RUSSIA-EO14024 | Executive Order 14024 (Russia)"
"LIMITED LIABILITY COMPANY SSK PORT","Entity","","Crimea","US (OFAC)","2023-05-19","","","43278","RUSSIA-EO14024 | Executive Order 14024 (Russia)"
"MOLCHANOVA, Anna Stanislavovna","Individual","","Crimea","US (OFAC)","2024-08-23","29 Jan 1989","Ukraine","50415","RUSSIA-EO14024 | Executive Order 14024 (Russia)"
"NAVKA, Tatiana Aleksandrovna","Individual","","Crimea","US (OFAC)","2022-03-11","13 Apr 1975","Russia","35766","RUSSIA-EO14024 | Executive Order 14024 (Russia)"
"NECHAEV, Vladimir Dmitrievich","Individual","","Crimea","US (OFAC)","2023-08-24","20 Dec 1972","Russia","44689","RUSSIA-EO14024 | Executive Order 14024 (Russia)"
"OLIYNYK, Volodymyr Mykolayovych","Individual","","Crimea","US (OFAC)","2022-01-20","16 Apr 1957","Ukraine","34460","RUSSIA-EO14024 | Executive Order 14024 (Russia)"
"OOO ITERANET","Entity","","Crimea","US (OFAC)","2023-02-24","","","35261","RUSSIA-EO14024 | Executive Order 14024 (Russia)"
"SHIP REPAIR YARD OF THE BLACK SEA FLEET OF THE MINISTRY OF DEFENSE OF THE RUSSIAN FEDERATION","Entity","","Crimea","US (OFAC)","2024-06-12","","","49289","RUSSIA-EO14024 | Executive Order 14024 (Russia)"
"STATE BUDGETARY EDUCATIONAL INSTITUTION OF ADDITIONAL EDUCATION OF THE REPUBLIC OF CRIMEA CRIMEA PATRIOT CENTER","Entity","","Crimea","US (OFAC)","2023-04-12","","","42191","RUSSIA-EO14024 | Executive Order 14024 (Russia)"
"TROFIMOV, Andriy Yuriovych","Individual","","Crimea","US (OFAC)","2022-09-15","14 Aug 1972","Ukraine","39202","RUSSIA-EO14024 | Executive Order 14024 (Russia)"
"TSK VEKTOR, OOO","Entity","","Crimea","US (OFAC)","2023-12-12","","","46441","RUSSIA-EO14024 | Executive Order 14024 (Russia)"
"Автономна некомерційна організація ""Комітет сімей воїнів Вітчизни Республіки Крим""","Organisation","","Crimea","Ukraine (NSDC)","2025-09-20T16:24:30","","ru","NK-k6GX5T7sxUCJoxEcDK5YTv","UA-SA1644"
"Автономна некомерційна організація ""Телерадіокомпанія ""Крим""","Organisation","","Crimea","Ukraine (NSDC)","2023-04-20T10:50:14","","ru","NK-DcdcFuYKyFfAfvp45Ke9xf","UA-SA1644"
"Автономна некомерційна організація ''Громадська кримсько-татарська телерадіокомпанія""","Organisation","","Crimea","Ukraine (NSDC)","2023-05-25T20:13:16","","ru","NK-SYBuTDeYcTNiBzykaB4C7F","UA-SA1644"
"Автономна некомерційна організація додаткової професійної освіти ""Морський інноваційний центр регіонального відділення Загальноросійської громадсько-державної організації ""Добровільне товариство сприяння армії, авіації і флоту Росії міста Севастополя""","Organisation","","Crimea","Ukraine (NSDC)","2025-06-10T12:22:02","","ru","NK-Wz5szQ5mxxGeGgPJPUm33K","UA-SA1644"
"Акціонерне товариство ""Кримський содовий завод""","Organisation","","Crimea","Ukraine (NSDC)","2023-05-25T20:13:16","","ru","NK-8B89FyrCbphqRAHoRZHgXw","UA-SA1644"
"Акціонерне товариство ""Севастополь Телеком""","Organisation","","Crimea","Ukraine (NSDC)","2024-01-15T15:22:01","","ru","NK-FBjfT7hk9wu7inBZVpFJzG","UA-SA1644"
"Благодійний фонд ""Гуманітарний фронт Криму""","Organisation","","Crimea","Ukraine (NSDC)","2025-11-30T08:22:01","","ru","NK-CwEZNsNqZ5RThoMTXA97rA","UA-SA1644"
"Благодійний фонд ""Добро Світу - Волонтери Криму""","Organisation","","Crimea","Ukraine (NSDC)","2025-05-01T12:22:02","","ru","NK-UNyyYtg2GkbBkgSr4j2gzv","UA-SA1644"
"Благодійний фонд Волонтери ""Серце Севастополя""","Organisation","","Crimea","Ukraine (NSDC)","2025-05-01T12:22:02","","ru","NK-X35Fs8oVC6QoW4W9j7QPhd","UA-SA1644"
"Державна автономна установа міста Севастополя ""Севастопольська телерадіокомпанія""","Organisation","","Crimea","Ukraine (NSDC)","2024-05-23T15:22:01","","ru","NK-U7rwVeKZq8ejTpVKk3ZiVe","UA-SA1644"
"Державна бюджетна освітня установа вищої освіти Республіки Крим ""Кримський інженерно-педагогічний університет імені Февзі Якубова""","Organisation","","Crimea","Ukraine (NSDC)","2025-09-20T16:24:30","","ru","NK-3YbsAPscnv8sCyNq5Z5ToN","UA-SA1644"
"Державна бюджетна освітня установа додаткової освіти Республіки Крим ""Регіональний центр з підготовки до військової служби та військовопатріотичного виховання""","Organisation","","Crimea","Ukraine (NSDC)","2023-12-05T15:22:01","","ru","NK-aWkrUgeP4Y4uWaYu6bHeEM","UA-SA1644"
"Державна бюджетна установа Республіки Крим ""Історикоархеологічний музей-заповідник ""Неаполь Скіфський""","Organisation","","Crimea","Ukraine (NSDC)","2023-05-25T20:13:16","","ru","NK-WS2BuPketuaXScKsQA3iGn","UA-SA1644"
"Державна бюджетна установа Республіки Крим ""Бахчисарайський історико-культурний та археологічний музей-заповідник""","Organisation","","Crimea","Ukraine (NSDC)","2026-02-24T16:22:02","","ru","NK-UTj6rgCRMLLFvGNedXZoiW","UA-SA1644"
"Державна бюджетна установа Республіки Крим ""Кримський риборозплідник""","Organisation","","Crimea","Ukraine (NSDC)","2024-06-25T09:22:06","","ru","NK-ct5Ck47m7vdSdTxucmv43m","UA-SA1644"
"Державна бюджетна установа Республіки Крим ""Музей-заповідник ""Судацька фортеця""","Organisation","","Crimea","Ukraine (NSDC)","2023-05-25T20:13:16","","ru","NK-gGcDkhYAD8xi3x6FEm6HWt","UA-SA1644"
"Державна бюджетна установа Республіки Крим ""Редакція газети ""Кримська газета""","Organisation","","Crimea","Ukraine (NSDC)","2023-04-20T10:50:14","","ru","NK-HAej3jmQsmGKeQigG7hzNZ","UA-SA1644"
"Державна бюджетна установа Республіки Крим ""Східно-Кримський історико-культурний музей-заповідник""","Organisation","","Crimea","Ukraine (NSDC)","2024-03-06T15:22:01","","ru","NK-jjoJWsj7H7C4GXrZ9L7vkF","UA-SA1644"
"Державна бюджетна установа Республіки Крим ""Центральний музей Тавриди""","Organisation","","Crimea","Ukraine (NSDC)","2024-03-06T15:22:01","","ru","NK-dhjpuPQFR8UhmqL2i5evTi","UA-SA1644"
"Державна казенна установа ""Архів міста Севастополя""","Organisation","","Crimea","Ukraine (NSDC)","2026-02-24T16:22:02","","ru","NK-JGPchjWHiHkZJtLtcpxGHg","UA-SA1644"
"Державна казенна установа Республіки Крим ""Державний архів Республіки Крим""","Organisation","","Crimea","Ukraine (NSDC)","2026-02-24T16:22:02","","ru","NK-QqTXGiKVEDKaDc3dQqgUKG","UA-SA1644"
"Державна казенна установа Республіки Крим ""Кримський республіканський штаб Народного ополчення – народної дружини Республіки Крим""","Organisation","","Crimea","Ukraine (NSDC)","2025-09-20T16:24:30","","ru","ua-nsdc-33788-derzavna-kazenna-ustanova-respubliki-krim-krimskij-respublikanskij-stab-narodnogo-opolcenna-narodnoi-druzini-respubliki-krim","UA-SA1644"
"Державний бюджетний професійний освітній заклад Республіки Крим ""Сімферопольський автотранспортний технікум""","Organisation","","Crimea","Ukraine (NSDC)","2024-06-25T09:22:06","","ru","NK-g7z5kTDGG7uDwydsVHibFq","UA-SA1644"
"Державний комітет у справах архівів Республіки Крим","Organisation","","Crimea","Ukraine (NSDC)","2026-02-24T16:22:02","","ru","NK-bxQqYvkHjCHazsBVpiAdkM","UA-SA1644"
"Кримське республіканське відділення Загальноросійської громадської організації ""Федерація комп'ютерного спорту Росії""","Organisation","","Crimea","Ukraine (NSDC)","2025-09-20T16:24:30","","ru","NK-U5ZQxcTJvZY3CyDLPWirbw","UA-SA1644"
"Об'єднання роботодавців Республіки Крим","Organisation","","Crimea","Ukraine (NSDC)","2025-05-01T12:22:02","","ru","NK-YYvyhrye6csZyfqBvpGJaE","UA-SA1644"
"Прикордонне управління Федеральної служби безпеки Російської Федерації по Республіці Крим","Organisation","","Crimea","Ukraine (NSDC)","2023-05-25T20:13:16","","ru","NK-9P5GE7vvAVNrwG4KhWXePK","UA-SA1644"
"Регіональне відділення Загальноросійської громадсько-державної організації ""Добровільне товариство сприяння армії, авіації і флоту Росії міста Севастополя""","Organisation","","Crimea","Ukraine (NSDC)","2025-06-10T12:22:02","","ru","NK-fuGrofRBaoC8Wi8wm9YUC7","UA-SA1644"
"Регіональне відділення Загальноросійської громадсько-державної організації ""Російське військово-історичне товариство"" в Республіці Крим","Organisation","","Crimea","Ukraine (NSDC)","2026-02-24T16:22:02","","ru","NK-XVg5LDypzwmBFm3kBLuuv4","UA-SA1644"
"Регіональне відділення Загальноросійської громадсько-державної організації ""Російське військово-історичне товариство"" в місті Севастополі","Organisation","","Crimea","Ukraine (NSDC)","2026-02-24T16:22:02","","ru","NK-Ao5Z3iqhTgJdWSZNtk7Snr","UA-SA1644"
"Регіональний громадський добровольчий рух ""Ми разом - Севастополь""","Organisation","","Crimea","Ukraine (NSDC)","2025-05-01T12:22:02","","ru","NK-kPXyhxuMG7FK4mqRueQd7y","UA-SA1644"
"Севастопольський державний університет","Organisation","","Crimea","Ukraine (NSDC)","2023-04-20T10:50:14","","ru","NK-cAbvWBVvtwNbxkPG2fi8VN","UA-SA1644"
"Товариство з обмеженою відповідальністю ""Інформаційна платформа Кримпрес""","Organisation","","Crimea","Ukraine (NSDC)","2023-04-20T10:50:14","","ru","NK-MnGqRvCa2BLSy4w4kBN2xT","UA-SA1644"
"Товариство з обмеженою відповідальністю ""Автогруп Крим""","Organisation","","Crimea","Ukraine (NSDC)","2024-01-15T15:22:01","","ru","NK-6eB4aCpXXR4NvmNTZ4AnJg","UA-SA1644"
"Товариство з обмеженою відповідальністю ""Алеф-Віналь-Крим""","Organisation","","Crimea","Ukraine (NSDC)","2024-01-15T15:22:01","","ru","NK-35TUoyXdGMZUtV5WffquCS","UA-SA1644"
"Товариство з обмеженою відповідальністю ""Апекс-Крим""","Organisation","","Crimea","Ukraine (NSDC)","2024-01-15T15:22:01","","ru","NK-iAnXFZE47Xsj7xdyMdtDKf","UA-SA1644"
"Товариство з обмеженою відповідальністю ""Гарант-Крим""","Organisation","","Crimea","Ukraine (NSDC)","2025-09-20T16:24:30","","ru","NK-k4pLwVpvyw6inPPdDNbZi5","UA-SA1644"
"Товариство з обмеженою відповідальністю ""Кий Авіа Крим""","Organisation","","Crimea","Ukraine (NSDC)","2023-05-25T20:13:16","","ru","NK-2gn8T49sC562cyxc2GZUuq","UA-SA1644"
"Товариство з обмеженою відповідальністю ""КримКом Південь""","Organisation","","Crimea","Ukraine (NSDC)","2024-01-15T15:22:01","","ru","NK-PJKebaYnkmLuhdNGhsiBHG","UA-SA1644"
"Товариство з обмеженою відповідальністю ""Кримський регіональний центр археологічних досліджень""","Organisation","","Crimea","Ukraine (NSDC)","2023-05-25T20:13:16","","ru","NK-8nD5mqJzjaZeBo6BQRL4Pa","UA-SA1644"
"Товариство з обмеженою відповідальністю ""Кримінфоком""","Organisation","","Crimea","Ukraine (NSDC)","2024-01-15T15:22:01","","ru","NK-JEHz6g7byrZCtvgczFui7A","UA-SA1644"
"Товариство з обмеженою відповідальністю ""Науково-виробничий центр ""Кримське археологічне товариство""","Organisation","","Crimea","Ukraine (NSDC)","2023-05-25T20:13:16","","ru","NK-mRAGZFdnsxnmcmnuAs5X8d","UA-SA1644"
"Товариство з обмеженою відповідальністю ""Півострів Крим""","Organisation","","Crimea","Ukraine (NSDC)","2023-05-25T20:13:16","","ru","NK-kPSignwRP6ZXX5QZBfJKPf","UA-SA1644"
"Товариство з обмеженою відповідальністю ""Реал-Веб Крим""","Organisation","","Crimea","Ukraine (NSDC)","2024-01-15T15:22:01","","ru","NK-WNEjFnmibjAyYJWFjxvCry","UA-SA1644"
"Товариство з обмеженою відповідальністю ""Севастопольенерго""","Organisation","","Crimea","Ukraine (NSDC)","2023-05-25T20:13:16","","ru","NK-ie53mqS2kKXtS6Awxzop8R","UA-SA1644"
"Товариство з обмеженою відповідальністю ""Севастопольський Кореспондент""","Organisation","","Crimea","Ukraine (NSDC)","2025-09-20T16:24:30","","ru","NK-XrAp3v6e9tsbKPfjREFK4T","UA-SA1644"
"Товариство з обмеженою відповідальністю ""Севастопольський агрегатний завод""","Organisation","","Crimea","Ukraine (NSDC)","2023-04-20T10:50:14","","ru","NK-7EuiwzY7Lu9ECQSA8g67fV","UA-SA1644"
"Товариство з обмеженою відповідальністю ""Севастопольський центр землеустрою і геодезії""","Organisation","","Crimea","Ukraine (NSDC)","2024-06-25T09:22:06","","ru","NK-GbDSoAFHbKUc9EFG8cYpX7","UA-SA1644"
"Товариство з обмеженою відповідальністю ""Союзко-Крим""","Organisation","","Crimea","Ukraine (NSDC)","2023-07-19T18:02:43","","ru","NK-JgFwKQnJ4yToXTcFakccGa","UA-SA1644"
"Товариство з обмеженою відповідальністю ""Старлінк Крим""","Organisation","","Crimea","Ukraine (NSDC)","2024-01-15T15:22:01","","ru","NK-FyHQBA8TLe56uHVXFfnJSa","UA-SA1644"
"Товариство з обмеженою відповідальністю ''Максимум-Крим''","Organisation","","Crimea","Ukraine (NSDC)","2023-05-25T20:13:16","","ru","NK-VzDRSn5JiuQ5ysAxJ4AQ7h","UA-SA1644"
"Товариство з обмеженою відповідальністю ''Медіа ТВ Севастополь''","Organisation","","Crimea","Ukraine (NSDC)","2023-05-25T20:13:16","","ru","NK-P4fpjeeZqSMsCbAxvrGthF","UA-SA1644"
"Товариство з обмеженою відповідальністю ''Російське РадіоКрим''","Organisation","","Crimea","Ukraine (NSDC)","2023-05-25T20:13:16","","ru","NK-azrG6b7E3Muq2qmGDyB5mY","UA-SA1644"
"Товариство з обмеженою відповідальністю ''Телерадіокомпанія ''Медіапрофіль Крим''","Organisation","","Crimea","Ukraine (NSDC)","2023-05-25T20:13:16","","ru","NK-GL5ShAGSkxB7CvtyZiYKSx","UA-SA1644"
"Федеральна бюджетна установа ""Державний регіональний центр стандартизації, метрології і випробувань у Республіці Крим""","Organisation","","Crimea","Ukraine (NSDC)","2024-06-25T09:22:06","","ru","NK-Wi7ZHAyJRw3maBQefPJb9s","UA-SA1644"
"Федеральна бюджетна установа ""Державний регіональний центр стандартизації, метрології і випробувань у м. Севастополі""","Organisation","","Crimea","Ukraine (NSDC)","2024-06-25T09:22:06","","ru","NK-PezxKpc4zrD9qoTjU8kSep","UA-SA1644"
"Федеральна державна бюджетна установа ""Військовий санаторій ""Крим"" Міністерства оборони Російської Федерації","Organisation","","Crimea","Ukraine (NSDC)","2024-06-25T09:22:06","","ru","NK-RjKY7HNDsKGKHWALFarBmg","UA-SA1644"
"Федеральна державна бюджетна установа ""Комплекс ""Крим"" Управління справами Президента Російської Федерації","Organisation","","Crimea","Ukraine (NSDC)","2024-06-25T09:22:06","","ru","NK-4AmwQbQQYqSyU3EN4WSdfS","UA-SA1644"
"Федеральна державна бюджетна установа науки ""Інститут археології Криму РАН""","Organisation","","Crimea","Ukraine (NSDC)","2023-05-25T20:13:16","","ru","NK-ide7hwWHy6EzSh6fujCSqp","UA-SA1644"
"Федеральна державна бюджетна установа науки ""Науково-дослідний інститут сільського господарства Криму""","Organisation","","Crimea","Ukraine (NSDC)","2024-06-25T09:22:06","","ru","NK-iusWRGKz6cpcbrXsynN6iM","UA-SA1644"
"Федеральна казенна установа ""Будинок відпочинку ""Семидвор'є"" Управління Федеральної служби виконання покарань по Республіці Крим та м. Севастополю""","Organisation","","Crimea","Ukraine (NSDC)","2024-06-25T09:22:06","","ru","NK-9rmRehW6it8gYX9tEx5WSK","UA-SA1644"
"Федеральна казенна установа ""Слідчий ізолятор № 1 Управління Федеральної служби виконання покарань по Республіці Крим та м. Севастополю""","Organisation","","Crimea","Ukraine (NSDC)","2025-07-30T16:22:01","","ru","NK-L8zzpagFp9n5SqeakP5mzU","UA-SA1644"
"ЦЕНТР МЕДИЧНОЇ РЕАБІЛІТАЦІЇ ТА САНАТОРНОГО ЛІКУВАННЯ ""АЛУПКІНСЬКИЙ""","Organisation","","Crimea","Ukraine (NSDC)","2024-03-06T15:22:01","","ru;ua","NK-Rwz87u5DtwYVWTn3Zdgzm6","UA-SA1644"
"Центр спеціального зв'язку та інформації Федеральної служби охорони Російської Федерації в Республіці Крим","Organisation","","Crimea","Ukraine (NSDC)","2023-05-25T20:13:16","","ru","NK-NL72NQYmdtAZNTuHosGZQ7","UA-SA1644"
"Kurchenko, Serhiy Vitalyovych","Individual","Businessman Founder/Owner of the group of companies Gas Ukraine 2009","Crimea | Donbas (general)","UK (OFSI)","31/12/2020","21/09/1985","Ukraine","12906","Russia (Sanctions) (EU Exit) Regulations 2019"
"KHAVCHENKO, Dmitriy Vasilyevich","Individual","","Crimea | Donbas (general)","US (OFAC)","2022-06-28","06 Jan 1966","","37734","RUSSIA-EO14024 | Executive Order 14024 (Russia)"
"Federal State Budget Institution for Science and Research 'All-Russia National Scientific Research Institute for Wine Growing and Wine Making 'MAGARACH' Russian Academy of Sciences'","Entity","","Crimea | Donetsk","UK (OFSI)","31/12/2020","","","13061","Russia (Sanctions) (EU Exit) Regulations 2019"
"Malofeev, Konstantin Valerevich","Individual","closely linked to Ukrainian separatists","Crimea | Donetsk","UK (OFSI)","31/12/2020","03/07/1974","Russia","13073","Russia (Sanctions) (EU Exit) Regulations 2019"
"Shperov, Pavel Valentinovich","Individual","Member of the State Duma, elected from the illegally annexed Autonomous Republic of Crimea. Member of Duma Committee on Commonwealth of Independent States (CIS) Affairs, Eurasian Integration and links with compatriots.","Crimea | Donetsk","UK (OFSI)","31/12/2020","04/07/1971","Ukraine","13395","Russia (Sanctions) (EU Exit) Regulations 2019"
"Slutski, Leonid Eduardovich","Individual","Chairperson of the Foreign Affairs Committee of the State Duma of the Russian Federation","Crimea | Donetsk","UK (OFSI)","31/12/2020","04/01/1968","Russia","12921","Russia (Sanctions) (EU Exit) Regulations 2019"
"State Unitary Enterprise of the 'Republic of Crimea' 'UNIVERSAL-AVIA'","Entity","","Crimea | Donetsk","UK (OFSI)","31/12/2020","","","13057","Russia (Sanctions) (EU Exit) Regulations 2019"
"Zhirinovsky, Vladimir Volfovich","Individual","Member of the Council of the State Duma and Leader of the Liberal Democratic Party Of Russia","Crimea | Donetsk","UK (OFSI)","31/12/2020","25/04/1946","Russia","13104","Russia (Sanctions) (EU Exit) Regulations 2019"
"Державне підприємство ""Керченський морський порт""","Organisation","","Crimea | Donetsk","Ukraine (NSDC)","2023-04-20T10:50:14","","ru;ua","NK-dkQmcSJrkupFYhtqjYvcx3","UA-SA1644"
"Державне унітарне підприємство Республіки Крим ""Кримавтодор""","Organisation","","Crimea | Donetsk","Ukraine (NSDC)","2024-06-25T09:22:06","","ru","NK-E7tcAVHB4rJq3RPuS3Dht8","UA-SA1644"
"Державне унітарне підприємство Республіки Крим ""Кримгазсєті""","Entity","","Crimea | Donetsk","Ukraine (NSDC)","2023-04-20T10:50:14","","ru","NK-DtKaxo6Gjbh8PLuctG83zK","UA-SA1644"
"Державне унітарне підприємство Республіки Крим ""Крименерго""","Organisation","","Crimea | Donetsk","Ukraine (NSDC)","2024-06-25T09:22:06","","ru","NK-dxFQd9HctAM6oyRje7HmBF","UA-SA1644"
"Державне унітарне підприємство Республіки Крим ""Кримський виноробний завод""","Organisation","","Crimea | Donetsk","Ukraine (NSDC)","2024-06-25T09:22:06","","ru","NK-CCNGV3E8UboprBEbUqNFuv","UA-SA1644"
"Державне унітарне підприємство Республіки Крим ""Прєдгор'є""","Organisation","","Crimea | Donetsk","Ukraine (NSDC)","2024-06-25T09:22:06","","ru","NK-FvofRpg5JiwTZJzjgRqGa7","UA-SA1644"
"Державне унітарне підприємство Республіки Крим ""Універсал-Авіа""","Organisation","","Crimea | Donetsk","Ukraine (NSDC)","2024-06-25T09:22:06","","ru","NK-6DxPcj2JyAGzYa2EWNW2UJ","UA-SA1644"
"Державне унітарне підприємство Республіки Крим ""Чєрноморнєфтєгаз""","Entity","","Crimea | Donetsk","Ukraine (NSDC)","2026-04-04T08:22:01","","ru","NK-cwPvv2dYyT4jfY3nJ2ShNy","UA-SA1644"
"Державне унітарне підприємство Севастополя ""Пансіонати Севастополя""","Organisation","","Crimea | Donetsk","Ukraine (NSDC)","2023-11-22T15:22:01","","ru","NK-mWVsDQqtQwmfGiF9WkQeAR","UA-SA1644"
"Державне унітарне підприємство міста Севастополя ""Агропромислове об'єднання ""Севастопольський виноробний завод""","Organisation","","Crimea | Donetsk","Ukraine (NSDC)","2024-06-25T09:22:06","","ru","NK-gPs42jp4DsYJRJFjn3YXfp","UA-SA1644"
"Спілка ""Регіональне об’єднання роботодавців ""Севастопольська спілка промисловців і підприємців""","Organisation","","Crimea | Donetsk","Ukraine (NSDC)","2025-05-01T12:22:02","","ru","NK-CtGZUzgAbtWMJvq5Bdtf7i","UA-SA1644"
"Товариство з обмеженою відповідальністю ""Русхімтрейд""","Organisation","","Crimea | Donetsk","Ukraine (NSDC)","2024-03-13T12:22:01","","ru;ua","NK-jCXvW6UXepFU26K4rtVM7W","UA-SA1644"
"Товариство з обмеженою відповідальністю ""Севастопольське підприємство ""ЕРА""","Organisation","","Crimea | Donetsk","Ukraine (NSDC)","2023-04-20T10:50:14","","ru","NK-GJU58vcDzaCcHBSVrSGcsQ","UA-SA1644"
"Федеральне державне унітарне підприємство ""Кримська залізниця""","Organisation","","Crimea | Donetsk","Ukraine (NSDC)","2024-06-25T09:22:06","","ru","NK-jFvY8pdVLCjP4jzQbho49i","UA-SA1644"
"Федеральне державне унітарне підприємство ""Пошта Криму""","Organisation","","Crimea | Donetsk","Ukraine (NSDC)","2026-02-28T08:22:01","","ru","NK-hvNwQdnrqzjPioAVYZqWtZ","UA-SA1644"
"GRIGORENKO, Dmitriy Yuryevich","Individual","Deputy Prime Minister of the Russian Federation – Chief of the Government Staff of the Russian Federation; Chairman of the Supervisory Council of the VTB Bank; Chairman of the Supervisory Council of VEB.RF.","Crimea | Donetsk | Luhansk","UK (OFSI)","15/03/2022","14/07/1978","Russia","14643","Russia (Sanctions) (EU Exit) Regulations 2019"
"Kalashnikov, Leonid Ivanovich","Individual","First Deputy Chairman of the Committee on Foreign Affairs of the State Durma","Crimea | Donetsk | Luhansk","UK (OFSI)","31/12/2020","06/08/1960","Russia","13107","Russia (Sanctions) (EU Exit) Regulations 2019"
"Vladimir Vladislavovich KOVALENKO","Individual","Chief of Staff of the Sevastopol branch the All-Russia “Young Army” Military Patriotic Social Movement","Crimea | Luhansk","Australia (DFAT)","2024-02-23","1962-02-04","Ukraine, Russia","7869","Autonomous Sanctions (Designated Persons and Entities and Declared Persons – Russia and Ukraine) Amendment (No. 1) Instrument 2024"
"Dmitry Yevgenevich KULIKOV","Individual","Author and political scientist","Donbas (general)","Australia (DFAT)","2024-02-23","1967-11-18","Russia","7882","Autonomous Sanctions (Designated Persons and Entities and Declared Persons – Russia and Ukraine) Amendment (No. 1) Instrument 2024"
"Виктор Юрьевич АНОСОВ","Individual","board member of the 'Union of Donbas Volunteers', a paramilitary organisation","Donbas (general)","EU","2022-12-16","1965-10-31","","EU.9418.72","UKR — 2022/2476 (OJ L322-I)"
"Interregional Social Organization Union of Donbas Volunteers (a.k.a.","Entity","MOO SDD; a.k.a. Union of Donbas Volunteers)","Donbas (general)","Japan (METI/MFA)","","","","108","Foreign Exchange and Foreign Trade Act"
"Public movement ‘Free Donbass’","Entity","","Donbas (general)","Switzerland (SECO)","2014-12-15","","","","Ordinance SR 946.231.176.72"
"So-called ""Donbas People's Militia""","Entity","","Donbas (general)","Switzerland (SECO)","2014-08-04","","","","Ordinance SR 946.231.176.72"
"State Corporation “Donbass Development Corporation”","Entity","","Donbas (general)","Switzerland (SECO)","2024-12-20","","","","Ordinance SR 946.231.176.72"
"Union of Donbas Volunteers","Entity","","Donbas (general)","Switzerland (SECO)","2022-12-20","","","","Ordinance SR 946.231.176.72"
"ANOSOV, Viktor Yuryevich","Individual","","Donbas (general)","US (OFAC)","2022-06-28","31 Oct 1965","Russia","37720","RUSSIA-EO14024 | Executive Order 14024 (Russia)"
"BORODAY, Alexander Yuryevich","Individual","Member of the State Duma of the Federal Assembly of the Russian Federation","Donbas (general)","US (OFAC)","2014-07-16","25 Jul 1972","Russia","17024","UKRAINE-EO13660 | RUSSIA-EO14024 | Executive Order 13660 (Ukraine) | Executive Order 14024 (Russia)"
"CHUMAKOV, Aleksey Nikolaevich","Individual","","Donbas (general)","US (OFAC)","2022-06-28","06 May 1974","","37723","RUSSIA-EO14024 | Executive Order 14024 (Russia)"
"DANILTSEV, Yuriy Viktorovich","Individual","","Donbas (general)","US (OFAC)","2022-06-28","02 Sep 1974","","37730","RUSSIA-EO14024 | Executive Order 14024 (Russia)"
"DZINIKASHVILI, Dmitriy Vladimirovich","Individual","","Donbas (general)","US (OFAC)","2022-06-28","17 Jul 1987","","37726","RUSSIA-EO14024 | Executive Order 14024 (Russia)"
"ENALDIEV, Tamerlan Borisovich","Individual","","Donbas (general)","US (OFAC)","2022-06-28","06 Dec 1966","","37731","RUSSIA-EO14024 | Executive Order 14024 (Russia)"
"KOLEDA, Mariya Vasilyevna","Individual","","Donbas (general)","US (OFAC)","2022-06-28","07 Jun 1991","","37727","RUSSIA-EO14024 | Executive Order 14024 (Russia)"
"KULYGINA, Olga Ivanovna","Individual","","Donbas (general)","US (OFAC)","2022-06-28","14 Sep 1972","","37678","RUSSIA-EO14024 | Executive Order 14024 (Russia)"
"LASHKARYOVA, Nadezhda Vitalyevna","Individual","","Donbas (general)","US (OFAC)","2022-06-28","08 Nov 1961","","37729","RUSSIA-EO14024 | Executive Order 14024 (Russia)"
"LENSHIN, Roman Yuryevich","Individual","","Donbas (general)","US (OFAC)","2022-06-28","02 Aug 1976","","37732","RUSSIA-EO14024 | Executive Order 14024 (Russia)"
"OBSHCHESTVO S OGRANICHENNOI OTVETSTVENNOSTYU FAKTOR TS","Entity","","Donbas (general)","US (OFAC)","2024-02-23","","","47250","RUSSIA-EO14024 | Executive Order 14024 (Russia)"
"PINCHUK, Andrei Yuryevich","Individual","","Donbas (general)","US (OFAC)","2022-06-28","27 Dec 1977","Russia","37676","RUSSIA-EO14024 | Executive Order 14024 (Russia)"
"PUGACHYOV, Oleg Ivanovich","Individual","","Donbas (general)","US (OFAC)","2022-06-28","27 Jul 1987","","37724","RUSSIA-EO14024 | Executive Order 14024 (Russia)"
"SHEVCHENKO, Yuriy Valeryevich","Individual","","Donbas (general)","US (OFAC)","2022-06-28","30 Dec 1966","","37733","RUSSIA-EO14024 | Executive Order 14024 (Russia)"
"SOSONNYY, Aleksey Petrovich","Individual","","Donbas (general)","US (OFAC)","2022-06-28","05 Nov 1983","","37725","RUSSIA-EO14024 | Executive Order 14024 (Russia)"
"Міжрегіональна громадська організація ""Спілка добровольців Донбасу""","Organisation","","Donbas (general)","Ukraine (NSDC)","2023-04-20T10:50:14","","ru","NK-g8JoGm8hqTBqbiFnAF7w3M","UA-SA1644"
"Суспільно-корисний благодійний фонд допомоги добровольцям Донбасу та членам сімей ""Добровольці Донбасу""","Organisation","","Donbas (general)","Ukraine (NSDC)","2025-05-01T12:22:02","","ru","NK-K5vPsYFtH9BERG8vYoSffo","UA-SA1644"
"Aleksandr Aleksandrovich OPRISHHENKO","Individual","So-called ‘Acting Minister of Health’ of the so-called ‘People’s Republic of Donetsk’","Donetsk","Australia (DFAT)","2022-05-04","1976-04-24","Ukraine","7105","Autonomous Sanctions (Designated Persons and Entities and Declared Persons—Russia and Ukraine) Amendment (No. 14) Instrument 2022"
"Aleksandr Yurevich GROMAKOV","Individual","So-called ‘Minister of Youth, Sports, and Tourism’ of the so-called ‘People’s Republic of Donetsk’","Donetsk","Australia (DFAT)","2022-05-04","1958-09-04","","7107","Autonomous Sanctions (Designated Persons and Entities and Declared Persons—Russia and Ukraine) Amendment (No. 14) Instrument 2022"
"Aleksei Alexandrovich DIKIY","Individual","So-called ‘Minister of Internal Affairs’ of the so-called ‘People’s Republic of Donetsk’","Donetsk","Australia (DFAT)","2022-05-04","1974-07-05","Ukraine","7100","Autonomous Sanctions (Designated Persons and Entities and Declared Persons—Russia and Ukraine) Amendment (No. 14) Instrument 2022"
"Aleksei Vladimirovich POLOVYAN","Individual","So-called ‘Minister of Economic Development’ of the so-called ‘People’s Republic of Donetsk’","Donetsk","Australia (DFAT)","2022-05-04","1979-05-03","Ukraine","7117","Autonomous Sanctions (Designated Persons and Entities and Declared Persons—Russia and Ukraine) Amendment (No. 14) Instrument 2022"
"Alexander Valentinovich NOVAK","Individual","Deputy Prime Minister of the Russian Federation","Donetsk","Australia (DFAT)","2023-02-24","1971-08-23","Russia","7373","Autonomous Sanctions (Designated Persons and Entities and Declared Persons—Russia and Ukraine) Amendment (No. 2) Instrument 2023"
"Alexander Yevgenevych ANANCHENKO","Individual","So-called ‘Prime Minister’ of the so-called ‘People’s Republic of Donetsk’","Donetsk","Australia (DFAT)","2022-05-04","1966-02-02","Ukraine","7099","Autonomous Sanctions (Designated Persons and Entities and Declared Persons—Russia and Ukraine) Amendment (No. 14) Instrument 2022"
"Alexei Aleksandrovich KOSTRUBITSKIY","Individual","So-called ‘Minister for Civil Defence, Emergency Situations and Elimination of Consequences of Natural Disasters’ of the so-called ‘People’s Republic of Donetsk’","Donetsk","Australia (DFAT)","2022-05-04","1978-08-24","Ukraine","7109","Autonomous Sanctions (Designated Persons and Entities and Declared Persons—Russia and Ukraine) Amendment (No. 14) Instrument 2022"
"Artem Alexandrovich KRAMARENKO","Individual","So-called ‘Minister of Agro-Industrial Policy and Food’ of the so-called ‘People’s Republic of Donetsk’","Donetsk","Australia (DFAT)","2022-05-04","1980-01-13","","7101","Autonomous Sanctions (Designated Persons and Entities and Declared Persons—Russia and Ukraine) Amendment (No. 14) Instrument 2022"
"Darya Vasilevna MOROZOVA","Individual","Commissioner of Human Rights of the so-called “Donetsk People’s Republic”","Donetsk","Australia (DFAT)","2024-02-23","1989-02-27","Russia","7860","Autonomous Sanctions (Designated Persons and Entities and Declared Persons – Russia and Ukraine) Amendment (No. 1) Instrument 2024"
"Dmitriy Viktorovich PODLIPANOV","Individual","So-called ‘Minister of Transport’ of the so-called ‘People’s Republic of Donetsk’","Donetsk","Australia (DFAT)","2022-05-04","1964-11-28","Ukraine","7113","Autonomous Sanctions (Designated Persons and Entities and Declared Persons—Russia and Ukraine) Amendment (No. 14) Instrument 2022"
"Ekaterina Vladimirovna FILIPPOVA","Individual","Previously listed under 'Ukraine criteria' - Autonomous Sanctions (Designated Persons and Entities and Declared Persons – Ukraine) Amendment List 2017 (No 2) [F2017L01118]; New listing start date 27 Aug 2023","Donetsk","Australia (DFAT)","2023-08-27","20/01/1988, 20/11/1988","Russia, Ukraine","7619","Instrument of first designation: Autonomous Sanctions (Designated Persons and Entities and Declared Persons—Russia and Ukraine) Amendment (No. 10) Instrument 2023"
"Eleonora Mikhailovna FEDORENKO","Individual","Advisor on Childrens’ Rights to the head of the so-called ‘Donetsk People’s Republic’","Donetsk","Australia (DFAT)","2024-02-23","1972-10-28","Russia","7868","Autonomous Sanctions (Designated Persons and Entities and Declared Persons – Russia and Ukraine) Amendment (No. 1) Instrument 2024"
"Evgenij Evgenievich LAVRENOV","Individual","So-called ‘Minister of Income and Fees’ of the so-called ‘People’s Republic of Donetsk’","Donetsk","Australia (DFAT)","2022-05-04","1979-12-05","","7104","Autonomous Sanctions (Designated Persons and Entities and Declared Persons—Russia and Ukraine) Amendment (No. 14) Instrument 2022"
"Evgeny Vyacheslavovich ORLOV","Individual","Previously listed under 'Ukraine criteria' - Autonomous Sanctions (Designated Persons and Entities and Declared Persons – Ukraine) Amendment List 2017 (No 2) [F2017L01118]; New listing start date 27 Aug 2023","Donetsk","Australia (DFAT)","2023-08-27","10/05/1980, 21/10/1983","Ukraine","7636","Instrument of first designation: Autonomous Sanctions (Designated Persons and Entities and Declared Persons—Russia and Ukraine) Amendment (No. 10) Instrument 2023"
"Fedir Dmytrovych BEREZIN","Individual","Previously listed under 'Ukraine criteria' - Autonomous Sanctions (Designated Persons and Entities and Declared Persons – Ukraine) Amendment List 2014 [F2014L01184]; New listing start date 27 Aug 2023","Donetsk","Australia (DFAT)","2023-08-27","1960-02-07","Russia, Ukraine","7615","Instrument of first designation: Autonomous Sanctions (Designated Persons and Entities and Declared Persons—Russia and Ukraine) Amendment (No. 10) Instrument 2023"
"Igor Nikolaevich HALEPA","Individual","So-called ‘Acting Minister of Telecommunications’ of the so-called ‘People’s Republic of Donetsk’","Donetsk","Australia (DFAT)","2022-05-04","1969-05-19","","7111","Autonomous Sanctions (Designated Persons and Entities and Declared Persons—Russia and Ukraine) Amendment (No. 14) Instrument 2022"
"Igor Vladimirovich KOSTENOK","Individual","Previously listed under 'Ukraine criteria' - Autonomous Sanctions (Designated Persons and Entities and Declared Persons – Ukraine) Amendment List 2017 (No 2) [F2017L01118]; New listing start date 27 Aug 2023","Donetsk","Australia (DFAT)","2023-08-27","1961-03-15","Ukraine","7627","Instrument of first designation: Autonomous Sanctions (Designated Persons and Entities and Declared Persons—Russia and Ukraine) Amendment (No. 10) Instrument 2023"
"Igor Yuriyovich ANTIPOV","Individual","Previously listed under 'Ukraine criteria' - Autonomous Sanctions (Designated Persons and Entities and Declared Persons – Ukraine) Amendment List 2017 (No 2) [F2017L01118]; New listing start date 27 Aug 2023","Donetsk","Australia (DFAT)","2023-08-27","06/12/1964, 26/05/1961","Russia, Ukraine","7609","Instrument of first designation: Autonomous Sanctions (Designated Persons and Entities and Declared Persons—Russia and Ukraine) Amendment (No. 10) Instrument 2023"
"KIM Yong Bok","Individual","Deputy Chief of the Democratic People’s Republic of Korea’s (DPRK) General Staff Department; 
Head of the XI Corps [special forces], aka the Storm Corps
Passport: 654420047 (expired)","Donetsk","Australia (DFAT)","2025-02-24","1957-07-27","Democratic People's Republic of Korea","8035","Autonomous Sanctions (Designated Persons and Entities and Declared Persons – Russia and Ukraine) Amendment (No. 1) Instrument 2025"
"LEE Chang Ho","Individual","Deputy Chief of the Democratic People’s Republic of Korea’s (DPRK) General Staff Department;
Head of DPRK's General Reconnaissance Bureau (RGB)","Donetsk","Australia (DFAT)","2025-02-24","1967-09-11","Democratic People's Republic of Korea","8036","Autonomous Sanctions (Designated Persons and Entities and Declared Persons – Russia and Ukraine) Amendment (No. 1) Instrument 2025"
"Larisa Valentinovna TOLSTYKINA","Individual","So-called ‘Minister of Labour and Social Affairs’ of the so-called ‘People’s Republic of Donetsk’","Donetsk","Australia (DFAT)","2022-05-04","1967-10-03","Ukraine","7114","Autonomous Sanctions (Designated Persons and Entities and Declared Persons—Russia and Ukraine) Amendment (No. 14) Instrument 2022"
"Leonid Volodymyroviych KHARCHENKO","Individual","Former so-called ‘Commander’ of a Reconnaissance Battalion of the Military Intelligence Agency of the ‘People’s Republic of Donetsk’ and convicted by the District Court of The Hague for the downing of Flight MH17 on 17 November 2022.","Donetsk","Australia (DFAT)","2023-06-24","1972-01-10","Ukraine","7560","Autonomous Sanctions (Designated Persons and Entities and Declared Persons—Russia and Ukraine) Amendment (No. 5) Instrument 2023"
"Mihail Vasilevich ZHELTYAKOV","Individual","So-called ‘Minister of Culture’ of the so-called ‘People’s Republic of Donetsk’","Donetsk","Australia (DFAT)","2022-05-04","1961-01-01","Ukraine","7106","Autonomous Sanctions (Designated Persons and Entities and Declared Persons—Russia and Ukraine) Amendment (No. 14) Instrument 2022"
"Mikhail Nikolaevich KUSHAKOV","Individual","So-called ‘Minister of Education and Science’ of the so-called ‘People’s Republic of Donetsk’","Donetsk","Australia (DFAT)","2022-05-04","1958-11-23","Moldova","7108","Autonomous Sanctions (Designated Persons and Entities and Declared Persons—Russia and Ukraine) Amendment (No. 14) Instrument 2022"
"Oksana Aleksandrovna TCHIGRINA","Individual","Previously listed under 'Ukraine criteria' - Autonomous Sanctions (Designated Persons and Entities and Declared Persons – Ukraine) Amendment List 2014 [F2014L01184]; New listing start date 27 Aug 2023","Donetsk","Australia (DFAT)","2023-08-27","23/07/1981, 01/08/1980","Ukraine","7648","Instrument of first designation: Autonomous Sanctions (Designated Persons and Entities and Declared Persons—Russia and Ukraine) Amendment (No. 10) Instrument 2023"
"Olga Pavlovna KOLUDAROVA","Individual","Minister of Education and Science of the so-called “Donetsk People’s Republic”","Donetsk","Australia (DFAT)","2025-02-24","1983-12-16","Russia","8054","Autonomous Sanctions (Designated Persons and Entities and Declared Persons – Russia and Ukraine) Amendment (No. 1) Instrument 2025"
"Railways of Novorossiya Federal State Unitary Enterprise","Entity","https://gd-n.ru/","Donetsk","Australia (DFAT)","2025-02-24","","","8128","Autonomous Sanctions (Designated Persons and Entities and Declared Persons – Russia and Ukraine) Amendment (No. 1) Instrument 2025"
"Roman Viktorovich LYAGIN","Individual","Previously listed under 'Ukraine criteria' - Autonomous Sanctions (Designated Persons and Entities and Declared Persons – Ukraine) Amendment List 2014 [F2014L01184]; New listing start date 27 Aug 2023","Donetsk","Australia (DFAT)","2023-08-27","1980-05-30","Ukraine","7630","Instrument of first designation: Autonomous Sanctions (Designated Persons and Entities and Declared Persons—Russia and Ukraine) Amendment (No. 10) Instrument 2023"
"Ruslan Mihajlovich DUBOVSKIY","Individual","So-called ‘Minister of Coal and Energy’ of the so-called ‘People’s Republic of Donetsk’","Donetsk","Australia (DFAT)","2022-05-04","1974-02-20","Ukraine","7115","Autonomous Sanctions (Designated Persons and Entities and Declared Persons—Russia and Ukraine) Amendment (No. 14) Instrument 2022"
"SHIN Geum Cheol","Individual","Head of the Democratic People’s Republic of Korea’s (DPRK) Main Operational Directorate","Donetsk","Australia (DFAT)","2025-02-24","1970-01-01","Democratic People's Republic of Korea","8037","Autonomous Sanctions (Designated Persons and Entities and Declared Persons – Russia and Ukraine) Amendment (No. 1) Instrument 2025"
"Sergei Sergeevich NAUMETS","Individual","So-called ‘Minister of Construction, Housing, and Communal Services’ of the so-called ‘People’s Republic of Donetsk’","Donetsk","Australia (DFAT)","2022-05-04","1976-07-13","Ukraine","7112","Autonomous Sanctions (Designated Persons and Entities and Declared Persons—Russia and Ukraine) Amendment (No. 14) Instrument 2022"
"Sergey Nikolayevich DUBINSKIY","Individual","Former so-called ‘head’ of the Military Intelligence Agency of the ‘People’s Republic of Donetsk’ and convicted by the District Court of The Hague for the downing of Flight MH17 on 17 November 2022.","Donetsk","Australia (DFAT)","2023-06-24","1962-08-09","Russia","7559","Autonomous Sanctions (Designated Persons and Entities and Declared Persons—Russia and Ukraine) Amendment (No. 5) Instrument 2023"
"Tatyana Viktorovna PEREVERZEVA","Individual","So-called ‘Deputy Minister of Finance’ of the so-called ‘People’s Republic of Donetsk’","Donetsk","Australia (DFAT)","2022-05-04","1964-06-20","","7103","Autonomous Sanctions (Designated Persons and Entities and Declared Persons—Russia and Ukraine) Amendment (No. 14) Instrument 2022"
"Ulan-Ude Aviation Plant Joint Stock Company","Entity","Company identification number: 1020300887793; https://rabotauuaz.ru/o-predpriyatii#O_predpriyati","Donetsk","Australia (DFAT)","2023-07-20","","","7583","Autonomous Sanctions (Designated Persons and Entities and Declared Persons—Russia and Ukraine) Amendment (No. 8) Instrument 2023"
"Vitaliy Pavlovich KHOTSENKO","Individual","So-called ‘Chairperson’ or ‘Prime Minister’ of the self-proclaimed ‘government’ of the so-called ‘People’s Republic of Donetsk’ in Ukraine","Donetsk","Australia (DFAT)","2022-09-30","1986-03-18","Russia","7272","Instrument of first designation
and declaration
Autonomous Sanctions (Designated Persons and
Entities and Declared Persons—Russia and
Ukraine) Amendment (No. 21) Instrument 2022"
"Vladimir Mikhailovich RUSHHAK","Individual","So-called ‘Minister of Industry and Trade’ of the so-called ‘People’s Republic of Donetsk’","Donetsk","Australia (DFAT)","2022-05-04","1971-09-02","","7110","Autonomous Sanctions (Designated Persons and Entities and Declared Persons—Russia and Ukraine) Amendment (No. 14) Instrument 2022"
"Vladimir Nikolaevich ANTONOV","Individual","So-called ‘Deputy of the Chair of the Government’ of the so-called ‘People’s Republic of Donetsk’","Donetsk","Australia (DFAT)","2022-05-04","1979-12-24","","7102","Autonomous Sanctions (Designated Persons and Entities and Declared Persons—Russia and Ukraine) Amendment (No. 14) Instrument 2022"
"Vladimir PAVLENKO","Individual","So-called 'Minister of State Security' of the so-called 'People's Republic of Donetsk'","Donetsk","Australia (DFAT)","2022-05-04","1962-04-14","","7098","Autonomous Sanctions (Designated Persons and Entities and Declared Persons—Russia and Ukraine) Amendment (No. 14) Instrument 2022"
"Vladimir Vladimirovich EZHIKOV","Individual","So-called ‘Deputy Chairperson’ and chief of staff of the self-proclaimed ‘government’ of the so called ‘People’s Republic of Donetsk’ in Ukraine","Donetsk","Australia (DFAT)","2022-09-30","1987-06-20","Russia","7271","Instrument of first designation
and declaration
Autonomous Sanctions (Designated Persons and
Entities and Declared Persons—Russia and
Ukraine) Amendment (No. 21) Instrument 2022"
"Yana Sergeevna CHAUSOVA","Individual","So-called ‘Minister of Finance’ of the so-called ‘People’s Republic of Donetsk’","Donetsk","Australia (DFAT)","2022-05-04","1980-09-22","Ukraine","7116","Autonomous Sanctions (Designated Persons and Entities and Declared Persons—Russia and Ukraine) Amendment (No. 14) Instrument 2022"
"Yurii Oleksandrovych PROTSENKO","Individual","Previously listed under 'Ukraine criteria' - Autonomous Sanctions (Designated Persons and Entities and Declared Persons – Ukraine) Amendment List 2014 [F2014L01184]; New listing start date 27 Aug 2023","Donetsk","Australia (DFAT)","2023-08-27","1963-09-08","Ukraine","7640","Instrument of first designation: Autonomous Sanctions (Designated Persons and Entities and Declared Persons—Russia and Ukraine) Amendment (No. 10) Instrument 2023"
"Yuriy Nikolaevich SIROVATKO","Individual","So-called ‘Minister of Justice’ of the so-called ‘People’s Republic of Donetsk’","Donetsk","Australia (DFAT)","2022-05-04","1978-04-17","Ukraine","7118","Autonomous Sanctions (Designated Persons and Entities and Declared Persons—Russia and Ukraine) Amendment (No. 14) Instrument 2022"
"Iгор Миколайович ХАЛЕПА","Individual","Former so-called “Minister of Communications” of the so-called “Donetsk People’s Republic”","Donetsk","EU","2022-04-08","1969-05-19","","EU.7907.76","UKR — 2024/849 (OJ L13032024)"
"Iгор Юрiйович АНТИПОВ","Individual","Former so-called ‘Minister of Information’ of the so-called ‘Donetsk People's Republic’","Donetsk","EU","2022-04-08","1961-05-26","","EU.7895.81","UKR — 2024/849 (OJ L13032024)"
"Leonid Eduardovich SLUTSKI","Individual","Chairman of the LDPR party, \nHead of the State Duma LDPR faction,  \nChairperson of the Foreign Affairs Committee of the State Duma of the Russian Federation.","Donetsk","EU","2014-03-17","1968-01-04","","EU.3646.69","UKR — 2023/571 (OJ L75 I)"
"Євген Євгенович ЛАВРЕНОВ","Individual","Former so-called “Minister of Income and Fees” of the so-called “Donetsk People’s Republic”","Donetsk","EU","2022-04-08","1979-12-05","","EU.7899.77","UKR — 2023/571 (OJ L75 I)"
"Александр Евгеньевич АНАНЧЕНКO","Individual","Former so-called “Prime Minister” of the so-called “Donetsk People’s Republic”.\nFormer Member of the Federation Council Committee on Federal Structure, Regional Policy, Local Self-Government and Northern Affairs","Donetsk","EU","2022-04-08","1966-02-02","","EU.7893.83","UKR — 2024/849 (OJ L13032024)"
"Артем Александрович КРАМАРЕНКО","Individual","So-called “Deputy Chairman of the Government” and so-called “Minister of Agro-Industrial Policy and Food” of the so-called “Donetsk People’s\nRepublic”.","Donetsk","EU","2022-04-08","1980-01-13","","EU.7896.80","UKR — 2025/527 (OJ L202500527)"
"Владимир Сергеевич КИРИЕНКО","Individual","CEO of VK Company Limited, the parent company of Russia’s top social media platform, VKontakte.\n\nFormer First Vice President of the Russian State-controlled company Rostelecom (2017-2021)\n\nChairman of the Board of Directors of LLC Capital since 2011\n\nFormer Chairman of the Board of Directors of Nizhegorodpromstroybank (2008-2011)","Donetsk","EU","2022-03-09","1983-05-27","","EU.7683.96","UKR — 2022/396 (OJ L80)"
"Володимир Вiкторович ПАВЛЕНКО","Individual","Former so-called ‘Minister of State Security’ of the so-called ‘Donetsk People's Republic’","Donetsk","EU","2022-04-08","1962-04-14","","EU.7892.84","UKR — 2025/527 (OJ L202500527)"
"КОРПОРАЦИЯ РАЗВИТИЯ ДОНБАССА","Entity","State Corporation “Donbass Development Corporation” is an entity founded by the so-called “Donetsk People’s Republic”, to ensure the economic development of the Ukrainian region occupied by Russia.","Donetsk","EU","2024-12-16","","","EU.12617.26","UKR — 2024/3183 (OJ L16122024)"
"Михайло Васильович ЖЕЛТЯКОВ","Individual","So-called ‘Minister of Culture’ of the so-called ‘Donetsk People’s Republic’","Donetsk","EU","2022-04-08","1961-01-01","","EU.7902.81","UKR — 2022/581 (OJ L110)"
"Михайло Миколайович КУШАКОВ","Individual","Former so-called “Minister of Education and Science” of the so-called “Donetsk People’s Republic”.\nRector of the Donbass Law Academy.","Donetsk","EU","2022-04-08","1958-11-23","","EU.7904.79","UKR — 2023/1765 (OJ L226)"
"Наталя Юр’ївна НIКОНОРОВА","Individual","Former so-called ‘Minister of Foreign Affairs’ of the so-called ‘Donetsk People’s Republic’.\nMember of the Federation Council and its Committee on International Affairs and a Senator of the so-called “Donetsk People’s Republic”.","Donetsk","EU","2022-04-08","1984-09-28","","EU.7901.82","UKR — 2023/1765 (OJ L226)"
"Олексiй Олександрович ДIКIЙ","Individual","Former so-called ‘Minister of Internal Affairs’ of the so-called ‘Donetsk People's Republic’","Donetsk","EU","2022-04-08","1974-07-05","","EU.7894.82","UKR — 2025/527 (OJ L202500527)"
"Олексiй Олександрович КОСТРУБИЦЬКИЙ","Individual","Former so-called ‘Minister for Civil Defense, Emergency Situations and Elimination of Consequences of Natural Disasters’ of the so-called ‘Donetsk People’s Republic’\nCurrent head of the so-called “Main Directorate of the Ministry of Emergency Situations of Russia for the Donetsk People’s Republic”","Donetsk","EU","2022-04-08","1978-08-24","","EU.7905.78","UKR — 2025/527 (OJ L202500527)"
"Олександр Олександрович ОПРИЩЕНКО","Individual","Former so-called “Acting Minister of Health” of the so-called “Donetsk People’s Republic” and current “First Deputy Minister of Healthcare” of the so-called “Donetsk People’s Republic”","Donetsk","EU","2022-04-08","1976-04-24","","EU.7900.83","UKR — 2023/1765 (OJ L226)"
"Олександр Юрiйович ГРОМАКОВ","Individual","Former so-called ‘Minister of Youth, Sports, and Tourism of the so-called ‘Donetsk People’s Republic’","Donetsk","EU","2022-04-08","1958-09-04","","EU.7903.80","UKR — 2023/1765 (OJ L226)"
"Тетяна Вiкторiвна ПЕРЕВЕРЗЕВА","Individual","So-called ‘Deputy of the Chair of the Government’ of the so-called ‘Donetsk People’s Republic’","Donetsk","EU","2022-04-08","1964-06-20","","EU.7898.78","UKR — 2022/581 (OJ L110)"
"Элеонора Михайловна ФЕДОРЕНКО","Individual","Advisor on Childrens' Rights to the head of the so-called “Donetsk People’s Republic”","Donetsk","EU","2022-12-16","1972-10-28","","EU.9414.76","UKR — 2022/2476 (OJ L322-I)"
"ィテク株式会社、株式会社 VMP アヴィテク、アヴィテク・ビャトカ機械製","Entity","Joint Stock Company Vyatskoye Mashinostroitelnoye Predpriyatiye","Donetsk","Japan (METI/MFA)","","","","298","Foreign Exchange and Foreign Trade Act"
"Avtodor","Entity","","Donetsk","Switzerland (SECO)","2023-03-01","","","","Ordinance SR 946.231.176.72"
"JSC “Scientific and Engineering Enterprise Informzashchita”","Entity","","Donetsk","Switzerland (SECO)","2023-12-20","","","","Ordinance SR 946.231.176.72"
"Joint-Stock Company Arzamas Scientific Production Enterprise “TEMP-AVIA”","Entity","","Donetsk","Switzerland (SECO)","2024-02-29","","","","Ordinance SR 946.231.176.72"
"Liberal Democratic Party of Russia","Entity","","Donetsk","Switzerland (SECO)","2022-12-20","","","","Ordinance SR 946.231.176.72"
"Ministry of Emergency Situations of the so-called “Donetsk People’s Republic”","Entity","","Donetsk","Switzerland (SECO)","2023-03-01","","","","Ordinance SR 946.231.176.72"
"OAO Svetlovskoye Predpriyatiye Era","Entity","","Donetsk","Switzerland (SECO)","2022-03-25","","","","Ordinance SR 946.231.176.72"
"OSTEC-Enterprise LTD","Entity","","Donetsk","Switzerland (SECO)","2024-12-20","","","","Ordinance SR 946.231.176.72"
"Public movement ""Donetsk Republic""","Entity","","Donetsk","Switzerland (SECO)","2014-12-15","","","","Ordinance SR 946.231.176.72"
"SP KVANT (Sovmestnoe Predpriyatie Kvantovye Tekhnologii)","Entity","","Donetsk","Switzerland (SECO)","2022-03-04","","","","Ordinance SR 946.231.176.72"
"So-called ""Donetsk People's Republic""","Entity","","Donetsk","Switzerland (SECO)","2014-08-04","","","","Ordinance SR 946.231.176.72"
"State Unitary Enterprise of the Donetsk People’s Republic “Komtel”","Entity","","Donetsk","Switzerland (SECO)","2025-03-03","","","","Ordinance SR 946.231.176.72"
"State Unitary Enterprise of the Donetsk People’s Republic “Republican Telecommunications Operator”","Entity","","Donetsk","Switzerland (SECO)","2025-06-02","","","","Ordinance SR 946.231.176.72"
"State Unitary Enterprise of the Donetsk People’s Republic “Ugletelekom”","Entity","","Donetsk","Switzerland (SECO)","2025-12-12","","","","Ordinance SR 946.231.176.72"
"ABUKOV, Sergei Navilievich","Individual","member of the ‘Donetsk People’s Council’, the ‘legislature’ of the illegal separatist ‘Donetsk People’s Republic’","Donetsk","UK (OFSI)","13/04/2022","17/03/1971","","15176","Russia (Sanctions) (EU Exit) Regulations 2019"
"ANANCHENKO, Alexander Yevgenevych","Individual","minister in the illegal separatist ‘government’ of the ‘Donetsk People’s Republic’","Donetsk","UK (OFSI)","13/04/2022","02/02/1966","Ukraine","15084","Russia (Sanctions) (EU Exit) Regulations 2019"
"ANDRIENKO, Vladimir Nikolaevich","Individual","member of the ‘Donetsk People’s Council’, the ‘legislature’ of the illegal separatist ‘Donetsk People’s Republic’","Donetsk","UK (OFSI)","13/04/2022","27/04/1957","","15177","Russia (Sanctions) (EU Exit) Regulations 2019"
"ANIKA, Yaroslav Gennadievich","Individual","member of the ‘Donetsk People’s Council’, the ‘legislature’ of the illegal separatist ‘Donetsk People’s Republic’","Donetsk","UK (OFSI)","13/04/2022","26/06/1990","","15127","Russia (Sanctions) (EU Exit) Regulations 2019"
"ANTIPOV, Igor Yurievich","Individual","minister in the illegal separatist ‘government’ of the ‘Donetsk People’s Republic’","Donetsk","UK (OFSI)","13/04/2022","26/05/1961","","15086","Russia (Sanctions) (EU Exit) Regulations 2019"
"ANTONOV, Vladimir Nikolaevich","Individual","minister in the illegal separatist ‘government’ of the ‘Donetsk People’s Republic’","Donetsk","UK (OFSI)","13/04/2022","24/12/1979","Ukrainian","15088","Russia (Sanctions) (EU Exit) Regulations 2019"
"AVDEEV, Alexander Vasilievich","Individual","member of the ‘Donetsk People’s Council’, the ‘legislature’ of the illegal separatist ‘Donetsk People’s Republic’","Donetsk","UK (OFSI)","13/04/2022","07/12/1958","","15178","Russia (Sanctions) (EU Exit) Regulations 2019"
"Antyufeyev, Vladimir","Individual","Deputy Director General of the State-owned enterprise 'United Engine Corporation'","Donetsk","UK (OFSI)","31/12/2020","19/02/1951","Russia","13067","Russia (Sanctions) (EU Exit) Regulations 2019"
"BABENKO, Oksana Alexandrovna","Individual","member of the ‘Donetsk People’s Council’, the ‘legislature’ of the illegal separatist ‘Donetsk People’s Republic’","Donetsk","UK (OFSI)","13/04/2022","03/06/1987","","15179","Russia (Sanctions) (EU Exit) Regulations 2019"
"BAEVSKY, Andrey Vasilievich","Individual","member of the ‘Donetsk People’s Council’, the ‘legislature’ of the illegal separatist ‘Donetsk People’s Republic’","Donetsk","UK (OFSI)","13/04/2022","19/08/1972","","15180","Russia (Sanctions) (EU Exit) Regulations 2019"
"BANAKH, Alexander Sergeevich","Individual","member of the ‘Donetsk People’s Council’, the ‘legislature’ of the illegal separatist ‘Donetsk People’s Republic’","Donetsk","UK (OFSI)","13/04/2022","23/07/1985","","15181","Russia (Sanctions) (EU Exit) Regulations 2019"
"BERDICHEVSKY, Vladislav Leonidovich","Individual","member of the ‘Donetsk People’s Council’, the ‘legislature’ of the illegal separatist ‘Donetsk People’s Republic’","Donetsk","UK (OFSI)","13/04/2022","10/09/1967","","15131","Russia (Sanctions) (EU Exit) Regulations 2019"
"BILYALOV, Rinat Alievich","Individual","member of the ‘Donetsk People’s Council’, the ‘legislature’ of the illegal separatist ‘Donetsk People’s Republic’","Donetsk","UK (OFSI)","13/04/2022","20/10/1969","","15182","Russia (Sanctions) (EU Exit) Regulations 2019"
"BOGATOVA, Maria Viktorovna","Individual","member of the ‘Donetsk People’s Council’, the ‘legislature’ of the illegal separatist ‘Donetsk People’s Republic’","Donetsk","UK (OFSI)","13/04/2022","21/04/1997","","15183","Russia (Sanctions) (EU Exit) Regulations 2019"
"BONDARCHUK, Anatoly Vladimirovich","Individual","member of the ‘Donetsk People’s Council’, the ‘legislature’ of the illegal separatist ‘Donetsk People’s Republic’","Donetsk","UK (OFSI)","13/04/2022","01/06/1948","","15184","Russia (Sanctions) (EU Exit) Regulations 2019"
"BONDARENKO, Alexander Alexandrovich","Individual","member of the ‘Donetsk People’s Council’, the ‘legislature’ of the illegal separatist ‘Donetsk People’s Republic’","Donetsk","UK (OFSI)","13/04/2022","02/09/1983","","15185","Russia (Sanctions) (EU Exit) Regulations 2019"
"BUBNOV, Ilya","Individual","Deputy Minister of Youth, Sports and Tourism of the so-called Donetsk People's Republic","Donetsk","UK (OFSI)","26/09/2022","24/03/1993","","15514","Russia (Sanctions) (EU Exit) Regulations 2019"
"BYKADOROV, Alexander Viktorovich","Individual","member of the ‘Donetsk People’s Council’, the ‘legislature’ of the illegal separatist ‘Donetsk People’s Republic’","Donetsk","UK (OFSI)","13/04/2022","28/09/1985","","15186","Russia (Sanctions) (EU Exit) Regulations 2019"
"Basurin, Eduard Aleksandrovich","Individual","Spokesperson and Deputy Head of 'People's Militia', Donetsk People's Republic","Donetsk","UK (OFSI)","31/12/2020","27/06/1966","","13203","Russia (Sanctions) (EU Exit) Regulations 2019"
"Bereza, Oleg Vladimirovich","Individual","Former Internal Affairs Minister of Donetsk People's Republic","Donetsk","UK (OFSI)","31/12/2020","28/02/1977","Ukraine","13096","Russia (Sanctions) (EU Exit) Regulations 2019"
"Berezin, Fedor Dmitrievich","Individual","responsible for actions which undermine or threaten the territorial integrity","Donetsk","UK (OFSI)","31/12/2020","07/02/1960","Ukraine","13064","Russia (Sanctions) (EU Exit) Regulations 2019"
"Bezler, Igor Nikolaevich","Individual","One of the former leaders of self-proclaimed militia of Horlivka","Donetsk","UK (OFSI)","31/12/2020","30/12/1965","Russia","12971","Russia (Sanctions) (EU Exit) Regulations 2019"
"Bidevka, Vladimir Anatolievitch","Individual","Chairperson of the so-called Donetsk People's Council","Donetsk","UK (OFSI)","31/12/2020","07/03/1981","Ukraine","13724","Russia (Sanctions) (EU Exit) Regulations 2019"
"Borodai, Aleksandr Yurevich","Individual","Former Prime Minister of the Donetsk People","Donetsk","UK (OFSI)","31/12/2020","25/07/1972","","13009","Russia (Sanctions) (EU Exit) Regulations 2019"
"CHAUSOVA, Yana Sergeevna","Individual","minister in the illegal separatist ‘government’ of the ‘Donetsk People’s Republic’","Donetsk","UK (OFSI)","13/04/2022","22/09/1980","","15103","Russia (Sanctions) (EU Exit) Regulations 2019"
"CHEKAREVA, Natalya Dmitrievna","Individual","member of the ‘Donetsk People’s Council’, the ‘legislature’ of the illegal separatist ‘Donetsk People’s Republic’","Donetsk","UK (OFSI)","13/04/2022","13/05/1969","","15187","Russia (Sanctions) (EU Exit) Regulations 2019"
"CHERTKOV, Andrey Gennadievich","Individual","The so-called 'Minister of Coal and Energy' of the so-called 'DPR'","Donetsk","UK (OFSI)","26/09/2022","04/09/1969","","15520","Russia (Sanctions) (EU Exit) Regulations 2019"
"CHUCHIN, Sergey Anatolievich","Individual","member of the ‘Donetsk People’s Council’, the ‘legislature’ of the illegal separatist ‘Donetsk People’s Republic’","Donetsk","UK (OFSI)","13/04/2022","11/12/1959","","15188","Russia (Sanctions) (EU Exit) Regulations 2019"
"CHURADZE, Dmitry Murtazievich","Individual","member of the ‘Donetsk People’s Council’, the ‘legislature’ of the illegal separatist ‘Donetsk People’s Republic’","Donetsk","UK (OFSI)","13/04/2022","24/10/1974","","15189","Russia (Sanctions) (EU Exit) Regulations 2019"
"DEZORTSEV, Dmitry Eduardovich","Individual","member of the ‘Donetsk People’s Council’, the ‘legislature’ of the illegal separatist ‘Donetsk People’s Republic’","Donetsk","UK (OFSI)","13/04/2022","19/06/1966","","15190","Russia (Sanctions) (EU Exit) Regulations 2019"
"DIANOVA, Irina Leontievna","Individual","member of the ‘Donetsk People’s Council’, the ‘legislature’ of the illegal separatist ‘Donetsk People’s Republic’","Donetsk","UK (OFSI)","13/04/2022","13/10/1962","","15191","Russia (Sanctions) (EU Exit) Regulations 2019"
"DIKIY, Aleksei Alexandrovich","Individual","minister in the illegal separatist ‘government’ of the ‘Donetsk People’s Republic’","Donetsk","UK (OFSI)","13/04/2022","05/07/1974","","15085","Russia (Sanctions) (EU Exit) Regulations 2019"
"DOROFEEV, Alexey Sergeevich","Individual","member of the ‘Donetsk People’s Council’, the ‘legislature’ of the illegal separatist ‘Donetsk People’s Republic’","Donetsk","UK (OFSI)","13/04/2022","11/11/1986","","15192","Russia (Sanctions) (EU Exit) Regulations 2019"
"DUBOVKA, Vladimir Nikolaevich","Individual","member of the ‘Donetsk People’s Council’, the ‘legislature’ of the illegal separatist ‘Donetsk People’s Republic’","Donetsk","UK (OFSI)","13/04/2022","14/09/1982","","15193","Russia (Sanctions) (EU Exit) Regulations 2019"
"DUBOVSKIY, Ruslan Mihajlovich","Individual","minister in the illegal separatist ‘government’ of the ‘Donetsk People’s Republic’","Donetsk","UK (OFSI)","13/04/2022","20/02/1974","","15102","Russia (Sanctions) (EU Exit) Regulations 2019"
"DYAGOVETS, Alexander Pavlovich","Individual","member of the ‘Donetsk People’s Council’, the ‘legislature’ of the illegal separatist ‘Donetsk People’s Republic’","Donetsk","UK (OFSI)","13/04/2022","12/01/1962","","15194","Russia (Sanctions) (EU Exit) Regulations 2019"
"Degtyarev, Mikhail Vladimirovich","Individual","Appointed Governor of Khabarovsk Krai Territory in September 2021. | Member of the Russian State Duma, and Chairman of the Russian State Duma Committee on Physical Education, Sport and Youth Affairs.","Donetsk","UK (OFSI)","31/12/2020","10/07/1981","Russia","13041","Russia (Sanctions) (EU Exit) Regulations 2019"
"Donbass People's Militia","Entity","","Donetsk","UK (OFSI)","31/12/2020","","","13045","Russia (Sanctions) (EU Exit) Regulations 2019"
"Donetsk Republic","Entity","","Donetsk","UK (OFSI)","31/12/2020","","","13183","Russia (Sanctions) (EU Exit) Regulations 2019"
"FEDERALNOE KAZENNOE PREDPRIIATIE GOSUDARSTVENNYI NAUCHNO ISSLEDOVATELSKII INSTITUT KHIMICHESKIKH PRODUKTOV","Entity","","Donetsk","UK (OFSI)","24/02/2025","","","16799","Russia (Sanctions) (EU Exit) Regulations 2019"
"Filippova, Ekaterina Vladimirovna","Individual","Commissioner for Human Rights of the so-called of the ‘Donetsk People's Republic.' | Former so called 'Minister of Justice' of the 'Donetsk People's Republic'.","Donetsk","UK (OFSI)","31/12/2020","20/11/1988","Russia","13207","Russia (Sanctions) (EU Exit) Regulations 2019"
"Free Donbass","Entity","","Donetsk","UK (OFSI)","31/12/2020","","","13185","Russia (Sanctions) (EU Exit) Regulations 2019"
"GARTSEV, Dmitry Anatolievich","Individual","So-called ‘Minister of Health’","Donetsk","UK (OFSI)","26/09/2022","","Russia","15510","Russia (Sanctions) (EU Exit) Regulations 2019"
"GRITSENKO, Yevgeny Dmitrievich","Individual","member of the ‘Donetsk People’s Council’, the ‘legislature’ of the illegal separatist ‘Donetsk People’s Republic’","Donetsk","UK (OFSI)","13/04/2022","26/07/1977","","15128","Russia (Sanctions) (EU Exit) Regulations 2019"
"GROMAKOV, Aleksandr Yurevich","Individual","minister in the illegal separatist ‘government’ of the ‘Donetsk People’s Republic’","Donetsk","UK (OFSI)","13/04/2022","04/09/1958","","15094","Russia (Sanctions) (EU Exit) Regulations 2019"
"GRYAZNOVA, Olga Petrovna","Individual","member of the ‘Donetsk People’s Council’, the ‘legislature’ of the illegal separatist ‘Donetsk People’s Republic’","Donetsk","UK (OFSI)","13/04/2022","16/05/1983","","15195","Russia (Sanctions) (EU Exit) Regulations 2019"
"GUBAREVA, Natalya Vladimirovna","Individual","member of the ‘Donetsk People’s Council’, the ‘legislature’ of the illegal separatist ‘Donetsk People’s Republic’","Donetsk","UK (OFSI)","13/04/2022","23/06/1981","","15196","Russia (Sanctions) (EU Exit) Regulations 2019"
"Girkin, Igor Vsevolodovich","Individual","Former staff, Main Intelligence Directorate (GRU), Russian Armed Forces","Donetsk","UK (OFSI)","31/12/2020","17/12/1970","Russia","12964","Russia (Sanctions) (EU Exit) Regulations 2019"
"Gubarev, Pavel Yurievich","Individual","Self-declared leader, 'People's Republic of Donetsk'","Donetsk","UK (OFSI)","31/12/2020","05/07/1983 | 10/03/1983","Ukraine","13044","Russia (Sanctions) (EU Exit) Regulations 2019"
"Gubareva, Ekaterina Yurievna","Individual","Former so-called 'Minister of Foreign Affairs', Donetsk People's Republic","Donetsk","UK (OFSI)","31/12/2020","05/07/1983 | 10/03/1983","Ukraine","13063","Russia (Sanctions) (EU Exit) Regulations 2019"
"HALEPA, Igor Nikolaevich","Individual","minister in the illegal separatist ‘government’ of the ‘Donetsk People’s Republic’","Donetsk","UK (OFSI)","13/04/2022","19/05/1969","","15098","Russia (Sanctions) (EU Exit) Regulations 2019"
"HASSAN, Abdu Tamer","Individual","member of the ‘Donetsk People’s Council’, the ‘legislature’ of the illegal separatist ‘Donetsk People’s Republic’","Donetsk","UK (OFSI)","13/04/2022","12/06/1994","","15175","Russia (Sanctions) (EU Exit) Regulations 2019"
"ILYENKO, Evgeny Alekseevich","Individual","member of the ‘Donetsk People’s Council’, the ‘legislature’ of the illegal separatist ‘Donetsk People’s Republic’","Donetsk","UK (OFSI)","13/04/2022","05/11/1995","","15197","Russia (Sanctions) (EU Exit) Regulations 2019"
"ISHCHENKO, Viktor Dmitrievich","Individual","member of the ‘Donetsk People’s Council’, the ‘legislature’ of the illegal separatist ‘Donetsk People’s Republic’","Donetsk","UK (OFSI)","13/04/2022","23/09/1958","","15198","Russia (Sanctions) (EU Exit) Regulations 2019"
"KADYROV, German Rustemovich","Individual","member of the ‘Donetsk People’s Council’, the ‘legislature’ of the illegal separatist ‘Donetsk People’s Republic’","Donetsk","UK (OFSI)","13/04/2022","15/10/1965","","15199","Russia (Sanctions) (EU Exit) Regulations 2019"
"KAMYSHOV, Alexander Sergeevich","Individual","member of the ‘Donetsk People’s Council’, the ‘legislature’ of the illegal separatist ‘Donetsk People’s Republic’","Donetsk","UK (OFSI)","13/04/2022","24/05/1987","","15200","Russia (Sanctions) (EU Exit) Regulations 2019"
"KHOTSENKO, Vitaly Pavlovich","Individual","Prime Minister of the so-called Donetsk People’s Republic","Donetsk","UK (OFSI)","26/07/2022","18/03/1986","Russia","15490","Russia (Sanctions) (EU Exit) Regulations 2019"
"KNYSH, Maxim Gennadievich","Individual","member of the ‘Donetsk People’s Council’, the ‘legislature’ of the illegal separatist ‘Donetsk People’s Republic’","Donetsk","UK (OFSI)","13/04/2022","27/05/1983","","15201","Russia (Sanctions) (EU Exit) Regulations 2019"
"KOLUDAROVA, Olga","Individual","Minister of Education and Science of the so-called Donetsk People’s Republic","Donetsk","UK (OFSI)","26/09/2022","16/12/1983","","15513","Russia (Sanctions) (EU Exit) Regulations 2019"
"KOROLYUK, Maxim Vitalievich","Individual","member of the ‘Donetsk People’s Council’, the ‘legislature’ of the illegal separatist ‘Donetsk People’s Republic’","Donetsk","UK (OFSI)","13/04/2022","22/12/1982","","15202","Russia (Sanctions) (EU Exit) Regulations 2019"
"KOROTKIY, Alexander Vladimirovich","Individual","member of the ‘Donetsk People’s Council’, the ‘legislature’ of the illegal separatist ‘Donetsk People’s Republic’","Donetsk","UK (OFSI)","13/04/2022","13/03/1925","","15161","Russia (Sanctions) (EU Exit) Regulations 2019"
"KOSTENKO, Irina Anatolievna","Individual","member of the ‘Donetsk People’s Council’, the ‘legislature’ of the illegal separatist ‘Donetsk People’s Republic’","Donetsk","UK (OFSI)","13/04/2022","08/05/1967","","15203","Russia (Sanctions) (EU Exit) Regulations 2019"
"KOSTOMAROV, Aleksandr","Individual","First Deputy Head of the Administration of the Head of the so-called Donetsk People's Republic","Donetsk","UK (OFSI)","26/09/2022","13/05/1977","Russia","15571","Russia (Sanctions) (EU Exit) Regulations 2019"
"KOSTRUBITSKIY, Alexei Alekandrovich","Individual","minister in the illegal separatist ‘government’ of the ‘Donetsk People’s Republic’","Donetsk","UK (OFSI)","13/04/2022","24/08/1978","","15096","Russia (Sanctions) (EU Exit) Regulations 2019"
"KOVALCHUK, Gennady Evgenievich","Individual","member of the ‘Donetsk People’s Council’, the ‘legislature’ of the illegal separatist ‘Donetsk People’s Republic’","Donetsk","UK (OFSI)","13/04/2022","16/09/1969","","15204","Russia (Sanctions) (EU Exit) Regulations 2019"
"KOVALCHUK, Sergey Alexandrovich","Individual","member of the ‘Donetsk People’s Council’, the ‘legislature’ of the illegal separatist ‘Donetsk People’s Republic’","Donetsk","UK (OFSI)","13/04/2022","27/01/1966","","15205","Russia (Sanctions) (EU Exit) Regulations 2019"
"KOVTYRIN, Alexander Vladimirovich","Individual","member of the ‘Donetsk People’s Council’, the ‘legislature’ of the illegal separatist ‘Donetsk People’s Republic’","Donetsk","UK (OFSI)","13/04/2022","10/10/1977","","15206","Russia (Sanctions) (EU Exit) Regulations 2019"
"KRAMARENKO, Artem Alexandrovich","Individual","minister in the illegal separatist ‘government’ of the ‘Donetsk People’s Republic’","Donetsk","UK (OFSI)","13/04/2022","13/01/1980","","15087","Russia (Sanctions) (EU Exit) Regulations 2019"
"KRAVETS, Vitaly Vladimirovich","Individual","member of the ‘Donetsk People’s Council’, the ‘legislature’ of the illegal separatist ‘Donetsk People’s Republic’","Donetsk","UK (OFSI)","13/04/2022","07/04/1975","","15126","Russia (Sanctions) (EU Exit) Regulations 2019"
"KRAVTSOVA, Olga Alexandrovna","Individual","member of the ‘Donetsk People’s Council’, the ‘legislature’ of the illegal separatist ‘Donetsk People’s Republic’","Donetsk","UK (OFSI)","13/04/2022","19/02/1972","","15207","Russia (Sanctions) (EU Exit) Regulations 2019"
"KRYUKOVA, Julia Mikhailovna","Individual","member of the ‘Donetsk People’s Council’, the ‘legislature’ of the illegal separatist ‘Donetsk People’s Republic’","Donetsk","UK (OFSI)","13/04/2022","28/05/1978","","15208","Russia (Sanctions) (EU Exit) Regulations 2019"
"KULBATSKAYA, Klavdia Yurievna","Individual","member of the ‘Donetsk People’s Council’, the ‘legislature’ of the illegal separatist ‘Donetsk People’s Republic’","Donetsk","UK (OFSI)","13/04/2022","30/03/1967","","15209","Russia (Sanctions) (EU Exit) Regulations 2019"
"KUMANOVA, Svetlana Anatolievna","Individual","member of the ‘Donetsk People’s Council’, the ‘legislature’ of the illegal separatist ‘Donetsk People’s Republic’","Donetsk","UK (OFSI)","13/04/2022","01/11/1966","","15135","Russia (Sanctions) (EU Exit) Regulations 2019"
"KURASHOV, Denis Sergeevich","Individual","Deputy Minister of Communications of the so-called Donetsk People's Republic","Donetsk","UK (OFSI)","26/09/2022","31/05/1978","Russia","15567","Russia (Sanctions) (EU Exit) Regulations 2019"
"KURENKOV, Alexander Pavlovich","Individual","member of the ‘Donetsk People’s Council’, the ‘legislature’ of the illegal separatist ‘Donetsk People’s Republic’","Donetsk","UK (OFSI)","13/04/2022","01/06/1962","","15130","Russia (Sanctions) (EU Exit) Regulations 2019"
"KUSHAKOV, Mikhail Nikolaevich","Individual","minister in the illegal separatist ‘government’ of the ‘Donetsk People’s Republic’","Donetsk","UK (OFSI)","13/04/2022","23/11/1958","","15095","Russia (Sanctions) (EU Exit) Regulations 2019"
"KUZMIN, Konstantin Alexandrovich","Individual","member of the ‘Donetsk People’s Council’, the ‘legislature’ of the illegal separatist ‘Donetsk People’s Republic’","Donetsk","UK (OFSI)","13/04/2022","28/11/1976","","15210","Russia (Sanctions) (EU Exit) Regulations 2019"
"Kakidzyanov, Igor Evgenevich","Individual","One of the former leaders of armed forces of the self-proclaimed 'Donetsk People's Repulic'","Donetsk","UK (OFSI)","31/12/2020","25/07/1980 | dd/mm/1980","Ukraine","12972","Russia (Sanctions) (EU Exit) Regulations 2019"
"Kalyussky, Alexandr Aleksandrovich","Individual","Former so called 'de facto Deputy Prime Minister for Social Affairs of the Donetsk People's Republic'.","Donetsk","UK (OFSI)","31/12/2020","09/10/1975","Ukraine","13011","Russia (Sanctions) (EU Exit) Regulations 2019"
"Karaman, Aleksandr Akimovich","Individual","Former so called 'Deputy Prime Minster of 'Donetsk People's Republic'","Donetsk","UK (OFSI)","31/12/2020","26/07/1956","Ukraine","13098","Russia (Sanctions) (EU Exit) Regulations 2019"
"Khalikov, Ravil Zakarievich","Individual","Aide' to the Head of the Moscow Branch of the Investigative Committee of Russian Federation (GSU SK)","Donetsk","UK (OFSI)","31/12/2020","23/02/1969","Ukraine","13175","Russia (Sanctions) (EU Exit) Regulations 2019"
"Khodakovsky, Alexander Sergeevich","Individual","Former so-called 'Minister of Security of the Donetsk People's Republic'","Donetsk","UK (OFSI)","31/12/2020","18/12/1972","Ukraine","13010","Russia (Sanctions) (EU Exit) Regulations 2019"
"Khryakov, Alexander","Individual","Former so-called 'Minister of Security of the Donetsk People’s Republic' .","Donetsk","UK (OFSI)","31/12/2020","06/11/1958","Ukraine","13012","Russia (Sanctions) (EU Exit) Regulations 2019"
"Kofman, Aleksandr Igorevich","Individual","Former Foreign Minister","Donetsk","UK (OFSI)","31/12/2020","30/08/1977","Ukraine","13174","Russia (Sanctions) (EU Exit) Regulations 2019"
"Kononov, Vladimir Petrovich","Individual","Former so-called 'Defence Minister' of 'Donetsk People's Republic'","Donetsk","UK (OFSI)","31/12/2020","14/10/1974","Ukraine","13092","Russia (Sanctions) (EU Exit) Regulations 2019"
"Kostenok, Ihor Vladymyrovych","Individual","Currently working for the Donetsk Academy of Management and Civil Service under the so called ‘Head of the Donetsk People’s Republic’. | Former so-called 'Minister' of Education' of the 'Donetsk People's Republic'","Donetsk","UK (OFSI)","31/12/2020","15/03/1961","Ukraine","13180","Russia (Sanctions) (EU Exit) Regulations 2019"
"LAVRENOV, Evgenij Evgenievich","Individual","minister in the illegal separatist ‘government’ of the ‘Donetsk People’s Republic’","Donetsk","UK (OFSI)","13/04/2022","05/12/1979","","15090","Russia (Sanctions) (EU Exit) Regulations 2019"
"LEONOV, Yury Vladimirovich","Individual","member of the ‘Donetsk People’s Council’, the ‘legislature’ of the illegal separatist ‘Donetsk People’s Republic’","Donetsk","UK (OFSI)","13/04/2022","01/04/1980","","15211","Russia (Sanctions) (EU Exit) Regulations 2019"
"LEPA, Roman Nikolaevich","Individual","member of the ‘Donetsk People’s Council’, the ‘legislature’ of the illegal separatist ‘Donetsk People’s Republic’","Donetsk","UK (OFSI)","13/04/2022","03/06/1974","","15212","Russia (Sanctions) (EU Exit) Regulations 2019"
"LISOBEY, Yaroslav Igorevich","Individual","member of the ‘Donetsk People’s Council’, the ‘legislature’ of the illegal separatist ‘Donetsk People’s Republic’","Donetsk","UK (OFSI)","13/04/2022","24/01/1988","","15213","Russia (Sanctions) (EU Exit) Regulations 2019"
"Litvinov, Boris Alekseevich","Individual","Former member of the State Duma of the Russian Federation","Donetsk","UK (OFSI)","31/12/2020","13/01/1954","Russia","13070","Russia (Sanctions) (EU Exit) Regulations 2019"
"Lyagin, Roman Viktorovich","Individual","former 'Minister of Labour and Social Policy | Former head of the 'Donetsk People's Republic' Central Electoral Commission","Donetsk","UK (OFSI)","31/12/2020","30/05/1980","Ukraine","12975","Russia (Sanctions) (EU Exit) Regulations 2019"
"MAKAROV, Kirill Borisovich","Individual","member of the ‘Donetsk People’s Council’, the ‘legislature’ of the illegal separatist ‘Donetsk People’s Republic’","Donetsk","UK (OFSI)","13/04/2022","06/11/1995","","15137","Russia (Sanctions) (EU Exit) Regulations 2019"
"MAKEEVA, Olga Alexandrovna","Individual","member of the ‘Donetsk People’s Council’, the ‘legislature’ of the illegal separatist ‘Donetsk People’s Republic’","Donetsk","UK (OFSI)","13/04/2022","21/11/1974","","15125","Russia (Sanctions) (EU Exit) Regulations 2019"
"MALKOV, Alexander Viktorovich","Individual","member of the ‘Donetsk People’s Council’, the ‘legislature’ of the illegal separatist ‘Donetsk People’s Republic’","Donetsk","UK (OFSI)","13/04/2022","18/07/1953","","15138","Russia (Sanctions) (EU Exit) Regulations 2019"
"MARTYNOV, Yury Igorevich","Individual","member of the ‘Donetsk People’s Council’, the ‘legislature’ of the illegal separatist ‘Donetsk People’s Republic’","Donetsk","UK (OFSI)","13/04/2022","22/06/1969","","15139","Russia (Sanctions) (EU Exit) Regulations 2019"
"MATRUS, Igor Viktorovich","Individual","member of the ‘Donetsk People’s Council’, the ‘legislature’ of the illegal separatist ‘Donetsk People’s Republic’","Donetsk","UK (OFSI)","13/04/2022","27/01/1981","","15140","Russia (Sanctions) (EU Exit) Regulations 2019"
"MEDVEDEV, Vladimir Anatolievich","Individual","member of the ‘Donetsk People’s Council’, the ‘legislature’ of the illegal separatist ‘Donetsk People’s Republic’","Donetsk","UK (OFSI)","13/04/2022","27/10/1980","","15141","Russia (Sanctions) (EU Exit) Regulations 2019"
"MIKHAILOVA, Yulia Valentinovna","Individual","member of the ‘Donetsk People’s Council’, the ‘legislature’ of the illegal separatist ‘Donetsk People’s Republic’","Donetsk","UK (OFSI)","13/04/2022","14/06/1991 | 14/07/1991","","15142","Russia (Sanctions) (EU Exit) Regulations 2019"
"MOROZOVA, Daria Vasilevna","Individual","Commissioner of Human Rights for the so-called Donetsk People's Republic","Donetsk","UK (OFSI)","17/07/2023","","Russia","16017","Russia (Sanctions) (EU Exit) Regulations 2019"
"MOSHKIN, Vladimir Evgenievich","Individual","member of the ‘Donetsk People’s Council’, the ‘legislature’ of the illegal separatist ‘Donetsk People’s Republic’","Donetsk","UK (OFSI)","13/04/2022","25/06/1980","","15143","Russia (Sanctions) (EU Exit) Regulations 2019"
"Mikhaylov, Yevgeniy Eduardovich","Individual","Former so-called 'Minister of the Council of Ministers'","Donetsk","UK (OFSI)","31/12/2020","17/03/1963","Ukraine","13179","Russia (Sanctions) (EU Exit) Regulations 2019"
"NAUMETS, Sergei Sergeevich","Individual","minister in the illegal separatist ‘government’ of the ‘Donetsk People’s Republic’","Donetsk","UK (OFSI)","13/04/2022","13/07/1976","","15099","Russia (Sanctions) (EU Exit) Regulations 2019"
"NIKONOROVA, Natalya Yurevna","Individual","minister in the illegal separatist ‘government’ of the ‘Donetsk People’s Republic’","Donetsk","UK (OFSI)","13/04/2022","28/09/1984","Ukraine","15092","Russia (Sanctions) (EU Exit) Regulations 2019"
"Naydenko, Oleksii Oleksiyovych","Individual","Deputy Head of the so-called Donetsk People's Republic Central Electoral Commission","Donetsk","UK (OFSI)","31/12/2020","02/06/1980","Ukraine","13726","Russia (Sanctions) (EU Exit) Regulations 2019"
"OBOLENSKAYA, Alla Ivanovna","Individual","member of the ‘Donetsk People’s Council’, the ‘legislature’ of the illegal separatist ‘Donetsk People’s Republic’","Donetsk","UK (OFSI)","13/04/2022","26/07/1964","","15144","Russia (Sanctions) (EU Exit) Regulations 2019"
"OGILETS, Dmitry Alexandrovich","Individual","member of the ‘Donetsk People’s Council’, the ‘legislature’ of the illegal separatist ‘Donetsk People’s Republic’","Donetsk","UK (OFSI)","13/04/2022","09/02/1968","","15145","Russia (Sanctions) (EU Exit) Regulations 2019"
"ONOPKO, Oleg Vladimirovich","Individual","member of the ‘Donetsk People’s Council’, the ‘legislature’ of the illegal separatist ‘Donetsk People’s Republic’","Donetsk","UK (OFSI)","13/04/2022","","","15146","Russia (Sanctions) (EU Exit) Regulations 2019"
"OPRISHHENKO, Aleksandr Aleksandrovich","Individual","minister in the illegal separatist ‘government’ of the ‘Donetsk People’s Republic’","Donetsk","UK (OFSI)","13/04/2022","24/04/1976","","15091","Russia (Sanctions) (EU Exit) Regulations 2019"
"Oplot Battalion","Entity","","Donetsk","UK (OFSI)","31/12/2020","","","13223","Russia (Sanctions) (EU Exit) Regulations 2019"
"Orlov, Yevgeniy Vyacheslavovich","Individual","Member of the 'National Council' of the so-called 'Donetsk People's Republic.'|Chairman of the public movement 'Free Donbas'","Donetsk","UK (OFSI)","31/12/2020","21/10/1983 | 10/05/1980","Ukraine","13181","Russia (Sanctions) (EU Exit) Regulations 2019"
"PAKREEV, Vladimir Gennadievich","Individual","member of the ‘Donetsk People’s Council’, the ‘legislature’ of the illegal separatist ‘Donetsk People’s Republic’","Donetsk","UK (OFSI)","13/04/2022","21/07/1977","","15147","Russia (Sanctions) (EU Exit) Regulations 2019"
"PARSHIN, Maxim Alekseevich","Individual","member of the ‘Donetsk People’s Council’, the ‘legislature’ of the illegal separatist ‘Donetsk People’s Republic’","Donetsk","UK (OFSI)","13/04/2022","03/08/1976","","15148","Russia (Sanctions) (EU Exit) Regulations 2019"
"PASHKOV, Igor Valentinovich","Individual","member of the ‘Donetsk People’s Council’, the ‘legislature’ of the illegal separatist ‘Donetsk People’s Republic’","Donetsk","UK (OFSI)","13/04/2022","04/02/1961","","15149","Russia (Sanctions) (EU Exit) Regulations 2019"
"PAVLENKO, Vladimir Nikolaevich","Individual","minister in the illegal separatist ‘government’ of the ‘Donetsk People’s Republic’","Donetsk","UK (OFSI)","13/04/2022","14/04/1962","","15083","Russia (Sanctions) (EU Exit) Regulations 2019"
"PEREVERZEVA, Tatyana Viktorovna","Individual","minister in the illegal separatist ‘government’ of the ‘Donetsk People’s Republic’","Donetsk","UK (OFSI)","13/04/2022","20/06/1964","","15089","Russia (Sanctions) (EU Exit) Regulations 2019"
"PERTSEV, Vasily Anatolievich","Individual","member of the ‘Donetsk People’s Council’, the ‘legislature’ of the illegal separatist ‘Donetsk People’s Republic’","Donetsk","UK (OFSI)","13/04/2022","09/08/1981","","15150","Russia (Sanctions) (EU Exit) Regulations 2019"
"PIROGOVA, Maria Vladimirovna","Individual","member of the ‘Donetsk People’s Council’, the ‘legislature’ of the illegal separatist ‘Donetsk People’s Republic’","Donetsk","UK (OFSI)","13/04/2022","13/05/1993","","15133","Russia (Sanctions) (EU Exit) Regulations 2019"
"PODLIPANOV, Dmitriy Viktorovich","Individual","minister in the illegal separatist ‘government’ of the ‘Donetsk People’s Republic’","Donetsk","UK (OFSI)","13/04/2022","28/11/1964","","15100","Russia (Sanctions) (EU Exit) Regulations 2019"
"POKINTELITSA, Yuri Ivanovich","Individual","member of the ‘Donetsk People’s Council’, the ‘legislature’ of the illegal separatist ‘Donetsk People’s Republic’","Donetsk","UK (OFSI)","13/04/2022","21/05/1966","","15151","Russia (Sanctions) (EU Exit) Regulations 2019"
"POLOVYAN, Aleksei Vladimirovich","Individual","minister in the illegal separatist ‘government’ of the ‘Donetsk People’s Republic’","Donetsk","UK (OFSI)","13/04/2022","03/05/1979","","15104","Russia (Sanctions) (EU Exit) Regulations 2019"
"POLYANSKAYA, Natalya Alekseevna","Individual","member of the ‘Donetsk People’s Council’, the ‘legislature’ of the illegal separatist ‘Donetsk People’s Republic’","Donetsk","UK (OFSI)","13/04/2022","06/11/1971","","15152","Russia (Sanctions) (EU Exit) Regulations 2019"
"POPOVA, Irinia Vasilievna","Individual","member of the ‘Donetsk People’s Council’, the ‘legislature’ of the illegal separatist ‘Donetsk People’s Republic’","Donetsk","UK (OFSI)","13/04/2022","07/08/1966","","15132","Russia (Sanctions) (EU Exit) Regulations 2019"
"PRISENKO, Leonid Vladimirovich","Individual","member of the ‘Donetsk People’s Council’, the ‘legislature’ of the illegal separatist ‘Donetsk People’s Republic’","Donetsk","UK (OFSI)","13/04/2022","06/07/1961","","15153","Russia (Sanctions) (EU Exit) Regulations 2019"
"PROKOPENKO, Sergey Borisovich","Individual","member of the ‘Donetsk People’s Council’, the ‘legislature’ of the illegal separatist ‘Donetsk People’s Republic’","Donetsk","UK (OFSI)","13/04/2022","20/10/1986","","15134","Russia (Sanctions) (EU Exit) Regulations 2019"
"PSHENICHNAYA, Natalya Anatolyevna","Individual","member of the ‘Donetsk People’s Council’, the ‘legislature’ of the illegal separatist ‘Donetsk People’s Republic’","Donetsk","UK (OFSI)","13/04/2022","30/06/1981","","15154","Russia (Sanctions) (EU Exit) Regulations 2019"
"PUSHKIN, Lyubomir Evgenevich","Individual","member of the ‘Donetsk People’s Council’, the ‘legislature’ of the illegal separatist ‘Donetsk People’s Republic’","Donetsk","UK (OFSI)","13/04/2022","27/05/1977","","15155","Russia (Sanctions) (EU Exit) Regulations 2019"
"Pinchuk, Andrey Yurevich","Individual","Former State security minister","Donetsk","UK (OFSI)","31/12/2020","27/12/1977","Ukraine","13095","Russia (Sanctions) (EU Exit) Regulations 2019"
"Pozdniakova, Olga Valerievna","Individual","Chairperson of the so-called Donetsk RSFSR People’s Republic Central Election Commission","Donetsk","UK (OFSI)","31/12/2020","30/03/1982","Ukraine","13721","Russia (Sanctions) (EU Exit) Regulations 2019"
"Purgin, Andriy Yevgenovych","Individual","Former co-chairman, 'Donetsk People's Republic' movement","Donetsk","UK (OFSI)","31/12/2020","25/01/1972","Ukraine","12961","Russia (Sanctions) (EU Exit) Regulations 2019"
"Pushylin, Denys Volodymrovych","Individual","Chairman' of the 'People's Council of the Donetsk People's Republic. | So-called 'Head of the Donetsk People's Republic'.","Donetsk","UK (OFSI)","31/12/2020","09/05/1981","Ukraine","12962","Russia (Sanctions) (EU Exit) Regulations 2019"
"RUSANOV, Vladislav Adolfovich","Individual","member of the ‘Donetsk People’s Council’, the ‘legislature’ of the illegal separatist ‘Donetsk People’s Republic’","Donetsk","UK (OFSI)","13/04/2022","12/06/1966","","15156","Russia (Sanctions) (EU Exit) Regulations 2019"
"RUSHHAK, Vladimir Mikhailovich","Individual","minister in the illegal separatist ‘government’ of the ‘Donetsk People’s Republic’","Donetsk","UK (OFSI)","13/04/2022","02/09/1971","","15097","Russia (Sanctions) (EU Exit) Regulations 2019"
"Rodkin, Andrei Nikolaevich","Individual","Moscow Representative of the so- called ‘Donetsk People’s Republic’","Donetsk","UK (OFSI)","31/12/2020","23/09/1976","Ukraine","13097","Russia (Sanctions) (EU Exit) Regulations 2019"
"Rudenko, Miroslav Vladimirovich","Individual","Associated with the 'Donbass People’s Militia'. Member of the so-called 'People’s Council of the Donetsk People’s Republic'.","Donetsk","UK (OFSI)","31/12/2020","21/01/1983","Ukraine","13093","Russia (Sanctions) (EU Exit) Regulations 2019"
"SAVELOV, Vladimir Vladimirovich","Individual","member of the ‘Donetsk People’s Council’, the ‘legislature’ of the illegal separatist ‘Donetsk People’s Republic’","Donetsk","UK (OFSI)","13/04/2022","24/02/1965","","15157","Russia (Sanctions) (EU Exit) Regulations 2019"
"SELIVANOVA, Anastasia Yurievna","Individual","member of the ‘Donetsk People’s Council’, the ‘legislature’ of the illegal separatist ‘Donetsk People’s Republic’","Donetsk","UK (OFSI)","13/04/2022","05/08/1983","","15158","Russia (Sanctions) (EU Exit) Regulations 2019"
"SERYOZHENKO, Alexander Anatolievich","Individual","member of the ‘Donetsk People’s Council’, the ‘legislature’ of the illegal separatist ‘Donetsk People’s Republic’","Donetsk","UK (OFSI)","13/04/2022","17/03/1965","","15159","Russia (Sanctions) (EU Exit) Regulations 2019"
"SHEPOTKO, Pavel Alexandrovich","Individual","member of the ‘Donetsk People’s Council’, the ‘legislature’ of the illegal separatist ‘Donetsk People’s Republic’","Donetsk","UK (OFSI)","13/04/2022","15/04/1986","","15165","Russia (Sanctions) (EU Exit) Regulations 2019"
"SHISHKINA, Elena Nikolaevna","Individual","member of the ‘Donetsk People’s Council’, the ‘legislature’ of the illegal separatist ‘Donetsk People’s Republic’","Donetsk","UK (OFSI)","13/04/2022","19/04/1978","","15160","Russia (Sanctions) (EU Exit) Regulations 2019"
"SHMELEV, Dmitry Vladimirovich","Individual","Minister of Revenue and Fees of the so-called Donetsk People's Republic","Donetsk","UK (OFSI)","26/09/2022","1981","Russia","15564","Russia (Sanctions) (EU Exit) Regulations 2019"
"SIGIDINA, Oksana Viktorovna","Individual","member of the ‘Donetsk People’s Council’, the ‘legislature’ of the illegal separatist ‘Donetsk People’s Republic’","Donetsk","UK (OFSI)","13/04/2022","17/08/1976","","15162","Russia (Sanctions) (EU Exit) Regulations 2019"
"SIROVATKO, Yuriy Nikolaevich","Individual","minister in the illegal separatist ‘government’ of the ‘Donetsk People’s Republic’","Donetsk","UK (OFSI)","13/04/2022","17/04/1978","","15105","Russia (Sanctions) (EU Exit) Regulations 2019"
"SKOROKHODOV, Valery Vladimirovich","Individual","member of the ‘Donetsk People’s Council’, the ‘legislature’ of the illegal separatist ‘Donetsk People’s Republic’","Donetsk","UK (OFSI)","13/04/2022","22/05/1976","","15163","Russia (Sanctions) (EU Exit) Regulations 2019"
"SOLNTSEV, Evgeniy Aleksandrovich","Individual","Deputy Chairman of the Government of the so-called Donetsk People’s Republic","Donetsk","UK (OFSI)","26/09/2022","","","15515","Russia (Sanctions) (EU Exit) Regulations 2019"
"STRELCHUK, Natalya Ivanovna","Individual","member of the ‘Donetsk People’s Council’, the ‘legislature’ of the illegal separatist ‘Donetsk People’s Republic’","Donetsk","UK (OFSI)","13/04/2022","10/09/1974","","15164","Russia (Sanctions) (EU Exit) Regulations 2019"
"Sivokonenko, Yuriy Viktorovich","Individual","Member of 'Parliament', Donetsk People's Republic; Chairman of public association","Donetsk","UK (OFSI)","31/12/2020","07/08/1957","","13173","Russia (Sanctions) (EU Exit) Regulations 2019"
"Somali Battalion","Entity","","Donetsk","UK (OFSI)","31/12/2020","","","13220","Russia (Sanctions) (EU Exit) Regulations 2019"
"Sparta Battalion","Entity","","Donetsk","UK (OFSI)","31/12/2020","","","13219","Russia (Sanctions) (EU Exit) Regulations 2019"
"TELNYKH, Sergey Leonidovich","Individual","member of the ‘Donetsk People’s Council’, the ‘legislature’ of the illegal separatist ‘Donetsk People’s Republic’","Donetsk","UK (OFSI)","13/04/2022","29/04/1972","","15166","Russia (Sanctions) (EU Exit) Regulations 2019"
"TOLSTYKINA, Larisa Valentinovna","Individual","minister in the illegal separatist ‘government’ of the ‘Donetsk People’s Republic’","Donetsk","UK (OFSI)","13/04/2022","03/10/1967","","15101","Russia (Sanctions) (EU Exit) Regulations 2019"
"Timofeev, Aleksandr Yurievich","Individual","Minister of Budget","Donetsk","UK (OFSI)","31/12/2020","21/09/1964","Ukraine","13208","Russia (Sanctions) (EU Exit) Regulations 2019"
"Tsyplakov, Sergey Gennadevich","Individual","Leader, 'People's Militia of Donbas'","Donetsk","UK (OFSI)","31/12/2020","01/05/1983","Ukraine","12963","Russia (Sanctions) (EU Exit) Regulations 2019"
"UDALOV, Roman Sergeevich","Individual","member of the ‘Donetsk People’s Council’, the ‘legislature’ of the illegal separatist ‘Donetsk People’s Republic’","Donetsk","UK (OFSI)","13/04/2022","27/05/1994","","15167","Russia (Sanctions) (EU Exit) Regulations 2019"
"USACHEVA, Alexandra Alexandrovna","Individual","member of the ‘Donetsk People’s Council’, the ‘legislature’ of the illegal separatist ‘Donetsk People’s Republic’","Donetsk","UK (OFSI)","13/04/2022","","","15168","Russia (Sanctions) (EU Exit) Regulations 2019"
"VLADIMIROVNA, Magdalina Marina","Individual","member of the ‘Donetsk People’s Council’, the ‘legislature’ of the illegal separatist ‘Donetsk People’s Republic’","Donetsk","UK (OFSI)","13/04/2022","04/01/1984","","15136","Russia (Sanctions) (EU Exit) Regulations 2019"
"VOLKOVA, Natalya Markovna","Individual","member of the ‘Donetsk People’s Council’, the ‘legislature’ of the illegal separatist ‘Donetsk People’s Republic’","Donetsk","UK (OFSI)","13/04/2022","11/10/1976","","15169","Russia (Sanctions) (EU Exit) Regulations 2019"
"VOROSHILOV, Andrey Sergeevich","Individual","member of the ‘Donetsk People’s Council’, the ‘legislature’ of the illegal separatist ‘Donetsk People’s Republic’","Donetsk","UK (OFSI)","13/04/2022","02/04/1978","","15129","Russia (Sanctions) (EU Exit) Regulations 2019"
"Vostok Battalion","Entity","","Donetsk","UK (OFSI)","31/12/2020","","","13046","Russia (Sanctions) (EU Exit) Regulations 2019"
"Vysotkiy, Vladimir Yurevich","Individual","Secretary of the so-called Donetsk People’s Republic Central Election Commission","Donetsk","UK (OFSI)","31/12/2020","07/04/1985","Ukraine","13727","Russia (Sanctions) (EU Exit) Regulations 2019"
"YEZHIKOV, Vladimir Vladimirovich","Individual","Acting Deputy Chairman of the Government of the Donetsk People's Republic (DPR)","Donetsk","UK (OFSI)","29/09/2023","20/06/1987","Russia","16092","Russia (Sanctions) (EU Exit) Regulations 2019"
"Yanukovych, Oleksandr Viktorovych","Individual","Businessman","Donetsk","UK (OFSI)","31/12/2020","10/07/1973","Ukraine","12896","Russia (Sanctions) (EU Exit) Regulations 2019"
"Yatsenko, Viktor Vyacheslavovich","Individual","Member of the Central Council of A JUST RUSSIA-FOR TRUTH party","Donetsk","UK (OFSI)","31/12/2020","22/04/1985","Ukraine","13210","Russia (Sanctions) (EU Exit) Regulations 2019"
"ZAKABLUK, Yuri Mikhailovich","Individual","member of the ‘Donetsk People’s Council’, the ‘legislature’ of the illegal separatist ‘Donetsk People’s Republic’","Donetsk","UK (OFSI)","13/04/2022","19/08/1957","","15170","Russia (Sanctions) (EU Exit) Regulations 2019"
"ZHELTYAKOV, Mikhail Vasilevich","Individual","minister in the illegal separatist ‘government’ of the ‘Donetsk People’s Republic’","Donetsk","UK (OFSI)","13/04/2022","01/01/1961","","15093","Russia (Sanctions) (EU Exit) Regulations 2019"
"ZHEYNOVA, Marina Nikolaevna","Individual","member of the ‘Donetsk People’s Council’, the ‘legislature’ of the illegal separatist ‘Donetsk People’s Republic’","Donetsk","UK (OFSI)","13/04/2022","15/02/1985","","15171","Russia (Sanctions) (EU Exit) Regulations 2019"
"ZHIGULIN, Aleksei Mikhailovich","Individual","member of the ‘Donetsk People’s Council’, the ‘legislature’ of the illegal separatist ‘Donetsk People’s Republic’","Donetsk","UK (OFSI)","13/04/2022","29/01/1979","","15172","Russia (Sanctions) (EU Exit) Regulations 2019"
"ZHUKOV, Mikhail Valerievich","Individual","member of the ‘Donetsk People’s Council’, the ‘legislature’ of the illegal separatist ‘Donetsk People’s Republic’","Donetsk","UK (OFSI)","13/04/2022","01/11/1978","","15173","Russia (Sanctions) (EU Exit) Regulations 2019"
"ZHURAVLEVA, Tatyana Vladimirovna","Individual","member of the ‘Donetsk People’s Council’, the ‘legislature’ of the illegal separatist ‘Donetsk People’s Republic’","Donetsk","UK (OFSI)","13/04/2022","19/12/1967","","15174","Russia (Sanctions) (EU Exit) Regulations 2019"
"ANANCHENKO, Aleksandr Evgenyevich","Individual","","Donetsk","US (OFAC)","2022-06-28","02 Feb 1966","Ukraine","37784","RUSSIA-EO14065 | Executive Order 14065"
"ANTONOV, Vladimir Nikolaevich","Individual","","Donetsk","US (OFAC)","2022-06-28","24 Dec 1979","Ukraine","37785","RUSSIA-EO14065 | Executive Order 14065"
"BANDURA, Volodymyr Volodymyrovich","Individual","","Donetsk","US (OFAC)","2022-09-15","15 Jul 1990","Ukraine","38817","RUSSIA-EO14024 | Executive Order 14024 (Russia)"
"BARKHATNOVA, Alla Viktorovna","Individual","","Donetsk","US (OFAC)","2024-02-23","25 Sep 1973","Russia","47834","RUSSIA-EO14024 | Executive Order 14024 (Russia)"
"CHERNOBAY, DENIS SERGEYEVICH","Individual","","Donetsk","US (OFAC)","2024-08-23","07 Aug 2002","Ukraine","50449","RUSSIA-EO14024 | Executive Order 14024 (Russia)"
"DONETSK PEOPLE'S REPUBLIC","Entity","","Donetsk","US (OFAC)","2014-07-16","","","17065","RUSSIA-EO14065 | UKRAINE-EO13660 | Executive Order 13660 (Ukraine) | Executive Order 14065"
"DV INK LIMITED LIABILITY COMPANY","Entity","","Donetsk","US (OFAC)","2024-12-16","","","52120","DPRK4 | RUSSIA-EO14024 | Executive Order 13810 (North Korea) | Executive Order 14024 (Russia)"
"DYKIY, Oleksii Oleksandrovych","Individual","","Donetsk","US (OFAC)","2017-06-20","05 Jul 1974","Ukraine","22413","UKRAINE-EO13660 | RUSSIA-EO14024 | Executive Order 13660 (Ukraine) | Executive Order 14024 (Russia)"
"EZHIKOV, Vladimir Vladimirovich","Individual","","Donetsk","US (OFAC)","2022-06-28","20 Jun 1987","Russia","37786","RUSSIA-EO14065 | Executive Order 14065"
"FEDORENKO, Eleonora Mikhailovna","Individual","","Donetsk","US (OFAC)","2023-05-19","28 Oct 1972","Russia","43291","RUSSIA-EO14024 | Executive Order 14024 (Russia)"
"KHOTSENKO, Vitaliy Pavlovich","Individual","","Donetsk","US (OFAC)","2022-06-28","18 Mar 1986","Russia","37789","RUSSIA-EO14024 | Executive Order 14024 (Russia)"
"KOSTRUBITSKY, Aleksey Aleksandrovich","Individual","","Donetsk","US (OFAC)","2017-06-20","24 Aug 1978","Ukraine","22412","UKRAINE-EO13660 | RUSSIA-EO14024 | Executive Order 13660 (Ukraine) | Executive Order 14024 (Russia)"
"KUZNETSOVA, Anastasiya Viktorovna","Individual","","Donetsk","US (OFAC)","2022-06-28","20 Jul 1970","","37728","RUSSIA-EO14024 | Executive Order 14024 (Russia)"
"LIMITED LIABILITY COMPANY NPO UTESOV","Entity","","Donetsk","US (OFAC)","2024-10-30","","","50783","RUSSIA-EO14024 | Executive Order 14024 (Russia)"
"MINISTRY OF EMERGENCY SITUATIONS OF THE DONETSK PEOPLE'S REPUBLIC","Entity","","Donetsk","US (OFAC)","2022-12-15","","","40261","RUSSIA-EO14024 | Executive Order 14024 (Russia)"
"MOROZOVA, Darya Vasilevna","Individual","","Donetsk","US (OFAC)","2023-05-19","27 Feb 1989","Russia","43289","RUSSIA-EO14024 | Executive Order 14024 (Russia)"
"MRB BANK","Entity","","Donetsk","US (OFAC)","2024-09-19","","","50604","DPRK3 | RUSSIA-EO14024 | Executive Order 13722 (North Korea) | Executive Order 14024 (Russia)"
"MURATOV, Aleksey Valentinovich","Individual","","Donetsk","US (OFAC)","2017-06-20","17 Feb 1978","","19029","UKRAINE-EO13660 | RUSSIA-EO14024 | Executive Order 13660 (Ukraine) | Executive Order 14024 (Russia)"
"NIKULIN, Dmitry Yuryevich","Individual","Vice-President, TSMRBANK, OOO","Donetsk","US (OFAC)","2024-09-19","20 Feb 1975","Russia","50603","DPRK3 | RUSSIA-EO14024 | Executive Order 13722 (North Korea) | Executive Order 14024 (Russia)"
"NOVOSIBIRSKOBLGAZ LIMITED LIABILITY COMPANY","Entity","","Donetsk","US (OFAC)","2024-12-16","","","52118","RUSSIA-EO14024 | DPRK4 | Executive Order 14024 (Russia) | Executive Order 13810 (North Korea)"
"PEREVERZEVA, Tatiana Viktorovna","Individual","","Donetsk","US (OFAC)","2022-06-28","20 Jun 1964","Ukraine","37783","RUSSIA-EO14065 | Executive Order 14065"
"RUSSIAN FINANCIAL CORPORATION","Entity","","Donetsk","US (OFAC)","2018-04-06","","","24026","DPRK3 | RUSSIA-EO14024 | Executive Order 13722 (North Korea) | Executive Order 14024 (Russia)"
"SEREDA, Marina Konstantinovna","Individual","","Donetsk","US (OFAC)","2022-12-09","17 Jul 1985","Russia","40036","RUSSIA-EO14024 | Executive Order 14024 (Russia)"
"SOLDATOV, Maksim Valeriovych","Individual","","Donetsk","US (OFAC)","2023-07-20","26 Jan 1983","Ukraine","44144","RUSSIA-EO14024 | Executive Order 14024 (Russia)"
"SPARTA BATTALION","Entity","","Donetsk","US (OFAC)","2023-02-24","","","41035","RUSSIA-EO14024 | Executive Order 14024 (Russia)"
"STATE UNITARY ENTERPRISE OF THE DONETSK PEOPLE'S REPUBLIC REPUBLICAN CENTER TRADING HOUSE VTORMET","Entity","","Donetsk","US (OFAC)","2023-07-20","","","44143","RUSSIA-EO14024 | Executive Order 14024 (Russia)"
"STROYTREYD LLC","Entity","","Donetsk","US (OFAC)","2024-09-19","","","50607","DPRK3 | RUSSIA-EO14024 | Executive Order 13722 (North Korea) | Executive Order 14024 (Russia)"
"TIMER BANK, AO","Entity","","Donetsk","US (OFAC)","2024-09-19","","","50610","DPRK3 | RUSSIA-EO14024 | Executive Order 13722 (North Korea) | Executive Order 14024 (Russia)"
"TSMRBANK, OOO","Entity","","Donetsk","US (OFAC)","2017-06-20","","","22488","UKRAINE-EO13660 | DPRK3 | RUSSIA-EO14024 | Executive Order 13660 (Ukraine) | Executive Order 13722 (North Korea) | Executive Order 14024 (Russia)"
"VOLKOVA, Olga Vladimirovna","Individual","","Donetsk","US (OFAC)","2024-06-12","09 Oct 1974","Ukraine","49422","RUSSIA-EO14024 | Executive Order 14024 (Russia)"
"VOSTOK TRADING LIMITED LIABILITY COMPANY","Entity","","Donetsk","US (OFAC)","2024-12-16","","","52119","DPRK4 | RUSSIA-EO14024 | Executive Order 13810 (North Korea) | Executive Order 14024 (Russia)"
"ZHOGA, Artem Vladimirovich","Individual","","Donetsk","US (OFAC)","2023-02-24","18 Jan 1975","Ukraine","41031","RUSSIA-EO14024 | Executive Order 14024 (Russia)"
"Індивідуальний підприємець Белосохов Сергій Олексійович","Individual","","Donetsk","Ukraine (NSDC)","2023-04-20T10:50:14","","","NK-CybVPjWL3DHRMeNjMKmNRX","UA-SA1644"
"Індивідуальний підприємець Матвєєв Валерій Борисович","Individual","","Donetsk","Ukraine (NSDC)","2023-04-20T10:50:14","","","NK-b3Lh62F8D7HMtJKRMCqb9V","UA-SA1644"
"Індивідуальний підприємець Строк Володимир Миколайович","Individual","","Donetsk","Ukraine (NSDC)","2023-04-20T10:50:14","","","NK-iqgpgwicxH6S2w8vo4xFad","UA-SA1644"
"Акціонерне товариство ""Авіаційне підприємство ""Алтай""","Organisation","","Donetsk","Ukraine (NSDC)","2024-09-02T15:22:02","","ru","NK-3C34bG6uA8PMqkE6kKGzYc","UA-SA1644"
"Акціонерне товариство ""Випробувально-контрактне підприємство ""Ритм""","Organisation","","Donetsk","Ukraine (NSDC)","2023-06-01T10:58:17","","ru","NK-6SqLZx6CWRmWvD7tEbhrb2","UA-SA1644"
"Акціонерне товариство ""Виробниче об'єднання «Північне машинобудівне підприємство""","Organisation","","Donetsk","Ukraine (NSDC)","2023-04-20T10:50:14","","ru","NK-cDtAzPbNaYCiiQfCtHQtY6","UA-SA1644"
"Акціонерне товариство ""Виробниче підприємство ""Радар-2633""","Organisation","","Donetsk","Ukraine (NSDC)","2023-07-19T18:02:43","","ru","NK-jgKENvsxuKQvisjRei5sJU","UA-SA1644"
"Акціонерне товариство ""Виробничоконструкторське підприємство ""Ірис""","Organisation","","Donetsk","Ukraine (NSDC)","2023-12-05T15:22:01","","ru","NK-nuyF9bfDQp8B6NRmKSmCeR","UA-SA1644"
"Акціонерне товариство ""Вятське машинобудівне підприємство ""Авітек""","Organisation","","Donetsk","Ukraine (NSDC)","2023-04-20T10:50:14","","ru","NK-fnLTtE8XUu3VkFt8CSSQQS","UA-SA1644"
"Акціонерне товариство ""Головне виробничо-технічне підприємство ""Граніт""","Organisation","","Donetsk","Ukraine (NSDC)","2024-06-25T09:22:06","","ru","NK-ng7ZJVuZRb7CN4iU8KR5Gg","UA-SA1644"
"Акціонерне товариство ""Дослідне підприємство атомноенергетичного та нафтохімічного машинобудування""","Organisation","","Donetsk","Ukraine (NSDC)","2023-04-20T10:50:14","","ru","NK-6ajUVPsauVQkUWScyiYyHN","UA-SA1644"
"Акціонерне товариство ""Зовнішньоекономічне підприємство ""Судоекспорт""","Organisation","","Donetsk","Ukraine (NSDC)","2023-04-20T10:50:14","","ru","NK-By7B4vXKkDB6BBBrnQB2by","UA-SA1644"
"Акціонерне товариство ""Кумертауське авіаційне виробниче підприємство""","Organisation","","Donetsk","Ukraine (NSDC)","2023-04-20T10:50:14","","ru","NK-EoXRhoXeQ4mNPvds6cj7SF","UA-SA1644"
"Акціонерне товариство ""Московське машинобудівне підприємство імені В.В.Чернишова""","Organisation","","Donetsk","Ukraine (NSDC)","2023-05-25T20:13:16","","ru","NK-cna8fyFtepNuxBQF7uqYUf","UA-SA1644"
"Акціонерне товариство ""Народне підприємство ""Подольськкабель""","Organisation","","Donetsk","Ukraine (NSDC)","2023-04-20T10:50:14","","ru","NK-kBsYYTJDpDoaMHDhX9QvBL","UA-SA1644"
"Акціонерне товариство ""Науково+виробниче підприємство ""Краснознаменець""","Organisation","","Donetsk","Ukraine (NSDC)","2024-03-06T15:22:01","","ru","NK-S89xfrUv7NKRA8qyKsbQK5","UA-SA1644"
"Акціонерне товариство ""Науково-виробниче підприємство ""Ізмерітель""","Organisation","","Donetsk","Ukraine (NSDC)","2023-04-20T10:50:14","","ru","NK-knea9cS9umWuMxnjieWZfT","UA-SA1644"
"Акціонерне товариство ""Науково-виробниче підприємство ""Аеросила""","Organisation","","Donetsk","Ukraine (NSDC)","2025-06-20T12:22:02","","ru","NK-n7ZdMEyEvoHQKidVEYnVmH","UA-SA1644"
"Акціонерне товариство ""Науково-виробниче підприємство ""Алмаз""","Organisation","","Donetsk","Ukraine (NSDC)","2023-04-20T10:50:14","","ru","NK-Js6UxnxBukNJYoA9pWVrnf","UA-SA1644"
"Акціонерне товариство ""Науково-виробниче підприємство ""Волна""","Organisation","","Donetsk","Ukraine (NSDC)","2023-04-20T10:50:14","","ru","NK-CovbaAAiBDBJcfpLwJg5K6","UA-SA1644"
"Акціонерне товариство ""Науково-виробниче підприємство ""Геофізика-Космос""","Organisation","","Donetsk","Ukraine (NSDC)","2026-02-21T08:32:30","","ru","NK-4Ebkmaw3hK4PwDwmFQXiqZ","UA-SA1644"
"Акціонерне товариство ""Науково-виробниче підприємство ""Дельта""","Organisation","","Donetsk","Ukraine (NSDC)","2024-03-06T15:22:01","","ru","NK-SJLsrz6z4e8foMGAN7KhnJ","UA-SA1644"
"Акціонерне товариство ""Науково-виробниче підприємство ""Електронне спеціальне-технологічне обладнання""","Organisation","","Donetsk","Ukraine (NSDC)","2026-01-04T00:22:02","","ru","NK-A8Pa48rCFQUjjVjQA7pcNy","UA-SA1644"
"Акціонерне товариство ""Науково-виробниче підприємство ""Ера""","Organisation","","Donetsk","Ukraine (NSDC)","2023-05-04T14:11:41","","ru","NK-dX7JtDpkECPFSKdhXnmUi4","UA-SA1644"
"Акціонерне товариство ""Науково-виробниче підприємство ""Завод Іскра""","Organisation","","Donetsk","Ukraine (NSDC)","2023-07-19T18:02:43","","ru","NK-iA58ygXXXGkaoMy8ipo6ea","UA-SA1644"
"Акціонерне товариство ""Науково-виробниче підприємство ""Звукотехніка""","Organisation","","Donetsk","Ukraine (NSDC)","2023-07-19T18:02:43","","ru","NK-nhcFGhDCN2Zpvk7u4NsahJ","UA-SA1644"
"Акціонерне товариство ""Науково-виробниче підприємство ""Кант""","Organisation","","Donetsk","Ukraine (NSDC)","2023-04-20T10:50:14","","ru","NK-Ztv5jHYLZPgyqUPA3Yp4QA","UA-SA1644"
"Акціонерне товариство ""Науково-виробниче підприємство ""Контакт""","Organisation","","Donetsk","Ukraine (NSDC)","2023-04-20T10:50:14","","ru","NK-C5N9btLGnEaTUYAd5WNaBW","UA-SA1644"
"Акціонерне товариство ""Науково-виробниче підприємство ""Магратеп""","Organisation","","Donetsk","Ukraine (NSDC)","2023-05-04T14:11:41","","ru","NK-9Lx6duQZNCF6WirLrygCjD","UA-SA1644"
"Акціонерне товариство ""Науково-виробниче підприємство ""Польот""","Organisation","","Donetsk","Ukraine (NSDC)","2023-05-04T14:11:41","","ru","NK-n2bVCUKpAGnADimheqVUYh","UA-SA1644"
"Акціонерне товариство ""Науково-виробниче підприємство ""Пульсар""","Organisation","","Donetsk","Ukraine (NSDC)","2023-04-20T10:50:14","","ru","NK-PEdQHEke7W9wAeAoYWZFWS","UA-SA1644"
"Акціонерне товариство ""Науково-виробниче підприємство ""Радар ММС""","Organisation","","Donetsk","Ukraine (NSDC)","2023-04-20T10:50:14","","ru","NK-eC7dmjtHpHrs2eS3n2Y2Js","UA-SA1644"
"Акціонерне товариство ""Науково-виробниче підприємство ""Радій""","Organisation","","Donetsk","Ukraine (NSDC)","2023-07-19T18:02:43","","ru","NK-avDHABdFRhQ6GDED8buyrQ","UA-SA1644"
"Акціонерне товариство ""Науково-виробниче підприємство ""Радіосвязь""","Organisation","","Donetsk","Ukraine (NSDC)","2023-04-20T10:50:14","","ru","NK-3priCvNNyWLFiEEyLcNpqv","UA-SA1644"
"Акціонерне товариство ""Науково-виробниче підприємство ""Респіратор""","Organisation","","Donetsk","Ukraine (NSDC)","2023-07-19T18:02:43","","ru","NK-45B659c5hiP5ujZWoqxAPk","UA-SA1644"
"Акціонерне товариство ""Науково-виробниче підприємство ""Салют""","Organisation","","Donetsk","Ukraine (NSDC)","2023-04-20T10:50:14","","ru","NK-b8gFjR7fM3mrasQXMVoQCy","UA-SA1644"
"Акціонерне товариство ""Науково-виробниче підприємство ""Салют""","Organisation","","Donetsk","Ukraine (NSDC)","2023-07-19T18:02:43","","ru","NK-bNpojrdStRVBM4auLKD8VS","UA-SA1644"
"Акціонерне товариство ""Науково-виробниче підприємство ""Салют-25""","Organisation","","Donetsk","Ukraine (NSDC)","2023-05-04T14:11:41","","ru","NK-McBRjCRjqpqaBhRHvriuRF","UA-SA1644"
"Акціонерне товариство ""Науково-виробниче підприємство ""Сапфір""","Organisation","","Donetsk","Ukraine (NSDC)","2023-05-04T14:11:41","","ru","NK-6tcs9whcpK47p62zJkB6gs","UA-SA1644"
"Акціонерне товариство ""Науково-виробниче підприємство ""Связь""","Organisation","","Donetsk","Ukraine (NSDC)","2023-04-20T10:50:14","","ru","NK-WusYyLWS9FR5Npy6tJrrxp","UA-SA1644"
"Акціонерне товариство ""Науково-виробниче підприємство ""Старт"" ім. А.І. Яскіна""","Organisation","","Donetsk","Ukraine (NSDC)","2023-04-20T10:50:14","","ru","NK-eBpSYHexrWYRCXmZJTEcTR","UA-SA1644"
"Акціонерне товариство ""Науково-виробниче підприємство ""Сілар""","Organisation","","Donetsk","Ukraine (NSDC)","2023-07-19T18:02:43","","ru","NK-Fqa3GHE8h4ywvqyS7YMfoY","UA-SA1644"
"Акціонерне товариство ""Науково-виробниче підприємство ""Топаз""","Organisation","","Donetsk","Ukraine (NSDC)","2023-04-20T10:50:14","","ru","NK-6zRXfx2vLEpcLwnSxNjQDG","UA-SA1644"
"Акціонерне товариство ""Науково-виробниче підприємство ""Торій""","Organisation","","Donetsk","Ukraine (NSDC)","2023-07-19T18:02:43","","ru","NK-XVDrsUDQcJzAPPRtSoBiyG","UA-SA1644"
"Акціонерне товариство ""Науково-виробниче підприємство ""Фаза""","Organisation","","Donetsk","Ukraine (NSDC)","2023-07-19T18:02:43","","ru","NK-dexnSbup3htzWWyEFvefGP","UA-SA1644"
"Акціонерне товариство ""Науково-виробниче підприємство ""Циклон-тест""","Organisation","","Donetsk","Ukraine (NSDC)","2023-04-20T10:50:14","","ru","NK-VKoPgxNHotnmRFvXUYXKMS","UA-SA1644"
"Акціонерне товариство ""Науково-виробниче підприємство ""Цифрові рішення""","Organisation","","Donetsk","Ukraine (NSDC)","2023-04-20T10:50:14","","ru","NK-WoV6o76WNuffnuGFM6WxbX","UA-SA1644"
"Акціонерне товариство ""Наукововиробниче підприємство ""Еталон""","Organisation","","Donetsk","Ukraine (NSDC)","2023-12-13T09:22:01","","ru","NK-8ZrjbaquXndyDTwnnp6NES","UA-SA1644"
"Акціонерне товариство ""Наукововиробниче підприємство ""Звєзда"" імені академіка Г.І. Северіна""","Organisation","","Donetsk","Ukraine (NSDC)","2023-04-20T10:50:14","","ru","NK-XoW48bstBDh5cyDzwcd6vx","UA-SA1644"
"Акціонерне товариство ""Наукововиробниче підприємство ""Калузький приладобудівний завод ""Тайфун""","Organisation","","Donetsk","Ukraine (NSDC)","2023-04-20T10:50:14","","ru","NK-UVxknVrJ49M8eU62FcYBH3","UA-SA1644"
"Акціонерне товариство ""Наукововиробниче підприємство ""Квант""","Organisation","","Donetsk","Ukraine (NSDC)","2023-04-20T10:50:14","","ru","NK-fBiuDhkKQAgnYkXMxCi2uN","UA-SA1644"
"Акціонерне товариство ""Наукововиробниче підприємство ""Кріптон""","Organisation","","Donetsk","Ukraine (NSDC)","2023-04-20T10:50:14","","ru","NK-e2LptfTMECEA7MqTPPU2pp","UA-SA1644"
"Акціонерне товариство ""Наукововиробниче підприємство ""Кузбасрадіо""","Organisation","","Donetsk","Ukraine (NSDC)","2023-04-20T10:50:14","","ru","NK-QfYvHjjFWLMAZHALmxGGtd","UA-SA1644"
"Акціонерне товариство ""Наукововиробниче підприємство ""Темп""","Organisation","","Donetsk","Ukraine (NSDC)","2023-06-01T10:58:17","","ru","NK-iRY4SSqcjAugVozcAVZDbG","UA-SA1644"
"Акціонерне товариство ""Наукововиробниче підприємство КлАСС""","Organisation","","Donetsk","Ukraine (NSDC)","2023-05-22T14:22:18","","ru","NK-bVqXm3FTY2iyGaUYjqJ2MF","UA-SA1644"
"Акціонерне товариство ""Обнінське науково-виробниче підприємство ""Технологія"" ім. А.Г. Ромашина""","Organisation","","Donetsk","Ukraine (NSDC)","2023-04-20T10:50:14","","ru","NK-kSGA2zUK5BuGg2KMmLPG4E","UA-SA1644"
"Акціонерне товариство ""Регіон""","Organisation","","Donetsk","Ukraine (NSDC)","2023-04-20T10:50:14","","ru","NK-Ew25YEt8tbcza6FVopCLwr","UA-SA1644"
"Акціонерне товариство ""Російський банк підтримки малого і середнього підприємництва""","Organisation","","Donetsk","Ukraine (NSDC)","2024-06-25T09:22:06","","ru","NK-SkQBFZVaQn2TGaJbuQVDyk","UA-SA1644"
"Акціонерне товариство ""Російський надпровідник""","Organisation","","Donetsk","Ukraine (NSDC)","2023-04-20T10:50:14","","ru","NK-MxJDkw2JQgBMDjadFb5RtK","UA-SA1644"
"Акціонерне товариство ""Рязанське виробничо-технічне підприємство ""Граніт""","Organisation","","Donetsk","Ukraine (NSDC)","2023-07-19T18:02:43","","ru","NK-WkigZvKALQNnrYwf2iBDb9","UA-SA1644"
"Акціонерне товариство ""СТП-Липецьке верстатобудівне підприємство""","Organisation","","Donetsk","Ukraine (NSDC)","2024-10-08T18:22:04","","ru","NK-UmztAVUpJUpxz5k9Nq6bfa","UA-SA1644"
"Акціонерне товариство ""Свєтловське підприємство ""Ера""","Organisation","","Donetsk","Ukraine (NSDC)","2023-04-20T10:50:14","","ru","NK-mFnTFJcNF2uMh7jxQucAkg","UA-SA1644"
"Акціонерне товариство ""Середньоволзьке підприємство залізничного транспорту""","Organisation","","Donetsk","Ukraine (NSDC)","2023-04-20T10:50:14","","ru","NK-FSZ6v5uQzCrkaKDAj8k4FU","UA-SA1644"
"Акціонерне товариство ""Спільне технологічне підприємство ""Пермський завод металообробних центрів""","Organisation","","Donetsk","Ukraine (NSDC)","2023-05-25T20:13:16","","ru","NK-hvyGhiMeB6mwyj8GgZd4HD","UA-SA1644"
"Акціонерне товариство ""Ступинське машинобудівне виробниче підприємство""","Organisation","","Donetsk","Ukraine (NSDC)","2023-04-20T10:50:14","","ru","NK-FBBt5LdxD9re7KbpzhPRpM","UA-SA1644"
"Акціонерне товариство ""Східне оборонне підприємство ""Граніт""","Organisation","","Donetsk","Ukraine (NSDC)","2023-07-19T18:02:43","","ru","NK-mBmdYihcBWvx8v69rDGMu4","UA-SA1644"
"Акціонерне товариство ""Уфімське агрегатне підприємство ""Гідравліка""","Organisation","","Donetsk","Ukraine (NSDC)","2023-04-20T10:50:14","","ru","NK-m952GbSnuGk5wG4Erfr7Tm","UA-SA1644"
"Акціонерне товариство ""Челябінське авіапідприємство""","Organisation","","Donetsk","Ukraine (NSDC)","2024-09-02T15:22:02","","ru","NK-azCJYJbLqWuTeCgYEW92XC","UA-SA1644"
"Акціонерне товариство ''Уральське виробниче підприємство ''Вектор''","Organisation","","Donetsk","Ukraine (NSDC)","2023-05-25T20:13:16","","ru","NK-AxHVZtGZzDDVFjJ5nyFMzV","UA-SA1644"
"Акціонерне товариство «Cape – підприємство з управління суднами»","Organisation","","Donetsk","Ukraine (NSDC)","2025-07-08T18:22:02","","tr","NK-Hez4rPUfstMqTQE3aFZRpV","UA-SA1644"
"Акціонерне товариство «Вологодське авіаційне підприємство»","Organisation","","Donetsk","Ukraine (NSDC)","2023-04-20T10:50:14","","ru","NK-AxQtQfCm56wBcyCUgu6mpW","UA-SA1644"
"Акціонерне товариство «Забайкальське гірничорудне підприємство»","Organisation","","Donetsk","Ukraine (NSDC)","2023-04-20T10:50:14","","ru","NK-LmiGYnEMEqBKfo3x65Z7YY","UA-SA1644"
"Акціонерне товариство «Казанське Науково-виробниче підприємство «Вертольоти-Мі»","Organisation","","Donetsk","Ukraine (NSDC)","2023-04-20T10:50:14","","ru","NK-JccDHWG2cD7hJJbeX34pFN","UA-SA1644"
"Акціонерне товариство «Камчатське авіаційне підприємство»","Organisation","","Donetsk","Ukraine (NSDC)","2023-04-20T10:50:14","","ru","NK-UGQf2TAcXPj8y4EYhybRqN","UA-SA1644"
"Акціонерне товариство «Костромське Авіапідприємство»","Organisation","","Donetsk","Ukraine (NSDC)","2023-04-20T10:50:14","","ru","NK-7UTJBgr4EXEtUZBztUt9GC","UA-SA1644"
"Акціонерне товариство «Науково-виробниче підприємство «Істок» імені А.І. Шокіна»","Organisation","","Donetsk","Ukraine (NSDC)","2023-04-20T10:50:14","","ru","NK-hYxnRnYcYMmfMNEjy5h49w","UA-SA1644"
"Акціонерне товариство «Науково-виробниче підприємство «Елтом»","Organisation","","Donetsk","Ukraine (NSDC)","2023-04-20T10:50:14","","ru","NK-gBaoh85GWGDiA7i64gCrGA","UA-SA1644"
"Акціонерне товариство «Науково-виробниче підприємство «Рубін»","Organisation","","Donetsk","Ukraine (NSDC)","2023-04-20T10:50:14","","ru","NK-AkZzHw7CU8VjpuVSBMR7Vv","UA-SA1644"
"Акціонерне товариство «Науково-виробниче підприємство «Сигнал»","Organisation","","Donetsk","Ukraine (NSDC)","2023-04-20T10:50:14","","ru","NK-ZYRxUfzASbf7jZDBzsDsZz","UA-SA1644"
"Акціонерне товариство «Самарське інноваційне підприємство радіосистем»","Organisation","","Donetsk","Ukraine (NSDC)","2023-04-20T10:50:14","","ru","NK-N3dobAQ55TgubHX6GERAdb","UA-SA1644"
"Акціонерне товариство Владивостоцьке підприємство ""ЕлектроРадіоАвтоматика""","Organisation","","Donetsk","Ukraine (NSDC)","2023-12-05T15:22:01","","ru","NK-nRmCreNcVntkD2aryC5Cwq","UA-SA1644"
"Акціонерне товариство Науково-виробниче підприємство ""Інноваційні технології електроніки""","Organisation","","Donetsk","Ukraine (NSDC)","2023-05-04T14:11:41","","ru","NK-2UxAYXpqBFJTZbQGChhrqM","UA-SA1644"
"Акціонерне товариство Науково-виробниче підприємство ""Військові технології""","Organisation","","Donetsk","Ukraine (NSDC)","2023-05-04T14:11:41","","ru","NK-i7q9P7LWTjVQNsxtUQqSTT","UA-SA1644"
"Акціонерне товариство Науково-виробниче підприємство ""Полігон""","Organisation","","Donetsk","Ukraine (NSDC)","2023-04-26T12:11:16","","ru","NK-mQWSPE2HywjspMb75Aku6s","UA-SA1644"
"Акціонерне товариство Науково-виробниче підприємство ""Реляційні експертні системи""","Organisation","","Donetsk","Ukraine (NSDC)","2024-03-06T15:22:01","","ru","NK-SaiQtVvJnggn3Wcod6hP4Q","UA-SA1644"
"Акціонерне товариство Науково-виробниче підприємство ""Русбал""","Organisation","","Donetsk","Ukraine (NSDC)","2025-04-18T12:22:02","","ru","NK-9mpUtQtXNU38fvbg5ybZtE","UA-SA1644"
"Акціонерне товариство Науково-впроваджувальне підприємство ""Протек""","Organisation","","Donetsk","Ukraine (NSDC)","2023-04-20T10:50:14","","ru","NK-kE9cDvAwNBqVmEhJkB5nQL","UA-SA1644"
"Акціонерне товариство Науково-інженерне підприємство ""Інформзахист""","Organisation","","Donetsk","Ukraine (NSDC)","2023-04-26T12:11:16","","ru","NK-WzzSryMdimGgbbagkK27nX","UA-SA1644"
"Акціонерне товариство науково-виробниче підприємство ""Авіаційна і морська електроніка""","Organisation","","Donetsk","Ukraine (NSDC)","2023-07-19T18:02:43","","ru","NK-mgyKVDUvYzNpjDDjv9jbXp","UA-SA1644"
"Акціонерне товариство науково-виробниче підприємство ""РЕФ-Оптоелектроніка""","Organisation","","Donetsk","Ukraine (NSDC)","2023-04-20T10:50:14","","ru","NK-b4BhafmcFcyLW5aVqdHVem","UA-SA1644"
"Багатопрофільне науково-виробниче приватне унітарне підприємство ""ТЕТРАЕДР""","Organisation","","Donetsk","Ukraine (NSDC)","2023-06-01T10:58:17","","by","NK-82jsTGB4bDF4J7t9bbvcMn","UA-SA1644"
"Виробниче унітарне підприємство ""Завод СВТ""","Organisation","","Donetsk","Ukraine (NSDC)","2023-06-01T10:58:17","","by","NK-SL3JKVhbXs6kWiSaQ6kKad","UA-SA1644"
"Виробничо-торгівельне приватне унітарне підприємство ""Мінотор-сервіс""","Organisation","","Donetsk","Ukraine (NSDC)","2023-04-20T10:50:14","","by","NK-E6qgFMR3xZPrfZu9t6Zxqg","UA-SA1644"
"Відкрите акціонерне товариство ""Науково-виробниче підприємство ""Темп"" ім. Ф. Короткова""","Organisation","","Donetsk","Ukraine (NSDC)","2024-10-08T18:22:04","","ru","NK-CJmgTj8CJjnvryfQu8UdWg","UA-SA1644"
"Відкрите акціонерне товариство ""Науково-дослідне підприємство гіперзвукових систем""","Organisation","","Donetsk","Ukraine (NSDC)","2023-04-20T10:50:14","","ru","NK-4XBgcsq75yW8Ri2QpGmPhq","UA-SA1644"
"Відкрите акціонерне товариство Науково-виробниче підприємство ""Янтар""","Organisation","","Donetsk","Ukraine (NSDC)","2023-05-22T14:22:18","","ru","NK-9xNYqsXhaBz3ghgPRPvcpz","UA-SA1644"
"Відкрите акціонерне товариство Науково-технічне підприємство ""Сфера""","Organisation","","Donetsk","Ukraine (NSDC)","2023-05-04T14:11:41","","ru","NK-fhEtUsSaCwJ6npVLnTGSqE","UA-SA1644"
"Головне державне управління документаційного забезпечення та архівної справи Донецької Народної Республіки","Organisation","","Donetsk","Ukraine (NSDC)","2026-02-24T16:22:02","","ru","NK-7nkFhLw38q6XPZiVffpi4B","UA-SA1644"
"Державна казенна установа Донецької Народної Республіки ""Державний архів Донецької Народної Республіки""","Organisation","","Donetsk","Ukraine (NSDC)","2026-02-24T16:22:02","","ru","NK-DGdckpPAQeqnvY4wDj7ogA","UA-SA1644"
"Державне зовнішньоторговельне унітарне підприємство ""Бєлспецвнєштехніка""","Organisation","","Donetsk","Ukraine (NSDC)","2023-04-20T10:50:14","","by","NK-gEFnEQ9THCjymomJTzJqyM","UA-SA1644"
"Державне унітарне підприємство ""Державний зерновий оператор""","Organisation","","Donetsk","Ukraine (NSDC)","2023-04-20T10:50:14","","ru","NK-hBwvaLRAcnapoHgaoejwmY","UA-SA1644"
"Державне унітарне підприємство «Паливно-енергетичний комплекс Санкт-Петербурга»","Organisation","","Donetsk","Ukraine (NSDC)","2023-04-20T10:50:14","","ru","NK-fMyzDxE2soT8eUpa6urBe7","UA-SA1644"
"Державне унітарне підприємство Волгоградської області ""Волгоградавтотранс""","Organisation","","Donetsk","Ukraine (NSDC)","2023-12-05T15:22:01","","ru","NK-SFyfto7KLiUnjCacD8HtS5","UA-SA1644"
"Державне унітарне підприємство Донецької Народної Республіки ""Корпорація Розвитку Донбасу""","Organisation","","Donetsk","Ukraine (NSDC)","2025-07-08T18:22:02","","ru","NK-EwZ326WzJe4vsZPYBrjtmb","UA-SA1644"
"Державне унітарне підприємство Донецької Народної Республіки ""Пошта Донбасу""","Organisation","","Donetsk","Ukraine (NSDC)","2026-02-28T08:22:01","","ru","NK-d4t8nDXpKw8AwsT4oxm2gR","UA-SA1644"
"Державне унітарне підприємство Донецької Народної Республіки «Республіканський оператор зв'язку»","Organisation","","Donetsk","Ukraine (NSDC)","2025-07-08T18:22:02","","ru","NK-XPUppYYBC6mfAEfMVFf5g3","UA-SA1644"
"Державне унітарне підприємство Донецької народної республіки ""Шахта імені О.Ф. Засядька""","Organisation","","Donetsk","Ukraine (NSDC)","2023-12-05T15:22:01","","ru","NK-eS4VV5NC8xDthXA5w3yzn7","UA-SA1644"
"Державне унітарне підприємство Московської області «Енергетик»","Organisation","","Donetsk","Ukraine (NSDC)","2023-04-20T10:50:14","","ru","NK-EExHwrmRvpDpNjWjxKjxXv","UA-SA1644"
"Державне унітарне підприємство зовнішньої торгівлі ""Бєлвнєшпромсєрвіс""","Organisation","","Donetsk","Ukraine (NSDC)","2025-07-27T16:22:01","","by","NK-gxmQMTivbd8MyNHK66Mzdz","UA-SA1644"
"Державне унітарне підприємство міста Москви «Мосгортранс»","Organisation","","Donetsk","Ukraine (NSDC)","2023-04-20T10:50:14","","ru","NK-Hg274kW6SbyJoFGKqCbj6e","UA-SA1644"
"Державне унітарне підприємство міста Москви Науково-виробничий центр ""Спурт""","Organisation","","Donetsk","Ukraine (NSDC)","2023-06-01T10:58:17","","ru","NK-N2cUQYxV2Pt8xAxezjm24f","UA-SA1644"
"Державне унітарне підприємство так званої ""Донецької Народної Республіки"" ""Автодор""","Organisation","","Donetsk","Ukraine (NSDC)","2023-04-20T10:50:14","","ru","NK-8gx4ZnGdSgY5DhozJXsxCV","UA-SA1644"
"Дочірнє підприємство ""Фінансова компанія ""ЕлМІ""","Organisation","","Donetsk","Ukraine (NSDC)","2023-04-20T10:50:14","","ua","NK-LWM83hCjdmXstqvMmhwtoy","UA-SA1644"
"Дочірнє підприємство ""Фінансова установа ""ВМ-Фактор""","Organisation","","Donetsk","Ukraine (NSDC)","2023-04-20T10:50:14","","ua","NK-RUm8VWBizPscy3UKWJAUMt","UA-SA1644"
"Експортно-виробниче республіканське унітарне підприємство ""Біллісекспорт""","Organisation","","Donetsk","Ukraine (NSDC)","2023-04-20T10:50:14","","by","NK-kbPZbriT7ynH6PTLxcSNCR","UA-SA1644"
"Загальноросійське об’єднання роботодавців ""Російська спілка промисловців і підприємців""","Organisation","","Donetsk","Ukraine (NSDC)","2025-05-01T12:22:02","","ru","NK-ezeTKJi82yQBxEDQ6HGRZV","UA-SA1644"
"Закрите акціонерне товариство ""Корпорація радіоелектронних і інформаційних технологій"" (підприємство ""КРІТ"")","Organisation","","Donetsk","Ukraine (NSDC)","2023-05-04T14:11:41","","ru","NK-2TzyN87incyHtUTBvuZTuB","UA-SA1644"
"Закрите акціонерне товариство ""Науково-виробниче підприємство ""АНА""","Organisation","","Donetsk","Ukraine (NSDC)","2023-05-22T14:22:18","","ru","NK-diJfRRCEZrsgE7FsRwmwzk","UA-SA1644"
"Закрите акціонерне товариство «Кожимське розвідково-добувне підприємство»","Organisation","","Donetsk","Ukraine (NSDC)","2023-04-20T10:50:14","","ru","NK-oHhVxpCfDnkjSgTn6aK5Fc","UA-SA1644"
"Казенне підприємство ""Московська енергетична дирекція""","Organisation","","Donetsk","Ukraine (NSDC)","2023-12-05T15:22:01","","ru","NK-i8eewTvJrMQ2oFLa2R5vHC","UA-SA1644"
"Казенне підприємство Курської області ""Курськаеропорт""","Organisation","","Donetsk","Ukraine (NSDC)","2024-09-02T15:22:02","","ru","NK-oQWWWwdmLSSyhCC4h2ThiE","UA-SA1644"
"Комітет з архівної справи та документаційного забезпечення Донецької Народної Республіки","Organisation","","Donetsk","Ukraine (NSDC)","2026-02-24T16:22:02","","ru","NK-FhNVngopJ9dCsS5VtGeMjo","UA-SA1644"
"Морозовський гортопсбит - філія Акціонерного товариства ""Ростовське обласне об'єднання паливних підприємств""","Organisation","","Donetsk","Ukraine (NSDC)","2024-06-25T09:22:06","","ru","ua-nsdc-10201-morozovskij-gortopsbit-filia-akcionernogo-tovaristva-rostovske-oblasne-ob-ednanna-palivnih-pidpriemstv","UA-SA1644"
"Муніципальне казенне підприємство муніципального утворення міста Тула «Тулгорелектротранс»","Organisation","","Donetsk","Ukraine (NSDC)","2023-04-20T10:50:14","","ru","NK-Z9pqHKYYNFK6gFCnQzvtTA","UA-SA1644"
"Муніципальне підприємство «Калінінградтеплосєть» Міського округу місто Калінінград»","Organisation","","Donetsk","Ukraine (NSDC)","2023-04-20T10:50:14","","ru","NK-fPmEuJWx9GJLo33fXZhyiG","UA-SA1644"
"Муніципальне унітарне підприємство ""Готель ""Мічурінськ""","Organisation","","Donetsk","Ukraine (NSDC)","2023-11-22T15:22:01","","ru","NK-aQ4DKFpYHKSP3bA4YyHWWz","UA-SA1644"
"Муніципальне унітарне підприємство «Єкатеринбургенерго»","Organisation","","Donetsk","Ukraine (NSDC)","2023-04-20T10:50:14","","ru","NK-CmkywT2timPLA8Z8GsJVCB","UA-SA1644"
"Муніципальне унітарне підприємство Великого Новгороду «Теплоенерго»","Organisation","","Donetsk","Ukraine (NSDC)","2023-04-20T10:50:14","","ru","NK-Ni3YL6XrLv5c2ReVpm3Ln7","UA-SA1644"
"Муніципальне унітарне підприємство міста Сочі ""Сочітеплоенерго""","Organisation","","Donetsk","Ukraine (NSDC)","2024-06-25T09:22:06","","ru","NK-hZtGt4x44w7LSTsGjEPZHY","UA-SA1644"
"Міжрегіональна громадська організація сприяння розвитку підприємницької діяльності та внутрішнього туризму ""Гірський край""","Organisation","","Donetsk","Ukraine (NSDC)","2025-05-01T12:22:02","","ru","NK-7BsMxqnM7ZxNJiohPoJqso","UA-SA1644"
"Міллеровський гортопсбит - філія Акціонерного товариства ""Ростовське обласне об'єднання паливних підприємств""","Organisation","","Donetsk","Ukraine (NSDC)","2024-06-25T09:22:06","","ru","ua-nsdc-10200-millerovskij-gortopsbit-filia-akcionernogo-tovaristva-rostovske-oblasne-ob-ednanna-palivnih-pidpriemstv","UA-SA1644"
"Науково-виробниче унітарне підприємство ""Науково-технічний центр ""ЛЕМТ"" БєлОМО""","Organisation","","Donetsk","Ukraine (NSDC)","2023-05-25T20:13:16","","by","NK-hVfxL9HRL3tfHWVARip6Ub","UA-SA1644"
"Науково-дослідне унітарне підприємство ""ІНСТИТУТ ЦИФРОВОГО ТЕЛЕБАЧЕННЯ ГОРИЗОНТ""","Organisation","","Donetsk","Ukraine (NSDC)","2025-11-06T16:22:03","","by","NK-GJXDcj5xj2ZZUG5P7kLrhC","UA-SA1644"
"Науково-інженерне республіканське унітарне підприємство ""ГЕОІНФОРМАЦІЙНІ СИСТЕМИ""","Organisation","","Donetsk","Ukraine (NSDC)","2023-06-01T10:58:17","","by","NK-Uw8wLS6Um6g95p6rWgEwbh","UA-SA1644"
"Непублічне акціонерне товариство ""Підприємство виробничотехнологічної комплектації ""Промснабкомплект""","Organisation","","Donetsk","Ukraine (NSDC)","2023-05-22T14:22:18","","ru","NK-aQuBTA4EFfBSqsU5QCLVLf","UA-SA1644"
"Непублічне акціонерне товариство Виробниче комерційне підприємство ""РТК""","Organisation","","Donetsk","Ukraine (NSDC)","2025-05-09T15:22:02","","ru","NK-FJBeXqueeRFhwwwL5RMbFY","UA-SA1644"
"Ордена Трудового Червоного Прапора Федеральне державне унітарне підприємство ""Російські мережі мовлення і оповіщення""","Organisation","","Donetsk","Ukraine (NSDC)","2023-05-04T14:11:41","","ru","NK-Xv3fwKWcr5x6XvXsvxcJsm","UA-SA1644"
"Орловський гортопсбит - філія Акціонерного товариства ""Ростовське обласне об'єднання паливних підприємств""","Organisation","","Donetsk","Ukraine (NSDC)","2024-06-25T09:22:06","","ru","ua-nsdc-10203-orlovskij-gortopsbit-filia-akcionernogo-tovaristva-rostovske-oblasne-ob-ednanna-palivnih-pidpriemstv","UA-SA1644"
"Політична партія ЛДПР – Ліберально-демократична партія Росії","Organisation","","Donetsk","Ukraine (NSDC)","2023-04-28T12:11:23","","ru","NK-G2FthS84BFtToxBkU7GHSi","UA-SA1644"
"Представництво «Федеральне державне унітарне підприємство «Всеросійська державна телевізійна і радіомовна компанія»","Organisation","","Donetsk","Ukraine (NSDC)","2023-04-20T10:50:14","","ua","NK-E4ksS4QzSefhGnm7ZgFxtU","UA-SA1644"
"Приватне підприємство ""Букбуд-інвест""","Organisation","","Donetsk","Ukraine (NSDC)","2023-04-20T10:50:14","","ua","NK-V7nHxoTfXWqxagjj8Jpiao","UA-SA1644"
"Приватне підприємство ""Войников і Ко""","Organisation","","Donetsk","Ukraine (NSDC)","2024-01-15T15:22:01","","ru","NK-gPc89wqmsLfU5UVwY68qh4","UA-SA1644"
"Приватне підприємство ""Магістар-СГ""","Organisation","","Donetsk","Ukraine (NSDC)","2023-04-20T10:50:14","","ua","NK-228ZdYZVXaZBSBgVwapnks","UA-SA1644"
"Приватне підприємство ""Полтавабудцентр""","Organisation","","Donetsk","Ukraine (NSDC)","2024-04-05T15:22:01","","ua","NK-SSHSbiSf4yqyCNQHbRwiEh","UA-SA1644"
"Приватне підприємство ""Сонячний Берег Бердянська""","Organisation","","Donetsk","Ukraine (NSDC)","2024-01-15T15:22:01","","ru","NK-BtpRw8FkkRu9yoMBPFGDgx","UA-SA1644"
"Приватне підприємство ""Чернівецький завод будівельних матеріалів""","Organisation","","Donetsk","Ukraine (NSDC)","2023-04-20T10:50:14","","ua","NK-AcF2hCoYBfJKr3outnLtBD","UA-SA1644"
"Приватне підприємство «Видавництво «Махаон – Україна»","Organisation","","Donetsk","Ukraine (NSDC)","2023-04-20T10:50:14","","ua","NK-XH6UZhGMpmkpYBkwdJ2qSg","UA-SA1644"
"Приватне підприємство «Видавництво «Махаон»","Organisation","","Donetsk","Ukraine (NSDC)","2023-04-20T10:50:14","","ua","NK-VwgofctLkbWPsJgchaDDXk","UA-SA1644"
"Приватне підприємство «Рідна мова»","Organisation","","Donetsk","Ukraine (NSDC)","2023-04-20T10:50:14","","ua","NK-Xw4CsJ6kKVhFXUoEyirwL3","UA-SA1644"
"Приватне підприємство Детективно-охоронне агентство ""Сокіл""","Organisation","","Donetsk","Ukraine (NSDC)","2023-04-20T10:50:14","","ua","NK-hX5M8StEdpwAzN3M3KxWkc","UA-SA1644"
"Пролетарський гортопсбит - філія Акціонерного товариства ""Ростовське обласне об'єднання паливних підприємств""","Organisation","","Donetsk","Ukraine (NSDC)","2024-06-25T09:22:06","","ru","ua-nsdc-10204-proletarskij-gortopsbit-filia-akcionernogo-tovaristva-rostovske-oblasne-ob-ednanna-palivnih-pidpriemstv","UA-SA1644"
"Публічне акціонерне товариство ""Арзамаське науково-виробниче підприємство ""Темп-Авіа""","Organisation","","Donetsk","Ukraine (NSDC)","2023-04-20T10:50:14","","ru","NK-fJxD8sFjvSwNdRjU52fpGq","UA-SA1644"
"Публічне акціонерне товариство ""Долгопрудненське науково-виробниче підприємство""","Organisation","","Donetsk","Ukraine (NSDC)","2024-06-25T09:22:06","","ru","NK-H62A9T7WLJGEYmxABrWunP","UA-SA1644"
"Публічне акціонерне товариство «Науково-виробниче підприємство «Імпульс»","Organisation","","Donetsk","Ukraine (NSDC)","2023-04-20T10:50:14","","ru","NK-CEu65HKkjFWG4tMW2juvNd","UA-SA1644"
"Підприємство з іноземною інвестицією у формі товариства з обмеженою відповідальністю ""Київ Секюрітіз Груп""","Organisation","","Donetsk","Ukraine (NSDC)","2023-05-17T16:22:17","","ua","NK-i3DFBWA29CqhSfkNvTPBkd","UA-SA1644"
"Регіональне відділення Загальноросійської громадсько-державної організації ""Російське військово-історичне товариство"" в Донецькій Народній Республіці","Organisation","","Donetsk","Ukraine (NSDC)","2026-02-24T16:22:02","","ru","NK-6RuQumUFjaFB59EETkxHkM","UA-SA1644"
"Регіональне об’єднання роботодавців ""Спілка промисловців і підприємців Донецької Народної Республіки""","Organisation","","Donetsk","Ukraine (NSDC)","2025-05-01T12:22:02","","ru","NK-DnyaxTE5eo6EhuBR78VRBe","UA-SA1644"
"Республіканське виробниче унітарне підприємство ""Завод точної електромеханіки""","Organisation","","Donetsk","Ukraine (NSDC)","2025-06-20T12:22:02","","by","NK-Z7AAiUyFNK7zjEpb999ghg","UA-SA1644"
"Республіканське транспортно-експедиційне унітарне підприємство ""Белінтертранс - транспортно-логістичний центр"" Білоруської залізниці","Organisation","","Donetsk","Ukraine (NSDC)","2023-04-20T10:50:14","","by","NK-64mHrH9qDVtW5chn6UH5rC","UA-SA1644"
"Республіканське унітарне виробничо-торгове підприємство ""Оршанський льонокомбінат""","Organisation","","Donetsk","Ukraine (NSDC)","2023-05-22T14:22:18","","by","NK-nvBEzYqmXJ9bCgF9x4YdfK","UA-SA1644"
"Республіканське унітарне підприємство ""Бєлтаможсервіс""","Organisation","","Donetsk","Ukraine (NSDC)","2023-04-20T10:50:14","","by","NK-nhCS3BKp8Fe7NJKgaZ39e9","UA-SA1644"
"Республіканське унітарне підприємство ""Науково-виробничий центр багатофункціональних безпілотних комплексів"" Національної академії наук Білорусі","Organisation","","Donetsk","Ukraine (NSDC)","2023-07-19T18:02:43","","by","NK-W2MRuipQrxnpLfRGQR76RR","UA-SA1644"
"Республіканське унітарне підприємство «Виробниче об’єднання «Білоруснафта»","Organisation","","Donetsk","Ukraine (NSDC)","2023-04-20T10:50:14","","by","NK-acUwXaftNzLGsPwQMD7ncp","UA-SA1644"
"Республіканське унітарне підприємство із транспортування і забезпечення скрапленими нафтовими газами, РУП ""СГ-Транс""","Organisation","","Donetsk","Ukraine (NSDC)","2023-04-20T10:50:14","","by","NK-9QowQDFvFbK8UGM7M7VbSk","UA-SA1644"
"Республіканський онкологічний центр імені професора Г.В.Бондаря Міністерства охорони здоров`я Донецької Народної Республіки","Organisation","","Donetsk","Ukraine (NSDC)","2023-12-05T15:22:01","","ru","NK-APwCAbgTwr2y2Jmzrcn7aC","UA-SA1644"
"Спільне білорусько-німецьке підприємство ""Цейсс-БєлОМО"" у формі товариства з обмеженою відповідальністю","Organisation","","Donetsk","Ukraine (NSDC)","2023-07-19T18:02:43","","by","NK-UmhWwEcuB7KUtHPzRPsAnv","UA-SA1644"
"Спільне підприємство Товариство з обмеженою відповідальністю ""ЄТС""","Organisation","","Donetsk","Ukraine (NSDC)","2026-04-04T08:22:01","","ru","ua-nsdc-36329-spilne-pidpriemstvo-tovaristvo-z-obmezenou-vidpovidalnistu-ets","UA-SA1644"
"Спільне підприємство акціонерне товариство ""Інтеграл СПБ""","Organisation","","Donetsk","Ukraine (NSDC)","2023-04-20T10:50:14","","ru","NK-h6NyBvMLH8bUfdduohQVB7","UA-SA1644"
"Спільне підприємство товариство з обмеженою відповідальністю «Барзаське товариство»","Organisation","","Donetsk","Ukraine (NSDC)","2023-04-20T10:50:14","","ru","NK-3ezGEQvENCSjmNka3JdMtv","UA-SA1644"
"Т.зв. «Державне підприємство «Донецька залізнична дорога»","Organisation","","Donetsk","Ukraine (NSDC)","2023-04-20T10:50:14","","ua-dpr","NK-MZVwz3uuadYTgj2Ju3vvcN","UA-SA1644"
"Т.зв. «Державне підприємство державне унітарне підприємство Донецької народної республіки «Комтел»","Organisation","","Donetsk","Ukraine (NSDC)","2023-04-20T10:50:14","","ua-dpr","NK-Jvc82x9YFD5CZ7CXhK6QDu","UA-SA1644"
"Т.зв. «Державне підприємство державне унітарне підприємство Донецької народної республіки «Республіканський оператор зв’язку»","Organisation","","Donetsk","Ukraine (NSDC)","2023-04-20T10:50:14","","ua-dpr","ua-nsdc-19355-t-zv-derzavne-pidpriemstvo-derzavne-unitarne-pidpriemstvo-doneckoi-narodnoi-respubliki-respublikanskij-operator-zv-azku","UA-SA1644"
"Т.зв. «Державне підприємство зв’язку державне унітарне підприємство Донецької народної республіки «Вуглетелеком»","Organisation","","Donetsk","Ukraine (NSDC)","2023-04-20T10:50:14","","ua-dpr","NK-P2q7vwBofBCY2VP5MoTcmJ","UA-SA1644"
"Так зване ""міністерство у справах громадянської оборони, надзвичайних ситуацій і ліквідації наслідків стихійних лих Донецької Народної Республіки""","Organisation","","Donetsk","Ukraine (NSDC)","2023-04-28T12:11:23","","ru","NK-kXpCFLZYjqittG6c85yT6H","UA-SA1644"
"Тацинський гортопсбит - філія Акціонерного товариства ""Ростовське обласне об'єднання паливних підприємств""","Organisation","","Donetsk","Ukraine (NSDC)","2024-06-25T09:22:06","","ru","NK-nTuHi32dGNaBDMLScBBLmA","UA-SA1644"
"Телеканали ""РТР-Планета"", інформаційний канал ""Росія-24"", які входять до структури Федерального державного унітарного підприємства ""Всеросійська державна телевізійна і радіомовна компанія""","Entity","","Donetsk","Ukraine (NSDC)","2023-04-20T10:50:14","","ru","NK-oDoHg7bvNya7MzmaPZnf4L","UA-SA1644"
"Товариство з обмеженою відповідальністю ""Інститут з проєктування підприємств нафтопереробної та нафтохімічної промисловості""","Organisation","","Donetsk","Ukraine (NSDC)","2024-06-25T09:22:06","","ru","NK-Wa8TnCibZdvbcHa9eePmf4","UA-SA1644"
"Товариство з обмеженою відповідальністю ""Авіапідприємство ""Сєвєрсталь""","Organisation","","Donetsk","Ukraine (NSDC)","2024-06-25T09:22:06","","ru","NK-VZN9AL8XcWSR8hagfS9hds","UA-SA1644"
"Товариство з обмеженою відповідальністю ""Авіаремонтне підприємство ""Мотор""","Organisation","","Donetsk","Ukraine (NSDC)","2023-05-04T14:11:41","","ru","NK-AszYiBRfLg8ZviRjyStzn6","UA-SA1644"
"Товариство з обмеженою відповідальністю ""Виробничо-комерційне підприємство ""Контакт""","Organisation","","Donetsk","Ukraine (NSDC)","2023-04-20T10:50:14","","ru","NK-kVLcKvMD955c8any6RLwyq","UA-SA1644"
"Товариство з обмеженою відповідальністю ""Западпрібор""","Organisation","","Donetsk","Ukraine (NSDC)","2023-07-19T18:02:43","","ru","NK-MrvBumy6otWC9fmiiqEvyW","UA-SA1644"
"Товариство з обмеженою відповідальністю ""Науково виробниче підприємство ""Фотон""","Organisation","","Donetsk","Ukraine (NSDC)","2024-11-12T15:22:02","","ru","NK-5vHRLMRbVc6QmR2muHJ5pr","UA-SA1644"
"Товариство з обмеженою відповідальністю ""Науково-Виробниче Підприємство ""Неваапарат""; Товариство з обмеженою відповідальністю НВП ""Неваапарат""","Organisation","","Donetsk","Ukraine (NSDC)","2025-08-18T16:22:02","","ru","NK-7k9wNbmeEpZ6RDWpdsq2zz","UA-SA1644"
"Товариство з обмеженою відповідальністю ""Науково-виробниче підприємство ""Інжект""","Organisation","","Donetsk","Ukraine (NSDC)","2023-04-20T10:50:14","","ru","NK-J2oemsf6p4Cyq9CnGWvcX9","UA-SA1644"
"Товариство з обмеженою відповідальністю ""Науково-виробниче підприємство ""Ітелма""","Organisation","","Donetsk","Ukraine (NSDC)","2023-04-20T10:50:14","","ru","NK-mv26nndskvDr34bnL4YViD","UA-SA1644"
"Товариство з обмеженою відповідальністю ""Науково-виробниче підприємство ""Адвент-Аеро""","Organisation","","Donetsk","Ukraine (NSDC)","2025-06-20T12:22:02","","ru","NK-irbqb533BmTzCVGur9X8gL","UA-SA1644"
"Товариство з обмеженою відповідальністю ""Науково-виробниче підприємство ""Алєксандр""","Organisation","","Donetsk","Ukraine (NSDC)","2023-07-19T18:02:43","","ru","NK-nUJLYucmEsC5tRJYR9v2gk","UA-SA1644"
"Товариство з обмеженою відповідальністю ""Науково-виробниче підприємство ""Буріння""","Organisation","","Donetsk","Ukraine (NSDC)","2025-08-09T08:22:01","","ru","NK-9PFyNtdTge2sKz5nDMtE3r","UA-SA1644"
"Товариство з обмеженою відповідальністю ""Науково-виробниче підприємство ""Екар""","Organisation","","Donetsk","Ukraine (NSDC)","2023-04-20T10:50:14","","ru","NK-ewFxJzooUEHtAe6yakw2hf","UA-SA1644"
"Товариство з обмеженою відповідальністю ""Науково-виробниче підприємство ""Етра-плюс""","Organisation","","Donetsk","Ukraine (NSDC)","2023-05-04T14:11:41","","ru","NK-VZeu82TAcKNiQ5rjxzgtoY","UA-SA1644"
"Товариство з обмеженою відповідальністю ""Науково-виробниче підприємство ""Літій""","Organisation","","Donetsk","Ukraine (NSDC)","2023-04-20T10:50:14","","ru","NK-SR5YmMAXY3B8j5gc5egUEv","UA-SA1644"
"Товариство з обмеженою відповідальністю ""Науково-виробниче підприємство ""Меатек""","Organisation","","Donetsk","Ukraine (NSDC)","2024-09-20T09:22:03","","ru","NK-e26th4w977DC8ETajMpamL","UA-SA1644"
"Товариство з обмеженою відповідальністю ""Науково-виробниче підприємство ""Оптон""","Organisation","","Donetsk","Ukraine (NSDC)","2023-04-20T10:50:14","","ru","NK-G7kx9hbLSNko5ciZyBzaX2","UA-SA1644"
"Товариство з обмеженою відповідальністю ""Науково-виробниче підприємство ""Поліпластик""","Organisation","","Donetsk","Ukraine (NSDC)","2023-05-25T20:13:16","","ru","NK-dJNpgJ6LWN6WECJNaxhgQq","UA-SA1644"
"Товариство з обмеженою відповідальністю ""Науково-виробниче підприємство ""Прима""","Organisation","","Donetsk","Ukraine (NSDC)","2023-06-01T10:58:17","","ru","NK-mVBVPrUjtmdRufNqcptwYs","UA-SA1644"
"Товариство з обмеженою відповідальністю ""Науково-виробниче підприємство ""Пуморі-Інструмент""","Organisation","","Donetsk","Ukraine (NSDC)","2025-04-18T12:22:02","","ru","NK-YshMXdZejGJyaiEA8aWCnC","UA-SA1644"
"Товариство з обмеженою відповідальністю ""Науково-виробниче підприємство ""Радіосвязі 1""","Organisation","","Donetsk","Ukraine (NSDC)","2023-05-04T14:11:41","","ru","NK-EXkhzqZeZppWLLqFXTG6d9","UA-SA1644"
"Товариство з обмеженою відповідальністю ""Науково-виробниче підприємство ""Силова високовольтна електроніка""","Organisation","","Donetsk","Ukraine (NSDC)","2023-05-04T14:11:41","","ru","NK-6HBjiwnuu28eqGt6s8phNm","UA-SA1644"
"Товариство з обмеженою відповідальністю ""Науково-виробниче підприємство ""Старт7""","Organisation","","Donetsk","Ukraine (NSDC)","2023-04-20T10:50:14","","ru","NK-UvHHfmNEfBcETJZ75nQZVM","UA-SA1644"
"Товариство з обмеженою відповідальністю ""Науково-виробниче підприємство ""Сучасні технології радіолокації і мікроелектроніки""","Organisation","","Donetsk","Ukraine (NSDC)","2023-05-04T14:11:41","","ru","NK-NobPMDomWkuvsDeEZmuvkm","UA-SA1644"
"Товариство з обмеженою відповідальністю ""Науково-виробниче підприємство ""Технології і системи радіомоніторингу""","Organisation","","Donetsk","Ukraine (NSDC)","2023-05-04T14:11:41","","ru","NK-RfPcRXybRPqFSsKi54D9qG","UA-SA1644"
"Товариство з обмеженою відповідальністю ""Науково-виробниче підприємство ""Технопроект""; Товариство з обмеженою відповідальністю НВП ""Технопроект""","Organisation","","Donetsk","Ukraine (NSDC)","2025-08-09T08:22:01","","ru","NK-QWJxGLsf6YHQ55wX375sNH","UA-SA1644"
"Товариство з обмеженою відповідальністю ""Науково-виробниче підприємство ""Томілінський електронний завод""","Organisation","","Donetsk","Ukraine (NSDC)","2023-05-04T14:11:41","","ru","NK-mpphhJXRUoxcAZ7oNKiJiF","UA-SA1644"
"Товариство з обмеженою відповідальністю ""Науково-виробниче підприємство Квалітет""","Organisation","","Donetsk","Ukraine (NSDC)","2025-04-18T12:22:02","","ru","NK-6w5bjbtzrr4oXWm7349oKd","UA-SA1644"
"Товариство з обмеженою відповідальністю ""Науково-виробниче підприємство Керамакс Інжиніринг""","Organisation","","Donetsk","Ukraine (NSDC)","2025-08-09T08:22:01","","ru","NK-Eh6qYqz2gWuvDFdL55ayyk","UA-SA1644"
"Товариство з обмеженою відповідальністю ""Науково-виробниче підприємство Ніфріт""","Organisation","","Donetsk","Ukraine (NSDC)","2025-09-10T16:22:01","","ru","NK-9toBBwGibFHmJQLCXLkQiy","UA-SA1644"
"Товариство з обмеженою відповідальністю ""Науково-дослідне виробниче підприємство Рустехдрон""","Organisation","","Donetsk","Ukraine (NSDC)","2025-06-20T12:22:02","","ru","ua-nsdc-29708-tovaristvo-z-obmezenou-vidpovidalnistu-naukovo-doslidne-virobnice-pidpriemstvo-rustehdron","UA-SA1644"
"Товариство з обмеженою відповідальністю ""Науково-технічне підприємство ""Піксел""","Organisation","","Donetsk","Ukraine (NSDC)","2023-05-04T14:11:41","","ru","NK-m7KdXKgNQoRUvjcQsQ7jXt","UA-SA1644"
"Товариство з обмеженою відповідальністю ""Наукововиробниче підприємство ""Монітор""","Organisation","","Donetsk","Ukraine (NSDC)","2023-05-22T14:22:18","","ru","NK-Ug6QAKG3tscZmYnxGTqDcV","UA-SA1644"
"Товариство з обмеженою відповідальністю ""Наукововиробниче підприємство ""Новсибтехнології""","Organisation","","Donetsk","Ukraine (NSDC)","2023-05-22T14:22:18","","ru","NK-FotkHwUS3CtKSBmfxb5LPZ","UA-SA1644"
"Товариство з обмеженою відповідальністю ""Об'єднані уранові підприємства""","Organisation","","Donetsk","Ukraine (NSDC)","2023-04-20T10:50:14","","ru","NK-mqCVGz3o9oGmp2vR879Z9L","UA-SA1644"
"Товариство з обмеженою відповідальністю ""Охоронне підприємство ""РЖД-охорона""","Organisation","","Donetsk","Ukraine (NSDC)","2023-06-01T10:58:17","","ru","NK-FsRZZhH8P2ggTWudPQaUnc","UA-SA1644"
"Товариство з обмеженою відповідальністю ""Охоронне підприємство Ріат СБ""","Organisation","","Donetsk","Ukraine (NSDC)","2023-05-25T20:13:16","","ru","NK-oLLUwd8c9cGYfXozoupBvn","UA-SA1644"
"Товариство з обмеженою відповідальністю ""Підприємство ""Аеротєх""","Organisation","","Donetsk","Ukraine (NSDC)","2026-02-21T08:32:30","","ru","NK-NrRjZbz7e2keWwXUEF3rPA","UA-SA1644"
"Товариство з обмеженою відповідальністю ""Підприємство Остек""","Organisation","","Donetsk","Ukraine (NSDC)","2023-12-13T09:22:01","","ru","NK-LJMWhUoH9wQahRbRYWc9t2","UA-SA1644"
"Товариство з обмеженою відповідальністю ""Спільне підприємство ""Дунлін-Казань""","Organisation","","Donetsk","Ukraine (NSDC)","2024-09-20T09:22:03","","ru","NK-6btYDwu4wWjeMVqaXs6htG","UA-SA1644"
"Товариство з обмеженою відповідальністю ""Спільне підприємство ""Квантові технології""","Organisation","","Donetsk","Ukraine (NSDC)","2023-04-20T10:50:14","","ru","NK-nT4fqwpJxyErbozhgsVvv5","UA-SA1644"
"Товариство з обмеженою відповідальністю ""Швейне підприємство Сплав""","Organisation","","Donetsk","Ukraine (NSDC)","2023-05-22T14:22:18","","ru","NK-MfA8a7CKR8ZdTofmGWZP7L","UA-SA1644"
"Товариство з обмеженою відповідальністю «Науково-виробниче підприємство «АВІАКОМ»","Organisation","","Donetsk","Ukraine (NSDC)","2025-07-08T18:22:02","","ru","NK-XeFV7XGLZZVwwQ5ERiyVpn","UA-SA1644"
"Товариство з обмеженою відповідальністю «Науково-виробниче підприємство «Вентос–Крим»","Organisation","","Donetsk","Ukraine (NSDC)","2023-04-20T10:50:14","","ru","NK-gBEBXgUKz9ZYzFS2o8prt7","UA-SA1644"
"Товариство з обмеженою відповідальністю «Петрівське підприємство нерудних матеріалів»","Organisation","","Donetsk","Ukraine (NSDC)","2023-04-20T10:50:14","","ru","NK-6FrgK2rpm2pjoK35h8fVCL","UA-SA1644"
"Товариство з обмеженою відповідальністю Авіапідприємство ""Газпром авіа""","Organisation","","Donetsk","Ukraine (NSDC)","2024-06-25T09:22:06","","ru","NK-SsjNuyXw7NP3JXf66ebPKS","UA-SA1644"
"Товариство з обмеженою відповідальністю Науково-виробниче підприємство ""Автономні аерокосмічні системи – Геосервіс""","Organisation","","Donetsk","Ukraine (NSDC)","2023-06-01T10:58:17","","ru","NK-5XLhB2dtsoKmCdKorstPuF","UA-SA1644"
"Товариство з обмеженою відповідальністю Науково-виробниче підприємство ""Антарес""","Organisation","","Donetsk","Ukraine (NSDC)","2025-07-27T16:22:01","","ru","NK-XZoA6oQDt5xyZ2SUhfEE3z","UA-SA1644"
"Товариство з обмеженою відповідальністю Науково-виробниче підприємство ""Атлант""","Organisation","","Donetsk","Ukraine (NSDC)","2023-04-26T12:11:16","","ru","NK-JtoKRX3D49sScAY7FsXL8A","UA-SA1644"
"Товариство з обмеженою відповідальністю Науково-виробниче підприємство ""Грань""","Organisation","","Donetsk","Ukraine (NSDC)","2023-05-25T20:13:16","","ru","NK-U9NaHwMxDAR5mVruyeBcRC","UA-SA1644"
"Товариство з обмеженою відповідальністю Науково-виробниче підприємство ""Гіроскопія і навігація""","Organisation","","Donetsk","Ukraine (NSDC)","2023-12-13T09:22:01","","ru","NK-dfx6KtDjRGWFrVW8jqbAVM","UA-SA1644"
"Товариство з обмеженою відповідальністю Науково-виробниче підприємство ""Екопортрет-М""","Organisation","","Donetsk","Ukraine (NSDC)","2023-05-04T14:11:41","","ru","NK-CxrxdpBiZ3SY4SNkS4bApd","UA-SA1644"
"Товариство з обмеженою відповідальністю Науково-виробниче підприємство ""Лама""","Organisation","","Donetsk","Ukraine (NSDC)","2023-05-04T14:11:41","","ru","NK-Dg8JRQeLyzCs3wB3yCBXju","UA-SA1644"
"Товариство з обмеженою відповідальністю Науково-виробниче підприємство ""Ніка-СВЧ""","Organisation","","Donetsk","Ukraine (NSDC)","2023-05-04T14:11:41","","ru","NK-JxtrHBSNZLscrrKepoHNz2","UA-SA1644"
"Товариство з обмеженою відповідальністю Науково-виробниче підприємство ""Радінтех""","Organisation","","Donetsk","Ukraine (NSDC)","2023-06-01T10:58:17","","ru","NK-34sgEjSFqcGFA6CLCBDFE4","UA-SA1644"
"Товариство з обмеженою відповідальністю Науково-виробниче підприємство ""Самаравзривтєхнологія""","Organisation","","Donetsk","Ukraine (NSDC)","2023-07-19T18:02:43","","ru","NK-bykC2e3i64AQqVYrzNe4Tu","UA-SA1644"
"Товариство з обмеженою відповідальністю Науково-виробниче підприємство ""Спєценєргомєханіка""","Organisation","","Donetsk","Ukraine (NSDC)","2026-03-15T16:22:01","","ru","NK-iCYeTgBFoPMKXqSeqoiz6h","UA-SA1644"
"Товариство з обмеженою відповідальністю Науково-виробниче підприємство ""Термотех""","Organisation","","Donetsk","Ukraine (NSDC)","2023-05-04T14:11:41","","ru","NK-MmonRiH6qAU3UgtRccB4VS","UA-SA1644"
"Товариство з обмеженою відповідальністю Науково-виробниче підприємство ""Універсал Прибор""","Organisation","","Donetsk","Ukraine (NSDC)","2023-12-13T09:22:01","","ru","NK-i75LK9y47cwsZybdeyVins","UA-SA1644"
"Товариство з обмеженою відповідальністю Науково-виробниче підприємство «Нові технології телекомунікацій»","Organisation","","Donetsk","Ukraine (NSDC)","2023-04-20T10:50:14","","ru","NK-5vGE8ATRKRsKnGqF5aL6NF","UA-SA1644"
"Товариство з обмеженою відповідальністю Наукововиробниче підприємство ""Армоком-Центр""","Organisation","","Donetsk","Ukraine (NSDC)","2023-05-22T14:22:18","","ru","NK-RXxNMRxTVpuBjkREmRzjUq","UA-SA1644"
"Товариство з обмеженою відповідальністю Науковотехнічне підприємство ""Криптософт""","Organisation","","Donetsk","Ukraine (NSDC)","2023-05-22T14:22:18","","ru","NK-VyYiq7xJ8M2N5f57DJ6mfR","UA-SA1644"
"Товариство з обмеженою відповідальністю науково-виробниче підприємство ""Радар-прилад""","Organisation","","Donetsk","Ukraine (NSDC)","2023-04-20T10:50:14","","ru","NK-PRuM8kCqq9PYdi2RDVFJGX","UA-SA1644"
"Федеральна державна бюджетна установа ""Всеросійський науково-дослідний інститут оптико-фізичних вимірювань""","Organisation","","Donetsk","Ukraine (NSDC)","2023-04-20T10:50:14","","ru","NK-VkaHkPgMYN9nC9bWc4TSeD","UA-SA1644"
"Федеральна державна бюджетна установа ""Національний дослідний центр ""Курчатовський інститут""","Organisation","","Donetsk","Ukraine (NSDC)","2023-04-20T10:50:14","","ru","NK-euwPYBq6PtoJp2Ym8wzBEX","UA-SA1644"
"Федеральне державне підприємство ""Відомча охорона залізничного транспорту Російської Федерації""","Organisation","","Donetsk","Ukraine (NSDC)","2023-04-20T10:50:14","","ru","NK-Q2EfDHGgyut8urrv5SaNXz","UA-SA1644"
"Федеральне державне унітарне ""Гідрографічне підприємство""","Organisation","","Donetsk","Ukraine (NSDC)","2023-04-20T10:50:14","","ru","NK-Vw5ZBJwq48pcNSY4tHMUVK","UA-SA1644"
"Федеральне державне унітарне авіаційне підприємство Міністерства Російської Федерації у справах цивільної оборони, надзвичайних ситуацій та ліквідації наслідків стихійних лих","Organisation","","Donetsk","Ukraine (NSDC)","2024-03-06T15:22:01","","ru","NK-nXkrV9fDkNAY9hEx3yc5Za","UA-SA1644"
"Федеральне державне унітарне підприємство ""13 судноремонтний завод Чорноморського флоту"" Міністерства оборони Російської Федерації","Organisation","","Donetsk","Ukraine (NSDC)","2023-12-13T09:22:01","","ru","NK-dRVCdriBbyC5NWL5Kcv5Xo","UA-SA1644"
"Федеральне державне унітарне підприємство ""18 Центральний науково-дослідний інститут"" Міністерства оборони Російської Федерації","Organisation","","Donetsk","Ukraine (NSDC)","2026-02-21T08:32:30","","ru","NK-6GFSBhF8NKZEmmaof3TEmn","UA-SA1644"
"Федеральне державне унітарне підприємство ""3 Центральний науководослідний інститут"" Міністерства оборони Російської Федерації","Organisation","","Donetsk","Ukraine (NSDC)","2023-05-25T20:13:16","","ru","NK-P9gwbaWHT6xNJzQsih4Y6Q","UA-SA1644"
"Федеральне державне унітарне підприємство ""35 Судноремонтний завод"" Міністерства оборони Російської Федерації","Organisation","","Donetsk","Ukraine (NSDC)","2023-04-20T10:50:14","","ru","NK-TF7zJjsF58yVVPFjXWKSBd","UA-SA1644"
"Федеральне державне унітарне підприємство ""Інженернотехнічний центр Міністерства оборони Російської Федерації""","Organisation","","Donetsk","Ukraine (NSDC)","2023-05-22T14:22:18","","ru","NK-WR4gBFzXBLeQmdtdUsDDMz","UA-SA1644"
"Федеральне державне унітарне підприємство ""Інформаційне телеграфне агентство Росії (ІТАР-ТАСС)""","Organisation","","Donetsk","Ukraine (NSDC)","2023-04-20T10:50:14","","ru","NK-TiYqYfeU2A6LqZNX6pqQPQ","UA-SA1644"
"Федеральне державне унітарне підприємство ""Авіакомплект""","Organisation","","Donetsk","Ukraine (NSDC)","2023-12-13T09:22:01","","ru","NK-Xjq8J4ffuLha2KV7ZvLNQb","UA-SA1644"
"Федеральне державне унітарне підприємство ""Адміністрація цивільних аеропортів (аеродромів)""","Organisation","","Donetsk","Ukraine (NSDC)","2023-05-25T20:13:16","","ru","NK-FvQYnETF7xAVUUfDTpKvnk","UA-SA1644"
"Федеральне державне унітарне підприємство ""Астраханський судноремонтний завод"" Міністерства оборони Російської Федерації","Organisation","","Donetsk","Ukraine (NSDC)","2023-04-20T10:50:14","","ru","NK-hiPSH868MpuerQ798BPUHL","UA-SA1644"
"Федеральне державне унітарне підприємство ""Виробниче об'єднання ""Маяк""","Organisation","","Donetsk","Ukraine (NSDC)","2023-04-20T10:50:14","","ru","NK-T7zBmbmpZmckxdNESUZHDe","UA-SA1644"
"Федеральне державне унітарне підприємство ""Виробниче об'єднання ""Октябрь""","Organisation","","Donetsk","Ukraine (NSDC)","2023-05-25T20:13:16","","ru","NK-m3YeSRwFmTrA8H3s2P3PVi","UA-SA1644"
"Федеральне державне унітарне підприємство ""Всеросійський науково-дослідний інститут автоматики ім. М.Л. Духова""","Organisation","","Donetsk","Ukraine (NSDC)","2023-04-20T10:50:14","","ru","NK-hcwpYHieDSk7yk8Ck73Xdc","UA-SA1644"
"Федеральне державне унітарне підприємство ""Всеросійський науково-дослідний інститут авіаційних матеріалів"" Національного дослідницького центру ""Курчатовський інститут""","Organisation","","Donetsk","Ukraine (NSDC)","2023-04-20T10:50:14","","ru","NK-jGzVBNnAZBPBU9eFgyUZtS","UA-SA1644"
"Федеральне державне унітарне підприємство ""Всеросійський науково-дослідний інститут фізико-технічних і радіотехнічних вимірювань""","Organisation","","Donetsk","Ukraine (NSDC)","2024-03-06T15:22:01","","ru","NK-U9eSiMhtiPC36hjqXLgUHS","UA-SA1644"
"Федеральне державне унітарне підприємство ""Всеросійський науководослідний інститут ""Центр""","Organisation","","Donetsk","Ukraine (NSDC)","2023-05-25T20:13:16","","ru","NK-DXS2MtXFsxCZRQbFeL6qWJ","UA-SA1644"
"Федеральне державне унітарне підприємство ""Головний радіочастотний центр""","Organisation","","Donetsk","Ukraine (NSDC)","2024-06-25T09:22:06","","ru","NK-3UJjcv2HXY3c9eEKJ8EX6j","UA-SA1644"
"Федеральне державне унітарне підприємство ""Головний центр спеціального зв'язку""","Organisation","","Donetsk","Ukraine (NSDC)","2025-09-10T16:22:01","","ru","NK-Z2p8wXhVdec8yR47vBbUSq","UA-SA1644"
"Федеральне державне унітарне підприємство ""Гірничо-хімічний комбінат""","Organisation","","Donetsk","Ukraine (NSDC)","2023-04-20T10:50:14","","ru","NK-77BJ8UbfBduQzXWhrx2KvK","UA-SA1644"
"Федеральне державне унітарне підприємство ""Державний науководослідний інститут біологічного приладобудування""","Organisation","","Donetsk","Ukraine (NSDC)","2023-06-01T10:58:17","","ru","NK-2KJsNuJBZZDEcGRNTxvryU","UA-SA1644"
"Федеральне державне унітарне підприємство ""Державний науководослідний інститут органічної хімії та технології""","Organisation","","Donetsk","Ukraine (NSDC)","2023-06-01T10:58:17","","ru","Q4146350","UA-SA1644"
"Федеральне державне унітарне підприємство ""Дослідний завод ""Вега"" дочірне підприємство державного унітарного підприємства ""Науково-виробниче об'єднання ""Винт""","Organisation","","Donetsk","Ukraine (NSDC)","2023-04-20T10:50:14","","ru","NK-TrLccKcfToTWKaN7gHmtpg","UA-SA1644"
"Федеральне державне унітарне підприємство ""Завод імені Морозова""","Organisation","","Donetsk","Ukraine (NSDC)","2023-04-20T10:50:14","","ru","NK-C6Uv43Y8kwCTxV72Xuoa4x","UA-SA1644"
"Федеральне державне унітарне підприємство ""Залізниці Новоросії""","Organisation","","Donetsk","Ukraine (NSDC)","2025-06-30T18:22:02","","ru","NK-6mthBLUJCpPFEdBeaZNKLv","UA-SA1644"
"Федеральне державне унітарне підприємство ""Запорізька АЕС""","Organisation","","Donetsk","Ukraine (NSDC)","2023-04-20T10:50:14","","ru","NK-AtreF7ykMTF2nTqLyttZwP","UA-SA1644"
"Федеральне державне унітарне підприємство ""Комбінат ""Електрохімприлад""","Organisation","","Donetsk","Ukraine (NSDC)","2023-04-20T10:50:14","","ru","NK-CadUMN6nMs9t56nuQE7YCk","UA-SA1644"
"Федеральне державне унітарне підприємство ""Криловський державний науковий центр""","Organisation","","Donetsk","Ukraine (NSDC)","2023-04-20T10:50:14","","ru","NK-DCiLPC2LQ9pq9xJdgJvoD6","UA-SA1644"
"Федеральне державне унітарне підприємство ""Машинобудівний завод ім. Ф.Е.Дзержинського""","Organisation","","Donetsk","Ukraine (NSDC)","2023-06-01T10:58:17","","ru","NK-XdcmQKD26cB5MBeqyHWFAU","UA-SA1644"
"Федеральне державне унітарне підприємство ""Митищинський науково-дослідний інститут радіовимірювальних приладів""","Organisation","","Donetsk","Ukraine (NSDC)","2023-04-20T10:50:14","","ru","NK-HXzjDuDnxz9v3VVVQL2vkJ","UA-SA1644"
"Федеральне державне унітарне підприємство ""Міжнародне інформаційне агентство ""Росія сьогодні""","Organisation","","Donetsk","Ukraine (NSDC)","2023-04-20T10:50:14","","ru","NK-YyLLRBBSTMBw7a6tug9zVd","UA-SA1644"
"Федеральне державне унітарне підприємство ""Науково-виробниче підприємство ""Гамма""","Organisation","","Donetsk","Ukraine (NSDC)","2023-05-04T14:11:41","","ru","NK-ZrFoySqvsmHzV7WqYqBcsY","UA-SA1644"
"Федеральне державне унітарне підприємство ""Науково-дослідний та конструкторський інститут випробувальних машин, приладів та засобів вимірювання мас""","Organisation","","Donetsk","Ukraine (NSDC)","2026-04-04T08:22:01","","ru","NK-jvfbVYXZ4iCLpPWYDMNmVZ","UA-SA1644"
"Федеральне державне унітарне підприємство ""Науково-дослідний технологічний інститут імені А.П. Олександрова""","Organisation","","Donetsk","Ukraine (NSDC)","2023-04-20T10:50:14","","ru","NK-dbcJcxWEWhctRUK2ttKW3o","UA-SA1644"
"Федеральне державне унітарне підприємство ""Науково-дослідний інститут ""КВАНТ""","Organisation","","Donetsk","Ukraine (NSDC)","2024-06-25T09:22:06","","ru","NK-Sz2HkJg6izB5hQdjVin6hg","UA-SA1644"
"Федеральне державне унітарне підприємство ""Науково-дослідний інститут аеропружних систем""","Organisation","","Donetsk","Ukraine (NSDC)","2023-12-13T09:22:01","","ru","NK-88P37wNYiKi9z46up9joxo","UA-SA1644"
"Федеральне державне унітарне підприємство ""Науково-дослідний інститут електронної техніки""","Organisation","","Donetsk","Ukraine (NSDC)","2023-04-20T10:50:14","","ru","NK-WENnLT9ZGDa8Un23wvxXYy","UA-SA1644"
"Федеральне державне унітарне підприємство ""Науково-дослідний інститут фізичної оптики, оптики лазерів і інформаційних оптичних систем всеросійського наукового центру ""Державний оптичний інститут ім. С.І.Вавілова""","Organisation","","Donetsk","Ukraine (NSDC)","2024-05-20T15:22:01","","ru","NK-jcE8EuaRvrkT9uAUsRsuDZ","UA-SA1644"
"Федеральне державне унітарне підприємство ""Науково-технічний центр ""Базіс"" Федеральної служби безпеки Російської Федерації","Organisation","","Donetsk","Ukraine (NSDC)","2023-05-04T14:11:41","","ru","NK-McLkq8dSJhqk4bEnzog9oA","UA-SA1644"
"Федеральне державне унітарне підприємство ""Науково-технічний центр ""Оріон"" Федеральної служби безпеки Російської Федерації","Organisation","","Donetsk","Ukraine (NSDC)","2023-05-04T14:11:41","","ru","NK-KQg93YxkJkZLt6UegPK4qB","UA-SA1644"
"Федеральне державне унітарне підприємство ""Науково-технічний центр оборонного комплексу ""Компас""","Organisation","","Donetsk","Ukraine (NSDC)","2023-05-04T14:11:41","","ru","NK-hT8tJSC8diaCobp6PqS9WQ","UA-SA1644"
"Федеральне державне унітарне підприємство ""Науково-технічний центр правової інформації ""Система"" Федеральної служби охорони Російської Федерації","Organisation","","Donetsk","Ukraine (NSDC)","2023-05-04T14:11:41","","ru","NK-8qyaPHgn6xS4ZmpN5nT7kv","UA-SA1644"
"Федеральне державне унітарне підприємство ""Національний оператор із поводження з радіоактивними відходами""","Organisation","","Donetsk","Ukraine (NSDC)","2023-04-20T10:50:14","","ru","NK-iEkbj3RtdYdYzRkBNJm67d","UA-SA1644"
"Федеральне державне унітарне підприємство ""Об'єднаний еколого-технологічний та науково-дослідний центр зі знешкодження РАВ та охорони навколишнього середовища""","Organisation","","Donetsk","Ukraine (NSDC)","2024-03-06T15:22:01","","ru","NK-hJvE9gmJxSM44cDgXCG5av","UA-SA1644"
"Федеральне державне унітарне підприємство ""Ордена Леніна і Ордена Трудового Червоного Прапору Науково-дослідний інститут синтетичного каучуку імені академіка С.В. Лебедєва""","Organisation","","Donetsk","Ukraine (NSDC)","2023-06-01T10:58:17","","ru","NK-VtzfpqRZoq4rLtSVaRd2FD","UA-SA1644"
"Федеральне державне унітарне підприємство ""Приладобудівний завод імені К.А.Володіна""","Organisation","","Donetsk","Ukraine (NSDC)","2023-04-20T10:50:14","","ru","NK-jUewvKkPf84L93VmSYWunU","UA-SA1644"
"Федеральне державне унітарне підприємство ""Росморпорт""","Organisation","","Donetsk","Ukraine (NSDC)","2024-06-25T09:22:06","","ru","NK-TooLCbvzue28ZeWg23ke4J","UA-SA1644"
"Федеральне державне унітарне підприємство ""Ростовський-на-Дону науково-дослідний інститут радіозв'язку""","Organisation","","Donetsk","Ukraine (NSDC)","2023-05-04T14:11:41","","ru","NK-T5fwmwRMEE3FLvw7Zcapt9","UA-SA1644"
"Федеральне державне унітарне підприємство ""Російський федеральний ядерний центр – Всеросійський науково-дослідний інститут експериментальної фізики""","Organisation","","Donetsk","Ukraine (NSDC)","2023-04-20T10:50:14","","ru","NK-m8LRLxgWB3HzXo5tj7Gf2n","UA-SA1644"
"Федеральне державне унітарне підприємство ""Російський федеральний ядерний центр – Всеросійський науково-дослідний інститут технічної фізики імені академіка Е.І.Забабахіна""","Organisation","","Donetsk","Ukraine (NSDC)","2023-04-20T10:50:14","","ru","NK-oXfJARWYgRe4baiySVpGh5","UA-SA1644"
"Федеральне державне унітарне підприємство ""Смоленське виробниче об'єднання ""Аналітпрібор""","Organisation","","Donetsk","Ukraine (NSDC)","2023-05-25T20:13:16","","ru","NK-WwLAJUKYPSDozzHsz84zVB","UA-SA1644"
"Федеральне державне унітарне підприємство ""Спеціальне конструкторськотехнологічне бюро ""Технолог""","Organisation","","Donetsk","Ukraine (NSDC)","2023-05-25T20:13:16","","ru","NK-X9RjpNoBjw79C6RcmKuiqX","UA-SA1644"
"Федеральне державне унітарне підприємство ""Управління відомчої охорони Міністерства транспорту Російської Федерації""","Organisation","","Donetsk","Ukraine (NSDC)","2023-04-20T10:50:14","","ru","NK-n9sqhdinc7D6QLFr8LUDew","UA-SA1644"
"Федеральне державне унітарне підприємство ""Федеральний екологічний оператор""","Organisation","","Donetsk","Ukraine (NSDC)","2023-04-20T10:50:14","","ru","NK-4kqoewZ82vKRnjCxJFP2HY","UA-SA1644"
"Федеральне державне унітарне підприємство ""Федеральний центр подвійних технологій ""Союз""","Organisation","","Donetsk","Ukraine (NSDC)","2023-04-20T10:50:14","","ru","NK-hQEF3vmPJKUQshxZRMEEgo","UA-SA1644"
"Федеральне державне унітарне підприємство ""Центральний Ордена Трудового Червоного Прапора науково дослідний автомобільний та автомоторний інститут ""НАМІ""","Organisation","","Donetsk","Ukraine (NSDC)","2023-05-25T20:13:16","","ru","NK-jDEKpQS4hY6TUguPim7Dmc","UA-SA1644"
"Федеральне державне унітарне підприємство ""Центральний науково-дослідний інститут конструкційних матеріалів ""Прометей"" імені І.В. Гориніна національного дослідного центру ""Курчатівський інститут""","Organisation","","Donetsk","Ukraine (NSDC)","2023-04-28T12:11:23","","ru","NK-SPqyxQH4BXVcRvTPV8teGM","UA-SA1644"
"Федеральне державне унітарне підприємство ""Центральний науково-дослідний інститут чорної металургії ім. І.П. Бардіна""","Organisation","","Donetsk","Ukraine (NSDC)","2025-07-27T16:22:01","","ru","ua-nsdc-32141-federalne-derzavne-unitarne-pidpriemstvo-centralnij-naukovo-doslidnij-institut-cornoi-metalurgii-im-i-p-bardina","UA-SA1644"
"Федеральне державне унітарне підприємство «Воєнізована гірничорятувальна частина»","Organisation","","Donetsk","Ukraine (NSDC)","2023-04-20T10:50:14","","ru","NK-EUTW2647FYWmJQhU2xwSRr","UA-SA1644"
"Федеральне державне унітарне підприємство «Головне військово-будівельне управління № 4»","Organisation","","Donetsk","Ukraine (NSDC)","2025-07-30T16:22:01","","ru","ua-nsdc-19367-federalne-derzavne-unitarne-pidpriemstvo-golovne-vijskovo-budivelne-upravlinna-o-4","UA-SA1644"
"Федеральне державне унітарне підприємство «Головне військово–будівельне управління зі спеціальних об’єктів»","Organisation","","Donetsk","Ukraine (NSDC)","2023-04-20T10:50:14","","ru","NK-NiXpbceC3feVacUHGt7mtt","UA-SA1644"
"Федеральне державне унітарне підприємство «Головне військово–будівельне управління № 14»","Organisation","","Donetsk","Ukraine (NSDC)","2025-07-30T16:22:01","","ru","NK-CVdYKELAYe7tGhW8xgjvU5","UA-SA1644"
"Федеральне державне унітарне підприємство «Державна корпорація з організації повітряного руху в Російській Федерації»","Organisation","","Donetsk","Ukraine (NSDC)","2023-04-20T10:50:14","","ru","NK-M6HjVVdGmJv7T9tVcBRmVg","UA-SA1644"
"Федеральне державне унітарне підприємство «Морсвязьспутнік»","Organisation","","Donetsk","Ukraine (NSDC)","2023-04-20T10:50:14","","ru","NK-VNJcx6cdPpufyfJhQqBv6t","UA-SA1644"
"Федеральне державне унітарне підприємство «Центральний науково-дослідний інститут хімії та механіки»","Organisation","","Donetsk","Ukraine (NSDC)","2023-04-20T10:50:14","","ru","NK-mTjC7gStVTRDyMLzr5pF82","UA-SA1644"
"Федеральне державне унітарне підприємство Державний науководослідний інститут цивільної авіації","Organisation","","Donetsk","Ukraine (NSDC)","2023-05-25T20:13:16","","ru","NK-c5voRNzZvpBMPdhxCrLQaS","UA-SA1644"
"Федеральне державне унітарне підприємство Тушинське машинобудівне конструкторське бюро ""Союз""","Organisation","","Donetsk","Ukraine (NSDC)","2025-05-09T15:22:02","","ru","NK-5FEAksYqdi2CA7WXbzXkwL","UA-SA1644"
"Федеральне державне унітарне підприємство атомного флоту","Organisation","","Donetsk","Ukraine (NSDC)","2023-04-20T10:50:14","","ru","NK-UiHk37V9AHsGWADYrqjpMV","UA-SA1644"
"Федеральне державне унітарне підприємство федеральний науково-виробничий центр ""Науково-дослідний інститут вимірювальних систем ім. Ю. Є. Сєдакова""","Organisation","","Donetsk","Ukraine (NSDC)","2023-04-20T10:50:14","","ru","NK-JxcdTpjYA5P3U4ZcNpTn94","UA-SA1644"
"Федеральне казенне підприємство ""Авангард""","Organisation","","Donetsk","Ukraine (NSDC)","2023-04-20T10:50:14","","ru","NK-SjzQhrMGg3RJHVxXQMKAoM","UA-SA1644"
"Федеральне казенне підприємство ""Аеропорти Далекого Сходу""","Organisation","","Donetsk","Ukraine (NSDC)","2024-11-12T15:22:02","","ru","NK-6k9pPMELoeqxkFGguXhfMX","UA-SA1644"
"Федеральне казенне підприємство ""Алексінський хімічний комбінат""","Organisation","","Donetsk","Ukraine (NSDC)","2023-04-20T10:50:14","","ru","NK-geyVsJ9B6fZiZwNgpg2sZQ","UA-SA1644"
"Федеральне казенне підприємство ""Анозіт""","Organisation","","Donetsk","Ukraine (NSDC)","2023-04-20T10:50:14","","ru","NK-mToqB36cVdb8FCtFd2TS9X","UA-SA1644"
"Федеральне казенне підприємство ""Державний казенний науково-випробувальний полігон авіаційних систем імені Л.К. Сафронова""","Organisation","","Donetsk","Ukraine (NSDC)","2023-04-20T10:50:14","","ru","NK-kaQWPVJ3gee7rqWSxeqssp","UA-SA1644"
"Федеральне казенне підприємство ""Державний лазерний полігон ""Радуга""","Organisation","","Donetsk","Ukraine (NSDC)","2024-12-02T18:22:02","","ru","NK-3zLR4Zi7caH5PSMPkfrZWN","UA-SA1644"
"Федеральне казенне підприємство ""Державний науково-дослідний інститут хімічних продуктів""","Organisation","","Donetsk","Ukraine (NSDC)","2023-06-01T10:58:17","","ru","NK-JHdGnY6QNC2m8hGCMNwnri","UA-SA1644"
"Федеральне казенне підприємство ""Завод імені Я. М. Свердлова""","Organisation","","Donetsk","Ukraine (NSDC)","2023-04-20T10:50:14","","ru","NK-RvS5jL6GohsmbgY5yScM8u","UA-SA1644"
"Федеральне казенне підприємство ""Казанський державний казенний пороховий завод""","Organisation","","Donetsk","Ukraine (NSDC)","2023-04-20T10:50:14","","ru","NK-oZ8qvgNYddDmihkKAQuf9K","UA-SA1644"
"Федеральне казенне підприємство ""Комбінат ""Кам'янський""","Organisation","","Donetsk","Ukraine (NSDC)","2023-04-20T10:50:14","","ru","NK-Zj3c8MWFtSc2XjSLaDHGeR","UA-SA1644"
"Федеральне казенне підприємство ""Науково-виробниче об'єднання ""Казанський завод точного машинобудування""","Organisation","","Donetsk","Ukraine (NSDC)","2023-04-20T10:50:14","","ru","NK-RcLjSzyivzFf35kDeCMnTw","UA-SA1644"
"Федеральне казенне підприємство ""Науково-виробничий центр ""Дельта""","Organisation","","Donetsk","Ukraine (NSDC)","2023-05-22T14:22:18","","ru","NK-MFxJh4y4jmWtnpiUESPNDV","UA-SA1644"
"Федеральне казенне підприємство ""Національне випробувальне об'єднання ""Державні боєприпасні випробувальні полігони Росії""","Organisation","","Donetsk","Ukraine (NSDC)","2023-04-20T10:50:14","","ru","NK-235hApQ4jp8oMsJmToKGdJ","UA-SA1644"
"Федеральне казенне підприємство ""Пермський пороховий завод""","Organisation","","Donetsk","Ukraine (NSDC)","2023-04-20T10:50:14","","ru","NK-adM82LLzccqYz4toumLwM9","UA-SA1644"
"Федеральне казенне підприємство ""Самарський завод ""Комунар""","Organisation","","Donetsk","Ukraine (NSDC)","2023-05-25T20:13:16","","ru","NK-oR7QD49r7W5B6rN8gUiyqn","UA-SA1644"
"Федеральне казенне підприємство ""Саранський механічний завод""","Organisation","","Donetsk","Ukraine (NSDC)","2023-06-01T10:58:17","","ru","NK-f4H95QdXDzeqrnBS3eHtRa","UA-SA1644"
"Федеральне казенне підприємство ""Тамбовський пороховий завод""","Organisation","","Donetsk","Ukraine (NSDC)","2023-04-20T10:50:14","","ru","NK-j3mVhDRRpJpc5m3oWvDPHu","UA-SA1644"
"Федеральне казенне підприємство «Амурський патронний завод «Вимпел» імені П. В. Фіногенова»","Organisation","","Donetsk","Ukraine (NSDC)","2023-04-20T10:50:14","","ru","NK-6Pv2xrTx69VymvKuWoH26c","UA-SA1644"
"Федеральне казенне підприємство «Управління замовника капітального будівництва Міністерства оборони Російської Федерації»","Organisation","","Donetsk","Ukraine (NSDC)","2023-04-20T10:50:14","","ru","NK-Zys8cH5ZCRrZLSgE7cQCWz","UA-SA1644"
"Фонд зі сприяння і розвитку оборонно-промислових підприємств","Organisation","","Donetsk","Ukraine (NSDC)","2023-04-20T10:50:14","","ru","NK-gAj5DpmMs6qTjgmRGtx6G4","UA-SA1644"
"Шахтинський гортопсбит - філія Акціонерного товариства ""Ростовське обласне об'єднання паливних підприємств""","Organisation","","Donetsk","Ukraine (NSDC)","2024-06-25T09:22:06","","ru","ua-nsdc-10202-sahtinskij-gortopsbit-filia-akcionernogo-tovaristva-rostovske-oblasne-ob-ednanna-palivnih-pidpriemstv","UA-SA1644"
"GUBAREVA, Ekaterina","Individual","","Donetsk | Kherson","US (OFAC)","2015-03-11","05 Jul 1983","Ukraine","17754","UKRAINE-EO13660 | RUSSIA-EO14024 | Executive Order 13660 (Ukraine) | Executive Order 14024 (Russia)"
"Александр Давыдович БАШКИН","Individual","Former member of the Federation Council who ratified the government decisions on the “Treaty of Friendship, Cooperation and Mutual Assistance between the Russian Federation and the Donetsk People’s Republic and between the Russian Federation and the Luhansk People’s Republic”.","Donetsk | Luhansk","EU","2022-03-09","1962-06-10","","EU.7743.35","UKR — 2025/527 (OJ L202500527)"
"Андрей Александрович БАЗИЛЕВСКИЙ","Individual","Former member of the Federation Council who ratified the government decisions on the “Treaty of Friendship, Cooperation and Mutual Assistance between the Russian Federation and the Donetsk People’s Republic and between the Russian Federation and the Luhansk People’s Republic”.","Donetsk | Luhansk","EU","2022-03-09","1967-02-24","","EU.7746.32","UKR — 2025/527 (OJ L202500527)"
"Константин Константинович ДОЛГОВ","Individual","Former member of the Federation Council who ratified the government decisions on the “Treaty of Friendship, Cooperation and Mutual Assistance between the Russian Federation and the Donetsk People’s Republic and between the Russian Federation and the Luhansk People’s Republic”.","Donetsk | Luhansk","EU","2022-03-09","1968-08-12","","EU.7773.39","UKR — 2025/527 (OJ L202500527)"
"Мухарбек Ойбертович БАРАХОЕВ","Individual","Former member of the Federation Council who ratified the government decisions on the “Treaty of Friendship, Cooperation and Mutual Assistance \nbetween the Russian Federation and the Donetsk People’s Republic and between the Russian Federation and the Luhansk People’s Republic”.","Donetsk | Luhansk","EU","2022-03-09","1971-01-04","","EU.7747.31","UKR — 2025/527 (OJ L202500527)"
"Николай Васильевич ФЁДОРОВ","Individual","Member of the Federation Council of the Russian Federation that ratified the government decisions on the “Treaty of Friendship, Cooperation and Mutual Assistance between the Russian Federation and the Donetsk People’s Republic and between the Russian Federation and the Luhansk People’s Republic”.","Donetsk | Luhansk","EU","2022-03-09","1958-05-09","","EU.7626.85","UKR — 2025/527 (OJ L202500527)"
"Эдуард Владимирович ИСАКОВ","Individual","Former member of the Federation Council who ratified the government decisions on the “Treaty of Friendship, Cooperation and Mutual Assistance between the Russian Federation and the Donetsk People’s Republic and between the Russian Federation and the Luhansk People’s Republic”","Donetsk | Luhansk","EU","2022-03-09","1973-10-04","","EU.7642.27","UKR — 2025/527 (OJ L202500527)"
"Юрий Викторович ФЁДОРОВ","Individual","Member of the Federation Council of the Russian Federation that ratified the government decisions on the “Treaty of Friendship, Cooperation and Mutual Assistance between the Russian Federation and the Donetsk People’s Republic and between the Russian Federation and the Luhansk People’s Republic”.","Donetsk | Luhansk","EU","2022-03-09","1972-01-01","","EU.7625.86","UKR — 2025/527 (OJ L202500527)"
"'Federal State of Novorossiya'","Entity","","Donetsk | Luhansk","UK (OFSI)","31/12/2020","","","13050","Russia (Sanctions) (EU Exit) Regulations 2019"
"ABAKAROV, Khizri Magomedovich","Individual","Member of the State Duma of the Russian Federation","Donetsk | Luhansk","UK (OFSI)","11/03/2022","28/06/1960","Russia","14241","Russia (Sanctions) (EU Exit) Regulations 2019"
"ABRAMOV, Ivan Nikolayevich","Individual","Member of the Federation Council of the Russian Federation","Donetsk | Luhansk","UK (OFSI)","15/03/2022","16/06/1978","","14844","Russia (Sanctions) (EU Exit) Regulations 2019"
"AFANASOV, Mikhail Alexandrovich","Individual","Member of the Federation Council of the Russian Federation","Donetsk | Luhansk","UK (OFSI)","15/03/2022","15/06/1953","","14842","Russia (Sanctions) (EU Exit) Regulations 2019"
"AFANASYEVA, Yelena Vladimirovna","Individual","Member of the Federation Council of the Russian Federation","Donetsk | Luhansk","UK (OFSI)","15/03/2022","27/03/1975","","14865","Russia (Sanctions) (EU Exit) Regulations 2019"
"AFONIN, Yury Vyacheslavovich","Individual","Member of the State Duma of the Russian Federation","Donetsk | Luhansk","UK (OFSI)","11/03/2022","22/03/1977","Russia","14251","Russia (Sanctions) (EU Exit) Regulations 2019"
"AGAEV, Bekhan Vakhaevich","Individual","Member of the State Duma of the Russian Federation","Donetsk | Luhansk","UK (OFSI)","11/03/2022","29/03/1975","Russia","14486","Russia (Sanctions) (EU Exit) Regulations 2019"
"AITKULOVA, Elvira Rinatovna","Individual","Member of the State Duma of the Russian Federation","Donetsk | Luhansk","UK (OFSI)","11/03/2022","19/08/1973","Russia","14242","Russia (Sanctions) (EU Exit) Regulations 2019"
"AKHMADOV, Mokhmad Isaevich","Individual","Member of the Federation Council of the Russian Federation","Donetsk | Luhansk","UK (OFSI)","15/03/2022","17/04/1972","","14892","Russia (Sanctions) (EU Exit) Regulations 2019"
"AKIMOV, Aleksandr Konstantinovich","Individual","Member of the Federation Council of the Russian Federation","Donetsk | Luhansk","UK (OFSI)","15/03/2022","10/11/1954","","14906","Russia (Sanctions) (EU Exit) Regulations 2019"
"AKSAKOV, Anatoly Gennadievich","Individual","Member of the State Duma of the Russian Federation","Donetsk | Luhansk","UK (OFSI)","11/03/2022","28/11/1957","Russia","14551","Russia (Sanctions) (EU Exit) Regulations 2019"
"AKSYONENKO, Alexander Sergeevich","Individual","Member of the State Duma of the Russian Federation","Donetsk | Luhansk","UK (OFSI)","11/03/2022","08/03/1986","Russia","14243","Russia (Sanctions) (EU Exit) Regulations 2019"
"ALEKHIN, Andrey Anatolievich","Individual","Member of the State Duma of the Russian Federation","Donetsk | Luhansk","UK (OFSI)","11/03/2022","09/02/1959","Russia","14553","Russia (Sanctions) (EU Exit) Regulations 2019"
"ALEKSEENKO, Nikolai Nikolaevich","Individual","Member of the State Duma of the Russian Federation","Donetsk | Luhansk","UK (OFSI)","11/03/2022","29/11/1971","Russia","14552","Russia (Sanctions) (EU Exit) Regulations 2019"
"ALEKSEYEV, Oleg Aleksandrovich","Individual","Member of the Federation Council of the Russian Federation","Donetsk | Luhansk","UK (OFSI)","15/03/2022","21/12/1967","","14942","Russia (Sanctions) (EU Exit) Regulations 2019"
"ALIMOVA, Olga Nikolaevna","Individual","Member of the State Duma of the Russian Federation","Donetsk | Luhansk","UK (OFSI)","11/03/2022","10/04/1953","Russia","14244","Russia (Sanctions) (EU Exit) Regulations 2019"
"ALSHEVSKY, Andrey Gennadievich","Individual","Member of the State Duma of the Russian Federation","Donetsk | Luhansk","UK (OFSI)","11/03/2022","14/05/1972","Russia","14554","Russia (Sanctions) (EU Exit) Regulations 2019"
"ALTUKHOV, Sergey Viktorovich","Individual","Member of the State Duma of the Russian Federation","Donetsk | Luhansk","UK (OFSI)","11/03/2022","23/02/1982","Russia","14245","Russia (Sanctions) (EU Exit) Regulations 2019"
"AMELCHENKOVA, Olga Nikolaevna","Individual","Member of the State Duma of the Russian Federation","Donetsk | Luhansk","UK (OFSI)","11/03/2022","05/09/1990","Russia","14246","Russia (Sanctions) (EU Exit) Regulations 2019"
"AMMOSOV, Petr Revoldovich","Individual","Member of the State Duma of the Russian Federation","Donetsk | Luhansk","UK (OFSI)","11/03/2022","22/09/1966","Russia","14555","Russia (Sanctions) (EU Exit) Regulations 2019"
"ANANSKIKH, Igor Alexandrovich","Individual","Member of the State Duma of the Russian Federation","Donetsk | Luhansk","UK (OFSI)","15/03/2022","09/06/1966","Russia","14623","Russia (Sanctions) (EU Exit) Regulations 2019"
"ANIKEEV, Andrey Anatolievich","Individual","Member of the State Duma of the Russian Federation","Donetsk | Luhansk","UK (OFSI)","11/03/2022","16/12/1961","Russia","14556","Russia (Sanctions) (EU Exit) Regulations 2019"
"ANIKEEV, Grigory Viktorovich","Individual","Member of the State Duma of the Russian Federation","Donetsk | Luhansk","UK (OFSI)","11/03/2022","28/02/1972","Russia","14557","Russia (Sanctions) (EU Exit) Regulations 2019"
"ANTROPENKO, Igor Alexandrovich","Individual","Member of the State Duma of the Russian Federation","Donetsk | Luhansk","UK (OFSI)","11/03/2022","10/12/1969","","14603","Russia (Sanctions) (EU Exit) Regulations 2019"
"ANUFRIEVA, Olga Nikolaevna","Individual","Member of the State Duma of the Russian Federation","Donetsk | Luhansk","UK (OFSI)","11/03/2022","18/08/1974","Russia","14247","Russia (Sanctions) (EU Exit) Regulations 2019"
"ARAPOV, Georgy Konstantinovich","Individual","Member of the State Duma of the Russian Federation","Donetsk | Luhansk","UK (OFSI)","11/03/2022","11/09/1999","Russia","14248","Russia (Sanctions) (EU Exit) Regulations 2019"
"AREFIEV, Nikolay Vasilievich","Individual","Member of the State Duma of the Russian Federation","Donetsk | Luhansk","UK (OFSI)","11/03/2022","11/03/1949","Russia","14558","Russia (Sanctions) (EU Exit) Regulations 2019"
"ARENIN, Sergei Petrovich","Individual","Member of the Federation Council of the Russian Federation","Donetsk | Luhansk","UK (OFSI)","15/03/2022","29/08/1958","","14872","Russia (Sanctions) (EU Exit) Regulations 2019"
"ARKHAROV, Yuri Viktorovich","Individual","Member of the Federation Council of the Russian Federation","Donetsk | Luhansk","UK (OFSI)","15/03/2022","13/06/1977","","14940","Russia (Sanctions) (EU Exit) Regulations 2019"
"ARSHBA, Otari Ionovich","Individual","Member of the State Duma of the Russian Federation","Donetsk | Luhansk","UK (OFSI)","11/03/2022","12/04/1955","Russia","14250","Russia (Sanctions) (EU Exit) Regulations 2019"
"ARSHINOVA, Alena Igorevna","Individual","Member of the State Duma of the Russian Federation","Donetsk | Luhansk","UK (OFSI)","11/03/2022","03/03/1985","Russia","14559","Russia (Sanctions) (EU Exit) Regulations 2019"
"ARTAMONOV, Anatoly Dmitrievich","Individual","Member of the Federation Council of the Russian Federation","Donetsk | Luhansk","UK (OFSI)","15/03/2022","05/05/1952","","14851","Russia (Sanctions) (EU Exit) Regulations 2019"
"ARTAMONOVA, Valentina Nikolaevna","Individual","Member of the State Duma of the Russian Federation","Donetsk | Luhansk","UK (OFSI)","11/03/2022","13/12/1960","Russia","14249","Russia (Sanctions) (EU Exit) Regulations 2019"
"AVDEEV, Mikhail Yurievich","Individual","Member of the State Duma of the Russian Federation","Donetsk | Luhansk","UK (OFSI)","11/03/2022","06/03/1977","Russia","14548","Russia (Sanctions) (EU Exit) Regulations 2019"
"AVDEEVA, Yelena Osipovna","Individual","Member of the Federation Council of the Russian Federation","Donetsk | Luhansk","UK (OFSI)","04/05/2022","19/07/1968","Russia","15343","Russia (Sanctions) (EU Exit) Regulations 2019"
"AVKSENTIEVA, Sardana Vladimirovna","Individual","Member of the State Duma of the Russian Federation","Donetsk | Luhansk","UK (OFSI)","11/03/2022","02/07/1970","Russia","14549","Russia (Sanctions) (EU Exit) Regulations 2019"
"AYUPOV, Rinat Zaydulaevich","Individual","Member of the State Duma of the Russian Federation","Donetsk | Luhansk","UK (OFSI)","11/03/2022","13/08/1974","Russia","14252","Russia (Sanctions) (EU Exit) Regulations 2019"
"AZIMOV, Rakhim Azizboevich","Individual","Member of the State Duma of the Russian Federation","Donetsk | Luhansk","UK (OFSI)","11/03/2022","16/08/1964","Russia","14550","Russia (Sanctions) (EU Exit) Regulations 2019"
"BABASHOV, Leonid Ivanovich","Individual","Member of the State Duma of the Russian Federation","Donetsk | Luhansk","UK (OFSI)","11/03/2022","31/01/1966","Russia","14253","Russia (Sanctions) (EU Exit) Regulations 2019"
"BABICH, Ivan Nikolaevich","Individual","Member of the State Duma of the Russian Federation","Donetsk | Luhansk","UK (OFSI)","11/03/2022","02/09/1982","Russia","14254","Russia (Sanctions) (EU Exit) Regulations 2019"
"BAIGUSKAROV, Zarif Zakirovich","Individual","Member of the State Duma of the Russian Federation","Donetsk | Luhansk","UK (OFSI)","15/03/2022","30/06/1967","Russia","14639","Russia (Sanctions) (EU Exit) Regulations 2019"
"BAKHMETIEV, Vitaly Viktorovich","Individual","Member of the State Duma of the Russian Federation","Donetsk | Luhansk","UK (OFSI)","11/03/2022","12/08/1961","Russia","14560","Russia (Sanctions) (EU Exit) Regulations 2019"
"BARAKHOEV, Bekhan Abdulkhamidovich","Individual","Member of the State Duma of the Russian Federation","Donetsk | Luhansk","UK (OFSI)","11/03/2022","01/08/1973","Russia","14256","Russia (Sanctions) (EU Exit) Regulations 2019"
"BARAKHOYEV, Mukharbek Oybertovich","Individual","Member of the Federation Council of the Russian Federation","Donetsk | Luhansk","UK (OFSI)","15/03/2022","04/01/1971","","14824","Russia (Sanctions) (EU Exit) Regulations 2019"
"BASANSKY, Anton Alexandrovich","Individual","Member of the State Duma of the Russian Federation","Donetsk | Luhansk","UK (OFSI)","11/03/2022","09/07/1987","Russia","14257","Russia (Sanctions) (EU Exit) Regulations 2019"
"BASHANKAEV, Badma Nikolaevich","Individual","Member of the State Duma of the Russian Federation","Donetsk | Luhansk","UK (OFSI)","11/03/2022","16/06/1978","Russia","14259","Russia (Sanctions) (EU Exit) Regulations 2019"
"BASHKIN, Aleksandr Davidovich","Individual","Member of the Federation Council of the Russian Federation","Donetsk | Luhansk","UK (OFSI)","15/03/2022","10/06/1962","","14845","Russia (Sanctions) (EU Exit) Regulations 2019"
"BATALOVA, Rima Akberdinovna","Individual","Member of the State Duma of the Russian Federation","Donetsk | Luhansk","UK (OFSI)","11/03/2022","01/01/1964","Russia","14258","Russia (Sanctions) (EU Exit) Regulations 2019"
"BAZHENOV, Timofey Timofeevich","Individual","Member of the State Duma of the Russian Federation","Donetsk | Luhansk","UK (OFSI)","11/03/2022","25/01/1976","Russia","14255","Russia (Sanctions) (EU Exit) Regulations 2019"
"BAZILEVSKY, Andrey Alexandrovich","Individual","Member of the Federation Council of the Russian Federation","Donetsk | Luhansk","UK (OFSI)","15/03/2022","24/02/1967","","14838","Russia (Sanctions) (EU Exit) Regulations 2019"
"BEKETOV, Vladimir Andreyevich","Individual","Member of the Federation Council of the Russian Federation","Donetsk | Luhansk","UK (OFSI)","15/03/2022","29/03/1949","","14909","Russia (Sanctions) (EU Exit) Regulations 2019"
"BELOUSOV, Mikhail Vladimirovich","Individual","Member of the Federation Council of the Russian Federation","Donetsk | Luhansk","UK (OFSI)","15/03/2022","10/11/1953","","14960","Russia (Sanctions) (EU Exit) Regulations 2019"
"BELOUSOV, Vadim Vladimirovich","Individual","Member of the State Duma of the Russian Federation","Donetsk | Luhansk","UK (OFSI)","11/03/2022","02/10/1960","Russia","14534","Russia (Sanctions) (EU Exit) Regulations 2019"
"BELYKH, Irina Viktorovna","Individual","Member of the State Duma of the Russian Federation","Donetsk | Luhansk","UK (OFSI)","11/03/2022","16/08/1964","Russia","14260","Russia (Sanctions) (EU Exit) Regulations 2019"
"BERULAVA, Mikhail Nikolaevich","Individual","Member of the State Duma of the Russian Federation","Donetsk | Luhansk","UK (OFSI)","11/03/2022","03/08/1950","Russia","14261","Russia (Sanctions) (EU Exit) Regulations 2019"
"BERYOZKIN, Sergey Vladimirovich","Individual","Member of the Federation Council of the Russian Federation","Donetsk | Luhansk","UK (OFSI)","15/03/2022","23/06/1955","","14881","Russia (Sanctions) (EU Exit) Regulations 2019"
"BESSARAB, Svetlana Viktorovna","Individual","Member of the State Duma of the Russian Federation","Donetsk | Luhansk","UK (OFSI)","11/03/2022","07/12/1970","Russia","14262","Russia (Sanctions) (EU Exit) Regulations 2019"
"BESSARABOV, Daniil Vladimirovich","Individual","Member of the State Duma of the Russian Federation","Donetsk | Luhansk","UK (OFSI)","11/03/2022","09/07/1976","Russia","14263","Russia (Sanctions) (EU Exit) Regulations 2019"
"BESSONOV, Evgeny Ivanovich","Individual","Member of the State Duma of the Russian Federation","Donetsk | Luhansk","UK (OFSI)","11/03/2022","26/11/1978","Russia","14264","Russia (Sanctions) (EU Exit) Regulations 2019"
"BEZDENEZHNYKH, Sergey Vyacheslavovich","Individual","Member of the Federation Council of the Russian Federation","Donetsk | Luhansk","UK (OFSI)","15/03/2022","25/08/1979","","14908","Russia (Sanctions) (EU Exit) Regulations 2019"
"BIBIKOVA, Yelena Vasilyevna","Individual","Member of the Federation Council of the Russian Federation","Donetsk | Luhansk","UK (OFSI)","15/03/2022","23/09/1956","","14867","Russia (Sanctions) (EU Exit) Regulations 2019"
"BICHAEV, Artem Alexandrovich","Individual","Member of the State Duma of the Russian Federation","Donetsk | Luhansk","UK (OFSI)","11/03/2022","04/04/1990","Russia","14265","Russia (Sanctions) (EU Exit) Regulations 2019"
"BIDONKO, Sergey Yurievich","Individual","Member of the State Duma of the Russian Federation","Donetsk | Luhansk","UK (OFSI)","15/03/2022","18/08/1975","Russia","14631","Russia (Sanctions) (EU Exit) Regulations 2019"
"BIFOV, Anatoly Zhamalovich","Individual","Member of the State Duma of the Russian Federation","Donetsk | Luhansk","UK (OFSI)","11/03/2022","07/01/1963","Russia","14487","Russia (Sanctions) (EU Exit) Regulations 2019"
"BLOTSKY, Vladimir Nikolaevich","Individual","Member of the State Duma of the Russian Federation","Donetsk | Luhansk","UK (OFSI)","11/03/2022","10/11/1977","Russia","14488","Russia (Sanctions) (EU Exit) Regulations 2019"
"BOGUSLAVSKY, Irek Borisovich","Individual","Member of the State Duma of the Russian Federation","Donetsk | Luhansk","UK (OFSI)","11/03/2022","09/09/1967","Russia","14535","Russia (Sanctions) (EU Exit) Regulations 2019"
"BONDARENKO, Elena Veniaminovna","Individual","Member of the State Duma of the Russian Federation","Donetsk | Luhansk","UK (OFSI)","11/03/2022","10/06/1968","Russia","14561","Russia (Sanctions) (EU Exit) Regulations 2019"
"BONDAREV, Viktor Nikolayevich","Individual","Member of the Federation Council of the Russian Federation","Donetsk | Luhansk","UK (OFSI)","15/03/2022","07/12/1959","","14853","Russia (Sanctions) (EU Exit) Regulations 2019"
"BORISOV, Alexander Alexandrovich","Individual","Member of the State Duma of the Russian Federation","Donetsk | Luhansk","UK (OFSI)","11/03/2022","17/08/1974","Russia","14266","Russia (Sanctions) (EU Exit) Regulations 2019"
"BORISOV, Yegor Fanasyevich","Individual","Member of the Federation Council of the Russian Federation","Donetsk | Luhansk","UK (OFSI)","15/03/2022","15/08/1954","","14835","Russia (Sanctions) (EU Exit) Regulations 2019"
"BOYARSKY, Sergei Mikhailovich","Individual","Member of the State Duma of the Russian Federation","Donetsk | Luhansk","UK (OFSI)","11/03/2022","24/01/1980","Russia","14267","Russia (Sanctions) (EU Exit) Regulations 2019"
"BRYKIN, Nikolai Gavrilovich","Individual","Member of the State Duma of the Russian Federation","Donetsk | Luhansk","UK (OFSI)","11/03/2022","25/11/1959","Russia","14268","Russia (Sanctions) (EU Exit) Regulations 2019"
"BRYKSIN, Aleksandr Yuryevich","Individual","Member of the Federation Council of the Russian Federation","Donetsk | Luhansk","UK (OFSI)","15/03/2022","20/01/1967","","14928","Russia (Sanctions) (EU Exit) Regulations 2019"
"BUDUEV, Nikolai Robertovich","Individual","Member of the State Duma of the Russian Federation","Donetsk | Luhansk","UK (OFSI)","11/03/2022","24/03/1974","Russia","14269","Russia (Sanctions) (EU Exit) Regulations 2019"
"BULAVIN, Vladimir Ivanovich","Individual","Member of the Russian Security Council and Head of the Federal Customs Service","Donetsk | Luhansk","UK (OFSI)","15/03/2022","11/02/1953","Russia","14776","Russia (Sanctions) (EU Exit) Regulations 2019"
"BULAVINOV, Vadim Evgenievich","Individual","Member of the State Duma of the Russian Federation","Donetsk | Luhansk","UK (OFSI)","11/03/2022","20/03/1963","Russia","14270","Russia (Sanctions) (EU Exit) Regulations 2019"
"BURLAKOV, Sergei Vladimirovich","Individual","Member of the State Duma of the Russian Federation","Donetsk | Luhansk","UK (OFSI)","11/03/2022","26/05/1971","Russia","14490","Russia (Sanctions) (EU Exit) Regulations 2019"
"BURLYAEV, Nikolai Petrovich","Individual","Member of the State Duma of the Russian Federation","Donetsk | Luhansk","UK (OFSI)","11/03/2022","03/08/1946","Russia","14491","Russia (Sanctions) (EU Exit) Regulations 2019"
"BURMATOV, Vladimir Vladimirovich","Individual","Member of the State Duma of the Russian Federation","Donetsk | Luhansk","UK (OFSI)","11/03/2022","18/08/1981","Russia","14271","Russia (Sanctions) (EU Exit) Regulations 2019"
"BUTINA, Maria Valerievna","Individual","Member of the State Duma of the Russian Federation","Donetsk | Luhansk","UK (OFSI)","11/03/2022","10/11/1988","Russia","14272","Russia (Sanctions) (EU Exit) Regulations 2019"
"BUTSKAYA, Tatyana Viktorovna","Individual","Member of the State Duma of the Russian Federation","Donetsk | Luhansk","UK (OFSI)","11/03/2022","08/05/1975","Russia","14492","Russia (Sanctions) (EU Exit) Regulations 2019"
"CHAPLIN, Nikita Yurievich","Individual","Member of the State Duma of the Russian Federation","Donetsk | Luhansk","UK (OFSI)","11/03/2022","28/07/1982","Russia","14468","Russia (Sanctions) (EU Exit) Regulations 2019"
"CHEMERIS, Roza Basirovna","Individual","Member of the State Duma of the Russian Federation","Donetsk | Luhansk","UK (OFSI)","11/03/2022","11/06/1978","Russia","14469","Russia (Sanctions) (EU Exit) Regulations 2019"
"CHEPA, Alexey Vasilievich","Individual","Member of the State Duma of the Russian Federation","Donetsk | Luhansk","UK (OFSI)","11/03/2022","22/11/1955","Russia","14527","Russia (Sanctions) (EU Exit) Regulations 2019"
"CHEPIKOV, Sergey Vladimirovich","Individual","Member of the State Duma of the Russian Federation","Donetsk | Luhansk","UK (OFSI)","11/03/2022","30/01/1967","Russia","14470","Russia (Sanctions) (EU Exit) Regulations 2019"
"CHERNYAK, Alexey Yurievich","Individual","Member of the State Duma of the Russian Federation","Donetsk | Luhansk","UK (OFSI)","11/03/2022","27/08/1973","Russia","14472","Russia (Sanctions) (EU Exit) Regulations 2019"
"CHERNYSHOV, Boris Alexandrovich","Individual","Member of the State Duma of the Russian Federation","Donetsk | Luhansk","UK (OFSI)","11/03/2022","25/06/1991","Russia","14471","Russia (Sanctions) (EU Exit) Regulations 2019"
"CHERNYSHYOV, Andrey Vladimirovich","Individual","Member of the Federation Council of the Russian Federation","Donetsk | Luhansk","UK (OFSI)","15/03/2022","10/07/1970","","14848","Russia (Sanctions) (EU Exit) Regulations 2019"
"CHIZHOV, Sergey Viktorovich","Individual","Member of the State Duma of the Russian Federation","Donetsk | Luhansk","UK (OFSI)","11/03/2022","16/03/1964","Russia","14528","Russia (Sanctions) (EU Exit) Regulations 2019"
"DAMDINTSURUNOV, Vyacheslav Anatolievich","Individual","Member of the State Duma of the Russian Federation","Donetsk | Luhansk","UK (OFSI)","11/03/2022","21/09/1977","Russia","14308","Russia (Sanctions) (EU Exit) Regulations 2019"
"DANCHIKOVA, Galina Innokentievna","Individual","Member of the State Duma of the Russian Federation","Donetsk | Luhansk","UK (OFSI)","11/03/2022","13/08/1954","Russia","14309","Russia (Sanctions) (EU Exit) Regulations 2019"
"DAVANKOV, Vladislav Andreevich","Individual","Member of the State Duma of the Russian Federation","Donetsk | Luhansk","UK (OFSI)","11/03/2022","25/02/1984","Russia","14307","Russia (Sanctions) (EU Exit) Regulations 2019"
"DELYAGIN, Mikhail Gennadievich","Individual","Member of the State Duma of the Russian Federation","Donetsk | Luhansk","UK (OFSI)","11/03/2022","18/03/1968","Russia","14497","Russia (Sanctions) (EU Exit) Regulations 2019"
"DEMCHENKO, Ivan Ivanovich","Individual","Member of the State Duma of the Russian Federation","Donetsk | Luhansk","UK (OFSI)","11/03/2022","27/09/1960","Russia","14311","Russia (Sanctions) (EU Exit) Regulations 2019"
"DEMIN, Alexander Vyacheslavovich","Individual","Member of the State Duma of the Russian Federation","Donetsk | Luhansk","UK (OFSI)","11/03/2022","23/09/1988","Russia","14310","Russia (Sanctions) (EU Exit) Regulations 2019"
"DENGIN, Vadim Yevgenyevich","Individual","Member of the Federation Council of the Russian Federation","Donetsk | Luhansk","UK (OFSI)","15/03/2022","23/09/1980","","14846","Russia (Sanctions) (EU Exit) Regulations 2019"
"DERYABKIN, Viktor Efimovich","Individual","Member of the State Duma of the Russian Federation","Donetsk | Luhansk","UK (OFSI)","11/03/2022","11/05/1954","Russia","14312","Russia (Sanctions) (EU Exit) Regulations 2019"
"DIDENKO, Alexey Nikolaevich","Individual","Member of the State Duma of the Russian Federation","Donetsk | Luhansk","UK (OFSI)","11/03/2022","30/03/1983","","14314","Russia (Sanctions) (EU Exit) Regulations 2019"
"DIMOV, Oleg Dmitrievich","Individual","Member of the State Duma of the Russian Federation","Donetsk | Luhansk","UK (OFSI)","11/03/2022","08/03/1968","Russia","14315","Russia (Sanctions) (EU Exit) Regulations 2019"
"DMITRIEVA, Oksana Genrikhovna","Individual","Member of the State Duma of the Russian Federation","Donetsk | Luhansk","UK (OFSI)","11/03/2022","03/04/1958","","14316","Russia (Sanctions) (EU Exit) Regulations 2019"
"DOGAEV, Ahmed Shamkhanovich","Individual","Member of the State Duma of the Russian Federation","Donetsk | Luhansk","UK (OFSI)","11/03/2022","18/08/1965","","14317","Russia (Sanctions) (EU Exit) Regulations 2019"
"DOLGOV, Konstantin Konstantinovich","Individual","Member of the Federation Council of the Russian Federation","Donetsk | Luhansk","UK (OFSI)","15/03/2022","12/08/1968","","14861","Russia (Sanctions) (EU Exit) Regulations 2019"
"DOLUDA, Nikolai Alexandrovich","Individual","Member of the State Duma of the Russian Federation","Donetsk | Luhansk","UK (OFSI)","11/03/2022","10/06/1952","Russia","14318","Russia (Sanctions) (EU Exit) Regulations 2019"
"DOROSHENKO, Andrey Nikolaevich","Individual","Member of the State Duma of the Russian Federation","Donetsk | Luhansk","UK (OFSI)","11/03/2022","10/03/1977","Russia","14319","Russia (Sanctions) (EU Exit) Regulations 2019"
"DROBOT, Maria Vladimirovna","Individual","Member of the State Duma of the Russian Federation","Donetsk | Luhansk","UK (OFSI)","11/03/2022","21/03/1982","Russia","14320","Russia (Sanctions) (EU Exit) Regulations 2019"
"DROZDOV, Alexander Sergeevich","Individual","Member of the State Duma of the Russian Federation","Donetsk | Luhansk","UK (OFSI)","11/03/2022","01/11/1970","","14322","Russia (Sanctions) (EU Exit) Regulations 2019"
"DROZHZHINA, Yulia Nikolaevna","Individual","Member of the State Duma of the Russian Federation","Donetsk | Luhansk","UK (OFSI)","11/03/2022","01/03/1990","Russia","14321","Russia (Sanctions) (EU Exit) Regulations 2019"
"DVOYNYKH, Aleksandr Vladimirovich","Individual","Member of the Federation Council of the Russian Federation","Donetsk | Luhansk","UK (OFSI)","15/03/2022","19/01/1984","","14929","Russia (Sanctions) (EU Exit) Regulations 2019"
"DYAKONOVA, Tatyana Ivanovna","Individual","Member of the State Duma of the Russian Federation","Donetsk | Luhansk","UK (OFSI)","11/03/2022","22/04/1970","Russia","14323","Russia (Sanctions) (EU Exit) Regulations 2019"
"DZIUBA, Viktor Viktorovich","Individual","Member of the State Duma of the Russian Federation","Donetsk | Luhansk","UK (OFSI)","11/03/2022","10/08/1977","","14313","Russia (Sanctions) (EU Exit) Regulations 2019"
"EFIMOV, Vitaly Borisovich","Individual","Member of the State Duma of the Russian Federation","Donetsk | Luhansk","UK (OFSI)","11/03/2022","04/04/1940","Russia","14327","Russia (Sanctions) (EU Exit) Regulations 2019"
"EVTYUKHOVA, Elena Alexandrovna","Individual","Member of the State Duma of the Russian Federation","Donetsk | Luhansk","UK (OFSI)","11/03/2022","07/08/1970","Russia","14324","Russia (Sanctions) (EU Exit) Regulations 2019"
"EZERSKY, Nikolay Nikolaevich","Individual","Member of the State Duma of the Russian Federation","Donetsk | Luhansk","UK (OFSI)","11/03/2022","08/05/1956","Russia","14325","Russia (Sanctions) (EU Exit) Regulations 2019"
"EZUBOV, Alexey Petrovich","Individual","Member of the State Duma of the Russian Federation","Donetsk | Luhansk","UK (OFSI)","11/03/2022","10/02/1948","Russia","14326","Russia (Sanctions) (EU Exit) Regulations 2019"
"Epifanova, Olga Nikolaevna","Individual","Member of the Federation Council of the Russian Federation","Donetsk | Luhansk","UK (OFSI)","15/03/2022","19/08/1966","","14829","Russia (Sanctions) (EU Exit) Regulations 2019"
"FADINA, Oksana Nikolaevna","Individual","Member of the State Duma of the Russian Federation","Donetsk | Luhansk","UK (OFSI)","11/03/2022","03/07/1976","Russia","14459","Russia (Sanctions) (EU Exit) Regulations 2019"
"FADZAYEV, Arsen Suleymanovich","Individual","Member of the Federation Council of the Russian Federation","Donetsk | Luhansk","UK (OFSI)","15/03/2022","05/09/1952","","14902","Russia (Sanctions) (EU Exit) Regulations 2019"
"FARRAKHOV, Airat Zakievich","Individual","Member of the State Duma of the Russian Federation","Donetsk | Luhansk","UK (OFSI)","11/03/2022","17/02/1968","","14541","Russia (Sanctions) (EU Exit) Regulations 2019"
"FEDOROV, Evgeny Alekseevich","Individual","Member of the State Duma of the Russian Federation","Donetsk | Luhansk","UK (OFSI)","11/03/2022","11/05/1963","Russia","14602","Russia (Sanctions) (EU Exit) Regulations 2019"
"FEDYAEV, Pavel Mikhailovich","Individual","Member of the State Duma of the Russian Federation","Donetsk | Luhansk","UK (OFSI)","11/03/2022","31/07/1982","Russia","14519","Russia (Sanctions) (EU Exit) Regulations 2019"
"FETISOV, Vyacheslav Alexandrovich","Individual","Member of the State Duma of the Russian Federation","Donetsk | Luhansk","UK (OFSI)","11/03/2022","20/04/1958","Russia","14520","Russia (Sanctions) (EU Exit) Regulations 2019"
"FILATOVA, Irina Anatolievna","Individual","Member of the State Duma of the Russian Federation","Donetsk | Luhansk","UK (OFSI)","11/03/2022","08/08/1978","Russia","14521","Russia (Sanctions) (EU Exit) Regulations 2019"
"FOMICHEV, Vyacheslav Vasilievich","Individual","Member of the State Duma of the Russian Federation","Donetsk | Luhansk","UK (OFSI)","11/03/2022","26/04/1965","Russia","14460","Russia (Sanctions) (EU Exit) Regulations 2019"
"FROLOVA, Tamara Ivanovna","Individual","Member of the State Duma of the Russian Federation","Donetsk | Luhansk","UK (OFSI)","11/03/2022","02/11/1959","Russia","14522","Russia (Sanctions) (EU Exit) Regulations 2019"
"FYODOROV, Nikolay Vasilyevich","Individual","Member of the Federation Council of the Russian Federation","Donetsk | Luhansk","UK (OFSI)","15/03/2022","09/05/1958","","14823","Russia (Sanctions) (EU Exit) Regulations 2019"
"FYODOROV, Yury Viktorovich","Individual","Member of the Federation Council of the Russian Federation","Donetsk | Luhansk","UK (OFSI)","15/03/2022","01/01/1972","","14905","Russia (Sanctions) (EU Exit) Regulations 2019"
"GADZHIEV, Abdulkhakim Kutbudinovich","Individual","Member of the State Duma of the Russian Federation","Donetsk | Luhansk","UK (OFSI)","11/03/2022","13/02/1966","Russia","14287","Russia (Sanctions) (EU Exit) Regulations 2019"
"GADZHIEV, Ruslan Gadzhievich","Individual","Member of the State Duma of the Russian Federation","Donetsk | Luhansk","UK (OFSI)","11/03/2022","29/08/1978","Russia","14288","Russia (Sanctions) (EU Exit) Regulations 2019"
"GADZHIYEV, Murad Stanislavovich","Individual","Member of the State Duma of the Russian Federation","Donetsk | Luhansk","UK (OFSI)","15/03/2022","31/07/1961","Russia","14625","Russia (Sanctions) (EU Exit) Regulations 2019"
"GALUSHINA, Rimma Fyodorovna","Individual","Member of the Federation Council of the Russian Federation","Donetsk | Luhansk","UK (OFSI)","15/03/2022","30/05/1963","","14955","Russia (Sanctions) (EU Exit) Regulations 2019"
"GARIN, Oleg Vladimirovich","Individual","Member of the State Duma of the Russian Federation","Donetsk | Luhansk","UK (OFSI)","11/03/2022","26/12/1973","Russia","14495","Russia (Sanctions) (EU Exit) Regulations 2019"
"GARTUNG, Valery Karlovich","Individual","Member of the State Duma of the Russian Federation","Donetsk | Luhansk","UK (OFSI)","11/03/2022","12/11/1960","Russia","14289","Russia (Sanctions) (EU Exit) Regulations 2019"
"GASANOV, Jamaladin Nabievich","Individual","Member of the State Duma of the Russian Federation","Donetsk | Luhansk","UK (OFSI)","11/03/2022","05/08/1964","Russia","14290","Russia (Sanctions) (EU Exit) Regulations 2019"
"GAVRILOV, Sergey Anatolievich","Individual","Member of the State Duma of the Russian Federation","Donetsk | Luhansk","UK (OFSI)","11/03/2022","27/01/1966","Russia","14286","Russia (Sanctions) (EU Exit) Regulations 2019"
"GEKKIEV, Zaur Dalkhatovich","Individual","Member of the State Duma of the Russian Federation","Donetsk | Luhansk","UK (OFSI)","11/03/2022","12/02/1961","Russia","14291","Russia (Sanctions) (EU Exit) Regulations 2019"
"GEREMEYEV, Suleiman Sadulayevich","Individual","Member of the Federation Council of the Russian Federation","Donetsk | Luhansk","UK (OFSI)","15/03/2022","20/01/1971","","14822","Russia (Sanctions) (EU Exit) Regulations 2019"
"GERMANOVA, Olga Mikhailovna","Individual","Member of the State Duma of the Russian Federation","Donetsk | Luhansk","UK (OFSI)","11/03/2022","26/09/1961","Russia","14292","Russia (Sanctions) (EU Exit) Regulations 2019"
"GETTA, Anton Alexandrovich","Individual","Member of the State Duma of the Russian Federation","Donetsk | Luhansk","UK (OFSI)","11/03/2022","29/04/1980","Russia","14293","Russia (Sanctions) (EU Exit) Regulations 2019"
"GIBATDINOV, Ayrat Minerasikhovich","Individual","Member of the Federation Council of the Russian Federation","Donetsk | Luhansk","UK (OFSI)","15/03/2022","16/01/1986","","14877","Russia (Sanctions) (EU Exit) Regulations 2019"
"GIGEL, Tatyana Anatolyevna","Individual","Member of the Federation Council of the Russian Federation","Donetsk | Luhansk","UK (OFSI)","15/03/2022","27/02/1960","","14889","Russia (Sanctions) (EU Exit) Regulations 2019"
"GILMUTDINOV, Dinar Zagitovich","Individual","Member of the State Duma of the Russian Federation","Donetsk | Luhansk","UK (OFSI)","11/03/2022","10/08/1969","Russia","14294","Russia (Sanctions) (EU Exit) Regulations 2019"
"GILMUTDINOV, Ildar Irekovich","Individual","Member of the State Duma of the Russian Federation","Donetsk | Luhansk","UK (OFSI)","11/03/2022","03/09/1962","Russia","14295","Russia (Sanctions) (EU Exit) Regulations 2019"
"GIMBATOV, Andrey Petrovich","Individual","Member of the State Duma of the Russian Federation","Donetsk | Luhansk","UK (OFSI)","11/03/2022","19/07/1979","Russia","14296","Russia (Sanctions) (EU Exit) Regulations 2019"
"GLADKIKH, Boris Mikhailovich","Individual","Member of the State Duma of the Russian Federation","Donetsk | Luhansk","UK (OFSI)","11/03/2022","16/02/1983","Russia","14297","Russia (Sanctions) (EU Exit) Regulations 2019"
"GLAZKOVA, Angelica Egorovna","Individual","Member of the State Duma of the Russian Federation","Donetsk | Luhansk","UK (OFSI)","11/03/2022","28/12/1968","Russia","14298","Russia (Sanctions) (EU Exit) Regulations 2019"
"GLEBOVA, Lyubov Nikolayevna","Individual","Member of the Federation Council of the Russian Federation","Donetsk | Luhansk","UK (OFSI)","15/03/2022","07/03/1960","","14834","Russia (Sanctions) (EU Exit) Regulations 2019"
"GOLIKOV, Oleg Alexandrovich","Individual","Member of the State Duma of the Russian Federation","Donetsk | Luhansk","UK (OFSI)","11/03/2022","21/10/1968","Russia","14299","Russia (Sanctions) (EU Exit) Regulations 2019"
"GONCHAROV, Nikolai Alexandrovich","Individual","Member of the State Duma of the Russian Federation","Donetsk | Luhansk","UK (OFSI)","11/03/2022","13/01/1984","Russia","14300","Russia (Sanctions) (EU Exit) Regulations 2019"
"GORDEEV, Alexey Vasilievich","Individual","Member of the State Duma of the Russian Federation","Donetsk | Luhansk","UK (OFSI)","11/03/2022","28/02/1955","Russia","14301","Russia (Sanctions) (EU Exit) Regulations 2019"
"GORELKIN, Anton Vadimovich","Individual","Member of the State Duma of the Russian Federation","Donetsk | Luhansk","UK (OFSI)","11/03/2022","22/01/1982","Russia","14302","Russia (Sanctions) (EU Exit) Regulations 2019"
"GORITSKY, Dmitry Yuryevich","Individual","Member of the Federation Council of the Russian Federation","Donetsk | Luhansk","UK (OFSI)","15/03/2022","28/10/1970","","14948","Russia (Sanctions) (EU Exit) Regulations 2019"
"GORNYAKOV, Sergey Vasilyevich","Individual","Member of the Federation Council of the Russian Federation","Donetsk | Luhansk","UK (OFSI)","15/03/2022","01/05/1966","","14951","Russia (Sanctions) (EU Exit) Regulations 2019"
"GORODETSKY, Vladimir Filippovich","Individual","Member of the Federation Council of the Russian Federation","Donetsk | Luhansk","UK (OFSI)","15/03/2022","11/07/1948","","14864","Russia (Sanctions) (EU Exit) Regulations 2019"
"GOROKHOV, Andrey Yurievich","Individual","Member of the State Duma of the Russian Federation","Donetsk | Luhansk","UK (OFSI)","11/03/2022","13/01/1960","Russia","14496","Russia (Sanctions) (EU Exit) Regulations 2019"
"GORYACHEVA, Ksenia Alexandrovna","Individual","Member of the State Duma of the Russian Federation","Donetsk | Luhansk","UK (OFSI)","11/03/2022","16/05/1996","Russia","14303","Russia (Sanctions) (EU Exit) Regulations 2019"
"GORYACHEVA, Svetlana Petrovna","Individual","Member of the Federation Council of the Russian Federation","Donetsk | Luhansk","UK (OFSI)","15/03/2022","03/06/1947","","14841","Russia (Sanctions) (EU Exit) Regulations 2019"
"GOVYRIN, Alexey Borisovich","Individual","Member of the State Duma of the Russian Federation","Donetsk | Luhansk","UK (OFSI)","11/03/2022","26/05/1983","","14604","Russia (Sanctions) (EU Exit) Regulations 2019"
"GRIGORIEV, Yury Innokent'evich","Individual","Member of the State Duma of the Russian Federation","Donetsk | Luhansk","UK (OFSI)","11/03/2022","20/09/1969","Russia","14304","Russia (Sanctions) (EU Exit) Regulations 2019"
"GUMEROVA, Liliya Salavatovna","Individual","Member of the Federation Council of the Russian Federation","Donetsk | Luhansk","UK (OFSI)","15/03/2022","16/12/1972","","14820","Russia (Sanctions) (EU Exit) Regulations 2019"
"GURULEV, Andrey Viktorovich","Individual","Member of the State Duma of the Russian Federation","Donetsk | Luhansk","UK (OFSI)","11/03/2022","16/10/1967","Russia","14305","Russia (Sanctions) (EU Exit) Regulations 2019"
"GUSAKOVSKY, Aleksandr Vladislavovich","Individual","Member of the Federation Council of the Russian Federation","Donetsk | Luhansk","UK (OFSI)","15/03/2022","25/08/1970","","14921","Russia (Sanctions) (EU Exit) Regulations 2019"
"GUSEV, Denis Vladimirovich","Individual","Member of the Federation Council of the Russian Federation","Donetsk | Luhansk","UK (OFSI)","15/03/2022","26/12/1976","","14884","Russia (Sanctions) (EU Exit) Regulations 2019"
"GUSEV, Dmitry Gennadievich","Individual","Member of the State Duma of the Russian Federation","Donetsk | Luhansk","UK (OFSI)","11/03/2022","23/07/1972","Russia","14306","Russia (Sanctions) (EU Exit) Regulations 2019"
"IGNATOV, Viktor Alexandrovich","Individual","Member of the State Duma of the Russian Federation","Donetsk | Luhansk","UK (OFSI)","15/03/2022","15/10/1968","Russia","14634","Russia (Sanctions) (EU Exit) Regulations 2019"
"IGOSHIN, Igor Nikolaevich","Individual","Member of the State Duma of the Russian Federation","Donetsk | Luhansk","UK (OFSI)","11/03/2022","11/12/1970","Russia","14342","Russia (Sanctions) (EU Exit) Regulations 2019"
"IKONNIKOV, Vasily Nikolayevich","Individual","Member of the Federation Council of the Russian Federation","Donetsk | Luhansk","UK (OFSI)","15/03/2022","26/04/1961","","14936","Russia (Sanctions) (EU Exit) Regulations 2019"
"ILINYKH, Vladimir Alekseevich","Individual","Member of the State Duma of the Russian Federation","Donetsk | Luhansk","UK (OFSI)","11/03/2022","20/05/1975","Russia","14343","Russia (Sanctions) (EU Exit) Regulations 2019"
"ILTYAKOV, Alexander Vladimirovich","Individual","Member of the State Duma of the Russian Federation","Donetsk | Luhansk","UK (OFSI)","11/03/2022","09/10/1971","Russia","14344","Russia (Sanctions) (EU Exit) Regulations 2019"
"ISAEV, Andrey Konstantinovich","Individual","Member of the State Duma of the Russian Federation","Donetsk | Luhansk","UK (OFSI)","11/03/2022","01/10/1964","Russia","14345","Russia (Sanctions) (EU Exit) Regulations 2019"
"ISAKOV, Eduard Vladimirovich","Individual","Member of the Federation Council of the Russian Federation","Donetsk | Luhansk","UK (OFSI)","15/03/2022","04/10/1973","","14883","Russia (Sanctions) (EU Exit) Regulations 2019"
"ISAKOV, Vladimir Pavlovich","Individual","Member of the State Duma of the Russian Federation","Donetsk | Luhansk","UK (OFSI)","11/03/2022","25/02/1987","Russia","14346","Russia (Sanctions) (EU Exit) Regulations 2019"
"ISLAMOV, Dmitry Viktorovich","Individual","Member of the State Duma of the Russian Federation","Donetsk | Luhansk","UK (OFSI)","11/03/2022","05/12/1977","Russia","14347","Russia (Sanctions) (EU Exit) Regulations 2019"
"IVANINSKY, Oleg Ivanovich","Individual","Member of the State Duma of the Russian Federation","Donetsk | Luhansk","UK (OFSI)","11/03/2022","05/06/1966","Russia","14334","Russia (Sanctions) (EU Exit) Regulations 2019"
"IVANOV, Maxim Anatolievich","Individual","Member of the State Duma of the Russian Federation","Donetsk | Luhansk","UK (OFSI)","11/03/2022","24/11/1967","Russia","14336","Russia (Sanctions) (EU Exit) Regulations 2019"
"IVANOV, Maxim Evgenievich","Individual","Member of the State Duma of the Russian Federation","Donetsk | Luhansk","UK (OFSI)","11/03/2022","23/05/1987","","14337","Russia (Sanctions) (EU Exit) Regulations 2019"
"IVANOV, Nikolai Nikolaevich","Individual","Member of the State Duma of the Russian Federation","Donetsk | Luhansk","UK (OFSI)","11/03/2022","17/01/1957","Russia","14338","Russia (Sanctions) (EU Exit) Regulations 2019"
"IVANOV, Sergei Borisovich","Individual","Special Presidential Representative for Environmental Protection, Ecology and Transport. Member of the Russian Security Council.","Donetsk | Luhansk","UK (OFSI)","15/03/2022","31/01/1953","Russia","14679","Russia (Sanctions) (EU Exit) Regulations 2019"
"IVANOV, Sergey Pavlovich","Individual","Member of the Federation Council of the Russian Federation","Donetsk | Luhansk","UK (OFSI)","15/03/2022","19/04/1952","","14964","Russia (Sanctions) (EU Exit) Regulations 2019"
"IVANOV, Vladimir Valerievich","Individual","Member of the State Duma of the Russian Federation","Donetsk | Luhansk","UK (OFSI)","11/03/2022","10/02/1971","Russia","14335","Russia (Sanctions) (EU Exit) Regulations 2019"
"IVANYUZHENKOV, Boris Viktorovich","Individual","Member of the State Duma of the Russian Federation","Donetsk | Luhansk","UK (OFSI)","11/03/2022","25/02/1966","Russia","14339","Russia (Sanctions) (EU Exit) Regulations 2019"
"IVENSKIKH, Irina Valentinovna","Individual","Member of the State Duma of the Russian Federation","Donetsk | Luhansk","UK (OFSI)","11/03/2022","22/07/1972","Russia","14340","Russia (Sanctions) (EU Exit) Regulations 2019"
"IVLEV, Leonid Grigorievich","Individual","Member of the State Duma of the Russian Federation","Donetsk | Luhansk","UK (OFSI)","11/03/2022","01/05/1953","Russia","14341","Russia (Sanctions) (EU Exit) Regulations 2019"
"KABYSHEV, Sergey Vladimirovich","Individual","Member of the State Duma of the Russian Federation","Donetsk | Luhansk","UK (OFSI)","11/03/2022","04/09/1963","Russia","14348","Russia (Sanctions) (EU Exit) Regulations 2019"
"KACHKAEV, Pavel Rurikovich","Individual","Member of the State Duma of the Russian Federation","Donetsk | Luhansk","UK (OFSI)","11/03/2022","04/10/1951","Russia","14363","Russia (Sanctions) (EU Exit) Regulations 2019"
"KADENKOV, Dmitry Mikhailovich","Individual","Member of the State Duma of the Russian Federation","Donetsk | Luhansk","UK (OFSI)","11/03/2022","03/05/1972","","14350","Russia (Sanctions) (EU Exit) Regulations 2019"
"KALASHNIK, Sergey Viktorovich","Individual","Member of the Federation Council of the Russian Federation","Donetsk | Luhansk","UK (OFSI)","15/03/2022","31/03/1978","","14926","Russia (Sanctions) (EU Exit) Regulations 2019"
"KALIMULLIN, Rustam Galiullovich","Individual","Member of the State Duma of the Russian Federation","Donetsk | Luhansk","UK (OFSI)","11/03/2022","02/01/1958","Russia","14354","Russia (Sanctions) (EU Exit) Regulations 2019"
"KAMNEV, Georgy Petrovich","Individual","Member of the State Duma of the Russian Federation","Donetsk | Luhansk","UK (OFSI)","11/03/2022","05/10/1983","Russia","14355","Russia (Sanctions) (EU Exit) Regulations 2019"
"KANAEV, Alexey Valerianovich","Individual","Member of the State Duma of the Russian Federation","Donetsk | Luhansk","UK (OFSI)","11/03/2022","30/09/1971","Russia","14356","Russia (Sanctions) (EU Exit) Regulations 2019"
"KANOKOV, Timur Borisovich","Individual","Member of the State Duma of the Russian Federation","Donetsk | Luhansk","UK (OFSI)","15/03/2022","24/09/1972","Russia","14633","Russia (Sanctions) (EU Exit) Regulations 2019"
"KARA-OOL, Sholban Valerievich","Individual","Member of the State Duma of the Russian Federation","Donetsk | Luhansk","UK (OFSI)","11/03/2022","18/07/1966","Russia","14357","Russia (Sanctions) (EU Exit) Regulations 2019"
"KARASIN, Grigory Borisovich","Individual","Member of the Federation Council of the Russian Federation","Donetsk | Luhansk","UK (OFSI)","15/03/2022","23/08/1949","","14870","Russia (Sanctions) (EU Exit) Regulations 2019"
"KARELIN, Aleksandr Alexandrovich","Individual","Member of the Federation Council of the Russian Federation","Donetsk | Luhansk","UK (OFSI)","15/03/2022","19/06/1967","","14933","Russia (Sanctions) (EU Exit) Regulations 2019"
"KARELOVA, Galina Nikolayevna","Individual","Member of the Federation Council of the Russian Federation","Donetsk | Luhansk","UK (OFSI)","15/03/2022","29/06/1960","","14880","Russia (Sanctions) (EU Exit) Regulations 2019"
"KARGINOV, Sergey Genrikhovich","Individual","Member of the State Duma of the Russian Federation","Donetsk | Luhansk","UK (OFSI)","11/03/2022","05/09/1969","Russia","14358","Russia (Sanctions) (EU Exit) Regulations 2019"
"KARLIN, Alexander Bogdanovich","Individual","Member of the Federation Council of the Russian Federation","Donetsk | Luhansk","UK (OFSI)","15/03/2022","29/10/1951","","14836","Russia (Sanctions) (EU Exit) Regulations 2019"
"KARLOV, Georgy Alexandrovich","Individual","Member of the State Duma of the Russian Federation","Donetsk | Luhansk","UK (OFSI)","11/03/2022","04/01/1971","Russia","14359","Russia (Sanctions) (EU Exit) Regulations 2019"
"KARMAZINA, Raisa Vasilievna","Individual","Member of the State Duma of the Russian Federation","Donetsk | Luhansk","UK (OFSI)","11/03/2022","09/01/1951","Russia","14360","Russia (Sanctions) (EU Exit) Regulations 2019"
"KARPOV, Anatoly Evgenievich","Individual","Member of the State Duma of the Russian Federation","Donetsk | Luhansk","UK (OFSI)","11/03/2022","23/05/1951","Russia","14361","Russia (Sanctions) (EU Exit) Regulations 2019"
"KASHIN, Vladimir Ivanovich","Individual","Member of the State Duma of the Russian Federation","Donetsk | Luhansk","UK (OFSI)","11/03/2022","10/08/1948","Russia","14364","Russia (Sanctions) (EU Exit) Regulations 2019"
"KASTYUKEVICH, Igor Yurievich","Individual","Member of the State Duma of the Russian Federation","Donetsk | Luhansk","UK (OFSI)","11/03/2022","06/12/1976","Russia","14362","Russia (Sanctions) (EU Exit) Regulations 2019"
"KAVINOV, Artem Alexandrovich","Individual","Member of the State Duma of the Russian Federation","Donetsk | Luhansk","UK (OFSI)","11/03/2022","03/09/1969","Russia","14349","Russia (Sanctions) (EU Exit) Regulations 2019"
"KAZAKOV, Viktor Alekseevich","Individual","Member of the State Duma of the Russian Federation","Donetsk | Luhansk","UK (OFSI)","11/03/2022","04/04/1949","Russia","14351","Russia (Sanctions) (EU Exit) Regulations 2019"
"KAZAKOVA, Olga Mikhailovna","Individual","Member of the State Duma of the Russian Federation","Donetsk | Luhansk","UK (OFSI)","11/03/2022","30/05/1968","Russia","14352","Russia (Sanctions) (EU Exit) Regulations 2019"
"KAZANKOV, Sergei Ivanovich","Individual","Member of the State Duma of the Russian Federation","Donetsk | Luhansk","UK (OFSI)","11/03/2022","09/10/1972","Russia","14353","Russia (Sanctions) (EU Exit) Regulations 2019"
"KAZANOKOV, Krym Olievich","Individual","Member of the Federation Council of the Russian Federation","Donetsk | Luhansk","UK (OFSI)","15/03/2022","19/07/1962","","14826","Russia (Sanctions) (EU Exit) Regulations 2019"
"KERIMOV, Suleyman Abusaidovich","Individual","Member of the Federation Council of the Russian Federation","Donetsk | Luhansk","UK (OFSI)","15/03/2022","12/03/1966","","14976","Russia (Sanctions) (EU Exit) Regulations 2019"
"KHAMCHIEV, Belan Bagaudinovich","Individual","Member of the Federation Council of the Russian Federation","Donetsk | Luhansk","UK (OFSI)","15/03/2022","07/12/1960","","14894","Russia (Sanctions) (EU Exit) Regulations 2019"
"KHAMITOV, Amir Mahsudovich","Individual","Member of the State Duma of the Russian Federation","Donetsk | Luhansk","UK (OFSI)","11/03/2022","04/02/1975","Russia","14523","Russia (Sanctions) (EU Exit) Regulations 2019"
"KHAMZAEV, Sultan","Individual","Member of the State Duma of the Russian Federation","Donetsk | Luhansk","UK (OFSI)","11/03/2022","24/05/1982","Russia","14461","Russia (Sanctions) (EU Exit) Regulations 2019"
"KHAPSIROKOV, Murat Krym-Gerievich","Individual","Member of the Federation Council of the Russian Federation","Donetsk | Luhansk","UK (OFSI)","15/03/2022","26/01/1978","","14888","Russia (Sanctions) (EU Exit) Regulations 2019"
"KHARCHENKO, Ekaterina Vladimirovna","Individual","Member of the State Duma of the Russian Federation","Donetsk | Luhansk","UK (OFSI)","11/03/2022","11/08/1977","Russia","14525","Russia (Sanctions) (EU Exit) Regulations 2019"
"KHARITONOV, Nikolai Mikhailovich","Individual","Member of the State Duma of the Russian Federation","Donetsk | Luhansk","UK (OFSI)","11/03/2022","30/10/1948","Russia","14524","Russia (Sanctions) (EU Exit) Regulations 2019"
"KHASANOV, Murat Ruslanovich","Individual","Member of the State Duma of the Russian Federation","Donetsk | Luhansk","UK (OFSI)","11/03/2022","10/12/1970","Russia","14462","Russia (Sanctions) (EU Exit) Regulations 2019"
"KHINSHTEIN, Alexander Evseevich","Individual","Member of the State Duma of the Russian Federation","Donetsk | Luhansk","UK (OFSI)","11/03/2022","26/10/1974","Russia","14463","Russia (Sanctions) (EU Exit) Regulations 2019"
"KHLYAKINA, Oksana Vladimirovna","Individual","Member of the Federation Council of the Russian Federation","Donetsk | Luhansk","UK (OFSI)","15/03/2022","28/11/1969","","14858","Russia (Sanctions) (EU Exit) Regulations 2019"
"KHOKHLOVA, Olga Nikolayevna","Individual","Member of the Federation Council of the Russian Federation","Donetsk | Luhansk","UK (OFSI)","15/03/2022","18/11/1957","","14950","Russia (Sanctions) (EU Exit) Regulations 2019"
"KHOR, Gleb Yakovlevich","Individual","Member of the State Duma of the Russian Federation","Donetsk | Luhansk","UK (OFSI)","11/03/2022","08/04/1963","Russia","14526","Russia (Sanctions) (EU Exit) Regulations 2019"
"KHOVANSKAYA, Galina Petrovna","Individual","Member of the State Duma of the Russian Federation","Donetsk | Luhansk","UK (OFSI)","11/03/2022","23/08/1943","Russia","14464","Russia (Sanctions) (EU Exit) Regulations 2019"
"KHUBEZOV, Dmitry Anatolievich","Individual","Member of the State Duma of the Russian Federation","Donetsk | Luhansk","UK (OFSI)","11/03/2022","20/12/1971","Russia","14465","Russia (Sanctions) (EU Exit) Regulations 2019"
"KIDYAEV, Viktor Borisovich","Individual","Member of the State Duma of the Russian Federation","Donetsk | Luhansk","UK (OFSI)","11/03/2022","09/07/1956","Russia","14365","Russia (Sanctions) (EU Exit) Regulations 2019"
"KIRYANOV, Artem Yurievich","Individual","Member of the State Duma of the Russian Federation","Donetsk | Luhansk","UK (OFSI)","11/03/2022","12/01/1977","Russia","14498","Russia (Sanctions) (EU Exit) Regulations 2019"
"KISELEV, Mikhail Sergeevich","Individual","Member of the State Duma of the Russian Federation","Donetsk | Luhansk","UK (OFSI)","11/03/2022","18/06/1986","Russia","14366","Russia (Sanctions) (EU Exit) Regulations 2019"
"KISLOV, Andrey Igoryevich","Individual","Member of the Federation Council of the Russian Federation","Donetsk | Luhansk","UK (OFSI)","15/03/2022","29/08/1958","","14941","Russia (Sanctions) (EU Exit) Regulations 2019"
"KISLYAK, Sergei Ivanovich","Individual","Member of the Federation Council of the Russian Federation","Donetsk | Luhansk","UK (OFSI)","15/03/2022","07/09/1950","","14831","Russia (Sanctions) (EU Exit) Regulations 2019"
"KISLYAKOV, Mikhail Leonidovich","Individual","Member of the State Duma of the Russian Federation","Donetsk | Luhansk","UK (OFSI)","11/03/2022","18/11/1975","Russia","14367","Russia (Sanctions) (EU Exit) Regulations 2019"
"KIZEEV, Mikhail Vladimirovich","Individual","Member of the State Duma of the Russian Federation","Donetsk | Luhansk","UK (OFSI)","11/03/2022","31/03/1978","","14368","Russia (Sanctions) (EU Exit) Regulations 2019"
"KLIMOV, Andrei Akardyevich","Individual","Member of the Federation Council of the Russian Federation","Donetsk | Luhansk","UK (OFSI)","15/03/2022","09/11/1954","","14840","Russia (Sanctions) (EU Exit) Regulations 2019"
"KOCHIEV, Robert Ivanovich","Individual","Member of the State Duma of the Russian Federation","Donetsk | Luhansk","UK (OFSI)","11/03/2022","16/03/1966","Russia","14369","Russia (Sanctions) (EU Exit) Regulations 2019"
"KOGAN, Alexander Borisovich","Individual","Member of the State Duma of the Russian Federation","Donetsk | Luhansk","UK (OFSI)","11/03/2022","26/02/1969","Russia","14499","Russia (Sanctions) (EU Exit) Regulations 2019"
"KOGOGINA, Alfia Gumarovna","Individual","Member of the State Duma of the Russian Federation","Donetsk | Luhansk","UK (OFSI)","15/03/2022","22/02/1968","Russia","14619","Russia (Sanctions) (EU Exit) Regulations 2019"
"KOLBIN, Sergei Nikolayevich","Individual","Member of the Federation Council of the Russian Federation","Donetsk | Luhansk","UK (OFSI)","15/03/2022","29/10/1969","","14959","Russia (Sanctions) (EU Exit) Regulations 2019"
"KOLESNIK, Andrei Ivanovich","Individual","Member of the State Duma of the Russian Federation","Donetsk | Luhansk","UK (OFSI)","11/03/2022","26/02/1960","Russia","14370","Russia (Sanctions) (EU Exit) Regulations 2019"
"KOLESNIKOV, Oleg Alekseevich","Individual","Member of the State Duma of the Russian Federation","Donetsk | Luhansk","UK (OFSI)","11/03/2022","11/09/1968","Russia","14500","Russia (Sanctions) (EU Exit) Regulations 2019"
"KOLOKOLTSEV, Vladimir Alexandrovich","Individual","Permanent member of the Russian Security Council.","Donetsk | Luhansk","UK (OFSI)","15/03/2022","11/05/1961","Russia","14678","Russia (Sanctions) (EU Exit) Regulations 2019"
"KOLOMEYTSEV, Nikolay Vasilievich","Individual","Member of the State Duma of the Russian Federation","Donetsk | Luhansk","UK (OFSI)","11/03/2022","01/09/1956","","14371","Russia (Sanctions) (EU Exit) Regulations 2019"
"KOLUNOV, Sergey Vladimirovich","Individual","Member of the State Duma of the Russian Federation","Donetsk | Luhansk","UK (OFSI)","11/03/2022","22/03/1973","","14501","Russia (Sanctions) (EU Exit) Regulations 2019"
"KOMOTSKY, Boris Olegovich","Individual","Member of the State Duma of the Russian Federation","Donetsk | Luhansk","UK (OFSI)","11/03/2022","31/01/1956","","14372","Russia (Sanctions) (EU Exit) Regulations 2019"
"KONDRATENKO, Aleksey Nikolayevich","Individual","Member of the Federation Council of the Russian Federation","Donetsk | Luhansk","UK (OFSI)","15/03/2022","16/12/1969","","14839","Russia (Sanctions) (EU Exit) Regulations 2019"
"KONDRATYUK, Nikolai Fyodorovna","Individual","Member of the Federation Council of the Russian Federation","Donetsk | Luhansk","UK (OFSI)","15/03/2022","07/11/1957","","14961","Russia (Sanctions) (EU Exit) Regulations 2019"
"KONONOV, Vladimir Mikhailovich","Individual","Member of the State Duma of the Russian Federation","Donetsk | Luhansk","UK (OFSI)","11/03/2022","13/03/1958","Russia","14502","Russia (Sanctions) (EU Exit) Regulations 2019"
"KORNIENKO, Alexey Viktorovich","Individual","Member of the State Duma of the Russian Federation","Donetsk | Luhansk","UK (OFSI)","11/03/2022","22/07/1976","Russia","14373","Russia (Sanctions) (EU Exit) Regulations 2019"
"KOROBOVA, Olga Vladimirovna","Individual","Member of the State Duma of the Russian Federation","Donetsk | Luhansk","UK (OFSI)","15/03/2022","15/09/1978","Russia","14629","Russia (Sanctions) (EU Exit) Regulations 2019"
"KOSACHEV, Konstantin Iosifovich","Individual","Member of the Federation Council of the Russian Federation","Donetsk | Luhansk","UK (OFSI)","15/03/2022","17/09/1962","","14830","Russia (Sanctions) (EU Exit) Regulations 2019"
"KOSHELEV, Vladimir Alekseevich","Individual","Member of the State Duma of the Russian Federation","Donetsk | Luhansk","UK (OFSI)","11/03/2022","01/10/1974","Russia","14374","Russia (Sanctions) (EU Exit) Regulations 2019"
"KOSIKHINA, Natalya Vladimirovna","Individual","Member of the Federation Council of the Russian Federation","Donetsk | Luhansk","UK (OFSI)","15/03/2022","08/07/1972","","14963","Russia (Sanctions) (EU Exit) Regulations 2019"
"KOSTENKO, Natalya Vasilievna","Individual","Member of the State Duma of the Russian Federation","Donetsk | Luhansk","UK (OFSI)","11/03/2022","09/08/1980","Russia","14375","Russia (Sanctions) (EU Exit) Regulations 2019"
"KOTKIN, Sergey Nikolaevich","Individual","Member of the State Duma of the Russian Federation","Donetsk | Luhansk","UK (OFSI)","11/03/2022","11/03/1956","Russia","14376","Russia (Sanctions) (EU Exit) Regulations 2019"
"KOVPAK, Lev Igorevich","Individual","Member of the State Duma of the Russian Federation","Donetsk | Luhansk","UK (OFSI)","11/03/2022","23/10/1978","Russia","14536","Russia (Sanctions) (EU Exit) Regulations 2019"
"KOZHANOVA, Irina Andreyevna","Individual","Member of the Federation Council of the Russian Federation","Donetsk | Luhansk","UK (OFSI)","15/03/2022","07/06/1987","","14943","Russia (Sanctions) (EU Exit) Regulations 2019"
"KOZHIN, Vladimir Igorevich","Individual","Member of the Federation Council of the Russian Federation","Donetsk | Luhansk","UK (OFSI)","15/03/2022","28/02/1959","","14887","Russia (Sanctions) (EU Exit) Regulations 2019"
"KOZLOVSKY, Alexander Nikolaevich","Individual","Member of the State Duma of the Russian Federation","Donetsk | Luhansk","UK (OFSI)","11/03/2022","05/05/1973","Russia","14377","Russia (Sanctions) (EU Exit) Regulations 2019"
"KRASHENINNIKOV, Pavel Vladimirovich","Individual","Member of the State Duma of the Russian Federation","Donetsk | Luhansk","UK (OFSI)","11/03/2022","21/06/1964","Russia","14378","Russia (Sanctions) (EU Exit) Regulations 2019"
"KRASNOSHTANOV, Anton Alekseevich","Individual","Member of the State Duma of the Russian Federation","Donetsk | Luhansk","UK (OFSI)","11/03/2022","10/06/1986","Russia","14503","Russia (Sanctions) (EU Exit) Regulations 2019"
"KRASNOV, Igor Viktorovich","Individual","Prosecutor General and Member of the Russian Security Council","Donetsk | Luhansk","UK (OFSI)","15/03/2022","24/12/1975","Russia","14793","Russia (Sanctions) (EU Exit) Regulations 2019"
"KRASOV, Andrey Leonidovich","Individual","Member of the State Duma of the Russian Federation","Donetsk | Luhansk","UK (OFSI)","11/03/2022","27/01/1967","Russia","14379","Russia (Sanctions) (EU Exit) Regulations 2019"
"KRAVCHENKO, Denis Borisovich","Individual","Member of the State Duma of the Russian Federation","Donetsk | Luhansk","UK (OFSI)","11/03/2022","17/04/1976","Russia","14537","Russia (Sanctions) (EU Exit) Regulations 2019"
"KRAVCHENKO, Vladimir Kasimirovich","Individual","Member of the Federation Council of the Russian Federation","Donetsk | Luhansk","UK (OFSI)","15/03/2022","12/06/1964","","14946","Russia (Sanctions) (EU Exit) Regulations 2019"
"KRESS, Viktor Melkhiorovich","Individual","Member of the Federation Council of the Russian Federation","Donetsk | Luhansk","UK (OFSI)","04/05/2022","16/11/1948","Russia","15344","Russia (Sanctions) (EU Exit) Regulations 2019"
"KRIVONOSOV, Sergey Vladimirovich","Individual","Member of the State Duma of the Russian Federation","Donetsk | Luhansk","UK (OFSI)","11/03/2022","29/05/1971","Russia","14504","Russia (Sanctions) (EU Exit) Regulations 2019"
"KRUGLY, Vladimir Igorevich","Individual","Member of the Federation Council of the Russian Federation","Donetsk | Luhansk","UK (OFSI)","15/03/2022","27/05/1955","","14866","Russia (Sanctions) (EU Exit) Regulations 2019"
"KULIKOVSKIKH, Nina Germanovna","Individual","Member of the Federation Council of the Russian Federation","Donetsk | Luhansk","UK (OFSI)","15/03/2022","05/02/1961","","14873","Russia (Sanctions) (EU Exit) Regulations 2019"
"KUMIN, Vadim Valentinovich","Individual","Member of the State Duma of the Russian Federation","Donetsk | Luhansk","UK (OFSI)","11/03/2022","01/01/1973","Russia","14380","Russia (Sanctions) (EU Exit) Regulations 2019"
"KURBANOV, Rizvan Daniyalovich","Individual","Member of the State Duma of the Russian Federation","Donetsk | Luhansk","UK (OFSI)","11/03/2022","03/01/1961","","14381","Russia (Sanctions) (EU Exit) Regulations 2019"
"KURINNY, Alexey Vladimirovich","Individual","Member of the State Duma of the Russian Federation","Donetsk | Luhansk","UK (OFSI)","11/03/2022","18/01/1974","","14382","Russia (Sanctions) (EU Exit) Regulations 2019"
"KUSAIKO, Tatyana Alekseevna","Individual","Member of the State Duma of the Russian Federation","Donetsk | Luhansk","UK (OFSI)","11/03/2022","15/01/1960","Russia","14383","Russia (Sanctions) (EU Exit) Regulations 2019"
"KUSHNAREV, Vitaly Vasilievich","Individual","Member of the State Duma of the Russian Federation","Donetsk | Luhansk","UK (OFSI)","11/03/2022","01/05/1975","Russia","14505","Russia (Sanctions) (EU Exit) Regulations 2019"
"KUTEPOV, Andrey Viktorovich","Individual","Member of the Federation Council of the Russian Federation","Donetsk | Luhansk","UK (OFSI)","15/03/2022","06/04/1971","","14958","Russia (Sanctions) (EU Exit) Regulations 2019"
"KUZMIN, Dmitry Gennadyevich","Individual","Member of the Federation Council of the Russian Federation","Donetsk | Luhansk","UK (OFSI)","15/03/2022","28/06/1975","","14924","Russia (Sanctions) (EU Exit) Regulations 2019"
"KUZMIN, Mikhail Vladimirovich","Individual","Member of the State Duma of the Russian Federation","Donetsk | Luhansk","UK (OFSI)","11/03/2022","05/08/1955","Russia","14384","Russia (Sanctions) (EU Exit) Regulations 2019"
"KUZNETSOV, Andrey Anatolievich","Individual","Member of the State Duma of the Russian Federation","Donetsk | Luhansk","UK (OFSI)","11/03/2022","29/05/1972","Russia","14386","Russia (Sanctions) (EU Exit) Regulations 2019"
"KUZNETSOV, Dmitry Vadimovich","Individual","Member of the State Duma of the Russian Federation","Donetsk | Luhansk","UK (OFSI)","11/03/2022","05/03/1975","Russia","14385","Russia (Sanctions) (EU Exit) Regulations 2019"
"KUZNETSOVA, Anna Yurievna","Individual","Member of the State Duma of the Russian Federation","Donetsk | Luhansk","UK (OFSI)","11/03/2022","03/01/1982","Russia","14387","Russia (Sanctions) (EU Exit) Regulations 2019"
"KVITKA, Ivan Ivanovich","Individual","Member of the State Duma of the Russian Federation","Donetsk | Luhansk","UK (OFSI)","11/03/2022","04/05/1967","Russia","14388","Russia (Sanctions) (EU Exit) Regulations 2019"
"LAMEIKIN, Dmitry Viktorovich","Individual","Member of the State Duma of the Russian Federation","Donetsk | Luhansk","UK (OFSI)","11/03/2022","27/02/1977","Russia","14506","Russia (Sanctions) (EU Exit) Regulations 2019"
"LANTRATOVA, Yana Valerievna","Individual","Member of the State Duma of the Russian Federation","Donetsk | Luhansk","UK (OFSI)","11/03/2022","14/12/1988","Russia","14389","Russia (Sanctions) (EU Exit) Regulations 2019"
"LAVRINENKO, Alexey Fedorovich","Individual","Member of the State Duma of the Russian Federation","Donetsk | Luhansk","UK (OFSI)","11/03/2022","20/08/1955","Russia","14390","Russia (Sanctions) (EU Exit) Regulations 2019"
"LAZUTKINA, Yuliya Viktorovna","Individual","Member of the Federation Council of the Russian Federation","Donetsk | Luhansk","UK (OFSI)","15/03/2022","03/11/1981","","14937","Russia (Sanctions) (EU Exit) Regulations 2019"
"LEBEDEV, Evgeny Viktorovich","Individual","Member of the State Duma of the Russian Federation","Donetsk | Luhansk","UK (OFSI)","11/03/2022","12/12/1957","Russia","14391","Russia (Sanctions) (EU Exit) Regulations 2019"
"LEBEDEV, Oleg Alexandrovich","Individual","Member of the State Duma of the Russian Federation","Donetsk | Luhansk","UK (OFSI)","11/03/2022","12/10/1976","Russia","14392","Russia (Sanctions) (EU Exit) Regulations 2019"
"LEBEDEV, Vladimir Albertovich","Individual","Member of the Federation Council of the Russian Federation","Donetsk | Luhansk","UK (OFSI)","15/03/2022","23/04/1962","","14862","Russia (Sanctions) (EU Exit) Regulations 2019"
"LECHKHADZHIEV, Ruslan Abdulvakhievich","Individual","Member of the State Duma of the Russian Federation","Donetsk | Luhansk","UK (OFSI)","11/03/2022","02/07/1965","Russia","14233","Russia (Sanctions) (EU Exit) Regulations 2019"
"LEDKOV, Grigory Petrovich","Individual","Member of the Federation Council of the Russian Federation","Donetsk | Luhansk","UK (OFSI)","15/03/2022","26/03/1969","","14956","Russia (Sanctions) (EU Exit) Regulations 2019"
"LEONOV, Oleg Yurievich","Individual","Member of the State Duma of the Russian Federation","Donetsk | Luhansk","UK (OFSI)","11/03/2022","10/09/1970","Russia","14393","Russia (Sanctions) (EU Exit) Regulations 2019"
"LEONOV, Sergey Dmitrievich","Individual","Member of the State Duma of the Russian Federation","Donetsk | Luhansk","UK (OFSI)","11/03/2022","09/05/1983","Russia","14232","Russia (Sanctions) (EU Exit) Regulations 2019"
"LESUN, Anatoly Fedorovich","Individual","Member of the State Duma of the Russian Federation","Donetsk | Luhansk","UK (OFSI)","11/03/2022","27/02/1959","Russia","14564","Russia (Sanctions) (EU Exit) Regulations 2019"
"LEVCHENKO, Sergey Georgievich","Individual","Member of the State Duma of the Russian Federation","Donetsk | Luhansk","UK (OFSI)","11/03/2022","02/11/1953","Russia","14231","Russia (Sanctions) (EU Exit) Regulations 2019"
"LICHACHOW, Vitali Viktorovich","Individual","Member of the State Duma of the Russian Federation","Donetsk | Luhansk","UK (OFSI)","15/03/2022","22/02/1964","Russia","14635","Russia (Sanctions) (EU Exit) Regulations 2019"
"LISITSYN, Anatoly Ivanovich","Individual","Member of the State Duma of the Russian Federation","Donetsk | Luhansk","UK (OFSI)","11/03/2022","26/06/1947","Russia","14507","Russia (Sanctions) (EU Exit) Regulations 2019"
"LISOVSKY, Sergey Fyodorovich","Individual","Member of the State Duma of the Russian Federation","Donetsk | Luhansk","UK (OFSI)","11/03/2022","25/04/1960","","14601","Russia (Sanctions) (EU Exit) Regulations 2019"
"LOBACH, Tatyana Georgievna","Individual","Member of the State Duma of the Russian Federation","Donetsk | Luhansk","UK (OFSI)","15/03/2022","08/01/1974","Russia","14632","Russia (Sanctions) (EU Exit) Regulations 2019"
"LOGINOV, Vyacheslav Yurievich","Individual","Member of the State Duma of the Russian Federation","Donetsk | Luhansk","UK (OFSI)","11/03/2022","09/01/1979","Russia","14394","Russia (Sanctions) (EU Exit) Regulations 2019"
"LOOR, Ivan Ivanovich","Individual","Member of the State Duma of the Russian Federation","Donetsk | Luhansk","UK (OFSI)","11/03/2022","11/12/1955","Russia","14234","Russia (Sanctions) (EU Exit) Regulations 2019"
"LOTSMANOV, Dmitriy Nikolaevich","Individual","Member of the State Duma of the Russian Federation","Donetsk | Luhansk","UK (OFSI)","15/03/2022","03/02/1975","Russia","14622","Russia (Sanctions) (EU Exit) Regulations 2019"
"LYABIKHOV, Roman Mikhailovich","Individual","Member of the State Duma of the Russian Federation","Donetsk | Luhansk","UK (OFSI)","11/03/2022","07/05/1973","Russia","14235","Russia (Sanctions) (EU Exit) Regulations 2019"
"LYUBARSKY, Roman Valerievich","Individual","Member of the State Duma of the Russian Federation","Donetsk | Luhansk","UK (OFSI)","11/03/2022","16/07/1980","Russia","14395","Russia (Sanctions) (EU Exit) Regulations 2019"
"MAIDANOV, Denis Vasilievich","Individual","Member of the State Duma of the Russian Federation","Donetsk | Luhansk","UK (OFSI)","11/03/2022","17/02/1976","Russia","14236","Russia (Sanctions) (EU Exit) Regulations 2019"
"MAKAROV, Andrey Mikhailovich","Individual","Member of the State Duma of the Russian Federation","Donetsk | Luhansk","UK (OFSI)","11/03/2022","22/07/1954","Russia","14538","Russia (Sanctions) (EU Exit) Regulations 2019"
"MAKAROV, Vyacheslav Serafimovich","Individual","Member of the State Duma of the Russian Federation","Donetsk | Luhansk","UK (OFSI)","11/03/2022","07/05/1955","Russia","14219","Russia (Sanctions) (EU Exit) Regulations 2019"
"MAKIEV, Zurab Gayozovich","Individual","Member of the State Duma of the Russian Federation","Donetsk | Luhansk","UK (OFSI)","11/03/2022","30/06/1976","Russia","14397","Russia (Sanctions) (EU Exit) Regulations 2019"
"MAKSIMOV, Alexander Alexandrovich","Individual","Member of the State Duma of the Russian Federation","Donetsk | Luhansk","UK (OFSI)","11/03/2022","15/11/1946","Russia","14237","Russia (Sanctions) (EU Exit) Regulations 2019"
"MAMSUROV, Taimuraz Dzhambekovich","Individual","Member of the Federation Council of the Russian Federation","Donetsk | Luhansk","UK (OFSI)","15/03/2022","13/04/1954","","14832","Russia (Sanctions) (EU Exit) Regulations 2019"
"MARCHENKO, Evgeniy Evgenievich","Individual","Member of the State Duma of the Russian Federation","Donetsk | Luhansk","UK (OFSI)","11/03/2022","17/07/1972","Russia","14399","Russia (Sanctions) (EU Exit) Regulations 2019"
"MARDANSHIN, Rafael Mirkhatimovich","Individual","Member of the State Duma of the Russian Federation","Donetsk | Luhansk","UK (OFSI)","11/03/2022","24/12/1961","Russia","14508","Russia (Sanctions) (EU Exit) Regulations 2019"
"MARKHAEV, Vyacheslav Mikhailovich","Individual","Member of the State Duma of the Russian Federation","Donetsk | Luhansk","UK (OFSI)","11/03/2022","01/06/1955","Russia","14239","Russia (Sanctions) (EU Exit) Regulations 2019"
"MARKOV, Andrey Pavlovich","Individual","Member of the State Duma of the Russian Federation","Donetsk | Luhansk","UK (OFSI)","11/03/2022","30/06/1972","Russia","14238","Russia (Sanctions) (EU Exit) Regulations 2019"
"MARKOV, Evgeny Vladimirovich","Individual","Member of the State Duma of the Russian Federation","Donetsk | Luhansk","UK (OFSI)","11/03/2022","08/11/1973","Russia","14398","Russia (Sanctions) (EU Exit) Regulations 2019"
"MARTYNOV, Sergey Alexandrovich","Individual","Member of the Federation Council of the Russian Federation","Donetsk | Luhansk","UK (OFSI)","15/03/2022","22/08/1959","","14900","Russia (Sanctions) (EU Exit) Regulations 2019"
"MATVEEV, Mikhail Nikolaevich","Individual","Member of the State Duma of the Russian Federation","Donetsk | Luhansk","UK (OFSI)","11/03/2022","13/05/1968","Russia","14240","Russia (Sanctions) (EU Exit) Regulations 2019"
"MAYOROV, Aleksey Petrovich","Individual","Member of the Federation Council of the Russian Federation","Donetsk | Luhansk","UK (OFSI)","15/03/2022","29/12/1961","","14896","Russia (Sanctions) (EU Exit) Regulations 2019"
"MAZHUGA, Alexander Georgievich","Individual","Member of the State Duma of the Russian Federation","Donetsk | Luhansk","UK (OFSI)","11/03/2022","06/08/1980","Russia","14396","Russia (Sanctions) (EU Exit) Regulations 2019"
"MEDVEDEV, Dmitry Anatolyevich","Individual","Vice Chairman of the Security Council of Russia.  Permanent member of the Russian Security Council","Donetsk | Luhansk","UK (OFSI)","15/03/2022","14/09/1965","Russia","14676","Russia (Sanctions) (EU Exit) Regulations 2019"
"METELEV, Artem Pavlovich","Individual","Member of the State Duma of the Russian Federation","Donetsk | Luhansk","UK (OFSI)","11/03/2022","11/08/1993","Russia","14400","Russia (Sanctions) (EU Exit) Regulations 2019"
"METSHIN, Aidar Raisovich","Individual","Member of the State Duma of the Russian Federation","Donetsk | Luhansk","UK (OFSI)","11/03/2022","27/08/1963","","14222","Russia (Sanctions) (EU Exit) Regulations 2019"
"MIKHAILOV, Sergey Patrovich","Individual","Member of the Federation Council of the Russian Federation","Donetsk | Luhansk","UK (OFSI)","15/03/2022","22/05/1965","","14914","Russia (Sanctions) (EU Exit) Regulations 2019"
"MILONOV, Vitaly Valentinovich","Individual","Member of the State Duma of the Russian Federation","Donetsk | Luhansk","UK (OFSI)","11/03/2022","23/01/1974","Russia","14401","Russia (Sanctions) (EU Exit) Regulations 2019"
"MISHUSTIN, Mikhail Vladimirovich","Individual","Permanent member of the Russian Security Council","Donetsk | Luhansk","UK (OFSI)","15/03/2022","03/03/1966","Russia","14677","Russia (Sanctions) (EU Exit) Regulations 2019"
"MITIN, Sergey Gerasimovich","Individual","Member of the Federation Council of the Russian Federation","Donetsk | Luhansk","UK (OFSI)","15/03/2022","14/06/1951","","14863","Russia (Sanctions) (EU Exit) Regulations 2019"
"MOROZOV, Igor Nikolayevich","Individual","Member of the Federation Council of the Russian Federation","Donetsk | Luhansk","UK (OFSI)","15/03/2022","10/12/1956","","14939","Russia (Sanctions) (EU Exit) Regulations 2019"
"MOROZOV, Oleg Viktorovich","Individual","Member of the State Duma of the Russian Federation","Donetsk | Luhansk","UK (OFSI)","11/03/2022","05/11/1953","Russia","14220","Russia (Sanctions) (EU Exit) Regulations 2019"
"MOROZOV, Sergey Ivanovich","Individual","Member of the State Duma of the Russian Federation","Donetsk | Luhansk","UK (OFSI)","11/03/2022","06/09/1959","","14539","Russia (Sanctions) (EU Exit) Regulations 2019"
"MOSKVICHEV, Evgeny Sergeevich","Individual","Member of the State Duma of the Russian Federation","Donetsk | Luhansk","UK (OFSI)","11/03/2022","28/09/1957","Russia","14565","Russia (Sanctions) (EU Exit) Regulations 2019"
"MUKHAMETSHIN, Farit Mubarakshevich","Individual","Member of the Federation Council of the Russian Federation","Donetsk | Luhansk","UK (OFSI)","15/03/2022","31/01/1947","","14871","Russia (Sanctions) (EU Exit) Regulations 2019"
"MURATOV, Sergey Nikolayevich","Individual","Member of the Federation Council of the Russian Federation","Donetsk | Luhansk","UK (OFSI)","15/03/2022","13/01/1964","","14927","Russia (Sanctions) (EU Exit) Regulations 2019"
"MUSATOV, Ivan Mikhailovich","Individual","Member of the State Duma of the Russian Federation","Donetsk | Luhansk","UK (OFSI)","11/03/2022","14/02/1976","Russia","14402","Russia (Sanctions) (EU Exit) Regulations 2019"
"NAGOVITSYN, Vyacheslav Vladimirovich","Individual","Member of the Federation Council of the Russian Federation","Donetsk | Luhansk","UK (OFSI)","15/03/2022","02/03/1956","","14821","Russia (Sanctions) (EU Exit) Regulations 2019"
"NAPSO, Yuri Aisovich","Individual","Member of the State Duma of the Russian Federation","Donetsk | Luhansk","UK (OFSI)","11/03/2022","17/04/1973","Russia","14404","Russia (Sanctions) (EU Exit) Regulations 2019"
"NAROLIN, Alexander Vladimirovich","Individual","Member of the Federation Council of the Russian Federation","Donetsk | Luhansk","UK (OFSI)","15/03/2022","27/06/1972","","14962","Russia (Sanctions) (EU Exit) Regulations 2019"
"NAUMOV, Stanislav Alexandrovich","Individual","Member of the State Duma of the Russian Federation","Donetsk | Luhansk","UK (OFSI)","11/03/2022","04/10/1972","Russia","14405","Russia (Sanctions) (EU Exit) Regulations 2019"
"NAZAROVA, Natalya Vasilievna","Individual","Member of the State Duma of the Russian Federation","Donetsk | Luhansk","UK (OFSI)","11/03/2022","22/12/1953","Russia","14403","Russia (Sanctions) (EU Exit) Regulations 2019"
"NECHAEV, Alexey Gennadievich","Individual","Member of the State Duma of the Russian Federation","Donetsk | Luhansk","UK (OFSI)","11/03/2022","30/08/1966","Russia","14566","Russia (Sanctions) (EU Exit) Regulations 2019"
"NEKRASOV, Aleksandr Nikolaevich","Individual","Member of the Federation Council of the Russian Federation","Donetsk | Luhansk","UK (OFSI)","04/05/2022","20/06/1963","","15345","Russia (Sanctions) (EU Exit) Regulations 2019"
"NEMKIN, Anton Igorevich","Individual","Member of the State Duma of the Russian Federation","Donetsk | Luhansk","UK (OFSI)","11/03/2022","22/08/1983","Russia","14406","Russia (Sanctions) (EU Exit) Regulations 2019"
"NEVZOROV, Boris Alexandrovich","Individual","Member of the Federation Council of the Russian Federation","Donetsk | Luhansk","UK (OFSI)","15/03/2022","21/09/1955","","14837","Russia (Sanctions) (EU Exit) Regulations 2019"
"NIFANTIEV, Evgeny Olegovich","Individual","Member of the State Duma of the Russian Federation","Donetsk | Luhansk","UK (OFSI)","11/03/2022","14/09/1978","Russia","14411","Russia (Sanctions) (EU Exit) Regulations 2019"
"NIKITIN, Aleksandr Valeryevich","Individual","Member of the Federation Council of the Russian Federation","Donetsk | Luhansk","UK (OFSI)","15/03/2022","26/04/1976","","14945","Russia (Sanctions) (EU Exit) Regulations 2019"
"NIKOLAEV, Nikolai Petrovich","Individual","Member of the State Duma of the Russian Federation","Donetsk | Luhansk","UK (OFSI)","11/03/2022","02/04/1970","Russia","14407","Russia (Sanctions) (EU Exit) Regulations 2019"
"NIKOLAEVA, Victoria Viktorovna","Individual","Member of the State Duma of the Russian Federation","Donetsk | Luhansk","UK (OFSI)","11/03/2022","21/11/1962","Russia","14408","Russia (Sanctions) (EU Exit) Regulations 2019"
"NIKONOV, Vyacheslav Alekseevich","Individual","Member of the State Duma of the Russian Federation","Donetsk | Luhansk","UK (OFSI)","15/03/2022","06/05/1956","Russia","14638","Russia (Sanctions) (EU Exit) Regulations 2019"
"NILOV, Oleg Anatolievich","Individual","Member of the State Duma of the Russian Federation","Donetsk | Luhansk","UK (OFSI)","11/03/2022","08/05/1962","Russia","14409","Russia (Sanctions) (EU Exit) Regulations 2019"
"NILOV, Yaroslav Evgenievich","Individual","Member of the State Duma of the Russian Federation","Donetsk | Luhansk","UK (OFSI)","11/03/2022","20/03/1982","Russia","14410","Russia (Sanctions) (EU Exit) Regulations 2019"
"NOVICHKOV, Nikolay Vladimirovich","Individual","Member of the State Duma of the Russian Federation","Donetsk | Luhansk","UK (OFSI)","11/03/2022","24/12/1974","Russia","14413","Russia (Sanctions) (EU Exit) Regulations 2019"
"NOVIKOV, Dmitry Georgievich","Individual","Member of the State Duma of the Russian Federation","Donetsk | Luhansk","UK (OFSI)","11/03/2022","12/09/1969","Russia","14412","Russia (Sanctions) (EU Exit) Regulations 2019"
"NOVOZHILOV, Viktor Feodosyevich","Individual","Member of the Federation Council of the Russian Federation","Donetsk | Luhansk","UK (OFSI)","15/03/2022","16/02/1965","","14916","Russia (Sanctions) (EU Exit) Regulations 2019"
"NOVYUKHOV, Aleksandr Vyacheslavovich","Individual","Member of the Federation Council of the Russian Federation","Donetsk | Luhansk","UK (OFSI)","15/03/2022","10/05/1975","","14954","Russia (Sanctions) (EU Exit) Regulations 2019"
"NURBAGANDOV, Nurbagand Magomedovich","Individual","Member of the State Duma of the Russian Federation","Donetsk | Luhansk","UK (OFSI)","11/03/2022","19/03/1957","Russia","14414","Russia (Sanctions) (EU Exit) Regulations 2019"
"OBUKHOV, Sergey Pavlovich","Individual","Member of the State Duma of the Russian Federation","Donetsk | Luhansk","UK (OFSI)","11/03/2022","05/10/1958","Russia","14415","Russia (Sanctions) (EU Exit) Regulations 2019"
"OGLOBLINA, Yulia Vasilievna","Individual","Member of the State Duma of the Russian Federation","Donetsk | Luhansk","UK (OFSI)","11/03/2022","01/11/1989","Russia","14416","Russia (Sanctions) (EU Exit) Regulations 2019"
"OGUL, Leonid Anatolievich","Individual","Member of the State Duma of the Russian Federation","Donetsk | Luhansk","UK (OFSI)","11/03/2022","26/10/1963","Russia","14509","Russia (Sanctions) (EU Exit) Regulations 2019"
"ORDENOV, Gennady Ivanovich","Individual","Member of the Federation Council of the Russian Federation","Donetsk | Luhansk","UK (OFSI)","15/03/2022","04/09/1957","","14917","Russia (Sanctions) (EU Exit) Regulations 2019"
"ORGEEVA, Marina Eduardovna","Individual","Member of the State Duma of the Russian Federation","Donetsk | Luhansk","UK (OFSI)","11/03/2022","21/09/1959","Russia","14417","Russia (Sanctions) (EU Exit) Regulations 2019"
"ORLOV, Aleksey Maratovich","Individual","Member of the Federation Council of the Russian Federation","Donetsk | Luhansk","UK (OFSI)","15/03/2022","09/10/1961","","14825","Russia (Sanctions) (EU Exit) Regulations 2019"
"ORLOVA, Natalya Alekseevna","Individual","Member of the State Duma of the Russian Federation","Donetsk | Luhansk","UK (OFSI)","15/03/2022","29/08/1969","Russia","14627","Russia (Sanctions) (EU Exit) Regulations 2019"
"OSADCHY, Nikolay Ivanovich","Individual","Member of the State Duma of the Russian Federation","Donetsk | Luhansk","UK (OFSI)","11/03/2022","08/12/1957","Russia","14418","Russia (Sanctions) (EU Exit) Regulations 2019"
"OSTANINA, Nina Alexandrovna","Individual","Member of the State Duma of the Russian Federation","Donetsk | Luhansk","UK (OFSI)","11/03/2022","26/12/1955","Russia","14419","Russia (Sanctions) (EU Exit) Regulations 2019"
"OTKE, Anna Ivanovna","Individual","Member of the Federation Council of the Russian Federation","Donetsk | Luhansk","UK (OFSI)","15/03/2022","21/12/1974","","14882","Russia (Sanctions) (EU Exit) Regulations 2019"
"OYUN, Dina Ivanovna","Individual","Member of the Federation Council of the Russian Federation","Donetsk | Luhansk","UK (OFSI)","15/03/2022","25/06/1963","","14904","Russia (Sanctions) (EU Exit) Regulations 2019"
"PAKHOMOV, Sergey Alexandrovich","Individual","Member of the State Duma of the Russian Federation","Donetsk | Luhansk","UK (OFSI)","11/03/2022","06/08/1975","Russia","14424","Russia (Sanctions) (EU Exit) Regulations 2019"
"PANESH, Kaplan Mugdinovich","Individual","Member of the State Duma of the Russian Federation","Donetsk | Luhansk","UK (OFSI)","11/03/2022","04/09/1974","Russia","14420","Russia (Sanctions) (EU Exit) Regulations 2019"
"PANIN, Gennady Olegovich","Individual","Member of the State Duma of the Russian Federation","Donetsk | Luhansk","UK (OFSI)","11/03/2022","13/06/1981","Russia","14421","Russia (Sanctions) (EU Exit) Regulations 2019"
"PANKINA, Irina Alexandrovna","Individual","Member of the State Duma of the Russian Federation","Donetsk | Luhansk","UK (OFSI)","11/03/2022","08/03/1986","Russia","14423","Russia (Sanctions) (EU Exit) Regulations 2019"
"PANKOV, Nikolay Vasilievich","Individual","Member of the State Duma of the Russian Federation","Donetsk | Luhansk","UK (OFSI)","11/03/2022","05/01/1965","Russia","14422","Russia (Sanctions) (EU Exit) Regulations 2019"
"PANTELEEV, Sergey Mikhailovich","Individual","Member of the State Duma of the Russian Federation","Donetsk | Luhansk","UK (OFSI)","11/03/2022","04/07/1951","Russia","14567","Russia (Sanctions) (EU Exit) Regulations 2019"
"PARFENOV, Denis Andreevich","Individual","Member of the State Duma of the Russian Federation","Donetsk | Luhansk","UK (OFSI)","11/03/2022","22/09/1987","","14568","Russia (Sanctions) (EU Exit) Regulations 2019"
"PAVLOVA, Margarita Nikolayevna","Individual","Member of the Federation Council of the Russian Federation","Donetsk | Luhansk","UK (OFSI)","15/03/2022","22/01/1979","","14847","Russia (Sanctions) (EU Exit) Regulations 2019"
"PAYKIN, Boris Romanovich","Individual","Member of the State Duma of the Russian Federation","Donetsk | Luhansk","UK (OFSI)","11/03/2022","26/03/1965","Russia","14510","Russia (Sanctions) (EU Exit) Regulations 2019"
"PERMINOV, Dmitry Sergeyevich","Individual","Member of the Federation Council of the Russian Federation","Donetsk | Luhansk","UK (OFSI)","15/03/2022","04/03/1979","","14934","Russia (Sanctions) (EU Exit) Regulations 2019"
"PERMINOV, Sergey Nikolayevich","Individual","Member of the Federation Council of the Russian Federation","Donetsk | Luhansk","UK (OFSI)","15/03/2022","16/09/1968","","14857","Russia (Sanctions) (EU Exit) Regulations 2019"
"PERMINOVA, Yelena Alekseyevna","Individual","Member of the Federation Council of the Russian Federation","Donetsk | Luhansk","UK (OFSI)","15/03/2022","05/12/1980","","14855","Russia (Sanctions) (EU Exit) Regulations 2019"
"PERVYSHOV, Evgeny Alekseevich","Individual","Member of the State Duma of the Russian Federation","Donetsk | Luhansk","UK (OFSI)","11/03/2022","04/05/1976","Russia","14426","Russia (Sanctions) (EU Exit) Regulations 2019"
"PETINA, Irina Alexandrovna","Individual","Member of the Federation Council of the Russian Federation","Donetsk | Luhansk","UK (OFSI)","15/03/2022","31/08/1972","","14869","Russia (Sanctions) (EU Exit) Regulations 2019"
"PETROV, Alexander Petrovich","Individual","Member of the State Duma of the Russian Federation","Donetsk | Luhansk","UK (OFSI)","11/03/2022","21/05/1958","Russia","14427","Russia (Sanctions) (EU Exit) Regulations 2019"
"PETROV, Sergey Valerievich","Individual","Member of the State Duma of the Russian Federation","Donetsk | Luhansk","UK (OFSI)","11/03/2022","19/04/1965","Russia","14429","Russia (Sanctions) (EU Exit) Regulations 2019"
"PETROV, Vyacheslav Anatolievich","Individual","Member of the State Duma of the Russian Federation","Donetsk | Luhansk","UK (OFSI)","11/03/2022","17/08/1969","Russia","14428","Russia (Sanctions) (EU Exit) Regulations 2019"
"PETROV, Yury Alexandrovich","Individual","Member of the State Duma of the Russian Federation","Donetsk | Luhansk","UK (OFSI)","11/03/2022","10/04/1947","Russia","14430","Russia (Sanctions) (EU Exit) Regulations 2019"
"PEVTSOV, Dmitry Anatolievich","Individual","Member of the State Duma of the Russian Federation","Donetsk | Luhansk","UK (OFSI)","11/03/2022","08/07/1963","Russia","14425","Russia (Sanctions) (EU Exit) Regulations 2019"
"PILIPENKO, Olga Vasilievna","Individual","Member of the State Duma of the Russian Federation","Donetsk | Luhansk","UK (OFSI)","11/03/2022","04/01/1966","","14432","Russia (Sanctions) (EU Exit) Regulations 2019"
"PINSKY, Viktor Vitalievich","Individual","Member of the State Duma of the Russian Federation","Donetsk | Luhansk","UK (OFSI)","11/03/2022","06/02/1964","Russia","14433","Russia (Sanctions) (EU Exit) Regulations 2019"
"PIROG, Dmitry Yurievich","Individual","Member of the State Duma of the Russian Federation","Donetsk | Luhansk","UK (OFSI)","11/03/2022","27/06/1980","Russia","14434","Russia (Sanctions) (EU Exit) Regulations 2019"
"PISAREVA, Yelena Vladimirovna","Individual","Member of the Federation Council of the Russian Federation","Donetsk | Luhansk","UK (OFSI)","15/03/2022","20/01/1967","","14932","Russia (Sanctions) (EU Exit) Regulations 2019"
"PISKAREV, Vasily Ivanovich","Individual","Member of the State Duma of the Russian Federation","Donetsk | Luhansk","UK (OFSI)","11/03/2022","08/11/1963","Russia","14435","Russia (Sanctions) (EU Exit) Regulations 2019"
"PIVNENKO, Valentina Nikolaevna","Individual","Member of the State Duma of the Russian Federation","Donetsk | Luhansk","UK (OFSI)","11/03/2022","14/06/1947","Russia","14431","Russia (Sanctions) (EU Exit) Regulations 2019"
"PLOTNIKOV, Vladimir Nikolaevich","Individual","Member of the State Duma of the Russian Federation","Donetsk | Luhansk","UK (OFSI)","11/03/2022","30/11/1961","Russia","14436","Russia (Sanctions) (EU Exit) Regulations 2019"
"PLYAKIN, Vladimir Vladimirovich","Individual","Member of the State Duma of the Russian Federation","Donetsk | Luhansk","UK (OFSI)","11/03/2022","19/09/1981","Russia","14437","Russia (Sanctions) (EU Exit) Regulations 2019"
"POGORELY, Dmitry Viktorovich","Individual","Member of the State Duma of the Russian Federation","Donetsk | Luhansk","UK (OFSI)","11/03/2022","04/10/1977","Russia","14438","Russia (Sanctions) (EU Exit) Regulations 2019"
"POLETAYEV, Vladimir Vladimirovich","Individual","Member of the Federation Council of the Russian Federation","Donetsk | Luhansk","UK (OFSI)","15/03/2022","23/05/1975","","14819","Russia (Sanctions) (EU Exit) Regulations 2019"
"POLUYANOVA, Nataliya Vladimirovna","Individual","Member of the State Duma of the Russian Federation","Donetsk | Luhansk","UK (OFSI)","15/03/2022","03/11/1981","Russia","14626","Russia (Sanctions) (EU Exit) Regulations 2019"
"POLYAKOV, Alexander Alekseevich","Individual","Member of the State Duma of the Russian Federation","Donetsk | Luhansk","UK (OFSI)","11/03/2022","31/01/1969","","14439","Russia (Sanctions) (EU Exit) Regulations 2019"
"POLYAKOVA, Alla Viktorovna","Individual","Member of the State Duma of the Russian Federation","Donetsk | Luhansk","UK (OFSI)","11/03/2022","26/11/1970","","14512","Russia (Sanctions) (EU Exit) Regulations 2019"
"PONOMAREV, Arkady Nikolaevich","Individual","Member of the State Duma of the Russian Federation","Donetsk | Luhansk","UK (OFSI)","15/03/2022","16/05/1956","","14621","Russia (Sanctions) (EU Exit) Regulations 2019"
"PONOMARYOV, Valery Andreevich","Individual","Member of the Federation Council of the Russian Federation","Donetsk | Luhansk","UK (OFSI)","04/05/2022","17/08/1959","Russia","15346","Russia (Sanctions) (EU Exit) Regulations 2019"
"POPOV, Evgeny Georgievich","Individual","Member of the State Duma of the Russian Federation","Donetsk | Luhansk","UK (OFSI)","11/03/2022","11/09/1978","","14569","Russia (Sanctions) (EU Exit) Regulations 2019"
"PROKOFIEV, Artyom Vyacheslavovich","Individual","Member of the State Duma of the Russian Federation","Donetsk | Luhansk","UK (OFSI)","11/03/2022","31/12/1983","","14571","Russia (Sanctions) (EU Exit) Regulations 2019"
"PROKOPIEV, Alexander Sergeevich","Individual","Member of the State Duma of the Russian Federation","Donetsk | Luhansk","UK (OFSI)","11/03/2022","05/08/1986","","14570","Russia (Sanctions) (EU Exit) Regulations 2019"
"PRONYUSHKIN, Aleksandr Yuryevich","Individual","Member of the Federation Council of the Russian Federation","Donetsk | Luhansk","UK (OFSI)","15/03/2022","31/07/1987","","14878","Russia (Sanctions) (EU Exit) Regulations 2019"
"PRUSAKOVA, Maria Nikolaevna","Individual","Member of the State Duma of the Russian Federation","Donetsk | Luhansk","UK (OFSI)","11/03/2022","04/09/1983","","14223","Russia (Sanctions) (EU Exit) Regulations 2019"
"PTITSYN, Roman Viktorovich","Individual","Member of the State Duma of the Russian Federation","Donetsk | Luhansk","UK (OFSI)","15/03/2022","09/08/1975","","14630","Russia (Sanctions) (EU Exit) Regulations 2019"
"PUSHKOV, Alexei Konstantinovich","Individual","Member of the Federation Council of the Russian Federation","Donetsk | Luhansk","UK (OFSI)","15/03/2022","10/08/1954","","14911","Russia (Sanctions) (EU Exit) Regulations 2019"
"RAKITIN, Aleksandr Vasilievich","Individual","Member of the Federation Council of the Russian Federation","Donetsk | Luhansk","UK (OFSI)","15/03/2022","17/05/1958","","14827","Russia (Sanctions) (EU Exit) Regulations 2019"
"RAPOTA, Grigory Alexeyevich","Individual","Member of the Federation Council of the Russian Federation","Donetsk | Luhansk","UK (OFSI)","15/03/2022","05/02/1944","","14856","Russia (Sanctions) (EU Exit) Regulations 2019"
"RAZVOROTNEVA, Svetlana Viktorovna","Individual","Member of the State Duma of the Russian Federation","Donetsk | Luhansk","UK (OFSI)","11/03/2022","25/03/1968","","14224","Russia (Sanctions) (EU Exit) Regulations 2019"
"REMEZKOV, Alexander Alexandrovich","Individual","Member of the State Duma of the Russian Federation","Donetsk | Luhansk","UK (OFSI)","11/03/2022","07/04/1962","","14573","Russia (Sanctions) (EU Exit) Regulations 2019"
"RESIN, Vladimir Iosifovich","Individual","Member of the State Duma of the Russian Federation","Donetsk | Luhansk","UK (OFSI)","15/03/2022","21/02/1936","","14636","Russia (Sanctions) (EU Exit) Regulations 2019"
"REVENKO, Evgeny Vasilievich","Individual","Member of the State Duma of the Russian Federation","Donetsk | Luhansk","UK (OFSI)","11/03/2022","22/05/1972","","14572","Russia (Sanctions) (EU Exit) Regulations 2019"
"REZNIK, Vladislav Matusovich","Individual","Member of the State Duma of the Russian Federation","Donetsk | Luhansk","UK (OFSI)","11/03/2022","17/05/1954","","14513","Russia (Sanctions) (EU Exit) Regulations 2019"
"RODINA, Victoria Sergeevna","Individual","Member of the State Duma of the Russian Federation","Donetsk | Luhansk","UK (OFSI)","11/03/2022","29/10/1989","","14574","Russia (Sanctions) (EU Exit) Regulations 2019"
"RODNINA, Irina Konstantinovna","Individual","Member of the State Duma of the Russian Federation","Donetsk | Luhansk","UK (OFSI)","15/03/2022","09/12/1949","","14624","Russia (Sanctions) (EU Exit) Regulations 2019"
"ROMANENKO, Roman Yurievich","Individual","Member of the State Duma of the Russian Federation","Donetsk | Luhansk","UK (OFSI)","11/03/2022","09/08/1971","","14225","Russia (Sanctions) (EU Exit) Regulations 2019"
"ROMANOV, Mikhail Valentinovich","Individual","Member of the State Duma of the Russian Federation","Donetsk | Luhansk","UK (OFSI)","11/03/2022","03/11/1984","","14542","Russia (Sanctions) (EU Exit) Regulations 2019"
"ROSSEL, Eduard Ergartovich","Individual","Member of the Federation Council of the Russian Federation","Donetsk | Luhansk","UK (OFSI)","04/05/2022","10/08/1937","Russia","15347","Russia (Sanctions) (EU Exit) Regulations 2019"
"RUDENSKY, Igor Nikolaevich","Individual","Member of the State Duma of the Russian Federation","Donetsk | Luhansk","UK (OFSI)","11/03/2022","11/09/1962","","14226","Russia (Sanctions) (EU Exit) Regulations 2019"
"RUKAVISHNIKOVA, Irina Valeryevna","Individual","Member of the Federation Council of the Russian Federation","Donetsk | Luhansk","UK (OFSI)","15/03/2022","02/03/1973","","14938","Russia (Sanctions) (EU Exit) Regulations 2019"
"RUMYANTSEV, Alexander Grigorievich","Individual","Member of the State Duma of the Russian Federation","Donetsk | Luhansk","UK (OFSI)","11/03/2022","12/02/1947","","14543","Russia (Sanctions) (EU Exit) Regulations 2019"
"RUMYANTSEV, Nikita Gennadievich","Individual","Member of the State Duma of the Russian Federation","Donetsk | Luhansk","UK (OFSI)","11/03/2022","27/04/1988","Russia","14221","Russia (Sanctions) (EU Exit) Regulations 2019"
"RYABTSEVA, Zhanna Anatolyevna","Individual","Member of the State Duma of the Russian Federation","Donetsk | Luhansk","UK (OFSI)","11/03/2022","08/12/1977","","14544","Russia (Sanctions) (EU Exit) Regulations 2019"
"RYABUKHIN, Sergey Nikolayevich","Individual","Member of the Federation Council of the Russian Federation","Donetsk | Luhansk","UK (OFSI)","15/03/2022","13/11/1954","","14949","Russia (Sanctions) (EU Exit) Regulations 2019"
"SAFIN, Lenar Rinatovich","Individual","Member of the Federation Council of the Russian Federation","Donetsk | Luhansk","UK (OFSI)","15/03/2022","11/02/1969","","14833","Russia (Sanctions) (EU Exit) Regulations 2019"
"SAKHAROVA, Tatyana Anatolyevna","Individual","Member of the Federation Council of the Russian Federation","Donetsk | Luhansk","UK (OFSI)","15/03/2022","16/06/1973","","14930","Russia (Sanctions) (EU Exit) Regulations 2019"
"SALAEVA, Alla Leonidovna","Individual","Member of the State Duma of the Russian Federation","Donetsk | Luhansk","UK (OFSI)","11/03/2022","14/09/1979","","14227","Russia (Sanctions) (EU Exit) Regulations 2019"
"SALPAGAROV, Akhmat Anzorovich","Individual","Member of the Federation Council of the Russian Federation","Donetsk | Luhansk","UK (OFSI)","15/03/2022","31/12/1962","","14897","Russia (Sanctions) (EU Exit) Regulations 2019"
"SAMOKISH, Vladimir Igorevich","Individual","Member of the State Duma of the Russian Federation","Donetsk | Luhansk","UK (OFSI)","11/03/2022","20/09/1975","","14514","Russia (Sanctions) (EU Exit) Regulations 2019"
"SAMOKUTYAEV, Alexander Mikhailovich","Individual","Member of the State Duma of the Russian Federation","Donetsk | Luhansk","UK (OFSI)","11/03/2022","13/03/1970","","14577","Russia (Sanctions) (EU Exit) Regulations 2019"
"SARALIEV, Shamsail Yunusovich","Individual","Member of the State Duma of the Russian Federation","Donetsk | Luhansk","UK (OFSI)","11/03/2022","05/11/1973","","14578","Russia (Sanctions) (EU Exit) Regulations 2019"
"SARANOVA, Julia Vladimirovna","Individual","Member of the State Duma of the Russian Federation","Donetsk | Luhansk","UK (OFSI)","11/03/2022","21/10/1988","","14579","Russia (Sanctions) (EU Exit) Regulations 2019"
"SARYGLAR, Aidyn Nikolaevich","Individual","Member of the State Duma of the Russian Federation","Donetsk | Luhansk","UK (OFSI)","11/03/2022","22/02/1988","","14580","Russia (Sanctions) (EU Exit) Regulations 2019"
"SAVCHENKO, Oleg Vladimirovich","Individual","Member of the State Duma of the Russian Federation","Donetsk | Luhansk","UK (OFSI)","11/03/2022","25/10/1966","","14545","Russia (Sanctions) (EU Exit) Regulations 2019"
"SAVCHENKO, Yevgeny Stepanovich","Individual","Member of the Federation Council of the Russian Federation","Donetsk | Luhansk","UK (OFSI)","15/03/2022","08/04/1950","","14918","Russia (Sanctions) (EU Exit) Regulations 2019"
"SAVELIEV, Dmitry Ivanovich","Individual","Member of the State Duma of the Russian Federation","Donetsk | Luhansk","UK (OFSI)","11/03/2022","25/05/1971","","14575","Russia (Sanctions) (EU Exit) Regulations 2019"
"SAVELYEV, Dmitry Vladimirovich","Individual","Member of the Federation Council of the Russian Federation","Donetsk | Luhansk","UK (OFSI)","15/03/2022","08/03/1968","","14874","Russia (Sanctions) (EU Exit) Regulations 2019"
"SAVIN, Aleksandr Alexandrovich","Individual","Member of the Federation Council of the Russian Federation","Donetsk | Luhansk","UK (OFSI)","15/03/2022","28/01/1962","","14923","Russia (Sanctions) (EU Exit) Regulations 2019"
"SAVITSKAYA, Svetlana Evgenievna","Individual","Member of the State Duma of the Russian Federation","Donetsk | Luhansk","UK (OFSI)","11/03/2022","08/08/1948","","14576","Russia (Sanctions) (EU Exit) Regulations 2019"
"SELEZNEV, Valery Sergeevich","Individual","Member of the State Duma of the Russian Federation","Donetsk | Luhansk","UK (OFSI)","11/03/2022","05/09/1964","","14229","Russia (Sanctions) (EU Exit) Regulations 2019"
"SELIVERSTOV, Viktor Valentinovich","Individual","Member of the State Duma of the Russian Federation","Donetsk | Luhansk","UK (OFSI)","11/03/2022","02/08/1954","","14515","Russia (Sanctions) (EU Exit) Regulations 2019"
"SEMIGIN, Gennady Yurievich","Individual","Member of the State Duma of the Russian Federation","Donetsk | Luhansk","UK (OFSI)","11/03/2022","23/03/1964","","14582","Russia (Sanctions) (EU Exit) Regulations 2019"
"SEMISOTOV, Nikolai Petrovich","Individual","Member of the Federation Council of the Russian Federation","Donetsk | Luhansk","UK (OFSI)","15/03/2022","02/12/1968","","14879","Russia (Sanctions) (EU Exit) Regulations 2019"
"SEMYONOV, Valery Vladimirovich","Individual","Member of the Federation Council of the Russian Federation","Donetsk | Luhansk","UK (OFSI)","15/03/2022","16/09/1960","","14910","Russia (Sanctions) (EU Exit) Regulations 2019"
"SENIN, Vladimir Borisovich","Individual","Member of the State Duma of the Russian Federation","Donetsk | Luhansk","UK (OFSI)","11/03/2022","17/09/1960","","14546","Russia (Sanctions) (EU Exit) Regulations 2019"
"SHAIKHUTDINOV, Rifat Gabdulkhakovich","Individual","Member of the State Duma of the Russian Federation","Donetsk | Luhansk","UK (OFSI)","11/03/2022","23/12/1963","","14529","Russia (Sanctions) (EU Exit) Regulations 2019"
"SHARGUNOV, Sergey Alexandrovich","Individual","Member of the State Duma of the Russian Federation","Donetsk | Luhansk","UK (OFSI)","11/03/2022","12/05/1990","Russia","14473","Russia (Sanctions) (EU Exit) Regulations 2019"
"SHCHAPOV, Mikhail Viktorovich","Individual","Member of the State Duma of the Russian Federation","Donetsk | Luhansk","UK (OFSI)","11/03/2022","20/09/1975","Russia","14480","Russia (Sanctions) (EU Exit) Regulations 2019"
"SHCHEGLOV, Nikolai Mikhailovich","Individual","Member of the State Duma of the Russian Federation","Donetsk | Luhansk","UK (OFSI)","11/03/2022","16/03/1960","Russia","14481","Russia (Sanctions) (EU Exit) Regulations 2019"
"SHCHEGOLEV, Igor Olegovich","Individual","Presidential Plenipotentiary Envoy to the Central Federal District and Member of the Russian Security Council","Donetsk | Luhansk","UK (OFSI)","15/03/2022","10/11/1965","Russia","14680","Russia (Sanctions) (EU Exit) Regulations 2019"
"SHCHERBAKOV, Alexander Vladimirovich","Individual","Member of the State Duma of the Russian Federation","Donetsk | Luhansk","UK (OFSI)","11/03/2022","12/03/1965","Russia","14482","Russia (Sanctions) (EU Exit) Regulations 2019"
"SHEVCHENKO, Andrei Anatolyevich","Individual","Member of the Federation Council of the Russian Federation","Donetsk | Luhansk","UK (OFSI)","15/03/2022","29/05/1965","","14935","Russia (Sanctions) (EU Exit) Regulations 2019"
"SHEYKIN, Artyom Gennadievich","Individual","Member of the Federation Council of the Russian Federation","Donetsk | Luhansk","UK (OFSI)","15/03/2022","25/03/1980","","14915","Russia (Sanctions) (EU Exit) Regulations 2019"
"SHILKIN, Grigory Vladimirovich","Individual","Member of the State Duma of the Russian Federation","Donetsk | Luhansk","UK (OFSI)","11/03/2022","20/10/1976","Russia","14475","Russia (Sanctions) (EU Exit) Regulations 2019"
"SHIPULIN, Anton Vladimirovich","Individual","Member of the State Duma of the Russian Federation","Donetsk | Luhansk","UK (OFSI)","15/03/2022","21/08/1987","Russia","14618","Russia (Sanctions) (EU Exit) Regulations 2019"
"SHIROKOV, Anatoly Ivanovich","Individual","Member of the Federation Council of the Russian Federation","Donetsk | Luhansk","UK (OFSI)","15/03/2022","29/12/1967","","14859","Russia (Sanctions) (EU Exit) Regulations 2019"
"SHKHAGOSHEV, Adalbi Lyulevich","Individual","Member of the State Duma of the Russian Federation","Donetsk | Luhansk","UK (OFSI)","11/03/2022","06/06/1967","Russia","14479","Russia (Sanctions) (EU Exit) Regulations 2019"
"SHKOLKINA, Nadezhda Vasilievna","Individual","Member of the State Duma of the Russian Federation","Donetsk | Luhansk","UK (OFSI)","11/03/2022","12/05/1970","Russia","14476","Russia (Sanctions) (EU Exit) Regulations 2019"
"SHOIGU, Sergei Kuzhugetovich","Individual","Minister of Defence of the Russian Federation. Member of the Russian Security Council.","Donetsk | Luhansk","UK (OFSI)","15/03/2022","21/05/1955","Russia","14640","Russia (Sanctions) (EU Exit) Regulations 2019"
"SHOLOKHOV, Alexander Mikhailovich","Individual","Member of the State Duma of the Russian Federation","Donetsk | Luhansk","UK (OFSI)","11/03/2022","25/01/1962","Russia","14530","Russia (Sanctions) (EU Exit) Regulations 2019"
"SHUBIN, Igor Nikolaevich","Individual","Member of the State Duma of the Russian Federation","Donetsk | Luhansk","UK (OFSI)","11/03/2022","20/12/1955","Russia","14477","Russia (Sanctions) (EU Exit) Regulations 2019"
"SHUMILOVA, Yelena Borisovna","Individual","Member of the Federation Council of the Russian Federation","Donetsk | Luhansk","UK (OFSI)","15/03/2022","01/04/1978","","14899","Russia (Sanctions) (EU Exit) Regulations 2019"
"SHUVALOV, Vadim Nikolaevich","Individual","Member of the State Duma of the Russian Federation","Donetsk | Luhansk","UK (OFSI)","11/03/2022","17/02/1958","Russia","14478","Russia (Sanctions) (EU Exit) Regulations 2019"
"SHVYTKIN, Yury Nikolaevich","Individual","Member of the State Duma of the Russian Federation","Donetsk | Luhansk","UK (OFSI)","11/03/2022","24/05/1965","Russia","14474","Russia (Sanctions) (EU Exit) Regulations 2019"
"SIMANOVSKY, Leonid Yakovlevich","Individual","Member of the State Duma of the Russian Federation","Donetsk | Luhansk","UK (OFSI)","11/03/2022","19/07/1949","","14583","Russia (Sanctions) (EU Exit) Regulations 2019"
"SIMIGIN, Pavel Vladimirovich","Individual","Member of the State Duma of the Russian Federation","Donetsk | Luhansk","UK (OFSI)","11/03/2022","26/07/1968","Russia","14547","Russia (Sanctions) (EU Exit) Regulations 2019"
"SINELSHCHIKOV, Yury Petrovich","Individual","Member of the State Duma of the Russian Federation","Donetsk | Luhansk","UK (OFSI)","11/03/2022","26/09/1947","Russia","14230","Russia (Sanctions) (EU Exit) Regulations 2019"
"SINITSYN, Aleksei Vladimirovich","Individual","Member of the Federation Council of the Russian Federation","Donetsk | Luhansk","UK (OFSI)","15/03/2022","13/01/1976","","14852","Russia (Sanctions) (EU Exit) Regulations 2019"
"SIPYAGIN, Vladimir Vladimirovich","Individual","Member of the State Duma of the Russian Federation","Donetsk | Luhansk","UK (OFSI)","15/03/2022","19/02/1970","","14637","Russia (Sanctions) (EU Exit) Regulations 2019"
"SITNIKOV, Alexey Vladimirovich","Individual","Member of the State Duma of the Russian Federation","Donetsk | Luhansk","UK (OFSI)","11/03/2022","19/06/1971","","14584","Russia (Sanctions) (EU Exit) Regulations 2019"
"SKACHKOV, Alexander Anatolievich","Individual","Member of the State Duma of the Russian Federation","Donetsk | Luhansk","UK (OFSI)","11/03/2022","21/11/1960","","14585","Russia (Sanctions) (EU Exit) Regulations 2019"
"SKAKOVSKAYA, Lyudmila Nikolayevna","Individual","Member of the Federation Council of the Russian Federation","Donetsk | Luhansk","UK (OFSI)","15/03/2022","13/11/1961","","14875","Russia (Sanctions) (EU Exit) Regulations 2019"
"SKLYAR, Gennady Ivanovich","Individual","Member of the State Duma of the Russian Federation","Donetsk | Luhansk","UK (OFSI)","11/03/2022","17/05/1952","","14586","Russia (Sanctions) (EU Exit) Regulations 2019"
"SKOCH, Andrei Vladimirovich","Individual","Member of the State Duma of the Russian Federation","Donetsk | Luhansk","UK (OFSI)","15/03/2022","30/01/1966","","14620","Russia (Sanctions) (EU Exit) Regulations 2019"
"SKRIVANOV, Dmitry Stanislavovich","Individual","Member of the State Duma of the Russian Federation","Donetsk | Luhansk","UK (OFSI)","11/03/2022","15/08/1971","","14440","Russia (Sanctions) (EU Exit) Regulations 2019"
"SKRUG, Valery Stepanovich","Individual","Member of the State Duma of the Russian Federation","Donetsk | Luhansk","UK (OFSI)","11/03/2022","20/06/1963","","14587","Russia (Sanctions) (EU Exit) Regulations 2019"
"SMIRNOV, Viktor Vladimirovich","Individual","Member of the State Duma of the Russian Federation","Donetsk | Luhansk","UK (OFSI)","11/03/2022","09/09/1968","","14516","Russia (Sanctions) (EU Exit) Regulations 2019"
"SOBOLEV, Viktor Ivanovich","Individual","Member of the State Duma of the Russian Federation","Donetsk | Luhansk","UK (OFSI)","11/03/2022","23/02/1950","","14441","Russia (Sanctions) (EU Exit) Regulations 2019"
"SOKOL, Sergei Mikhailovich","Individual","Member of the State Duma of the Russian Federation","Donetsk | Luhansk","UK (OFSI)","11/03/2022","17/12/1970","","14589","Russia (Sanctions) (EU Exit) Regulations 2019"
"SOLODOVNIKOV, Ivan Alexandrovich","Individual","Member of the State Duma of the Russian Federation","Donetsk | Luhansk","UK (OFSI)","11/03/2022","09/04/1985","","14442","Russia (Sanctions) (EU Exit) Regulations 2019"
"SOLODUN, Galina Nikolayevna","Individual","Member of the Federation Council of the Russian Federation","Donetsk | Luhansk","UK (OFSI)","15/03/2022","26/01/1968","","14919","Russia (Sanctions) (EU Exit) Regulations 2019"
"SOLOVYOV, Sergey Anatolievich","Individual","Member of the State Duma of the Russian Federation","Donetsk | Luhansk","UK (OFSI)","11/03/2022","01/05/1961","","14590","Russia (Sanctions) (EU Exit) Regulations 2019"
"SPIRIDONOV, Alexander Yurievich","Individual","Member of the State Duma of the Russian Federation","Donetsk | Luhansk","UK (OFSI)","11/03/2022","03/01/1989","","14591","Russia (Sanctions) (EU Exit) Regulations 2019"
"STANKEVICH, Yury Arkadievich","Individual","Member of the State Duma of the Russian Federation","Donetsk | Luhansk","UK (OFSI)","11/03/2022","24/07/1976","","14592","Russia (Sanctions) (EU Exit) Regulations 2019"
"STARSHINOV, Mikhail Evgenievich","Individual","Member of the State Duma of the Russian Federation","Donetsk | Luhansk","UK (OFSI)","11/03/2022","12/12/1971","Russia","14518","Russia (Sanctions) (EU Exit) Regulations 2019"
"STENYAKINA, Ekaterina Petrovna","Individual","Member of the State Duma of the Russian Federation","Donetsk | Luhansk","UK (OFSI)","11/03/2022","04/05/1985","","14443","Russia (Sanctions) (EU Exit) Regulations 2019"
"STRELYUHIN, Alexander Mikhailovich","Individual","Member of the State Duma of the Russian Federation","Donetsk | Luhansk","UK (OFSI)","11/03/2022","04/07/1958","","14444","Russia (Sanctions) (EU Exit) Regulations 2019"
"SUKHAREV, Ivan Konstantinovich","Individual","Member of the State Duma of the Russian Federation","Donetsk | Luhansk","UK (OFSI)","11/03/2022","10/06/1978","","14445","Russia (Sanctions) (EU Exit) Regulations 2019"
"SULEIMANOV, Renat Ismailovich","Individual","Member of the State Duma of the Russian Federation","Donetsk | Luhansk","UK (OFSI)","11/03/2022","24/12/1965","","14593","Russia (Sanctions) (EU Exit) Regulations 2019"
"SVISHCHEV, Dmitry Alexandrovich","Individual","Member of the State Duma of the Russian Federation","Donetsk | Luhansk","UK (OFSI)","11/03/2022","22/05/1969","","14581","Russia (Sanctions) (EU Exit) Regulations 2019"
"SVISTUNOV, Arkady Nikolaevich","Individual","Member of the State Duma of the Russian Federation","Donetsk | Luhansk","UK (OFSI)","11/03/2022","28/04/1965","","14228","Russia (Sanctions) (EU Exit) Regulations 2019"
"SVYATENKO, Inna Yuryevna","Individual","Member of the Federation Council of the Russian Federation","Donetsk | Luhansk","UK (OFSI)","15/03/2022","09/06/1967","","14957","Russia (Sanctions) (EU Exit) Regulations 2019"
"Smolin, Oleg Nikolaevich","Individual","Member of the State Duma of the Russian Federation","Donetsk | Luhansk","UK (OFSI)","11/03/2022","10/02/1952","","14517","Russia (Sanctions) (EU Exit) Regulations 2019"
"So-called 'Lugansk People's Republic'","Entity","","Donetsk | Luhansk","UK (OFSI)","31/12/2020","","","13047","Russia (Sanctions) (EU Exit) Regulations 2019"
"So-called Donetsk People's Republic","Entity","","Donetsk | Luhansk","UK (OFSI)","31/12/2020","","","13048","Russia (Sanctions) (EU Exit) Regulations 2019"
"TALABAYEVA, Lyudmila Zaumovna","Individual","Member of the Federation Council of the Russian Federation","Donetsk | Luhansk","UK (OFSI)","15/03/2022","06/06/1957","","14912","Russia (Sanctions) (EU Exit) Regulations 2019"
"TARAKANOV, Pavel Vladimirovich","Individual","Member of the Federation Council of the Russian Federation","Donetsk | Luhansk","UK (OFSI)","15/03/2022","21/06/1982","","14876","Russia (Sanctions) (EU Exit) Regulations 2019"
"TARASENKO, Mikhail Vasilievich","Individual","Member of the State Duma of the Russian Federation","Donetsk | Luhansk","UK (OFSI)","11/03/2022","21/11/1947","","14595","Russia (Sanctions) (EU Exit) Regulations 2019"
"TARBAEV, Sangadzhi Andreevich","Individual","Member of the State Duma of the Russian Federation","Donetsk | Luhansk","UK (OFSI)","11/03/2022","15/04/1982","","14447","Russia (Sanctions) (EU Exit) Regulations 2019"
"TATRIEV, Muslim Barisovich","Individual","Member of the State Duma of the Russian Federation","Donetsk | Luhansk","UK (OFSI)","11/03/2022","11/01/1980","","14448","Russia (Sanctions) (EU Exit) Regulations 2019"
"TAYMAZOV, Artur Borisovich","Individual","Member of the State Duma of the Russian Federation","Donetsk | Luhansk","UK (OFSI)","11/03/2022","20/07/1979","","14446","Russia (Sanctions) (EU Exit) Regulations 2019"
"TAYSAEV, Kazbek Kutsukovich","Individual","Member of the State Duma of the Russian Federation","Donetsk | Luhansk","UK (OFSI)","11/03/2022","12/02/1967","","14594","Russia (Sanctions) (EU Exit) Regulations 2019"
"TEN, Sergey Yurievich","Individual","Member of the State Duma of the Russian Federation","Donetsk | Luhansk","UK (OFSI)","11/03/2022","25/08/1976","","14449","Russia (Sanctions) (EU Exit) Regulations 2019"
"TERENTIEV, Alexander Vasilievich","Individual","Member of the State Duma of the Russian Federation","Donetsk | Luhansk","UK (OFSI)","11/03/2022","01/01/1961","","14596","Russia (Sanctions) (EU Exit) Regulations 2019"
"TERENTIEV, Mikhail Borisovich","Individual","Member of the State Duma of the Russian Federation","Donetsk | Luhansk","UK (OFSI)","11/03/2022","14/05/1970","","14597","Russia (Sanctions) (EU Exit) Regulations 2019"
"TERYUSHKOV, Roman Igorevich","Individual","Member of the State Duma of the Russian Federation","Donetsk | Luhansk","UK (OFSI)","11/03/2022","20/12/1979","","14450","Russia (Sanctions) (EU Exit) Regulations 2019"
"TETERDINKO, Alexander Pavlovich","Individual","Member of the State Duma of the Russian Federation","Donetsk | Luhansk","UK (OFSI)","11/03/2022","20/11/1983","Russia","14598","Russia (Sanctions) (EU Exit) Regulations 2019"
"TIMCHENKO, Vycheslav Stepanovich","Individual","Member of the Federation Council of the Russian Federation","Donetsk | Luhansk","UK (OFSI)","15/03/2022","20/11/1955","","14925","Russia (Sanctions) (EU Exit) Regulations 2019"
"TIMOFEEVA, Olga Viktorovna","Individual","Member of the State Duma of the Russian Federation","Donetsk | Luhansk","UK (OFSI)","11/03/2022","19/08/1977","","14451","Russia (Sanctions) (EU Exit) Regulations 2019"
"TKACH, Oleg Polikarpovich","Individual","Member of the Federation Council of the Russian Federation","Donetsk | Luhansk","UK (OFSI)","15/03/2022","23/09/1967","","14850","Russia (Sanctions) (EU Exit) Regulations 2019"
"TKACHEV, Alexey Nikolaevich","Individual","Member of the State Duma of the Russian Federation","Donetsk | Luhansk","UK (OFSI)","11/03/2022","01/03/1957","","14452","Russia (Sanctions) (EU Exit) Regulations 2019"
"TKACHEV, Anton Olegovich","Individual","Member of the State Duma of the Russian Federation","Donetsk | Luhansk","UK (OFSI)","11/03/2022","31/03/1994","","14453","Russia (Sanctions) (EU Exit) Regulations 2019"
"TOLSTOY, Petr Olegovich","Individual","Member of the State Duma of the Russian Federation","Donetsk | Luhansk","UK (OFSI)","11/03/2022","20/06/1969","","14599","Russia (Sanctions) (EU Exit) Regulations 2019"
"TOPILIN, Maxim Anatolievich","Individual","Member of the State Duma of the Russian Federation","Donetsk | Luhansk","UK (OFSI)","11/03/2022","19/04/1967","","14454","Russia (Sanctions) (EU Exit) Regulations 2019"
"TRETIAK, Vladislav Alexandrovich","Individual","Member of the State Duma of the Russian Federation","Donetsk | Luhansk","UK (OFSI)","11/03/2022","25/04/1952","","14455","Russia (Sanctions) (EU Exit) Regulations 2019"
"TRIFONOV, Andrey Fyodorovich","Individual","Member of the State Duma of the Russian Federation","Donetsk | Luhansk","UK (OFSI)","11/03/2022","01/05/1965","Russia","14600","Russia (Sanctions) (EU Exit) Regulations 2019"
"TSED, Nikolai Grigorievich","Individual","Member of the State Duma of the Russian Federation","Donetsk | Luhansk","UK (OFSI)","11/03/2022","06/10/1959","Russia","14466","Russia (Sanctions) (EU Exit) Regulations 2019"
"TSEPKIN, Oleg Vladimirovich","Individual","Member of the Federation Council of the Russian Federation","Donetsk | Luhansk","UK (OFSI)","15/03/2022","15/09/1965","","14920","Russia (Sanctions) (EU Exit) Regulations 2019"
"TSUNAEVA, Elena Moiseevna","Individual","Member of the State Duma of the Russian Federation","Donetsk | Luhansk","UK (OFSI)","11/03/2022","13/01/1969","Russia","14467","Russia (Sanctions) (EU Exit) Regulations 2019"
"TULTAYEV, Pyotr Nikolaevich","Individual","Member of the Federation Council of the Russian Federation","Donetsk | Luhansk","UK (OFSI)","15/03/2022","01/01/1961","","14901","Russia (Sanctions) (EU Exit) Regulations 2019"
"TUMUSOV, Fedot Semyonovich","Individual","Member of the State Duma of the Russian Federation","Donetsk | Luhansk","UK (OFSI)","11/03/2022","30/06/1955","","14456","Russia (Sanctions) (EU Exit) Regulations 2019"
"TURCHAK, Andrey Anatolyevich","Individual","Member of the Federation Council of the Russian Federation","Donetsk | Luhansk","UK (OFSI)","15/03/2022","20/12/1975","","14708","Russia (Sanctions) (EU Exit) Regulations 2019"
"TUROV, Artyom Viktorovich","Individual","Member of the State Duma of the Russian Federation","Donetsk | Luhansk","UK (OFSI)","11/03/2022","01/03/1984","","14457","Russia (Sanctions) (EU Exit) Regulations 2019"
"TUTOVA, Larisa Nikolaevna","Individual","Member of the State Duma of the Russian Federation","Donetsk | Luhansk","UK (OFSI)","11/03/2022","18/10/1969","","14540","Russia (Sanctions) (EU Exit) Regulations 2019"
"ULBASHEV, Mukharby Magomedovich","Individual","Member of the Federation Council of the Russian Federation","Donetsk | Luhansk","UK (OFSI)","15/03/2022","15/05/1960","","14895","Russia (Sanctions) (EU Exit) Regulations 2019"
"UMAKHANOV, Iliyas Magomed-Salamovich","Individual","Member of the Federation Council of the Russian Federation","Donetsk | Luhansk","UK (OFSI)","04/05/2022","27/03/1957","Russia","15348","Russia (Sanctions) (EU Exit) Regulations 2019"
"USATYUK, Valery Petrovich","Individual","Member of the Federation Council of the Russian Federation","Donetsk | Luhansk","UK (OFSI)","15/03/2022","14/07/1948","","14828","Russia (Sanctions) (EU Exit) Regulations 2019"
"USTINOV, Vladimir Vasilyevich","Individual","Member of Russian Security Council and Presidential Plenipotentiary Envoy to the Southern Federal District","Donetsk | Luhansk","UK (OFSI)","15/03/2022","25/02/1953","","14794","Russia (Sanctions) (EU Exit) Regulations 2019"
"UTYASHEVA, Rimma Amirovna","Individual","Member of the State Duma of the Russian Federation","Donetsk | Luhansk","UK (OFSI)","11/03/2022","03/01/1952","","14458","Russia (Sanctions) (EU Exit) Regulations 2019"
"VAINO, Anton Eduardovich","Individual","Chief of Staff of the Presidential Executive Office.  Member of the Russian Security Council.","Donetsk | Luhansk","UK (OFSI)","15/03/2022","17/02/1972","Russia","14641","Russia (Sanctions) (EU Exit) Regulations 2019"
"VALEEV, Ernest Abdulovich","Individual","Member of the State Duma of the Russian Federation","Donetsk | Luhansk","UK (OFSI)","11/03/2022","07/04/1950","Russia","14273","Russia (Sanctions) (EU Exit) Regulations 2019"
"VALENCHUK, Oleg Dorianovich","Individual","Member of the State Duma of the Russian Federation","Donetsk | Luhansk","UK (OFSI)","11/03/2022","14/09/1960","Russia","14274","Russia (Sanctions) (EU Exit) Regulations 2019"
"VALUEEV, Nikolai Sergeevich","Individual","Member of the State Duma of the Russian Federation","Donetsk | Luhansk","UK (OFSI)","15/03/2022","21/08/1973","Russia","14628","Russia (Sanctions) (EU Exit) Regulations 2019"
"VALYAYEV, Yuri Konstantinovich","Individual","Member of the Federation Council of the Russian Federation","Donetsk | Luhansk","UK (OFSI)","15/03/2022","18/04/1959","","14886","Russia (Sanctions) (EU Exit) Regulations 2019"
"VARFOLOMEYEV, Aleksandr Georgyevich","Individual","Member of the Federation Council of the Russian Federation","Donetsk | Luhansk","UK (OFSI)","15/03/2022","04/06/1965","","14891","Russia (Sanctions) (EU Exit) Regulations 2019"
"VASILIEV, Nikolay Ivanovich","Individual","Member of the State Duma of the Russian Federation","Donetsk | Luhansk","UK (OFSI)","11/03/2022","28/03/1958","Belarus","14563","Russia (Sanctions) (EU Exit) Regulations 2019"
"VASILKOVA, Maria Viktorovna","Individual","Member of the State Duma of the Russian Federation","Donetsk | Luhansk","UK (OFSI)","11/03/2022","13/02/1978","Russia","14493","Russia (Sanctions) (EU Exit) Regulations 2019"
"VASILYEV, Valery Nikolayevich","Individual","Member of the Federation Council of the Russian Federation","Donetsk | Luhansk","UK (OFSI)","15/03/2022","17/07/1965","","14849","Russia (Sanctions) (EU Exit) Regulations 2019"
"VAYNBERG, Aleksandr Vladelenovich","Individual","Member of the Federation Council of the Russian Federation","Donetsk | Luhansk","UK (OFSI)","15/03/2022","02/02/1961","","14931","Russia (Sanctions) (EU Exit) Regulations 2019"
"VELLER, Alexey Borisovich","Individual","Member of the State Duma of the Russian Federation","Donetsk | Luhansk","UK (OFSI)","11/03/2022","09/01/1966","Russia","14276","Russia (Sanctions) (EU Exit) Regulations 2019"
"VEREMEENKO, Sergey Alekseevich","Individual","Member of the State Duma of the Russian Federation","Donetsk | Luhansk","UK (OFSI)","11/03/2022","26/09/1955","Russia","14277","Russia (Sanctions) (EU Exit) Regulations 2019"
"VLADIMIROV, Nikolai Nikolayevich","Individual","Member of the Federation Council of the Russian Federation","Donetsk | Luhansk","UK (OFSI)","15/03/2022","18/11/1979","","14893","Russia (Sanctions) (EU Exit) Regulations 2019"
"VLASOV, Vasily Maksimovich","Individual","Member of the State Duma of the Russian Federation","Donetsk | Luhansk","UK (OFSI)","11/03/2022","27/06/1995","Russia","14278","Russia (Sanctions) (EU Exit) Regulations 2019"
"VLASOVA, Veronika Valerievna","Individual","Member of the State Duma of the Russian Federation","Donetsk | Luhansk","UK (OFSI)","11/03/2022","02/11/1966","Russia","14279","Russia (Sanctions) (EU Exit) Regulations 2019"
"VODIANOV, Roman Mikhailovich","Individual","Member of the State Duma of the Russian Federation","Donetsk | Luhansk","UK (OFSI)","11/03/2022","25/11/1982","Russia","14494","Russia (Sanctions) (EU Exit) Regulations 2019"
"VOROBYOV, Andrey Viktorovich","Individual","Member of the State Duma of the Russian Federation","Donetsk | Luhansk","UK (OFSI)","11/03/2022","24/07/1985","Russia","14281","Russia (Sanctions) (EU Exit) Regulations 2019"
"VORONOVSKY, Anatoly Vladimirovich","Individual","Member of the State Duma of the Russian Federation","Donetsk | Luhansk","UK (OFSI)","11/03/2022","28/12/1966","Russia","14282","Russia (Sanctions) (EU Exit) Regulations 2019"
"VTORIGINA, Elena Andreevna","Individual","Member of the State Duma of the Russian Federation","Donetsk | Luhansk","UK (OFSI)","11/03/2022","17/08/1957","Russia","14283","Russia (Sanctions) (EU Exit) Regulations 2019"
"VYATKIN, Dmitry Fyodorovich","Individual","Member of the State Duma of the Russian Federation","Donetsk | Luhansk","UK (OFSI)","11/03/2022","21/05/1974","Russia","14285","Russia (Sanctions) (EU Exit) Regulations 2019"
"VYBORNY, Anatoly Borisovich","Individual","Member of the State Duma of the Russian Federation","Donetsk | Luhansk","UK (OFSI)","11/03/2022","08/06/1965","Russia","14284","Russia (Sanctions) (EU Exit) Regulations 2019"
"VYSOKINSKY, Aleksandr Gennadyevich","Individual","Member of the Federation Council of the Russian Federation","Donetsk | Luhansk","UK (OFSI)","15/03/2022","24/09/1973","","14944","Russia (Sanctions) (EU Exit) Regulations 2019"
"WASSERMAN, Anatoly Alexandrovich","Individual","Member of the State Duma of the Russian Federation","Donetsk | Luhansk","UK (OFSI)","11/03/2022","09/12/1952","Russia","14275","Russia (Sanctions) (EU Exit) Regulations 2019"
"WOLFSON, Ilya Svetoslavovich","Individual","Member of the State Duma of the Russian Federation","Donetsk | Luhansk","UK (OFSI)","11/03/2022","08/06/1981","Russia","14280","Russia (Sanctions) (EU Exit) Regulations 2019"
"YAGAFAROV, Azat Ferdinandovich","Individual","Member of the State Duma of the Russian Federation","Donetsk | Luhansk","UK (OFSI)","11/03/2022","04/04/1961","Russia","14531","Russia (Sanctions) (EU Exit) Regulations 2019"
"YAGUBOV, Gennady Vladimirovich","Individual","Member of the Federation Council of the Russian Federation","Donetsk | Luhansk","UK (OFSI)","15/03/2022","17/04/1968","","14913","Russia (Sanctions) (EU Exit) Regulations 2019"
"YAKHNYUK, Sergey Vasilievich","Individual","Member of the State Duma of the Russian Federation","Donetsk | Luhansk","UK (OFSI)","11/03/2022","03/07/1962","Russia","14485","Russia (Sanctions) (EU Exit) Regulations 2019"
"YAKUBOVSKY, Alexander Vladimirovich","Individual","Member of the State Duma of the Russian Federation","Donetsk | Luhansk","UK (OFSI)","11/03/2022","07/05/1985","Russia","14484","Russia (Sanctions) (EU Exit) Regulations 2019"
"YALALOV, Irek Ishmukhametovich","Individual","Member of the Federation Council of the Russian Federation","Donetsk | Luhansk","UK (OFSI)","15/03/2022","27/01/1961","","14890","Russia (Sanctions) (EU Exit) Regulations 2019"
"YAMPOLSKAYA, Elena Alexandrovna","Individual","Member of the State Duma of the Russian Federation","Donetsk | Luhansk","UK (OFSI)","11/03/2022","20/06/1971","","14532","Russia (Sanctions) (EU Exit) Regulations 2019"
"YAROSHUK, Alexander Georgievich","Individual","Member of the Federation Council of the Russian Federation","Donetsk | Luhansk","UK (OFSI)","15/03/2022","15/11/1965","","14922","Russia (Sanctions) (EU Exit) Regulations 2019"
"YAROVAYA, Irina Anatolyevna","Individual","Member of the State Duma of the Russian Federation","Donetsk | Luhansk","UK (OFSI)","11/03/2022","17/10/1966","Russia","14533","Russia (Sanctions) (EU Exit) Regulations 2019"
"YATSKIN, Andrey Vladimirovich","Individual","Member of the Federation Council of the Russian Federation","Donetsk | Luhansk","UK (OFSI)","15/03/2022","25/04/1969","","14868","Russia (Sanctions) (EU Exit) Regulations 2019"
"YEMELYANOV, Gennady Egorovich","Individual","Member of the Federation Council of the Russian Federation","Donetsk | Luhansk","UK (OFSI)","15/03/2022","01/01/1957","","14903","Russia (Sanctions) (EU Exit) Regulations 2019"
"YEPISHIN, Andrey Nikolayevich","Individual","Member of the Federation Council of the Russian Federation","Donetsk | Luhansk","UK (OFSI)","15/03/2022","29/10/1967","","14947","Russia (Sanctions) (EU Exit) Regulations 2019"
"YUSHCHENKO, Alexander Andreevich","Individual","Member of the State Duma of the Russian Federation","Donetsk | Luhansk","UK (OFSI)","11/03/2022","19/11/1969","Russia","14483","Russia (Sanctions) (EU Exit) Regulations 2019"
"ZABRALOVA, Olga Sergeyevn","Individual","Member of the Federation Council of the Russian Federation","Donetsk | Luhansk","UK (OFSI)","15/03/2022","30/03/1980","","14860","Russia (Sanctions) (EU Exit) Regulations 2019"
"ZAKHAROV, Konstantin Yurievich","Individual","Member of the State Duma of the Russian Federation","Donetsk | Luhansk","UK (OFSI)","11/03/2022","31/03/1973","Russia","14331","Russia (Sanctions) (EU Exit) Regulations 2019"
"ZATULIN, Konstantin Fedorovich","Individual","Member of the State Duma of the Russian Federation","Donetsk | Luhansk","UK (OFSI)","11/03/2022","07/09/1958","Russia","14330","Russia (Sanctions) (EU Exit) Regulations 2019"
"ZHAMSUYEV, Bair Bayaskhalanovich","Individual","Member of the Federation Council of the Russian Federation","Donetsk | Luhansk","UK (OFSI)","15/03/2022","29/01/1959","","14843","Russia (Sanctions) (EU Exit) Regulations 2019"
"ZHUKOV, Alexander Dmitrievich","Individual","Member of the State Duma of the Russian Federation","Donetsk | Luhansk","UK (OFSI)","11/03/2022","01/06/1956","Russia","14328","Russia (Sanctions) (EU Exit) Regulations 2019"
"ZHUKOVA, Anastasia Gennadyevna","Individual","Member of the Federation Council of the Russian Federation","Donetsk | Luhansk","UK (OFSI)","15/03/2022","11/08/1974","","14953","Russia (Sanctions) (EU Exit) Regulations 2019"
"ZHURAVLEV, Alexey Alexandrovich","Individual","Member of the State Duma of the Russian Federation","Donetsk | Luhansk","UK (OFSI)","11/03/2022","30/06/1962","Russia","14329","Russia (Sanctions) (EU Exit) Regulations 2019"
"ZHURAVLYOV, Nikolai Andreyevich","Individual","Member of the Federation Council of the Russian Federation","Donetsk | Luhansk","UK (OFSI)","15/03/2022","01/09/1976","","14854","Russia (Sanctions) (EU Exit) Regulations 2019"
"ZLENKO, Yelena Gennadyevna","Individual","Member of the Federation Council of the Russian Federation","Donetsk | Luhansk","UK (OFSI)","15/03/2022","20/06/1967","","14885","Russia (Sanctions) (EU Exit) Regulations 2019"
"ZOBNEV, Viktor Viktororvich","Individual","Member of the Federation Council of the Russian Federation","Donetsk | Luhansk","UK (OFSI)","15/03/2022","07/06/1964","","14907","Russia (Sanctions) (EU Exit) Regulations 2019"
"ZOLOTOV, Viktor Vasilyevich","Individual","Director of the Federal Service of the National Guard Troops, Commander of the National Guard Troops, Member of the Russian Security Council","Donetsk | Luhansk","UK (OFSI)","15/03/2022","27/01/1954","Russia","14767","Russia (Sanctions) (EU Exit) Regulations 2019"
"ZUBAREV, Igor Dmitryevich","Individual","Member of the Federation Council of the Russian Federation","Donetsk | Luhansk","UK (OFSI)","15/03/2022","20/06/1966","","14898","Russia (Sanctions) (EU Exit) Regulations 2019"
"ZUBAREV, Viktor Vladislavovich","Individual","Member of the State Duma of the Russian Federation","Donetsk | Luhansk","UK (OFSI)","11/03/2022","20/02/1961","Russia","14332","Russia (Sanctions) (EU Exit) Regulations 2019"
"ZYUGANOV, Gennady Andreevich","Individual","Member of the State Duma of the Russian Federation","Donetsk | Luhansk","UK (OFSI)","11/03/2022","26/06/1944","Russia","14333","Russia (Sanctions) (EU Exit) Regulations 2019"
"Державне унітарне підприємство Луганської Народної Республіки ""Пошта Луганської Народної Республіки""","Organisation","","Donetsk | Luhansk","Ukraine (NSDC)","2026-02-28T08:22:01","","ru","NK-oVv8CwkjsRX4bci8xvkh6w","UA-SA1644"
"Регіональне об'єднання роботодавців ""Спілка промисловців і підприємців Луганської Народної Республіки""","Organisation","","Donetsk | Luhansk","Ukraine (NSDC)","2025-05-01T12:22:02","","ru","NK-2FH9q7QtzDGRyPWNxynKw6","UA-SA1644"
"Т.зв. «Державне унітарне підприємство Луганської народної республіки «Республіканські цифрові комунікації»","Organisation","","Donetsk | Luhansk","Ukraine (NSDC)","2023-04-20T10:50:14","","ua-lpr","NK-jQAUqqdT6jjaS9NJy8Gy6e","UA-SA1644"
"KANOKOV, Arsen Basirovich","Individual","Russian Federation Senator from the Kabardino-Balkarian Republic","Donetsk | Luhansk | Zaporizhzhia | Kherson","UK (OFSI)","24/02/2025","22/02/1957","Russia","16796","Russia (Sanctions) (EU Exit) Regulations 2019"
"LIMITED LIABILITY COMPANY ROSKAPSTROY NOVOROSSIYA","Entity","","Donetsk | Mariupol","US (OFAC)","2023-11-02","","","46060","RUSSIA-EO14024 | Executive Order 14024 (Russia)"
"MORHUN, Oleh Valeriovych","Individual","","Donetsk | Mariupol","US (OFAC)","2023-05-19","19 Mar 1967","Ukraine","43288","RUSSIA-EO14024 | Executive Order 14024 (Russia)"
"Регіональне об'єднання роботодавців ""Спілка промисловців і підприємців Запоріжжя""","Organisation","","Donetsk | Zaporizhzhia","Ukraine (NSDC)","2025-05-01T12:22:02","","ru","NK-dGTX43nbojm6ZtttwpjG8g","UA-SA1644"
"Task Force Rusich","Entity","Armed separatist group involved in the fighting in eastern Ukraine","General occupation","Australia (DFAT)","2023-02-24","","","7372","Autonomous Sanctions (Designated Persons and Entities and Declared Persons—Russia and Ukraine) Amendment (No. 2) Instrument 2023"
"UTAIR","Entity","PJSC UTAIR (UTAIR) is a civil Russian airline. Since the start of Russia’s aggression against Ukraine, UTAIR – a contractor for the Russian Ministry of Defence – has provided logistical support to the Russian Armed Forces, including by transporting military personnel assigned to the combat zone, by conducting flights within Russian-occupied Ukraine and by establishing a special ticket-selling scheme with the Russian Ministry of Defence.","General occupation","EU","2024-12-16","","","EU.12600.64","UKR — 2024/3183 (OJ L16122024)"
"Aktsionernoe Obshchestvo Nauchno Proizvodstvennoe Predpriyatie","Entity","Svyaz (a.k.a. AO NPP Svyaz)","General occupation","Japan (METI/MFA)","","","","132","Foreign Exchange and Foreign Trade Act"
"PJSC Arzamasskoe Nauchno Proizvodstvennoe Predpriyatie Temp-Avia","Entity","(f.k.a. OJSC Arzamasskoye Opytno Konstruktorskoye Byuro Temp; a.k.a.","General occupation","Japan (METI/MFA)","","","","17","Foreign Exchange and Foreign Trade Act"
"Aghajani, Saeed","Individual","Head of the IRGC Aerospace Force UAV command","General occupation","UK (OFSI)","20/10/2022","03/04/1969","Iran","15605","Russia (Sanctions) (EU Exit) Regulations 2019"
"Akhmat Kadyrov Foundation","Entity","","General occupation","UK (OFSI)","03/09/2025","","","17093","Russia (Sanctions) (EU Exit) Regulations 2019"
"All-Russian public-state movement of children and youth 'Movement of the First'","Entity","","General occupation","UK (OFSI)","03/09/2025","","","17085","Russia (Sanctions) (EU Exit) Regulations 2019"
"Avangard","Entity","","General occupation","UK (OFSI)","19/11/2024","","","16688","Russia (Sanctions) (EU Exit) Regulations 2019"
"BALITSKYI, Yevhen VITALIIOVYCH","Individual","Head of Russian-installed administration, Zaporizhzhia region","General occupation","UK (OFSI)","26/09/2022","10/12/1969","Ukraine","15566","Russia (Sanctions) (EU Exit) Regulations 2019"
"BUROV, Andrey Vladimirovich","Individual","Chairperson of Rostov Regional Election Commission","General occupation","UK (OFSI)","30/11/2022","30/11/1971","Russia","15657","Russia (Sanctions) (EU Exit) Regulations 2019"
"Fradkov, Mikhail Efimovich","Individual","Former Director of the Foreign Intelligence  Service of the Russian Federation | Former Permanent member of the Security Council of the Russian Federation","General occupation","UK (OFSI)","31/12/2020","01/09/1950","Russia","13035","Russia (Sanctions) (EU Exit) Regulations 2019"
"International Union of Public Associations 'Great Don Army'","Entity","","General occupation","UK (OFSI)","31/12/2020","","","13052","Russia (Sanctions) (EU Exit) Regulations 2019"
"Kaurov, Valery Vladimirovich","Individual","Self described 'President' of the 'Republic of Novorossiya'.","General occupation","UK (OFSI)","31/12/2020","02/04/1956","Ukraine","13065","Russia (Sanctions) (EU Exit) Regulations 2019"
"Kozitsyn, Nikolay Ivanovich","Individual","Commander of Cossack Forces","General occupation","UK (OFSI)","31/12/2020","06/10/1956 | 20/06/1956","Ukraine","13018","Russia (Sanctions) (EU Exit) Regulations 2019"
"Nosatov, Alexander Mihailovich","Individual","Admiral, and First Deputy Commander in Chief of the Navy, and Chief of the Navy Man Staff","General occupation","UK (OFSI)","31/12/2020","27/03/1963","Ukraine","12939","Russia (Sanctions) (EU Exit) Regulations 2019"
"Ponomariov, Viacheslav","Individual","Former self-declared 'People's Mayor' of Slaviansk","General occupation","UK (OFSI)","31/12/2020","02/05/1965","Ukraine","12970","Russia (Sanctions) (EU Exit) Regulations 2019"
"Russian Central Election Commission","Entity","","General occupation","UK (OFSI)","29/09/2023","","","16100","Russia (Sanctions) (EU Exit) Regulations 2019"
"Vitko, Aleksandr Viktorovich","Individual","Former Commander of the Black Sea Fleet","General occupation","UK (OFSI)","31/12/2020","13/09/1961","Russia","12930","Russia (Sanctions) (EU Exit) Regulations 2019"
"Zdriliuk, Serhii Anatoliyovych","Individual","responsible for actions which undermine or threaten the territorial integrity","General occupation","UK (OFSI)","31/12/2020","23/07/1972 | 23/06/1972","Ukraine","13066","Russia (Sanctions) (EU Exit) Regulations 2019"
"AKTSIONERNOE OBSHCHESTVO GOSUDARSTVENNOE NAUCHNO PROIZVODSTVENNOE PREDPRIYATIE REGION","Entity","","General occupation","US (OFAC)","2022-03-24","","","35855","RUSSIA-EO14024 | Executive Order 14024 (Russia)"
"AKTSIONERNOE OBSHCHESTVO NAUCHNO PROIZVODSTVENNOE PREDPRIYATIE SVYAZ","Entity","","General occupation","US (OFAC)","2022-06-28","","","37799","RUSSIA-EO14024 | Executive Order 14024 (Russia)"
"AKTSIONERNOYE OBSHCHESTVO VLADIVOSTOKSKOYE PREDPRIYATIE ELEKTRORADIOAVTIMATIKA","Entity","","General occupation","US (OFAC)","2023-01-26","","","40586","RUSSIA-EO14024 | Executive Order 14024 (Russia)"
"BAKHAREV, Konstantin Mikhailovich","Individual","Member of the State Duma of the Federal Assembly of the Russian Federation","General occupation","US (OFAC)","2016-11-14","20 Oct 1972","Russia","20922","UKRAINE-EO13660 | RUSSIA-EO14024 | Executive Order 13660 (Ukraine) | Executive Order 14024 (Russia)"
"ELPROM LIMITED LIABILITY COMPANY","Entity","","General occupation","US (OFAC)","2024-08-23","","","49960","RUSSIA-EO14024 | Executive Order 14024 (Russia)"
"FEDERAL STATE ENTERPRISE AMUR CARTRIDGE PLANT VYMPEL","Entity","","General occupation","US (OFAC)","2024-08-23","","","50241","RUSSIA-EO14024 | Executive Order 14024 (Russia)"
"FEDERAL STATE ENTERPRISE KAMENSKY COMBINE","Entity","","General occupation","US (OFAC)","2023-12-12","","","46515","RUSSIA-EO14024 | Executive Order 14024 (Russia)"
"FEDERAL STATE UNITARY ENTERPRISE ALEXANDROV RESEARCH INSTITUTE OF TECHNOLOGY","Entity","","General occupation","US (OFAC)","2024-02-23","","","47902","RUSSIA-EO14024 | Executive Order 14024 (Russia)"
"FEDERAL STATE UNITARY ENTERPRISE CENTER FOR OPERATION OF SPACE GROUND BASED INFRASTRUCTURE","Entity","","General occupation","US (OFAC)","2023-07-20","","","44297","RUSSIA-EO14024 | Executive Order 14024 (Russia)"
"FEDERAL STATE UNITARY ENTERPRISE HYDROGRAPHIC COMPANY","Entity","","General occupation","US (OFAC)","2023-05-19","","","43257","RUSSIA-EO14024 | Executive Order 14024 (Russia)"
"FEDERAL STATE UNITARY ENTERPRISE S.V. LEBEDEV INSTITUTE OF SYNTHETIC RUBBER","Entity","","General occupation","US (OFAC)","2023-05-19","","","43074","RUSSIA-EO14024 | Executive Order 14024 (Russia)"
"FEDERAL STATE UNITARY ENTERPRISE SCIENTIFIC AND PRODUCTION ENTERPRISE GAMMA","Entity","","General occupation","US (OFAC)","2023-01-26","","","40177","RUSSIA-EO14024 | Executive Order 14024 (Russia)"
"FEDERALNOE KAZENNOE PREDPRIIATIE AVANGARD","Entity","","General occupation","US (OFAC)","2024-08-23","","","50249","RUSSIA-EO14024 | Executive Order 14024 (Russia)"
"FEDERALNOE KAZENNOE PREDPRIIATIE GOSUDARSTVENNYI NAUCHNO ISSLEDOVATELSKII INSTITUT KHIMICHESKIKH PRODUKTOV","Entity","","General occupation","US (OFAC)","2024-08-23","","","50250","RUSSIA-EO14024 | Executive Order 14024 (Russia)"
"GABRIEL, Valery Alexandrovich","Individual","","General occupation","US (OFAC)","2024-08-23","03 Jan 1956","Russia","50254","RUSSIA-EO14024 | Executive Order 14024 (Russia)"
"INJECT RESEARCH AND PRODUCTION ENTERPRISE LIMITED LIABILITY COMPANY","Entity","","General occupation","US (OFAC)","2024-06-12","","","49390","RUSSIA-EO14024 | Executive Order 14024 (Russia)"
"INTERREGIONAL SOCIAL ORGANIZATION UNION OF DONBAS VOLUNTEERS","Entity","","General occupation","US (OFAC)","2022-06-28","","","37659","RUSSIA-EO14024 | Executive Order 14024 (Russia)"
"JOINT STOCK COMMERCIAL MORTGAGE BANK AKIBANK PUBLIC JOINT STOCK COMPANY","Entity","","General occupation","US (OFAC)","2024-11-21","","","51706","RUSSIA-EO14024 | Executive Order 14024 (Russia)"
"JOINT STOCK COMPANY GEOFIZICA COSMOS","Entity","","General occupation","US (OFAC)","2024-08-23","","","50281","RUSSIA-EO14024 | Executive Order 14024 (Russia)"
"JOINT STOCK COMPANY PRODUCTION ENTERPRISE RADAR 2633","Entity","","General occupation","US (OFAC)","2024-05-01","","","48864","RUSSIA-EO14024 | Executive Order 14024 (Russia)"
"JOINT STOCK COMPANY RESEARCH AND DEVELOPMENT ENTERPRISE SAPFIR","Entity","","General occupation","US (OFAC)","2022-09-15","","","39161","RUSSIA-EO14024 | Executive Order 14024 (Russia)"
"JOINT STOCK COMPANY RESEARCH AND IMPLEMENTATION ENTERPRISE PROTEK","Entity","","General occupation","US (OFAC)","2024-06-12","","","49186","RUSSIA-EO14024 | Executive Order 14024 (Russia)"
"JOINT STOCK COMPANY RESEARCH PRODUCTION ENTERPRISE KVANT","Entity","","General occupation","US (OFAC)","2024-08-23","","","50275","RUSSIA-EO14024 | Executive Order 14024 (Russia)"
"JOINT STOCK COMPANY SCIENTIFIC PRODUCTION ENTERPRISE KONTAKT","Entity","","General occupation","US (OFAC)","2022-06-28","","","37779","RUSSIA-EO14024 | Executive Order 14024 (Russia)"
"JOINT STOCK COMPANY SCIENTIFIC PRODUCTION ENTERPRISE PLANT ISKRA","Entity","","General occupation","US (OFAC)","2024-10-30","","","51135","RUSSIA-EO14024 | Executive Order 14024 (Russia)"
"JOINT STOCK COMPANY SCIENTIFIC PRODUCTION ENTERPRISE SALYUT","Entity","","General occupation","US (OFAC)","2024-08-23","","","50247","RUSSIA-EO14024 | Executive Order 14024 (Russia)"
"JOINT STOCK COMPANY TECHNOLOGICAL ENTERPRISE PERM PLANT OF METAL WORKING CENTERS","Entity","","General occupation","US (OFAC)","2024-02-23","","","47724","RUSSIA-EO14024 | Executive Order 14024 (Russia)"
"JOINT STOCK COMPANY VYATSKOYE MASHINOSTROITELNOYE PREDPRIYATIYE AVITEK","Entity","","General occupation","US (OFAC)","2022-06-28","","","37718","RUSSIA-EO14024 | Executive Order 14024 (Russia)"
"JOINT VENTURE QUANTUM TECHNOLOGIES","Entity","","General occupation","US (OFAC)","2022-09-15","","","39187","RUSSIA-EO14024 | Executive Order 14024 (Russia)"
"KALASHNIKOV, Konstantin Sergeyevich","Individual","","General occupation","US (OFAC)","2024-09-04","26 Jan 1993","Ukraine","50582","RUSSIA-EO14024 | Executive Order 14024 (Russia)"
"KHERSONTSEV, Aleksey Igorevich","Individual","","General occupation","US (OFAC)","2023-07-20","21 Aug 1980","Russia","44222","RUSSIA-EO14024 | Executive Order 14024 (Russia)"
"KOVITIDI, Olga Fedorovna","Individual","Member of the Federation Council of the Federal Assembly of the Russian Federation","General occupation","US (OFAC)","2022-09-30","07 May 1962","Russia","37815","RUSSIA-EO14024 | Executive Order 14024 (Russia)"
"KOZENKO, Andrey Dmitrievich","Individual","","General occupation","US (OFAC)","2016-11-14","03 Aug 1981","Ukraine","20921","UKRAINE-EO13660 | RUSSIA-EO14024 | Executive Order 13660 (Ukraine) | Executive Order 14024 (Russia)"
"LEADING PRODUCTION AND TECHNICAL ENTERPRISE GRANIT","Entity","","General occupation","US (OFAC)","2023-05-19","","","43070","RUSSIA-EO14024 | Executive Order 14024 (Russia)"
"LIMITED LIABILITY COMPANY NAUCHNO PROIZVODSTVENNOE PREDPRIYATIE NEVAAPPARAT","Entity","","General occupation","US (OFAC)","2025-01-15","","","52235","RUSSIA-EO14024 | Executive Order 14024 (Russia)"
"LIMITED LIABILITY COMPANY NAUCHNO PROIZVODSTVENNOE PREDPRIYATIE TECHNOPROEKT","Entity","","General occupation","US (OFAC)","2025-01-15","","","52629","RUSSIA-EO14024 | Executive Order 14024 (Russia)"
"LIMITED LIABILITY COMPANY NAUCHNO PROIZVODSTVENNOYE PREDPRIYATIYE KERAMAKS INZHINIRING","Entity","","General occupation","US (OFAC)","2025-01-15","","","52555","RUSSIA-EO14024 | Executive Order 14024 (Russia)"
"LIMITED LIABILITY COMPANY RESEARCH AND PRODUCTION ENTERPRISE ANTARES","Entity","","General occupation","US (OFAC)","2025-01-15","","","52657","RUSSIA-EO14024 | Executive Order 14024 (Russia)"
"LIMITED LIABILITY COMPANY SOVMESTNOE PREDPRIYATIE BARZASSKOYE TOVARISHTESTVO","Entity","","General occupation","US (OFAC)","2024-08-23","","","50391","RUSSIA-EO14024 | Executive Order 14024 (Russia)"
"LIMITED LIABILITY COMPANY VOLGOGRADPROMPROEKT","Entity","","General occupation","US (OFAC)","2023-12-12","","","46676","RUSSIA-EO14024 | Executive Order 14024 (Russia)"
"LLC RESEARCH & PRODUCTION ENTERPRISE PRIMA","Entity","","General occupation","US (OFAC)","2023-01-26","","","40176","RUSSIA-EO14024 | Executive Order 14024 (Russia)"
"NABOKOV, Yuri Alexandrovich","Individual","","General occupation","US (OFAC)","2024-02-23","01 Jan 1981","Russia","47742","RUSSIA-EO14024 | Executive Order 14024 (Russia)"
"NAUCHNO INZHENERNOE PREDPRIYATIE INFORMATIKA","Entity","","General occupation","US (OFAC)","2024-05-01","","","48744","RUSSIA-EO14024 | Executive Order 14024 (Russia)"
"NAUCHNO PROIZVODSTVENNOE PREDPRIYATIE BURENIE","Entity","","General occupation","US (OFAC)","2025-01-10","","","51560","RUSSIA-EO14024 | UKRAINE-EO13662 | Executive Order 14024 (Russia) | Executive Order 13662 (Ukraine)"
"NAUCHNO PROIZVODSTVENNOE PREDPRIYATIE IRVIS","Entity","","General occupation","US (OFAC)","2024-10-30","","","50725","RUSSIA-EO14024 | Executive Order 14024 (Russia)"
"NAUCHNO PROIZVODSTVENNOE PREDPRIYATIE ISTOCHNIK","Entity","","General occupation","US (OFAC)","2023-12-12","","","46445","RUSSIA-EO14024 | Executive Order 14024 (Russia)"
"NAUCHNO PROIZVODSTVENNOE PREDPRIYATIE ITELMA","Entity","","General occupation","US (OFAC)","2023-09-14","","","44941","RUSSIA-EO14024 | Executive Order 14024 (Russia)"
"NAUCHNO PROIZVODSTVENNOE PREDPRIYATIE MIKROSISTEMA","Entity","","General occupation","US (OFAC)","2024-02-23","","","47634","RUSSIA-EO14024 | Executive Order 14024 (Russia)"
"NAUCHNO PROIZVODSTVENNOE PREDPRIYATIE TOMILINSKII ELEKTRONNYI ZAVOD","Entity","","General occupation","US (OFAC)","2024-08-23","","","49948","RUSSIA-EO14024 | Executive Order 14024 (Russia)"
"NAUCHNO PROIZVODSTVENNOE PREDPRIYATIE TRIM SSHP IZMERITELNYE SISTEMY","Entity","","General occupation","US (OFAC)","2024-10-30","","","50744","RUSSIA-EO14024 | Executive Order 14024 (Russia)"
"NAUCHNO-PROIZVODSTVENNOE PREDPRIYATIE GURAMI ELEKTRONIKS","Entity","","General occupation","US (OFAC)","2023-05-19","","","42003","RUSSIA-EO14024 | Executive Order 14024 (Russia)"
"NIKIPELOV, Andrei Vladimirovich","Individual","","General occupation","US (OFAC)","2025-01-10","07 Mar 1968","Russia","51952","RUSSIA-EO14024 | Executive Order 14024 (Russia)"
"OOO IP NTSVO FOTONIKA","Entity","","General occupation","US (OFAC)","2024-10-30","","","51118","RUSSIA-EO14024 | Executive Order 14024 (Russia)"
"OOO MEZHMUNITSIPALNOE ATP","Entity","","General occupation","US (OFAC)","2022-10-26","","","36656","RUSSIA-EO14024 | Executive Order 14024 (Russia)"
"OPEN JOINT STOCK COMPANY START SCIENTIFIC AND PRODUCTION ENTERPRISE NAMED AFTER A. YASKIN","Entity","","General occupation","US (OFAC)","2022-06-28","","","37716","RUSSIA-EO14024 | Executive Order 14024 (Russia)"
"OSTEC ENTERPRISE LTD","Entity","","General occupation","US (OFAC)","2023-05-19","","","42864","RUSSIA-EO14024 | Executive Order 14024 (Russia)"
"PRODUCTION UNITARY ENTERPRISE PLANT SVT","Entity","","General occupation","US (OFAC)","2024-06-12","","","49507","RUSSIA-EO14024 | Executive Order 14024 (Russia)"
"PUBLIC JOINT STOCK COMPANY ARZAMASSKOE NAUCHNO PROIZVODSTVENNOE PREDPRIYATIE TEMP-AVIA","Entity","","General occupation","US (OFAC)","2022-03-24","","","35859","RUSSIA-EO14024 | Executive Order 14024 (Russia)"
"PUBLIC JOINT STOCK COMPANY RESEARCH & PRODUCTION CORPORATION ISTOK NAMED AFTER AI SHOKIN","Entity","","General occupation","US (OFAC)","2022-06-28","","","37697","RUSSIA-EO14024 | Executive Order 14024 (Russia)"
"PUBLIC JOINT STOCK COMPANY SCIENTIFIC PRODUCTION ENTERPRISE IMPULSE","Entity","","General occupation","US (OFAC)","2024-10-30","","","51214","RUSSIA-EO14024 | Executive Order 14024 (Russia)"
"ROMANENKO, Oleg Evgenievich","Individual","","General occupation","US (OFAC)","2023-02-24","05 Oct 1963","Russia","41032","RUSSIA-EO14024 | Executive Order 14024 (Russia)"
"RYZHKOV, Nikolai Ivanovich","Individual","Member of the Federation Council of the Federal Assembly of the Russian Federation","General occupation","US (OFAC)","2014-03-20","28 Sep 1929","Russia","16673","UKRAINE-EO13661 | RUSSIA-EO14024 | Executive Order 13661 (Ukraine) | Executive Order 14024 (Russia)"
"SARKISOV, Ruslan Eduardovich","Individual","","General occupation","US (OFAC)","2023-05-19","01 Dec 1978","Russia","43226","RUSSIA-EO14024 | Executive Order 14024 (Russia)"
"SCIENTIFIC RESEARCH INSTITUTE OF APPLIED ACOUSTICS","Entity","","General occupation","US (OFAC)","2024-05-01","","","48846","RUSSIA-EO14024 | Executive Order 14024 (Russia)"
"SPASSKIY, Nikolay Nikolayevich","Individual","","General occupation","US (OFAC)","2025-01-10","10 Aug 1961","Russia","51961","RUSSIA-EO14024 | Executive Order 14024 (Russia)"
"TSEKOV, Serhiy Pavlovich","Individual","Member of the Federation Council of the Federal Assembly of the Russian Federation","General occupation","US (OFAC)","2014-04-11","28 Sep 1953","Russia","16760","UKRAINE-EO13660 | RUSSIA-EO14024 | Executive Order 13660 (Ukraine) | Executive Order 14024 (Russia)"
"TSIVILEV, Sergey Evgenyevich","Individual","","General occupation","US (OFAC)","2023-02-24","21 Sep 1961","Russia","41043","RUSSIA-EO14024 | Executive Order 14024 (Russia)"
"TULSKOE NIGP AO","Entity","","General occupation","US (OFAC)","2024-02-23","","","47918","RUSSIA-EO14024 | Executive Order 14024 (Russia)"
"UE RUBISTAR","Entity","","General occupation","US (OFAC)","2024-08-09","","","50222","BELARUS-EO14038 | RUSSIA-EO14024 | Executive Order 14024 (Russia) | Executive Order 14038 (Belarus)"
"UNITARY PRIVATE SCIENCE PRODUCTION ENTERPRISE TEHNOLIT","Entity","","General occupation","US (OFAC)","2024-06-12","","","49399","RUSSIA-EO14024 | Executive Order 14024 (Russia)"
"YAMALPROMGEOFIZIKA JOINT STOCK COMPANY","Entity","","General occupation","US (OFAC)","2023-05-19","","","43297","RUSSIA-EO14024 | Executive Order 14024 (Russia)"
"ZAKRYTOE AKTSIONERNOE OBSHCHESTVO NAUCHNO VNEDRENCHESKOE PREDPRIYATIE BOLID","Entity","","General occupation","US (OFAC)","2024-08-23","","","49781","RUSSIA-EO14024 | Executive Order 14024 (Russia)"
"Ікряников Олексій Вікторович","Individual","","General occupation","Ukraine (NSDC)","2023-06-05T16:06:05","1970-04-29","ru","NK-XhkZQZLnRojbK7SRWxmTTQ","UA-SA1644"
"Акціонерне товариство ""Бурлюк""","Organisation","","General occupation","Ukraine (NSDC)","2024-01-15T15:22:01","","ru","NK-LPrf8expJoHwez4ADJQpoW","UA-SA1644"
"Акціонерне товариство ""Ріка""","Organisation","","General occupation","Ukraine (NSDC)","2025-05-09T15:22:02","","ru","NK-TKjTQETW6MLPrt6iJkErYc","UA-SA1644"
"Акціонерне товариство ""Саратовський радіоприладний завод""","Organisation","","General occupation","Ukraine (NSDC)","2023-04-20T10:50:14","","ru","NK-SY3PwSU7w3kDNRZzbikm5L","UA-SA1644"
"Акціонерне товариство ""Свердловський науково-дослідний інститут хімічного машинобудування""","Organisation","","General occupation","Ukraine (NSDC)","2023-04-20T10:50:14","","ru","NK-8gaUSLPJ8mKsW6ozDNRi2N","UA-SA1644"
"Акціонерне товариство «Верхньокамська калійна компанія»","Organisation","","General occupation","Ukraine (NSDC)","2023-04-20T10:50:14","","ru","NK-943pDnRxkmaB7hiXeHbvZQ","UA-SA1644"
"Антонов Сергій Павлович","Individual","","General occupation","Ukraine (NSDC)","2023-04-20T10:50:14","1966-12-16","ru","NK-QPjdnRkZJkuvfKMtKAMfwp","UA-SA1644"
"Ахтемов Елімдар Казимович","Individual","","General occupation","Ukraine (NSDC)","2023-04-20T10:50:14","1970-01-09","ua","NK-L9JyqcALQAkMJUScdpr7XQ","UA-SA1644"
"Баранов Сергій Володимирович","Individual","","General occupation","Ukraine (NSDC)","2023-04-20T10:50:14","1976-02-21","ua","NK-VJaXynnbquEyedPrkki7cz","UA-SA1644"
"Блохіна Віра Сергіївна","Individual","","General occupation","Ukraine (NSDC)","2026-01-04T00:22:02","1952-01-01","ru","NK-ESNWyUbVKqutiVCd8ADNrF","UA-SA1644"
"Василіадіс Гіоргос","Individual","","General occupation","Ukraine (NSDC)","2023-12-05T15:22:01","1991-02-22","cy","NK-WdA9CBhp7MDnrVfu3T9JZ3","UA-SA1644"
"Відкрите акціонерне товариство ""Созвєздіє – Сарапульскій радіозавод""","Organisation","","General occupation","Ukraine (NSDC)","2023-04-20T10:50:14","","ru","NK-k3nZkL43xLnrF4Q36KABcv","UA-SA1644"
"Вілкова Наталія Борисівна","Individual","","General occupation","Ukraine (NSDC)","2023-04-20T10:50:14","1973-03-28","ru","NK-hTnRmsYM8NodeHDnR2y7Mh","UA-SA1644"
"Вітковський Ігор Едвардович","Individual","","General occupation","Ukraine (NSDC)","2023-07-19T18:02:43","1972-03-18","ru","NK-nZzrGvztLpkBL9ADpDnRdK","UA-SA1644"
"Гвасалія Темур","Individual","","General occupation","Ukraine (NSDC)","2023-04-20T10:50:14","1972-08-18","ge","NK-4vdPrcNTMBZaZU4AiKpczP","UA-SA1644"
"ДЖЕБЕЛЛІ Пейман","Individual","","General occupation","Ukraine (NSDC)","2025-06-30T18:22:02","1967-01-25","ir","NK-Si8KYCx7DXVhDNro8nJC8D","UA-SA1644"
"Державний інститут російської мови імені О.С. Пушкіна","Organisation","","General occupation","Ukraine (NSDC)","2023-04-20T10:50:14","","ru","NK-6JsMXrHHQJNULNrvuJUjk4","UA-SA1644"
"Закрите акціонерне товариство ""Кей суппро""","Organisation","","General occupation","Ukraine (NSDC)","2023-06-01T10:58:17","","kg","NK-WUSPsSsKDNrcmEYLsSTXP3","UA-SA1644"
"Закрите акціонерне товариство ""Чіп і Діп""","Organisation","","General occupation","Ukraine (NSDC)","2023-04-26T12:11:16","","ru","NK-BmiykQz5vCpzCwDnrQFqan","UA-SA1644"
"Камальванд Бабак Ядолла","Individual","","General occupation","Ukraine (NSDC)","2026-03-15T16:22:01","1971-02-07","ir","NK-cpT95BL5tjLZFPKcTFLPRc","UA-SA1644"
"Качуйська в'язниця","Organisation","","General occupation","Ukraine (NSDC)","2025-06-30T18:22:02","","ir","NK-b2cmzztxxNdNraeWY8CjKZ","UA-SA1644"
"Кондратов Микола Іванович","Individual","","General occupation","Ukraine (NSDC)","2023-05-25T20:13:16","1950-04-22","ru","NK-YYDd98kLnrMCt2re9Cg39a","UA-SA1644"
"Лещенко Максим Іванович","Individual","","General occupation","Ukraine (NSDC)","2023-04-20T10:50:14","1973-05-12","ru","NK-KStdngFG2VCLtZmop3rdNr","UA-SA1644"
"Ліпатов Тимур Володимирович","Individual","","General occupation","Ukraine (NSDC)","2023-04-20T10:50:14","1980-11-25","ru","NK-EcKTAuYqQJprdpRCMFGihr","UA-SA1644"
"Миронова Ксенія Юріївна","Individual","","General occupation","Ukraine (NSDC)","2025-04-11T15:22:04","1998-08-30","ru","NK-DsTLP9XNzbF5WoRMGyPLNr","UA-SA1644"
"Подліпанов Дмитро Вікторович","Individual","","General occupation","Ukraine (NSDC)","2023-04-20T10:50:14","1964-11-28","ru","NK-WbLpRjJjBGinHrqbdaaDUm","UA-SA1644"
"Попов Анатолій Леонідович","Individual","","General occupation","Ukraine (NSDC)","2023-06-05T16:06:05","1974-12-05","ru","NK-edwS5LGae77URdrAksdPrm","UA-SA1644"
"Публічне акціонерне товариство «Московське річкове пароплавство»","Organisation","","General occupation","Ukraine (NSDC)","2023-04-20T10:50:14","","ru","NK-DdprBcxPpKHmrUdm59KeP5","UA-SA1644"
"Роман Олександра Іванівна","Individual","","General occupation","Ukraine (NSDC)","2023-07-19T18:02:43","1958-03-15","ru","NK-8U7uAYczdnRfMbaNA7NVsG","UA-SA1644"
"Савков Ігор Володимирович","Individual","","General occupation","Ukraine (NSDC)","2023-04-20T10:50:14","1967-01-04","ru","NK-Yyo4cDpRXJSZEEjLtocdxA","UA-SA1644"
"Сергеєв Артем Валерійович","Individual","","General occupation","Ukraine (NSDC)","2025-05-09T15:22:02","1986-12-01","ru","NK-LvFVn9oNzrNsvgDpr9kKaj","UA-SA1644"
"Степанов Антон Васильович","Individual","","General occupation","Ukraine (NSDC)","2023-04-26T12:11:16","1988-06-01","ru","NK-gLprHdj4X86tABJHHRTdqy","UA-SA1644"
"Сухорєбрік Костянтин Петрович","Individual","","General occupation","Ukraine (NSDC)","2023-04-20T10:50:14","1961-05-22","ru","NK-FcxWYdprqnFzSbJVxH3aTg","UA-SA1644"
"Сухінін Віталій Валерійович","Individual","","General occupation","Ukraine (NSDC)","2023-04-20T10:50:14","1972-04-17","ua","NK-nNfgpXmTAuphM3QoFzLNr8","UA-SA1644"
"ТОВ ""Тайм Медіа""","Organisation","","General occupation","Ukraine (NSDC)","2023-04-20T10:50:14","","ua","NK-PhbKgiyLe9Hu6dNRUjMNcx","UA-SA1644"
"Тарасов Руслан Геннадійович","Individual","","General occupation","Ukraine (NSDC)","2025-06-30T18:22:02","1965-06-22","ru","NK-CJZ4XzQZmKAmmdPRdJeZWM","UA-SA1644"
"Товариство з обмеженою відповідальністю ""Аерофлот Технікс""","Organisation","","General occupation","Ukraine (NSDC)","2024-11-12T15:22:02","","ru","NK-THndNRkY99W74zpvh6QoEW","UA-SA1644"
"Товариство з обмеженою відповідальністю ""Гео Таргент""","Organisation","","General occupation","Ukraine (NSDC)","2023-04-20T10:50:14","","ua","NK-JPLpribhAGiBhqHGvGezGz","UA-SA1644"
"Товариство з обмеженою відповідальністю ""Гортєхмаш""","Organisation","","General occupation","Ukraine (NSDC)","2025-11-06T16:22:03","","ru","NK-jyVDiYgpV2FHYyYVT5dPrk","UA-SA1644"
"Товариство з обмеженою відповідальністю ""Керуюча компанія ""Наша справа""","Organisation","","General occupation","Ukraine (NSDC)","2023-05-25T20:13:16","","ru","NK-dNRf3QygtkVxmuGpSgRuo3","UA-SA1644"
"Товариство з обмеженою відповідальністю ""Редікал Степ""","Organisation","","General occupation","Ukraine (NSDC)","2023-05-25T20:13:16","","ru","NK-SdpRnWXdiwMAyHhLyrc9vg","UA-SA1644"
"Товариство з обмеженою відповідальністю ""Рускомтранс""","Organisation","","General occupation","Ukraine (NSDC)","2024-06-25T09:22:06","","ru","NK-KHaVHKDpRyf7JDXWpwaZ39","UA-SA1644"
"Товариство з обмеженою відповідальністю «Лермонтовський гірничозбагачувальний комбінат»","Organisation","","General occupation","Ukraine (NSDC)","2023-04-20T10:50:14","","ru","NK-fsU9uwd77MqZeaEdprxfMg","UA-SA1644"
"Товариство з обмеженою відповідальністю «Узстанекс»","Organisation","","General occupation","Ukraine (NSDC)","2025-07-08T18:22:02","","uz","NK-QXJUxVrh7bXdNRhEeei3KD","UA-SA1644"
"Шашилов Михайло Вікторович","Individual","","General occupation","Ukraine (NSDC)","2023-04-28T12:11:23","1959-04-03","ru","NK-D8khTNY3MxLUEdPRxNJEVF","UA-SA1644"
"Якимович Віктор Степанович","Individual","","General occupation","Ukraine (NSDC)","2023-04-20T10:50:14","","","NK-Cpz4jULNRJTZYVCdR9GUzs","UA-SA1644"
"Aleksandr Yurievich KOBETS","Individual","So-called ‘mayor’ of the city of Kherson in
Ukraine","Kherson","Australia (DFAT)","2022-09-30","27/09/1959, 29/09/1959","Ukraine","7259","Instrument of first designation
and declaration
Autonomous Sanctions (Designated Persons and
Entities and Declared Persons—Russia and
Ukraine) Amendment (No. 21) Instrument 2022"
"Kyrylo Sergiyovich STREMOUSOV","Individual","President of the so-called ‘Salvation Committee for Peace and Order’ in the Kherson region in Ukraine","Kherson","Australia (DFAT)","2022-09-30","1976-12-26","Russia","7267","Instrument of first designation
and declaration
Autonomous Sanctions (Designated Persons and
Entities and Declared Persons—Russia and
Ukraine) Amendment (No. 21) Instrument 2022"
"Mikhail Leonidovich RODIKOV","Individual","So-called ‘head’ of the Ministry of Education and Science of the occupational government in the Kherson region in Ukraine","Kherson","Australia (DFAT)","2022-09-30","1958-01-26","Russia","7276","Instrument of first designation
and declaration
Autonomous Sanctions (Designated Persons and
Entities and Declared Persons—Russia and
Ukraine) Amendment (No. 21) Instrument 2022"
"Rosgeologia Joint Stock Company","Entity","https://rusgeology.ru/","Kherson","Australia (DFAT)","2024-02-23","","","7919","Autonomous Sanctions (Designated Persons and Entities and Declared Persons – Russia and Ukraine) Amendment (No. 1) Instrument 2024"
"Serafim Vikentevich IVANOV","Individual","Head of the regional headquarters of Yunarmiya in the Kherson region of Ukraine","Kherson","Australia (DFAT)","2025-02-24","1996-05-19","","8065","Autonomous Sanctions (Designated Persons and Entities and Declared Persons – Russia and Ukraine) Amendment (No. 1) Instrument 2025"
"Sergey Vladimirovich ELISEEV","Individual","So-called ‘chairman’ of the government of the
Kherson region in Ukraine","Kherson","Australia (DFAT)","2022-09-30","1971-05-05","Russia","7260","Instrument of first designation
and declaration
Autonomous Sanctions (Designated Persons and
Entities and Declared Persons—Russia and
Ukraine) Amendment (No. 21) Instrument 2022"
"Serhiy Mikolayovich CHEREVKO","Individual","Member of the so-called ‘Salvation Committee for Peace and Order’ in the Kherson region in Ukraine","Kherson","Australia (DFAT)","2022-09-30","1975-08-11","Ukraine","7269","Instrument of first designation
and declaration
Autonomous Sanctions (Designated Persons and
Entities and Declared Persons—Russia and
Ukraine) Amendment (No. 21) Instrument 2022"
"Tetiana KUZMICH","Individual","Member of the so-called ‘Salvation Committee for Peace and Order’ in the Kherson region in Ukraine","Kherson","Australia (DFAT)","2022-09-30","1968-04-10","Ukraine","7270","Instrument of first designation
and declaration
Autonomous Sanctions (Designated Persons and
Entities and Declared Persons—Russia and
Ukraine) Amendment (No. 21) Instrument 2022"
"Tetiana ZAVALSKA","Individual","Head of Kherson Children’s Home","Kherson","Australia (DFAT)","2025-02-24","1953, 1954","Ukraine","8056","Autonomous Sanctions (Designated Persons and Entities and Declared Persons – Russia and Ukraine) Amendment (No. 1) Instrument 2025"
"Vladimir Aleksandrovich BESPALOV","Individual","So-called ‘Deputy Head’ of the occupation government of the Kherson region in Ukraine","Kherson","Australia (DFAT)","2022-09-30","1958-10-01","Russia","7275","Instrument of first designation
and declaration
Autonomous Sanctions (Designated Persons and
Entities and Declared Persons—Russia and
Ukraine) Amendment (No. 21) Instrument 2022"
"Volodymir Vasilyovich SALDO","Individual","So-called ‘head’ of the military-civilian administration for the Kherson region in Ukraine and member of the so-called ‘Salvation Committee for Peace and Order’ in the Kherson region in Ukraine","Kherson","Australia (DFAT)","2022-09-30","1956-06-12","Ukraine","7268","Instrument of first designation
and declaration
Autonomous Sanctions (Designated Persons and
Entities and Declared Persons—Russia and
Ukraine) Amendment (No. 21) Instrument 2022"
"Aleksey Khersontsev","Individual","","Kherson","Switzerland (SECO)","2023-03-01","","","","Ordinance SR 946.231.176.72"
"ALEKSYENKO, Andrei Anatolievich","Individual","Head of the so-called Kherson regional administration","Kherson","UK (OFSI)","29/09/2023","23/04/1978","Russia","16096","Russia (Sanctions) (EU Exit) Regulations 2019"
"BESPALOV, Vladimir","Individual","Deputy Head for Domestic Policy, Russian-installed administration of Kherson region","Kherson","UK (OFSI)","26/09/2022","","Russia","15516","Russia (Sanctions) (EU Exit) Regulations 2019"
"FILIPCHUK, Pavlo Ihorovych","Individual","so-called Mayor of Kakhovka","Kherson","UK (OFSI)","26/09/2022","05/07/1983","Ukrainian","15511","Russia (Sanctions) (EU Exit) Regulations 2019"
"IVANOV, Serafim Vikentevich","Individual","Press Secretary of the 'Volunteer Squad' and the Head of the Head of the regional headquarters of Yunarmia VVPOD in the Kherson region","Kherson","UK (OFSI)","19/11/2024","19/05/1996","Russia","16687","Russia (Sanctions) (EU Exit) Regulations 2019"
"KOBETS, Alexkandr Yuryevich","Individual","Head of Kherson Military-Civilian Administration","Kherson","UK (OFSI)","26/09/2022","27/09/1959","Ukraine","15506","Russia (Sanctions) (EU Exit) Regulations 2019"
"MASHKAUTSAN, Semen Alekseevich","Individual","So-called Deputy Prime Minister of Kherson","Kherson","UK (OFSI)","26/09/2022","02/03/1990","Russia","15561","Russia (Sanctions) (EU Exit) Regulations 2019"
"RODIKOV, Mikhail Leonidovich","Individual","[No role published — OFSI ""involved person"" designation]","Kherson","UK (OFSI)","26/09/2022","26/01/1958","Russian","15569","Russia (Sanctions) (EU Exit) Regulations 2019"
"YELISEYEV, Sergei Vladimirovich","Individual","Head of government of the Russian-occupied Kherson region","Kherson","UK (OFSI)","04/10/2022","05/05/1971","Russia","15594","Russia (Sanctions) (EU Exit) Regulations 2019"
"ZAKHAROVA, Marina Yuryevna","Individual","Head of the so-called Election Commission of the Kherson Region, in the temporarily-controlled territory in Kherson, Ukraine","Kherson","UK (OFSI)","29/09/2023","07/07/1985","","16097","Russia (Sanctions) (EU Exit) Regulations 2019"
"ZAVALSKA, Tetiana","Individual","Director of Kherson Children’s Home","Kherson","UK (OFSI)","19/11/2024","","Ukraine","16691","Russia (Sanctions) (EU Exit) Regulations 2019"
"BESPALOV, Vladimir Aleksandrovich","Individual","","Kherson","US (OFAC)","2022-09-15","01 Oct 1958","Russia","39204","RUSSIA-EO14024 | Executive Order 14024 (Russia)"
"BOBRYSHEV, Volodymyr Mykhailovych","Individual","","Kherson","US (OFAC)","2022-12-15","16 Jan 1966","Ukraine","40256","RUSSIA-EO14024 | Executive Order 14024 (Russia)"
"BULYUK, Vitaliy Viktorovich","Individual","","Kherson","US (OFAC)","2024-02-23","21 Dec 1969","Ukraine","47830","RUSSIA-EO14024 | Executive Order 14024 (Russia)"
"CHEREVKO, Serhiy Mykolayovych","Individual","","Kherson","US (OFAC)","2022-09-15","11 Aug 1975","Ukraine","39215","RUSSIA-EO14024 | Executive Order 14024 (Russia)"
"DESYATOVA, Natalya Leonidovna","Individual","","Kherson","US (OFAC)","2023-02-24","11 Jul 1966","Ukraine","41000","RUSSIA-EO14024 | Executive Order 14024 (Russia)"
"FILIPCHUK, Pavlo Ihorovych","Individual","","Kherson","US (OFAC)","2022-09-15","05 Jul 1983","Ukraine","39207","RUSSIA-EO14024 | Executive Order 14024 (Russia)"
"GARKUSHA, Gennadiy Oleksandrovych","Individual","","Kherson","US (OFAC)","2022-12-15","26 Jan 1968","Ukraine","40255","RUSSIA-EO14024 | Executive Order 14024 (Russia)"
"ILMIYEV, Vadim Viktorovich","Individual","","Kherson","US (OFAC)","2023-05-19","15 Aug 1966","Ukraine","43296","RUSSIA-EO14024 | Executive Order 14024 (Russia)"
"JSC ROSGEOLOGIA","Entity","","Kherson","US (OFAC)","2024-02-23","","","47885","RUSSIA-EO14024 | Executive Order 14024 (Russia)"
"KOBETS, Oleksandr Yuriyovych","Individual","","Kherson","US (OFAC)","2022-09-15","27 Sep 1959","Ukraine","39212","RUSSIA-EO14024 | Executive Order 14024 (Russia)"
"KUZ'MYCH, Tetyana Oleksandrivna","Individual","","Kherson","US (OFAC)","2022-09-15","10 Apr 1968","Ukraine","39214","RUSSIA-EO14024 | Executive Order 14024 (Russia)"
"LIMITED LIABILITY COMPANY NPC ANTEY","Entity","","Kherson","US (OFAC)","2024-02-23","","","47866","RUSSIA-EO14024 | Executive Order 14024 (Russia)"
"LIPANDIN, Volodymyr Vitalyovych","Individual","","Kherson","US (OFAC)","2022-12-15","17 Feb 1971","Ukraine","40262","RUSSIA-EO14024 | Executive Order 14024 (Russia)"
"RODIKOV, Mikhail Leonidovich","Individual","","Kherson","US (OFAC)","2022-09-15","26 Jan 1958","Russia","39203","RUSSIA-EO14024 | Executive Order 14024 (Russia)"
"SALDO, Volodymyr Vasilyovich","Individual","","Kherson","US (OFAC)","2022-08-02","12 Jun 1956","Ukraine","38282","RUSSIA-EO14024 | Executive Order 14024 (Russia)"
"SALVATION COMMITTEE FOR PEACE AND ORDER","Entity","","Kherson","US (OFAC)","2022-08-02","","","38280","RUSSIA-EO14024 | Executive Order 14024 (Russia)"
"SEMENCHEV, Ihor Ihorovych","Individual","","Kherson","US (OFAC)","2022-09-15","21 Jan 1982","Ukraine","39213","RUSSIA-EO14024 | Executive Order 14024 (Russia)"
"SHELESTENKO, Hennadiy Oleksandrovych","Individual","","Kherson","US (OFAC)","2022-09-15","16 Aug 1966","Ukraine","39211","RUSSIA-EO14024 | Executive Order 14024 (Russia)"
"STREMOUSOV, Kyrylo Serhiyovych","Individual","","Kherson","US (OFAC)","2022-08-02","26 Dec 1976","Ukraine","38281","RUSSIA-EO14024 | Executive Order 14024 (Russia)"
"TUMILINA, Tetyana Yuriivna","Individual","","Kherson","US (OFAC)","2022-09-15","18 Apr 1966","Ukraine","39210","RUSSIA-EO14024 | Executive Order 14024 (Russia)"
"YELISEYEV, Sergey Vladimirovich","Individual","","Kherson","US (OFAC)","2022-08-02","05 May 1971","Russia","38283","RUSSIA-EO14024 | Executive Order 14024 (Russia)"
"Автономна некомерційна організація Херсонської області ""Телерадіокомпанія ""Таврія""","Organisation","","Kherson","Ukraine (NSDC)","2025-04-11T15:22:04","","ru","NK-7BGDKJWgotUAbWfqRxeBJY","UA-SA1644"
"Державна служба безпеки Херсонської області","Organisation","","Kherson","Ukraine (NSDC)","2024-09-02T15:22:02","","ru","NK-huQmdFVQfrVApPXgAiBN2o","UA-SA1644"
"Регіональне відділення Загальноросійського громадсько-державного руху дітей і молоді ""Рух перших"" Херсонської області","Organisation","","Kherson","Ukraine (NSDC)","2025-06-10T12:22:02","","ru","NK-Tk2NLiqgR8DkTbdkJXRCu3","UA-SA1644"
"Товариство з обмеженою відповідальністю ""Козача артіль ""Таврида-Херсон""","Organisation","","Kherson","Ukraine (NSDC)","2025-08-04T08:22:01","","ru","NK-LQassAQPrqNqQ74QbHtJiL","UA-SA1644"
"Товариство з обмеженою відповідальністю ""Херсонка.Ру""","Organisation","","Kherson","Ukraine (NSDC)","2025-04-11T15:22:04","","ru","NK-XNyxaeh5oHC2X4eo4qtExP","UA-SA1644"
"Федеральний державний бюджетний заклад культури ""Державний історико-археологічний музей-заповідник ""Херсонес Таврійський""","Organisation","","Kherson","Ukraine (NSDC)","2025-02-05T18:22:02","","ru","NK-gpmtaTSwFF5FsujMs3Cvqv","UA-SA1644"
"Херсонцев Олексій Ігорьович","Individual","","Kherson","Ukraine (NSDC)","2023-04-20T10:50:14","1980-08-21","ru","NK-inJUMYSrHwnAKkYroWvzxv","UA-SA1644"
"Aleksandr Sergeevich MALYKHIN","Individual","Previously listed under 'Ukraine criteria' - Autonomous Sanctions (Designated Persons and Entities and Declared Persons – Ukraine) Amendment List 2014 [F2014L01184]; New listing start date 27 Aug 2023","Luhansk","Australia (DFAT)","2023-08-27","11/01/1981, 12/01/1981","Ukraine","7632","Instrument of first designation: Autonomous Sanctions (Designated Persons and Entities and Declared Persons—Russia and Ukraine) Amendment (No. 10) Instrument 2023"
"Alexandr Vasilievich SHUBIN","Individual","Previously listed under 'Ukraine criteria' - Autonomous Sanctions (Designated Persons and Entities and Declared Persons – Ukraine) Amendment List 2017 (No 2) [F2017L01118]; New listing start date 27 Aug 2023","Luhansk","Australia (DFAT)","2023-08-27","20/05/1972, 30/05/1972","Ukraine","7647","Instrument of first designation: Autonomous Sanctions (Designated Persons and Entities and Declared Persons—Russia and Ukraine) Amendment (No. 10) Instrument 2023"
"Anatoli Andreevich ANTONOV","Individual","So-called ‘Minister of State Security’ of the so-called ‘People’s Republic of Luhansk’","Luhansk","Australia (DFAT)","2022-05-04","1966-11-06","Ukraine","7121","Autonomous Sanctions (Designated Persons and Entities and Declared Persons—Russia and Ukraine) Amendment (No. 14) Instrument 2022"
"Anna Yurievna TODOROVA","Individual","So-called ‘Deputy Chair of the Government’ of the so-called ‘People’s Republic of Luhansk’","Luhansk","Australia (DFAT)","2022-05-04","1988-02-20","","7120","Autonomous Sanctions (Designated Persons and Entities and Declared Persons—Russia and Ukraine) Amendment (No. 14) Instrument 2022"
"Dmitry Sergeevich SIDOROV","Individual","So-called ‘Minister of Culture, Sports and Youth’ of the so-called ‘People’s Republic of Luhansk’","Luhansk","Australia (DFAT)","2022-05-04","1989-09-02","Ukraine","7125","Autonomous Sanctions (Designated Persons and Entities and Declared Persons—Russia and Ukraine) Amendment (No. 14) Instrument 2022"
"Elena Nikolaevna KOSTENKO","Individual","So-called ‘Deputy Chairman of the Council of Ministers’ of the so-called ‘People’s Republic of Luhansk’","Luhansk","Australia (DFAT)","2022-05-04","1968-11-13","Ukraine","7119","Autonomous Sanctions (Designated Persons and Entities and Declared Persons—Russia and Ukraine) Amendment (No. 14) Instrument 2022"
"Evgeny Anatolievich KATSAVALOV","Individual","So-called ‘Minister of Emergency Situations and Disaster Management’ of the so-called ‘People’s Republic of Luhansk’","Luhansk","Australia (DFAT)","2022-05-04","1972-02-11","Ukraine","7122","Autonomous Sanctions (Designated Persons and Entities and Declared Persons—Russia and Ukraine) Amendment (No. 14) Instrument 2022"
"Igor PLOTNITSKY","Individual","Previously listed under 'Ukraine criteria' - Autonomous Sanctions (Designated Persons and Entities and Declared Persons – Ukraine) Amendment List 2014 [F2014L01184]; New listing start date 27 Aug 2023","Luhansk","Australia (DFAT)","2023-08-27","25/06/1964, 24/06/1964, 26/06/1964","Russia, Ukraine","7637","Instrument of first designation: Autonomous Sanctions (Designated Persons and Entities and Declared Persons—Russia and Ukraine) Amendment (No. 10) Instrument 2023"
"Ivan Serhiiovych KUSOV","Individual","Minister of Education and Science of the so-called “Luhansk People’s Republic”","Luhansk","Australia (DFAT)","2025-02-24","1987-01-24","Russia, Ukraine","8053","Autonomous Sanctions (Designated Persons and Entities and Declared Persons – Russia and Ukraine) Amendment (No. 1) Instrument 2025"
"Larisa Leonidovna AIRAPETYAN","Individual","Previously listed under 'Ukraine criteria' - Autonomous Sanctions (Designated Persons and Entities and Declared Persons – Ukraine) Amendment List 2017 (No 2) [F2017L01118]; New listing start date 27 Aug 2023","Luhansk","Australia (DFAT)","2023-08-27","1970-02-21","Ukraine","7608","Instrument of first designation: Autonomous Sanctions (Designated Persons and Entities and Declared Persons—Russia and Ukraine) Amendment (No. 10) Instrument 2023"
"Maxim Alekseevich PROTASOV","Individual","So-called ‘Minister of Construction and Housing and Communal Services’ of the so-called ‘People’s Republic of Luhansk’","Luhansk","Australia (DFAT)","2022-05-04","1976-02-21","Ukraine","7129","Autonomous Sanctions (Designated Persons and Entities and Declared Persons—Russia and Ukraine) Amendment (No. 14) Instrument 2022"
"Natalya Alexandrovna PASHCHENKO","Individual","So-called ‘Minister of Health’ of the so-called ‘People’s Republic of Luhansk’","Luhansk","Australia (DFAT)","2022-05-04","1975-10-10","Ukraine","7123","Autonomous Sanctions (Designated Persons and Entities and Declared Persons—Russia and Ukraine) Amendment (No. 14) Instrument 2022"
"Oleg Evgenevich BUGROV","Individual","Previously listed under 'Ukraine criteria' - Autonomous Sanctions (Designated Persons and Entities and Declared Persons – Ukraine) Amendment List 2017 (No 2) [F2017L01118]; New listing start date 27 Aug 2023","Luhansk","Australia (DFAT)","2023-08-27","26/06/1973, 29/08/1969","Ukraine","7617","Instrument of first designation: Autonomous Sanctions (Designated Persons and Entities and Declared Persons—Russia and Ukraine) Amendment (No. 10) Instrument 2023"
"Oleg Vasilievich FETISOV","Individual","So-called ‘Minister of Communications and Mass Communications’ of the so-called ‘People’s Republic of Luhansk’","Luhansk","Australia (DFAT)","2022-05-04","1971-03-30","Ukraine","7130","Autonomous Sanctions (Designated Persons and Entities and Declared Persons—Russia and Ukraine) Amendment (No. 14) Instrument 2022"
"Olga Igorevna BESEDINA","Individual","Previously listed under 'Ukraine criteria' - Autonomous Sanctions (Designated Persons and Entities and Declared Persons – Ukraine) Amendment List 2017 (No 2) [F2017L01118]; New listing start date 27 Aug 2023","Luhansk","Australia (DFAT)","2023-08-27","1976-12-10","Ukraine","7616","Instrument of first designation: Autonomous Sanctions (Designated Persons and Entities and Declared Persons—Russia and Ukraine) Amendment (No. 10) Instrument 2023"
"Rodion Valeryevich MIROSHNIK","Individual","Ambassador-at-Large of the Russian Foreign Ministry “on the crimes of the Kyiv regime”","Luhansk","Australia (DFAT)","2025-02-24","1974-01-31","Russia, Ukraine","8017","Autonomous Sanctions (Designated Persons and Entities and Declared Persons – Russia and Ukraine) Amendment (No. 1) Instrument 2025"
"Sergey Alekseevich BORODIN","Individual","So-called ‘Chairman of the State Committee for Taxes and Duties’ of the so-called ‘People’s Republic of Luhansk’","Luhansk","Australia (DFAT)","2022-05-04","1968-01-15","Ukraine","7126","Autonomous Sanctions (Designated Persons and Entities and Declared Persons—Russia and Ukraine) Amendment (No. 14) Instrument 2022"
"Svetlana Anatolievna MALAKHOVA","Individual","So-called ‘Minister of Labour and Social Policy’ of the so-called ‘People’s Republic of Luhansk’","Luhansk","Australia (DFAT)","2022-05-04","1964-08-27","Ukraine","7124","Autonomous Sanctions (Designated Persons and Entities and Declared Persons—Russia and Ukraine) Amendment (No. 14) Instrument 2022"
"Svetlana Nikolaevna PODLIPAEVA","Individual","So-called ‘Minister of Economic Development’ of the so-called ‘People’s Republic of Luhansk’","Luhansk","Australia (DFAT)","2022-05-04","1968-09-16","Ukraine","7128","Autonomous Sanctions (Designated Persons and Entities and Declared Persons—Russia and Ukraine) Amendment (No. 14) Instrument 2022"
"Vladislav Garievich KUZNETSOV","Individual","So-called ‘First Deputy Chairman’ of the selfproclaimed ‘government’ of the so-called ‘People’s Republic of Luhansk’ in Ukraine","Luhansk","Australia (DFAT)","2022-09-30","1969-03-18","Russia","7274","Instrument of first designation
and declaration
Autonomous Sanctions (Designated Persons and
Entities and Declared Persons—Russia and
Ukraine) Amendment (No. 21) Instrument 2022"
"Vladislav Nykolayevich DEYNEGO","Individual","Previously listed under 'Ukraine criteria' - Autonomous Sanctions (Designated Persons and Entities and Declared Persons – Ukraine) Amendment List 2017 (No 2) [F2017L01118]; New listing start date 27 Aug 2023","Luhansk","Australia (DFAT)","2023-08-27","1964-03-12","Ukraine","7618","Instrument of first designation: Autonomous Sanctions (Designated Persons and Entities and Declared Persons—Russia and Ukraine) Amendment (No. 10) Instrument 2023"
"Yurij IVAKIN","Individual","Previously listed under 'Ukraine criteria' - Autonomous Sanctions (Designated Persons and Entities and Declared Persons – Ukraine) Amendment List 2014 [F2014L01184]; New listing start date 27 Aug 2023","Luhansk","Australia (DFAT)","2023-08-27","1954-08-13","Ukraine","7621","Instrument of first designation: Autonomous Sanctions (Designated Persons and Entities and Declared Persons—Russia and Ukraine) Amendment (No. 10) Instrument 2023"
"Yuriy Alexandrovich PRONKO","Individual","So-called ‘Minister of Agriculture and Food’ of the so-called ‘People’s Republic of Luhansk’","Luhansk","Australia (DFAT)","2022-05-04","1962-04-02","Ukraine","7127","Autonomous Sanctions (Designated Persons and Entities and Declared Persons—Russia and Ukraine) Amendment (No. 14) Instrument 2022"
"Yuriy Anatolievich DEGTYAREV","Individual","So-called ‘Minister of Natural Resources and Environmental Security’ of the so-called ‘People’s Republic of Luhansk’","Luhansk","Australia (DFAT)","2022-05-04","1977-07-07","Ukraine","7131","Autonomous Sanctions (Designated Persons and Entities and Declared Persons—Russia and Ukraine) Amendment (No. 14) Instrument 2022"
"Yuriy Nikolaevich GOVTVIN","Individual","So-called ‘Deputy Chairperson’ of the selfproclaimed ‘government’ of the so-called ‘People’s Republic of Luhansk’ in Ukraine","Luhansk","Australia (DFAT)","2022-09-30","4/12/1968, 12/04/1968","Ukraine","7273","Instrument of first designation
and declaration
Autonomous Sanctions (Designated Persons and
Entities and Declared Persons—Russia and
Ukraine) Amendment (No. 21) Instrument 2022"
"ELPROM","Entity","","Luhansk","Switzerland (SECO)","2022-03-25","","","","Ordinance SR 946.231.176.72"
"Luhansk Economic Union","Entity","","Luhansk","Switzerland (SECO)","2014-12-15","","","","Ordinance SR 946.231.176.72"
"Public Joint Stock Company “Dalpribor”","Entity","","Luhansk","Switzerland (SECO)","2025-12-12","","","","Ordinance SR 946.231.176.72"
"Public movement “Peace to Luhansk Region”","Entity","","Luhansk","Switzerland (SECO)","2014-12-15","","","","Ordinance SR 946.231.176.72"
"So-called ""Luhansk Guard""","Entity","","Luhansk","Switzerland (SECO)","2014-08-04","","","","Ordinance SR 946.231.176.72"
"So-called ""Luhansk People's Republic""","Entity","","Luhansk","Switzerland (SECO)","2014-08-04","","","","Ordinance SR 946.231.176.72"
"State Unitary Enterprise of the Lugansk People’s Republic “Lugansk Communications”","Entity","","Luhansk","Switzerland (SECO)","2025-12-12","","","","Ordinance SR 946.231.176.72"
"Voentekstilprom LLC","Entity","","Luhansk","Switzerland (SECO)","2022-06-09","","","","Ordinance SR 946.231.176.72"
"AFANASEVSKY, Yuriy Nikolaevich","Individual","[No role published — OFSI ""involved person"" designation]","Luhansk","UK (OFSI)","13/04/2022","12/12/1968","","15124","Russia (Sanctions) (EU Exit) Regulations 2019"
"ANDRUKH, Irina Ivanovna","Individual","[No role published — OFSI ""involved person"" designation]","Luhansk","UK (OFSI)","13/04/2022","21/09/1959","","15214","Russia (Sanctions) (EU Exit) Regulations 2019"
"ANTONOV, Anatoli Andreevich","Individual","[No role published — OFSI ""involved person"" designation]","Luhansk","UK (OFSI)","13/04/2022","06/11/1966","","15110","Russia (Sanctions) (EU Exit) Regulations 2019"
"Airapetyan, Larisa Leonidovna","Individual","Former Health Minister’ of the so called ‘Luhansk People","Luhansk","UK (OFSI)","31/12/2020","21/02/1970","","13172","Russia (Sanctions) (EU Exit) Regulations 2019"
"Akimov, Oleg Konstantinovich","Individual","Deputy of the Luhansk Economic Unition in the 'National Council' of the 'Luhansk People's Republic","Luhansk","UK (OFSI)","31/12/2020","15/09/1981","Ukraine","13171","Russia (Sanctions) (EU Exit) Regulations 2019"
"Army of the Southeast","Entity","","Luhansk","UK (OFSI)","31/12/2020","","","13056","Russia (Sanctions) (EU Exit) Regulations 2019"
"BABKIN, Igor Olegovich","Individual","Deputy Head of the so-called LPRA","Luhansk","UK (OFSI)","29/09/2023","19/07/1972","Ukraine","16098","Russia (Sanctions) (EU Exit) Regulations 2019"
"BELETSKY, Aleksei Yuryevich","Individual","[No role published — OFSI ""involved person"" designation]","Luhansk","UK (OFSI)","13/04/2022","23/07/1988","","15215","Russia (Sanctions) (EU Exit) Regulations 2019"
"BORODIN, Sergey Alekseevich","Individual","[No role published — OFSI ""involved person"" designation]","Luhansk","UK (OFSI)","13/04/2022","15/01/1968","","15117","Russia (Sanctions) (EU Exit) Regulations 2019"
"BUNEEV, Gennadiy Mikhaylovich","Individual","[No role published — OFSI ""involved person"" designation]","Luhansk","UK (OFSI)","13/04/2022","11/02/1958","","15216","Russia (Sanctions) (EU Exit) Regulations 2019"
"Bashirov, Marat Faatovich","Individual","Former so-called 'Prime Minister of the Council of Ministers of the Lugansk People's Republic.'","Luhansk","UK (OFSI)","31/12/2020","20/01/1964","Russia","13013","Russia (Sanctions) (EU Exit) Regulations 2019"
"Besedina, Olga Igoreva","Individual","Former 'Minister of Economic Development and Trade' of the so called 'Luhansk People's Republic.' Other Information: Former so-called 'Minister of Economic Development and Trade' of the so-called 'Luhansk People's Republic'. Former head of the foreign economy department at the Office of the head of the ‘Luhansk Administration’.","Luhansk","UK (OFSI)","31/12/2020","10/12/1976","Ukraine","13211","Russia (Sanctions) (EU Exit) Regulations 2019"
"Bugrov, Oleg Evgenevich","Individual","Former Defence Minister","Luhansk","UK (OFSI)","31/12/2020","29/08/1969 | dd/mm/1973","Ukraine","13177","Russia (Sanctions) (EU Exit) Regulations 2019"
"Cossack National Guard","Entity","","Luhansk","UK (OFSI)","31/12/2020","","","13218","Russia (Sanctions) (EU Exit) Regulations 2019"
"DADONOV, Oleg Viacheslavovich","Individual","[No role published — OFSI ""involved person"" designation]","Luhansk","UK (OFSI)","13/04/2022","06/07/1968","","15217","Russia (Sanctions) (EU Exit) Regulations 2019"
"DEGTYAREV, Yuriy Anatolievich","Individual","[No role published — OFSI ""involved person"" designation]","Luhansk","UK (OFSI)","13/04/2022","07/07/1977","","15122","Russia (Sanctions) (EU Exit) Regulations 2019"
"DEMESHKO, Bella Seyranovna","Individual","[No role published — OFSI ""involved person"" designation]","Luhansk","UK (OFSI)","13/04/2022","19/02/1979","","15218","Russia (Sanctions) (EU Exit) Regulations 2019"
"DIDENKO, Sergei Mikhaylovich","Individual","[No role published — OFSI ""involved person"" designation]","Luhansk","UK (OFSI)","13/04/2022","22/06/1974","","15219","Russia (Sanctions) (EU Exit) Regulations 2019"
"Death Battalion","Entity","","Luhansk","UK (OFSI)","31/12/2020","","","13225","Russia (Sanctions) (EU Exit) Regulations 2019"
"Deynego, Vladyslav Nykolayevych","Individual","So-called 'Minister of Foreign Affairs' of the so-called 'Luhansk People’s Republic'","Luhansk","UK (OFSI)","31/12/2020","12/03/1964","Ukraine","13182","Russia (Sanctions) (EU Exit) Regulations 2019"
"FARAKHOVA, Elena Evgenyevna","Individual","[No role published — OFSI ""involved person"" designation]","Luhansk","UK (OFSI)","13/04/2022","31/12/1984","","15220","Russia (Sanctions) (EU Exit) Regulations 2019"
"FETISOV, Oleg Vasilievich","Individual","[No role published — OFSI ""involved person"" designation]","Luhansk","UK (OFSI)","13/04/2022","30/03/1971","","15121","Russia (Sanctions) (EU Exit) Regulations 2019"
"GALINKIN, Valeriy Iosifovich","Individual","[No role published — OFSI ""involved person"" designation]","Luhansk","UK (OFSI)","13/04/2022","01/08/1947","","15221","Russia (Sanctions) (EU Exit) Regulations 2019"
"GIZAY, Svetlana Fiodorovna","Individual","[No role published — OFSI ""involved person"" designation]","Luhansk","UK (OFSI)","13/04/2022","24/01/1965","","15222","Russia (Sanctions) (EU Exit) Regulations 2019"
"GOLDA, Dmitry Yuryevich","Individual","[No role published — OFSI ""involved person"" designation]","Luhansk","UK (OFSI)","13/04/2022","02/08/1984","","15223","Russia (Sanctions) (EU Exit) Regulations 2019"
"GOLUBOVICH, Mikhail Vasilyevich","Individual","[No role published — OFSI ""involved person"" designation]","Luhansk","UK (OFSI)","13/04/2022","21/11/1943","","15224","Russia (Sanctions) (EU Exit) Regulations 2019"
"GOVTVIN, Yuriy Nikolaevich","Individual","[No role published — OFSI ""involved person"" designation]","Luhansk","UK (OFSI)","13/04/2022","12/04/1968","Ukrainian","15107","Russia (Sanctions) (EU Exit) Regulations 2019"
"GUBAREV, Andrei Anatolyevich","Individual","[No role published — OFSI ""involved person"" designation]","Luhansk","UK (OFSI)","13/04/2022","22/10/1974","","15225","Russia (Sanctions) (EU Exit) Regulations 2019"
"Ignatov, Sergey Yurevich","Individual","Former so-called 'Commander in Chief of the People's Militia of the Luhansk People's Republic'. Former Commander of 8th Army of the Russian Armed Force.","Luhansk","UK (OFSI)","31/12/2020","07/01/1967","Russia","13206","Russia (Sanctions) (EU Exit) Regulations 2019"
"Ismailov, Zaur Raufovich","Individual","Council: Former 'General Prosecutor' of the so called 'Luhansk People's Republic (until October 2017)|Currently acting so-called 'Minister of Justice' of the so-called 'Luhansk People's Republic'.","Luhansk","UK (OFSI)","31/12/2020","23/03/1975 | 25/07/1978","Ukraine","13212","Russia (Sanctions) (EU Exit) Regulations 2019"
"Ivakin, Yuriy Volodymyrovych","Individual","Former First Minister of the Ministry of Foreign Affairs of the Lugansk People's Republic (LNR)","Luhansk","UK (OFSI)","31/12/2020","13/08/1954","Ukraine","13016","Russia (Sanctions) (EU Exit) Regulations 2019"
"KATSAVALOV, Evgeny Anatolievich","Individual","[No role published — OFSI ""involved person"" designation]","Luhansk","UK (OFSI)","13/04/2022","11/02/1972","","15112","Russia (Sanctions) (EU Exit) Regulations 2019"
"KHOROSHILOV, Dmitry Aleksandrovich","Individual","[No role published — OFSI ""involved person"" designation]","Luhansk","UK (OFSI)","13/04/2022","20/12/1982","","15258","Russia (Sanctions) (EU Exit) Regulations 2019"
"KHVOROSTIAN, Svetlana Vadimovna","Individual","[No role published — OFSI ""involved person"" designation]","Luhansk","UK (OFSI)","13/04/2022","07/03/1990","","15226","Russia (Sanctions) (EU Exit) Regulations 2019"
"KISHKINOV, Vitaliy Mikhaylovich","Individual","[No role published — OFSI ""involved person"" designation]","Luhansk","UK (OFSI)","13/04/2022","07/01/1983","","15227","Russia (Sanctions) (EU Exit) Regulations 2019"
"KOBTSEVA, Olga Anatolyevna","Individual","[No role published — OFSI ""involved person"" designation]","Luhansk","UK (OFSI)","13/04/2022","06/09/1966","","15228","Russia (Sanctions) (EU Exit) Regulations 2019"
"KOLESNIKOV, Denis Sergeevich","Individual","[No role published — OFSI ""involved person"" designation]","Luhansk","UK (OFSI)","13/04/2022","01/06/1980","","15229","Russia (Sanctions) (EU Exit) Regulations 2019"
"KORNET, Igor Aleksandrovich","Individual","[No role published — OFSI ""involved person"" designation]","Luhansk","UK (OFSI)","13/04/2022","29/04/1973","","15111","Russia (Sanctions) (EU Exit) Regulations 2019"
"KOSTENKO, Elena Nikolaevna","Individual","[No role published — OFSI ""involved person"" designation]","Luhansk","UK (OFSI)","13/04/2022","13/11/1968","","15108","Russia (Sanctions) (EU Exit) Regulations 2019"
"KOVAL, Oleg Valeryevich","Individual","[No role published — OFSI ""involved person"" designation]","Luhansk","UK (OFSI)","13/04/2022","29/09/1974","","15260","Russia (Sanctions) (EU Exit) Regulations 2019"
"KOVALENKO, Aleksandra Sergeevna","Individual","[No role published — OFSI ""involved person"" designation]","Luhansk","UK (OFSI)","13/04/2022","06/09/1988","","15230","Russia (Sanctions) (EU Exit) Regulations 2019"
"KOZLOV, Ivanovich Sergey","Individual","[No role published — OFSI ""involved person"" designation]","Luhansk","UK (OFSI)","13/04/2022","07/11/1963","Ukraine","15106","Russia (Sanctions) (EU Exit) Regulations 2019"
"KRIYERENKO, Aleksandr Valeryevich","Individual","[No role published — OFSI ""involved person"" designation]","Luhansk","UK (OFSI)","13/04/2022","14/10/1993","","15231","Russia (Sanctions) (EU Exit) Regulations 2019"
"KUKARSKY, Dmitry Leonidovich","Individual","[No role published — OFSI ""involved person"" designation]","Luhansk","UK (OFSI)","13/04/2022","20/01/1982","","15232","Russia (Sanctions) (EU Exit) Regulations 2019"
"KUSOV, Ivan","Individual","So-called ‘Minister of Education and Science’","Luhansk","UK (OFSI)","26/09/2022","1987","Russia","15512","Russia (Sanctions) (EU Exit) Regulations 2019"
"KUZNETSOV, Vladislav Garievich","Individual","So-called ‘First Deputy Chairman’ of the so-called ‘Luhansk People’s Republic’","Luhansk","UK (OFSI)","26/07/2022","18/03/1969","Russia","15491","Russia (Sanctions) (EU Exit) Regulations 2019"
"Karyakin, Aleksey Vyacheslavovich","Individual","Former Supreme Council Chair of the People","Luhansk","UK (OFSI)","31/12/2020","07/04/1979 | 07/04/1980","","13015","Russia (Sanctions) (EU Exit) Regulations 2019"
"Kozyakov, Sergey Yurievich","Individual","Former so-called 'Minister of Justice' of the 'Luhansk People’s Republic'","Luhansk","UK (OFSI)","31/12/2020","29/09/1982","Ukraine","13170","Russia (Sanctions) (EU Exit) Regulations 2019"
"Kravchenko, Elena Valerievna","Individual","Chairperson of the so-called Luhansk Sverdlovsk|Ekaterinburg, Sverdlovsk People’s Republic Central Election Commission Oblast, RSFSR","Luhansk","UK (OFSI)","31/12/2020","22/02/1983","Ukraine","13722","Russia (Sanctions) (EU Exit) Regulations 2019"
"LITSOEV, Andrei Viktorovich","Individual","[No role published — OFSI ""involved person"" designation]","Luhansk","UK (OFSI)","13/04/2022","06/02/1967","","15233","Russia (Sanctions) (EU Exit) Regulations 2019"
"LUSTENKO, Andrey Yurievich","Individual","[No role published — OFSI ""involved person"" designation]","Luhansk","UK (OFSI)","13/04/2022","16/06/1975","","15114","Russia (Sanctions) (EU Exit) Regulations 2019"
"LYSENKO, Roman Grigoryevich","Individual","[No role published — OFSI ""involved person"" designation]","Luhansk","UK (OFSI)","13/04/2022","13/08/1962","","15234","Russia (Sanctions) (EU Exit) Regulations 2019"
"Lapteva, Lesya Mikhaylovna","Individual","Former 'Minister of Education, Science, Culture and Religion' of the so-called 'Luhansk People's Republic'.","Luhansk","UK (OFSI)","31/12/2020","11/03/1976","Ukraine","13178","Russia (Sanctions) (EU Exit) Regulations 2019"
"Luhansk Economic Union","Entity","","Luhansk","UK (OFSI)","31/12/2020","","","13187","Russia (Sanctions) (EU Exit) Regulations 2019"
"MALAKHOVA, Svetlana Anatolievna","Individual","[No role published — OFSI ""involved person"" designation]","Luhansk","UK (OFSI)","13/04/2022","27/08/1964","","15115","Russia (Sanctions) (EU Exit) Regulations 2019"
"MALY, Pavel Georgievich","Individual","[No role published — OFSI ""involved person"" designation]","Luhansk","UK (OFSI)","13/04/2022","05/11/1968","","15235","Russia (Sanctions) (EU Exit) Regulations 2019"
"MARDANOV, Ruslan Raisovich","Individual","[No role published — OFSI ""involved person"" designation]","Luhansk","UK (OFSI)","13/04/2022","22/09/1980","","15236","Russia (Sanctions) (EU Exit) Regulations 2019"
"MARFINA, Zhanna Viktorovna","Individual","[No role published — OFSI ""involved person"" designation]","Luhansk","UK (OFSI)","13/04/2022","31/01/1974","","15237","Russia (Sanctions) (EU Exit) Regulations 2019"
"MOSINA, Anna Mikhaylovna","Individual","[No role published — OFSI ""involved person"" designation]","Luhansk","UK (OFSI)","13/04/2022","27/10/1957","","15238","Russia (Sanctions) (EU Exit) Regulations 2019"
"Malykhin, Aleksandr Sergeevich","Individual","Former Head of the 'Lugansk People's Republic' Central Election Commission","Luhansk","UK (OFSI)","31/12/2020","11/01/1981","Ukraine","12976","Russia (Sanctions) (EU Exit) Regulations 2019"
"Manuilov, Evgeny Vladimirovich","Individual","So-called Minister of Budget (Finance) of the so-called People's Republic of Lugansk","Luhansk","UK (OFSI)","31/12/2020","05/01/1967","Ukraine","13209","Russia (Sanctions) (EU Exit) Regulations 2019"
"Miroshnitchenko, Denis Nikolaevitch","Individual","Chairperson of the so-called Luhansk People's Council","Luhansk","UK (OFSI)","31/12/2020","08/12/1987","Ukraine","13725","Russia (Sanctions) (EU Exit) Regulations 2019"
"NADEN, Zinaida Gavrilovna","Individual","[No role published — OFSI ""involved person"" designation]","Luhansk","UK (OFSI)","13/04/2022","22/07/1947","","15239","Russia (Sanctions) (EU Exit) Regulations 2019"
"NEVEROV, Sergey Nikolaevich","Individual","[No role published — OFSI ""involved person"" designation]","Luhansk","UK (OFSI)","13/04/2022","","","15123","Russia (Sanctions) (EU Exit) Regulations 2019"
"NOSKOV, Vasiliy Viktorovich","Individual","[No role published — OFSI ""involved person"" designation]","Luhansk","UK (OFSI)","26/09/2022","14/07/1993","Russia","15521","Russia (Sanctions) (EU Exit) Regulations 2019"
"Nikitin, Vasilii Alexandrovich","Individual","Former so-called 'Vice Prime Minister of the Council of Ministers of the Lugansk People's Republic) Also former spokesman of the 'Army of the South-East'.","Luhansk","UK (OFSI)","31/12/2020","25/11/1971","Uzbekistan","13014","Russia (Sanctions) (EU Exit) Regulations 2019"
"PASHCHENKO, Natalya Alexandrovna","Individual","[No role published — OFSI ""involved person"" designation]","Luhansk","UK (OFSI)","13/04/2022","10/10/1975","","15113","Russia (Sanctions) (EU Exit) Regulations 2019"
"PILAVOV, Pavel Aristievich","Individual","[No role published — OFSI ""involved person"" designation]","Luhansk","UK (OFSI)","13/04/2022","17/02/1969","","15240","Russia (Sanctions) (EU Exit) Regulations 2019"
"PODLIPAEVA, Svetlana Nikolaevna","Individual","[No role published — OFSI ""involved person"" designation]","Luhansk","UK (OFSI)","13/04/2022","16/09/1968","","15119","Russia (Sanctions) (EU Exit) Regulations 2019"
"PODTYNNAYA, Alla Arkadyevna","Individual","[No role published — OFSI ""involved person"" designation]","Luhansk","UK (OFSI)","13/04/2022","08/06/1953","","15241","Russia (Sanctions) (EU Exit) Regulations 2019"
"POLYAKOV, Vladimir Nikolaevich","Individual","[No role published — OFSI ""involved person"" designation]","Luhansk","UK (OFSI)","13/04/2022","07/04/1987","","15242","Russia (Sanctions) (EU Exit) Regulations 2019"
"POPOV, Oleg Nikolaevich","Individual","[No role published — OFSI ""involved person"" designation]","Luhansk","UK (OFSI)","13/04/2022","16/04/1972","","15243","Russia (Sanctions) (EU Exit) Regulations 2019"
"PRONKO, Yuriy Alexandrovich","Individual","[No role published — OFSI ""involved person"" designation]","Luhansk","UK (OFSI)","13/04/2022","02/04/1962","","15118","Russia (Sanctions) (EU Exit) Regulations 2019"
"PROTASOV, Maxim Alekseevich","Individual","[No role published — OFSI ""involved person"" designation]","Luhansk","UK (OFSI)","13/04/2022","21/02/1976","","15120","Russia (Sanctions) (EU Exit) Regulations 2019"
"Pasechnik, Leonid Ivanovitch","Individual","Elected leader of the so-called Luhansk People’s Republic","Luhansk","UK (OFSI)","31/12/2020","15/03/1970","Ukraine","13723","Russia (Sanctions) (EU Exit) Regulations 2019"
"Peace To Luhansk Region","Entity","","Luhansk","UK (OFSI)","31/12/2020","","","13184","Russia (Sanctions) (EU Exit) Regulations 2019"
"People's Union","Entity","","Luhansk","UK (OFSI)","31/12/2020","","","13186","Russia (Sanctions) (EU Exit) Regulations 2019"
"Plotnitsky, Igor Benedictovich","Individual","former 'Head' of the so-called Luhansk People’s Republic | Former 'Defence Minister'","Luhansk","UK (OFSI)","31/12/2020","24/06/1964","Russia","13017","Russia (Sanctions) (EU Exit) Regulations 2019"
"Prizrak Brigade","Entity","","Luhansk","UK (OFSI)","31/12/2020","","","13222","Russia (Sanctions) (EU Exit) Regulations 2019"
"Prokopiv, German","Individual","Head of the Luhansk Guard’s youth organisation wing. | self-identified ‘governor’ in the Luhansk Oblast | informal deputy Chairman of the Lugansk Guard","Luhansk","UK (OFSI)","31/12/2020","06/07/1993","","12959","Russia (Sanctions) (EU Exit) Regulations 2019"
"RAKHMUKOVA, Elena Ivanovna","Individual","[No role published — OFSI ""involved person"" designation]","Luhansk","UK (OFSI)","13/04/2022","25/09/1956","","15244","Russia (Sanctions) (EU Exit) Regulations 2019"
"RYABUSHKIN, Igor Nikolaevich","Individual","[No role published — OFSI ""involved person"" designation]","Luhansk","UK (OFSI)","13/04/2022","05/05/1970","","15245","Russia (Sanctions) (EU Exit) Regulations 2019"
"SAMATOV, Timur","Individual","So-called ‘Minister of Industry and Trade’","Luhansk","UK (OFSI)","26/09/2022","04/04/1992","Russia","15508","Russia (Sanctions) (EU Exit) Regulations 2019"
"SANAYEV, Ivan Vladimirovich","Individual","[No role published — OFSI ""involved person"" designation]","Luhansk","UK (OFSI)","13/04/2022","10/06/1986","","15246","Russia (Sanctions) (EU Exit) Regulations 2019"
"SANKIN, Vladimir Vladimirovich","Individual","[No role published — OFSI ""involved person"" designation]","Luhansk","UK (OFSI)","13/04/2022","07/06/1984","","15247","Russia (Sanctions) (EU Exit) Regulations 2019"
"SERGUN, Natalya Vladimirovna","Individual","[No role published — OFSI ""involved person"" designation]","Luhansk","UK (OFSI)","13/04/2022","20/09/1973","","15248","Russia (Sanctions) (EU Exit) Regulations 2019"
"SEROV, Sergei Viktorovich","Individual","[No role published — OFSI ""involved person"" designation]","Luhansk","UK (OFSI)","13/04/2022","13/12/1967","","15249","Russia (Sanctions) (EU Exit) Regulations 2019"
"SIDOROV, Dmitry Sergeevich","Individual","[No role published — OFSI ""involved person"" designation]","Luhansk","UK (OFSI)","13/04/2022","02/09/1989","","15116","Russia (Sanctions) (EU Exit) Regulations 2019"
"SKRYPNYK, Konstantin Evgenevich","Individual","[No role published — OFSI ""involved person"" designation]","Luhansk","UK (OFSI)","13/04/2022","15/04/1974","","15250","Russia (Sanctions) (EU Exit) Regulations 2019"
"SOPELNIK, Andrei Fiodorovich","Individual","[No role published — OFSI ""involved person"" designation]","Luhansk","UK (OFSI)","13/04/2022","16/03/1975","","15259","Russia (Sanctions) (EU Exit) Regulations 2019"
"SVETLOV, Viacheslav Evgenyevich","Individual","[No role published — OFSI ""involved person"" designation]","Luhansk","UK (OFSI)","13/04/2022","27/01/1970","","15251","Russia (Sanctions) (EU Exit) Regulations 2019"
"Semyonov, Dmitry Aleksandrovich","Individual","Former ‘Deputy Prime Minister for Finances’ of the ‘Lugansk People’s Republic’","Luhansk","UK (OFSI)","31/12/2020","01/06/1977","Russia","13176","Russia (Sanctions) (EU Exit) Regulations 2019"
"Shubin, Alexandr Vasilievich","Individual","Former so-called 'Minister of Justice', Luhansk People's Republic","Luhansk","UK (OFSI)","31/12/2020","20/05/1972","Ukraine","13204","Russia (Sanctions) (EU Exit) Regulations 2019"
"So-called 'Luhansk Guard'","Entity","","Luhansk","UK (OFSI)","31/12/2020","","","13055","Russia (Sanctions) (EU Exit) Regulations 2019"
"Svidchenko, Maxim Alexandrovich","Individual","Deputy Head of the so-called Luhansk People’s Republic Central Election Commission","Luhansk","UK (OFSI)","31/12/2020","06/04/1978","Ukraine","13728","Russia (Sanctions) (EU Exit) Regulations 2019"
"TAMBOVTSEV, Andrei Mikhaylovich","Individual","[No role published — OFSI ""involved person"" designation]","Luhansk","UK (OFSI)","13/04/2022","06/08/1986","","15252","Russia (Sanctions) (EU Exit) Regulations 2019"
"TELIKANOV, Yuriy Nikolaevich","Individual","[No role published — OFSI ""involved person"" designation]","Luhansk","UK (OFSI)","13/04/2022","10/05/1955","","15253","Russia (Sanctions) (EU Exit) Regulations 2019"
"TODOROVA, Anna Yurievena","Individual","[No role published — OFSI ""involved person"" designation]","Luhansk","UK (OFSI)","13/04/2022","20/02/1988","","15109","Russia (Sanctions) (EU Exit) Regulations 2019"
"Tchigrina, Oksana","Individual","Former spokesperson, 'government' of the Lugansk People's Republic","Luhansk","UK (OFSI)","31/12/2020","23/07/1981","Ukrainian","13069","Russia (Sanctions) (EU Exit) Regulations 2019"
"Tereshchenko, Yekaterina Vasilievna","Individual","Secretary of the so-called Luhensk People’s Republic Central Election Commission","Luhansk","UK (OFSI)","31/12/2020","31/05/1986","Ukraine","13729","Russia (Sanctions) (EU Exit) Regulations 2019"
"UVAROV, Maksim Anatolyevich","Individual","[No role published — OFSI ""involved person"" designation]","Luhansk","UK (OFSI)","13/04/2022","14/08/1980","","15254","Russia (Sanctions) (EU Exit) Regulations 2019"
"YERMOLENKO, Aleksandr Viktorovich","Individual","[No role published — OFSI ""involved person"" designation]","Luhansk","UK (OFSI)","13/04/2022","20/12/1985","","15255","Russia (Sanctions) (EU Exit) Regulations 2019"
"YUROV, Yuriy Pavlovich","Individual","[No role published — OFSI ""involved person"" designation]","Luhansk","UK (OFSI)","13/04/2022","17/06/1969","","15256","Russia (Sanctions) (EU Exit) Regulations 2019"
"ZADIRAKA, Nelli Akopovna","Individual","[No role published — OFSI ""involved person"" designation]","Luhansk","UK (OFSI)","13/04/2022","24/08/1949","","15257","Russia (Sanctions) (EU Exit) Regulations 2019"
"ZAVIZENOV, Konstantin","Individual","So-called ‘Minister of Energy’","Luhansk","UK (OFSI)","26/09/2022","1974","Russia","15507","Russia (Sanctions) (EU Exit) Regulations 2019"
"Zarya Battalion","Entity","","Luhansk","UK (OFSI)","31/12/2020","","","13221","Russia (Sanctions) (EU Exit) Regulations 2019"
"GOVTVIN, Yuriy Nikolaevich","Individual","","Luhansk","US (OFAC)","2022-06-28","12 Apr 1968","Ukraine","37807","RUSSIA-EO14065 | Executive Order 14065"
"LUHANSK PEOPLE'S REPUBLIC","Entity","","Luhansk","US (OFAC)","2014-07-16","","","17023","RUSSIA-EO14065 | UKRAINE-EO13660 | Executive Order 13660 (Ukraine) | Executive Order 14065"
"PAKHNYTS, Valery Mykhailovych","Individual","","Luhansk","US (OFAC)","2022-09-15","22 Jan 1953","Ukraine","38916","RUSSIA-EO14024 | Executive Order 14024 (Russia)"
"PASECHNIK, Leonid Ivanovich","Individual","","Luhansk","US (OFAC)","2017-06-20","15 Mar 1970","Ukraine","22409","UKRAINE-EO13660 | RUSSIA-EO14024 | Executive Order 13660 (Ukraine) | Executive Order 14024 (Russia)"
"SHVENK, Inna VOLODYMYRIVNA","Individual","","Luhansk","US (OFAC)","2024-06-12","25 Oct 1991","Ukraine","49495","RUSSIA-EO14024 | Executive Order 14024 (Russia)"
"TODOROVA, Anna Yurievna","Individual","","Luhansk","US (OFAC)","2022-06-28","20 Feb 1988","Ukraine","37808","RUSSIA-EO14065 | Executive Order 14065"
"Акціонерне товариство ""Інститут ""Ростовський водоканалпроект""","Organisation","","Luhansk","Ukraine (NSDC)","2023-05-25T20:13:16","","ru","NK-5zSN4C7Gfnc7mx6b7rxc3E","UA-SA1644"
"Луганський Сергій Вікторович","Individual","","Luhansk","Ukraine (NSDC)","2023-04-20T10:50:14","1968-04-08","ua","NK-2hyavrXxTJnwWZFeN9JfCK","UA-SA1644"
"Публічне акціонерне товариство ""Дальпрібор""","Organisation","","Luhansk","Ukraine (NSDC)","2023-05-25T20:13:16","","ru","NK-bEezSyDMwDiJCuH7GmWeR4","UA-SA1644"
"Регіональне відділення Загальноросійської громадсько-державної організації ""Російське військово-історичне товариство"" в Луганській Народній Республіці","Organisation","","Luhansk","Ukraine (NSDC)","2026-02-24T16:22:02","","ru","NK-9YVqXgiBbgrHbywukRD42Y","UA-SA1644"
"Товариство з обмеженою відповідальністю ""Воєнтекстильпром""","Organisation","","Luhansk","Ukraine (NSDC)","2023-04-20T10:50:14","","ru","NK-9HPc3wHroTLH6dn4gMcwYV","UA-SA1644"
"Товариство з обмеженою відповідальністю ""Елпром""","Organisation","","Luhansk","Ukraine (NSDC)","2023-04-20T10:50:14","","ru","NK-efD9TNPR7eJKZYyXfkop8b","UA-SA1644"
"Товариство з обмеженою відповідальністю ""ТД Ідєалпрод""","Organisation","","Luhansk","Ukraine (NSDC)","2025-08-04T08:22:01","","ru","NK-26uCSxGMBbVTGPeT9iq45N","UA-SA1644"
"Konstantin Vladimirovich IVASHCHENKO","Individual","So-called ‘mayor’ of the city of Mariupol in Ukraine","Mariupol","Australia (DFAT)","2022-09-30","1963-10-03","Ukraine","7261","Instrument of first designation
and declaration
Autonomous Sanctions (Designated Persons and
Entities and Declared Persons—Russia and
Ukraine) Amendment (No. 21) Instrument 2022"
"Oleh Valeriovych MORHUN","Individual","So-called “Mayor” of Mariupol","Mariupol","Australia (DFAT)","2025-02-24","1967-03-19","Russia, Ukraine","8052","Autonomous Sanctions (Designated Persons and Entities and Declared Persons – Russia and Ukraine) Amendment (No. 1) Instrument 2025"
"Sergey Yevgenyevich TSIVILYOV","Individual","Member of the State Council for the Russian Federation, Governor of Kemerovo Oblast","Mariupol","Australia (DFAT)","2023-02-24","1961-09-21","Russia","7419","Autonomous Sanctions (Designated Persons and Entities and Declared Persons—Russia and Ukraine) Amendment (No. 2) Instrument 2023"
"IVASHCHENKO, Konstantin Vladimirovich","Individual","Head of the Mariupol city administration","Mariupol","UK (OFSI)","26/09/2022","03/10/1963","Ukraine","15590","Russia (Sanctions) (EU Exit) Regulations 2019"
"MIZINTSEV, Mikhail Yevgenyevich","Individual","Chief of the National Defence Command and Control Centre","Mariupol","UK (OFSI)","31/03/2022","10/09/1962","Russia","15059","Russia (Sanctions) (EU Exit) Regulations 2019"
"IVASHCHENKO, Kostyantyn Volodymyrovych","Individual","","Mariupol","US (OFAC)","2022-08-02","03 Oct 1963","Ukraine","38284","RUSSIA-EO14024 | Executive Order 14024 (Russia)"
"NESTEROV, Oleg Yuryevich","Individual","","Mariupol","US (OFAC)","2022-12-09","13 Aug 1980","Russia","40129","RUSSIA-EO14024 | Executive Order 14024 (Russia)"
"'State enterprise “Magarach” of the national institute of wine'","Entity","","Ukraine (general)","EU","2014-07-25","","","EU.3573.18","UKR — 2022/408 (OJ L84)"
"ACE (HK) Electronics  Technology Co., Ltd","Entity","ACE Electronic HK Co., Limited (“ACE Electronic”) is an entity registered in Hong Kong that supplies electronic components to Russian industries, including the military industry.","Ukraine (general)","EU","2025-07-18","","","EU.13408.26","UKR — 2025/1476 (OJ L202501476)"
"ANO TV-Novosti","Entity","a Russian media organisation","Ukraine (general)","EU","2022-12-16","","","EU.9390.17","UKR — 2024/2455 (OJ L13092024)"
"AO Технодинамика","Entity","holding company which includes more than 100 enterprises (weapons, ammunition, chemistry and aviation products manufacturing)","Ukraine (general)","EU","2022-12-16","","","EU.9381.47","UKR — 2024/2455 (OJ L13092024)"
"ARCLM International Trading Co. Ltd","Entity","ARCLM International Trading Co. Ltd is a Hong Kong based provider for various types of machinery. ARCLM International Trading Co. repeatedly exported products of European origin to Russian companies while those products were subject to Union export restrictions"", notably to the company Unimatik, a major actor in the Russian Military-Industrial Complex.","Ukraine (general)","EU","2024-12-16","","","EU.12581.0","UKR — 2024/3183 (OJ L16122024)"
"Abdollah MEHRABI","Individual","Head of the Islamic Revolutionary Guard Corps Aerospace Force (IRGC AF) Research and Self-Sufficiency Jihad Organization","Ukraine (general)","EU","2022-12-12","1961-12-22","","EU.9435.13","UKR — 2024/849 (OJ L13032024)"
"Abhinav KAMAL","Individual","Abhinav Kamal is the captain of crude oil tanker ARGENT (formerly JAGUAR, IMO: 9293002). ARGENT is not registered with the International Group of Protection and Indemity Clubs and therefore is sailing without a trusted liability cover.","Ukraine (general)","EU","","1984-07-06","","EU.13335.24","UKR — 2025/1476 (OJ L202501476)"
"Admiral Group Shipping  Company","Entity","Admiral Group is a Dubai-based shipping company, led by Hossein Shamkhani. He uses the company to transport and sell Russian crude oil.","Ukraine (general)","EU","2025-07-18","","","EU.13396.31","UKR — 2025/1476 (OJ L202501476)"
"Aeroscan-yhtiö","Entity","LLC Aeroscan is a Russian commercial operator that provides services in the areas of aerial photography, video and thermal imaging monitoring and laser scanning for unmanned aerial systems.","Ukraine (general)","EU","2025-07-18","","","EU.13394.33","UKR — 2025/1476 (OJ L202501476)"
"Ahmed KERIMOV","Individual","Ahmed Kerimov is a shareholder of the 2Rivers group, a UAE-based oil-trading group previously known as Coral Energy, which enables shipments and export of Russian oil, notably from Rosneft, by concealing the actual origin of the oil. In particular, the 2 Rivers group controls a large part of the vessels in Russia’s so-called ‘shadow fleet’.","Ukraine (general)","EU","","","","EU.13347.88","UKR — 2025/1476 (OJ L202501476)"
"Aktiengesellschaft „PMC Wagner Centre“","Entity","","Ukraine (general)","EU","2023-06-23","","","EU.10351.2","UKR — 2024/849 (OJ L13032024)"
"Aleksandr Borisovich TOTOONOV","Individual","Member of the Parliament of North Ossetia-Alania and owner of the company “Southern Garden”.","Ukraine (general)","EU","2014-03-17","1957-04-03","","EU.3509.92","UKR — 2023/571 (OJ L75 I)"
"Aleksandr Viktorovich VITKO","Individual","Former Commander of the Black Sea Fleet, Admiral. Former Chief of Staff and First Deputy Commander in Chief of the Russian Navy.","Ukraine (general)","EU","2014-03-17","1961-09-13","","EU.3514.74","UKR — 2022/408 (OJ L84)"
"Alexander Mihailovich NOSATOV","Individual","Former Commander of the Black Sea Fleet, Rear-Admiral. Currently Admiral, Chief of the Main Staff of the Russian Navy.","Ukraine (general)","EU","2014-03-21","1963-03-27","","EU.3648.96","UKR — 2022/408 (OJ L84)"
"Alexey Mikhaylovich EFREMOV","Individual","","Ukraine (general)","EU","2025-05-20","","","EU.13040.68","UKR — 2025/933 (OJ L202500933)"
"Anatoliy Alekseevich SIDOROV","Individual","Commander, Russia's Western Military District.","Ukraine (general)","EU","2014-03-17","1958-07-02","","EU.2797.3","UKR — 2020/398 (OJ L78)"
"Andrei Aleksandrovich KLISHAS","Individual","Chairman of the Committee on Constitutional Law of the Federation Council of the Russian Federation.","Ukraine (general)","EU","2014-03-17","1972-11-09","","EU.3098.20","UKR — 2023/571 (OJ L75 I)"
"Aqua Fleet Management LLC","Entity","Aqua Fleet Management LLC is a company registered in Azerbaijan, which manages a fleet of three vessels. The vessels in the company’s fleet are EDERRA (IMO: 9258026), SAURI (IMO: 9266475) and TEMIRO (IMO: 9209972), all of which are listed under Annex XVI to Decision 2014/512/CFSP. Aqua Fleet Management LLC is the ship manager and technical manager for all three vessels.","Ukraine (general)","EU","2025-07-19","","","EU.13360.33","UKR — 2025/1476 (OJ L202501476)"
"Artiom Jurjevitj TJAJKA","Individual","","Ukraine (general)","EU","2023-06-23","1977-09-25","","EU.10265.55","UKR — 2023/1216 (OJ L159 I)"
"Atlas Mining LLC","Entity","Petropavlovsk PLC is a Russian gold mining company operating in the Russian gold sector, which provides substantial revenue to the Government of the Russian Federation.","Ukraine (general)","EU","2025-05-20","","","EU.13016.58","UKR — 2025/933 (OJ L202500933)"
"Aкционерное общество ‘Завод шампанских вин “Новый Свет”’","Entity","","Ukraine (general)","EU","2014-07-25","","","EU.4051.68","UKR — 2023/571 (OJ L75 I)"
"BX Energy Ltd","Entity","Bellatrix Energy Limited is a Hong Kong-based company that is part of a network of companies that enables shipments and export of Russian oil.","Ukraine (general)","EU","2025-07-18","","","EU.13409.25","UKR — 2025/1476 (OJ L202501476)"
"CJSC Donobuv","Entity","CJSC Donobuv is a producer of footwear for the Russian Ministry of Defence and is among the organisations included in the consolidated register of organisations of Russia’s defence-industrial complex.","Ukraine (general)","EU","2025-02-24","","","EU.12718.34","UKR — 2025/389 (OJ L24022025)"
"Coral Energy DMCC","Entity","2Rivers DMCC is a Dubai-based oil-trading company.","Ukraine (general)","EU","2025-07-18","","","EU.13392.35","UKR — 2025/1476 (OJ L202501476)"
"Coral Energy PTE Ltd","Entity","2Rivers PTE Ltd is a Singapore-based oil-trading company.","Ukraine (general)","EU","2025-07-18","","","EU.13393.34","UKR — 2025/1476 (OJ L202501476)"
"Denis GARIJEV","Individual","head of the 'Russian Imperial Legion', a paramilitary wing of the Russian Imperial Movement (RIM)","Ukraine (general)","EU","2022-12-16","","","EU.9416.74","UKR — 2022/2476 (OJ L322-I)"
"Dmitri Aleksandrovič PUMPJANSKI","Individual","","Ukraine (general)","EU","2022-03-09","1964-03-22","","EU.7617.18","UKR — 2025/527 (OJ L202500527)"
"Dmitrii Konstantinovich KISELEV","Individual","","Ukraine (general)","EU","2014-03-21","1954-04-26","","EU.268.96","UKR — 2020/398 (OJ L78)"
"Dmitrij Vladimirovitj KONOV","Individual","","Ukraine (general)","EU","2022-03-09","1970-09-02","","EU.7692.66","UKR — 2024/2455 (OJ L13092024)"
"Dmitry Nikolayevich KOZAK","Individual","Former Deputy Prime Minister. Deputy Chief of Staff of the Presidential Administration of the Russian Federation. He is the President’s Special Envoy for conflict-management  in Ukraine.","Ukraine (general)","EU","2014-04-29","1958-11-07","","EU.3527.67","UKR — 2021/446 (OJ L87)"
"EKN Trading","Entity","Monolink Group FZCO is a Dubai-based entity that provides global logistics services. It supplies imported goods to Russian industry sectors, including the energy and extractives sectors. In addition, Monolink Group FZCO participates in Russia’s coal export schemes.","Ukraine (general)","EU","2025-07-19","","","EU.13367.26","UKR — 2025/1476 (OJ L202501476)"
"Elena Borisovna MIZULINA","Individual","Former Member of the Federation Council from Omsk region.","Ukraine (general)","EU","2014-03-21","1954-12-09","","EU.2822.39","UKR — 2024/849 (OJ L13032024)"
"Enutek Makina Sanayi Ve Ticaret","Entity","Enutek Makina Sanayi Ve Ticaret is a Turkish company involved in a circumvention scheme centred around the Russian holding company Promtech JSC.","Ukraine (general)","EU","2025-02-24","","","EU.12723.8","UKR — 2025/389 (OJ L24022025)"
"FSE Kamensky Zavod","Entity","FSE “Kamensky ‘Combine’” is a chemical plant, mainly producing special-purpose chemical products for Russia’s military industry, which produces weapons used by the Russian military.","Ukraine (general)","EU","2024-12-16","","","EU.12606.58","UKR — 2024/3183 (OJ L16122024)"
"Federal State Budgetary Enterprise ‘Production-Agrarian Union “Massandra”’ of the Administration of the President of the Russian Federation","Entity","","Ukraine (general)","EU","2014-07-25","","","EU.4050.6","UKR — 2021/1464 (OJ L321)"
"Fond územného rozvoja","Entity","The Territorial Development Fund is a public law company operating under the Ministry of Construction of the Russian Federation and founded by the Government of the Russian Federation.","Ukraine (general)","EU","2025-07-18","","","EU.13406.28","UKR — 2025/1476 (OJ L202501476)"
"Fábrica Central de Equipamento Ferroviário 41","Entity","","Ukraine (general)","EU","2025-05-20","","","EU.13042.66","UKR — 2025/933 (OJ L202500933)"
"GSTiR","Entity","Wuhan Global Sensor Technology Co. Ltd is a Chinese technology and electronics company. It delivers electronic military goods, such as infrared detectors and other optical components, to the Russian military and industrial complex, supporting the production of military goods for the Russian Armed Forces.","Ukraine (general)","EU","2025-07-19","","","EU.13357.57","UKR — 2025/1476 (OJ L202501476)"
"Gabinete de fabrico de sistemas integrados","Entity","Part of the Lobaev group which manufactures high-precision rifles","Ukraine (general)","EU","2025-05-20","","","EU.13273.87","UKR — 2025/933 (OJ L202500933)"
"Intershipping  Services Hub Private Kft","Entity","Intershipping Services Hub Private Limited is an entity based in India, as the local branch of the UAE-based entity Intershipping Service LLC. Intershipping Service LLC is operating the Gabon international flag registry.","Ukraine (general)","EU","2025-07-18","","","EU.13405.29","UKR — 2025/1476 (OJ L202501476)"
"JSC Astais","Entity","JSC Asteis is a developer and producer of special purpose vehicles. The company is one of the largest manufacturers of chassis-mounted special equipment for civil and military purposes in Russia. JSC Asteis manufactures and supplies vehicles (including Patrol-IV armoured vehicle (Asteis 70202)) used by the Russian military in Russia’s war of aggression against Ukraine.","Ukraine (general)","EU","2025-02-24","","","EU.12732.75","UKR — 2025/389 (OJ L24022025)"
"JSC BTK Group","Entity","JSC BTK Group is a Russian company specialising in uniforms and special clothing for military purposes.","Ukraine (general)","EU","2025-02-24","","","EU.12715.37","UKR — 2025/389 (OJ L24022025)"
"JSC MAK Vympel","Entity","a Russian military-industrial state enterprise that develops anti-ballistic missile systems and space control systems","Ukraine (general)","EU","2024-02-23","","","EU.11398.53","UKR — 2024/753 (OJ L23022024)"
"JSC NPO “POISK”","Entity","JSC Scientific and Production Association “POISK” is a leading Russian manufacturer of weapons and ammunition as well as a leading entity for the development of mechanical, electromechanical and electronic multifunctional fuses for ammunition. It has well-established cooperation with some of the major Russian defence companies, such as Tekhmash, Air Defence Concern Almaz-Antey and Tactical Missile Weapons Corporation.","Ukraine (general)","EU","2025-07-19","","","EU.13359.55","UKR — 2025/1476 (OJ L202501476)"
"JSC National Media Group","Entity","Media holding, controlling 28 media enterprises in Russia, including Channel One, Channel 5, REN TV and STS, 78.ru, the national newspaper Izvestia and Delovoy Peterburg","Ukraine (general)","EU","2022-12-16","","","EU.9387.41","UKR — 2024/2455 (OJ L13092024)"
"JSC Novo-Viatka","Entity","JSC Novo-Vyatka is a manufacturer of weapons and ammunition and therefore part of the Russian military-industrial complex.","Ukraine (general)","EU","2025-02-24","","","EU.12727.4","UKR — 2025/389 (OJ L24022025)"
"JSC Research Institute of Space Instrumentation","Entity","A Russian research and manufacturing company","Ukraine (general)","EU","2025-05-20","","","EU.13049.59","UKR — 2025/933 (OJ L202500933)"
"JSC Tulamashzavod","Entity","JSC Tula Machine Building Plant is a Russian defence manufacturer with a specialisation in the production of advanced military equipment, particularly in the domain of anti-aircraft weaponry and artillery systems.","Ukraine (general)","EU","2024-12-16","","","EU.12603.61","UKR — 2024/3183 (OJ L16122024)"
"JSC VNIIR-Progress","Entity","JSC VNIIR -Progress is a Russian research and development institute that specialises in the production of advanced electronic warfare (EW) systems, focusing on technologies for signal-jamming and intelligence-gathering.","Ukraine (general)","EU","2024-12-16","","","EU.12602.62","UKR — 2024/3183 (OJ L16122024)"
"JSC Volga Shipping","Entity","JSC Volga Shipping manages vessels transporting crude oil and oil products by sea, including for export purposes.","Ukraine (general)","EU","2025-05-20","","","EU.13015.59","UKR — 2025/933 (OJ L202500933)"
"JSC “Elektrotyaga”","Entity","","Ukraine (general)","EU","2025-05-20","","","EU.13052.35","UKR — 2025/933 (OJ L202500933)"
"JSC “Integral”","Entity","JSC Integral is a Belarusian manufacturer of semiconductors, integrated circuits and other high technology goods.","Ukraine (general)","EU","2025-02-24","","","EU.12740.46","UKR — 2025/389 (OJ L24022025)"
"JSC “N.D. Zelinsky EHMZ”","Entity","OJSC “EHMZ named after N. D. Zelinsky” is a Russian manufacturer of filter-type personal and collective protective equipment, including for the Ministry of Defence of the Russian Federation and other Russian government institutions.","Ukraine (general)","EU","2025-05-20","","","EU.13051.36","UKR — 2025/933 (OJ L202500933)"
"JSC “Research Institute of Measuring Instruments – Novosibirsk Plant Named After Komintern”","Entity","JSC “Research Institute of Measuring Instruments – Novosibirsk Plant Named After Komintern” is a Russian entity responsible for the production of radar, radio navigation equipment and radio remote control equipment.","Ukraine (general)","EU","2025-07-19","","","EU.13323.57","UKR — 2025/1476 (OJ L202501476)"
"JSC “Research Institute of Semiconductor Devices”","Entity","JSC “Research Institute of Semiconductor Devices” is a military industrial company. It develops technologies and produces electronic components, primarily for the military industry. For instance, the company creates miniature LEDs that can be used as part of special purpose equipment, including to enable operations in extreme conditions.","Ukraine (general)","EU","","","","EU.13324.56","UKR — 2025/1476 (OJ L202501476)"
"JSC “Spetskhimiya”","Entity","","Ukraine (general)","EU","2024-06-24","","","EU.11794.93","UKR — 2024/1746 (OJ L24062024)"
"Joint-Stock Company “103 Armored repair plant”","Entity","The largest armoured vehicle repair and modernisation enterprise in the Russian Far East","Ukraine (general)","EU","2024-04-26","","","EU.12254.63","UKR — 2024/1746 (OJ L24062024)"
"Kerch Commercial Port","Entity","","Ukraine (general)","EU","2017-09-16","","","EU.4171.35","UKR — 2024/2455 (OJ L13092024)"
"Kirill Aleksejevitj KLEJMENOV","Individual","","Ukraine (general)","EU","2023-02-25","1972-09-20","","EU.9869.49","UKR — 2023/429 (OJ L59 I)"
"Konstantin Nurijev","Individual","General Director of R-Stroy LLC","Ukraine (general)","EU","2024-06-24","1987-09-27","","EU.13272.88","UKR — 2024/1746 (OJ L24062024)"
"LLC Invest Fleet","Entity","LLC Invest Flot (Invest Fleet) is a company managed by SKF Arktika, a company belonging to the Sovcomflot group. LLC Invest Flot carries out transportation of crude oil and oil products by sea, including for export purposes, by managing numerous tankers involved in such export","Ukraine (general)","EU","2025-02-24","","","EU.12729.2","UKR — 2025/389 (OJ L24022025)"
"LLC RBA Management","Entity","","Ukraine (general)","EU","","","","EU.11825.27","UKR — 2024/1746 (OJ L24062024)"
"LLC Research and Production Association Izhevsk Unmanned Systems","Entity","LLC SPA Izhevsk Unmanned Systems is a Russian company which develops, produces, repairs and maintains unmanned aerial vehicles (UAV), special equipment and scientific and technical products.","Ukraine (general)","EU","2024-12-16","","","EU.12608.56","UKR — 2024/3183 (OJ L16122024)"
"LLC TSK Vektor","Entity","OOO TSK Vektor is a company within the Russian military-industrial complex. It has acted as an intermediary between IEMZ Kupol, a subsidiary of Russian state-owned arms company Almaz-Antey, and Chinese suppliers manufacturing components for long-range attack drones of the type Garpiya-3 (G3), which are developed and produced for use in Russia’s war of aggression against Ukraine.","Ukraine (general)","EU","2024-12-16","","","EU.12570.32","UKR — 2024/3183 (OJ L16122024)"
"LLC “INROEL”","Entity","LLC “Inroel” provides metal processing services to companies in the Russian defence sector, including several companies who have been subject to Union restrictive measures for manufacturing weapons systems used by the Russian armed forces in Russia’s war of aggression against Ukraine.","Ukraine (general)","EU","2025-07-19","","","EU.13353.61","UKR — 2025/1476 (OJ L202501476)"
"LLC “T.R.O.S”","Entity","LLC “Open Systems Development Technology” is a Russia-based entity that supplies metalworking equipment. Since the imposition of Union restrictive measures prohibiting the export of lathes to Russia, LLC “Open Systems Development Technology” is actively involved in circumventing such restrictive measures by acting as the Russia-based recipient of illegally exported lathes.","Ukraine (general)","EU","2025-07-19","","","EU.13352.62","UKR — 2025/1476 (OJ L202501476)"
"Lobaev Foundation","Entity","Fund for the Development of Weapons Technologies and Production “Lobaev Foundation” (Lobaev Foundation) is a unit of the Lobaev Group of entities and collects funds to finance the projects of LLC Trading House Lobaev Arms.","Ukraine (general)","EU","2025-02-24","","","EU.12725.6","UKR — 2025/389 (OJ L24022025)"
"Main Computing Center of the General Staff (GVC)","Entity","","Ukraine (general)","EU","2022-12-16","","","EU.9398.9","UKR — 2022/2476 (OJ L322-I)"
"Milavous Group-yhtiö","Entity","Milavous Group Ltd is a Dubai-based shipping and commodity trading company.","Ukraine (general)","EU","2025-07-18","","","EU.13395.32","UKR — 2025/1476 (OJ L202501476)"
"Mohammad Hossein SHAMKHANI","Individual","Hossein Shamkhani is a businessperson active in the Russian oil trade and a central player in Russia’s so-called ‘shadow fleet’. He uses the company Milavous Group Ltd to blend crude oil with various petroleum products from Russia and to rebrand for exporting purposes, thereby concealing their origin.","Ukraine (general)","EU","","","","EU.13337.22","UKR — 2025/1476 (OJ L202501476)"
"Moszkvai »Előre« Gépgyár Rt.","Entity","","Ukraine (general)","EU","2024-06-24","","","EU.11786.25","UKR — 2024/1746 (OJ L24062024)"
"NPO Stekloplastik","Entity","JSC “NPO Stekloplastik named after N.N. Trofimov” is the largest scientific and production centre in Russia dedicated to creating glass fibre materials and their composites.","Ukraine (general)","EU","2025-07-19","","","EU.13330.29","UKR — 2025/1476 (OJ L202501476)"
"NPP Aerosila PAO","Entity","JSC SPE “Aerosila” is a Russian developer and manufacturer of various aircraft parts, such as engines, propellers and fans. JSC SPE “Aerosila” provides its products to domestic aviation manufacturers.","Ukraine (general)","EU","2024-12-16","","","EU.12619.24","UKR — 2024/3183 (OJ L16122024)"
"Nayara Energy Limited","Entity","Nayara Energy Limited is an entity established in India and operating an important refinery in Vadinar.","Ukraine (general)","EU","2025-07-18","","","EU.13407.27","UKR — 2025/1476 (OJ L202501476)"
"Nikolay Dmitrievich Rogalyov","Individual","","Ukraine (general)","EU","","1962-02-17","","EU.13048.60","UKR — 2025/933 (OJ L202500933)"
"OFICINA DE DISEÑO  DE INVESTIGACIÓN  “NOVATOR”","Entity","","Ukraine (general)","EU","2022-12-16","","","EU.9376.73","UKR — 2024/2455 (OJ L13092024)"
"OOO “ZSO”","Entity","LLC “Plant of Special Equipment” is a military-industrial company that provides products and services (such as repair of radio-electronic products) for companies, including Roscosmos and Rostec, involved in the production of missile systems, air defence and space defence systems, artillery weapons and armoured vehicles.","Ukraine (general)","EU","2025-07-19","","","EU.13365.28","UKR — 2025/1476 (OJ L202501476)"
"Oleg Vladimirovič DERIPASKA","Individual","","Ukraine (general)","EU","2022-04-08","1968-01-02","","EU.7890.86","UKR — 2024/2455 (OJ L13092024)"
"PJSC “Yakutsk Fuel and Energy Company”","Entity","PJSC “Yakutsk Fuel and Energy Company” is a Russian company active in the field of energy production and exploration with a particular focus on natural gas (LNG).","Ukraine (general)","EU","2025-07-19","","","EU.13354.60","UKR — 2025/1476 (OJ L202501476)"
"Public Joint Stock Company “PIK-specialized homebuilder”","Entity","PIK-specialised developer JSC is a Russian conglomerate operating in the real estate and construction sector. Through subsidiaries such as “Inzhteploprogress”, PIK specialised developer JSC has financed the recruitment of personnel for Russian military units and private military companies operating in Ukraine under the command of the Russian Ministry of Defence.","Ukraine (general)","EU","2024-12-16","","","EU.12601.63","UKR — 2024/3183 (OJ L16122024)"
"RIL","Entity","paramilitary wing of the Russian Imperial Movement (RIM), a white-supremacist group","Ukraine (general)","EU","2022-12-16","","","EU.9422.47","UKR — 2022/2476 (OJ L322-I)"
"RIM","Entity","white-supremacist Russian group","Ukraine (general)","EU","2022-12-16","","","EU.9423.46","UKR — 2022/2476 (OJ L322-I)"
"RPE Iskra Plant","Entity","","Ukraine (general)","EU","2024-02-23","","","EU.11378.18","UKR — 2024/753 (OJ L23022024)"
"Redbird Corporate Services Ltd","Entity","Redbird Corporate Services Ltd is a company registered in Mauritius, which offers corporate and trust services in Mauritius. It is the registered agent of Sapang Shipping Inc, a company registered in Mauritius, which is the registered owner and ship manager of crude oil tanker ARGENT (formerly JAGUAR, IMO: 9293002). The role of the registered agent is to ensure compliance with local regulations and handle the administrative functions of the company.","Ukraine (general)","EU","2025-07-19","","","EU.13363.30","UKR — 2025/1476 (OJ L202501476)"
"Resort “Nizhnyaya Oreanda”","Entity","","Ukraine (general)","EU","2014-07-25","","","EU.3485.81","UKR — 2021/446 (OJ L87)"
"Rifat Abdulvagapovitj SABITOV","Individual","","Ukraine (general)","EU","2023-06-23","1956-04-30","","EU.10303.58","UKR — 2023/1216 (OJ L159 I)"
"Roman Arkadyevich ABRAMOVICH","Individual","Businessperson. Former governor of Chukotka. Major shareholder of Evraz also a shareholder of the Russian company Norilsk Nickel,\none oí the world’s largest palladium producers and a major refined nickel company in the mining sector","Ukraine (general)","EU","2022-03-15","1966-10-24","","EU.7792.75","UKR — 2025/527 (OJ L202500527)"
"SCF Arktika","Entity","LLC SKF Arktika is a holding company belonging to the Sovcomflot group. It is also the managing company of LLC Yuzhny Flot (South Fleet) and LLC Invest Flot (Invest Fleet), both of which operate oil tankers with prior long-standing ties to Sovcomflot.","Ukraine (general)","EU","2025-02-24","","","EU.12730.77","UKR — 2025/389 (OJ L24022025)"
"Sapang Shipping Inc","Entity","Sapang Shipping Inc is a company registered in Mauritius and is the registered owner and ship manager of crude oil tanker ARGENT (formerly JAGUAR, IMO: 9293002). ARGENT is not registered with the International Group of Protection and Indemnity Clubs and therefore is sailing without a trusted liability cover.","Ukraine (general)","EU","2025-07-19","","","EU.13361.32","UKR — 2025/1476 (OJ L202501476)"
"Serafim Vikentievitj IVANOV","Individual","","Ukraine (general)","EU","2023-12-18","1996-05-19","","EU.10906.12","UKR — 2023/2875 (OJ L18122023)"
"Sergei Evgenevich NARYSHKIN","Individual","Director of the Foreign Intelligence Service of the Russian Federation as of October 2016. \nPermanent member and Secretary of the Security Council of the Russian Federation.","Ukraine (general)","EU","2014-03-21","1954-10-27","","EU.3647.34","UKR — 2023/571 (OJ L75 I)"
"Sergei Vladimirovich ZHELEZNYAK","Individual","Former Deputy Speaker of the State Duma of the Russian Federation. Former Deputy Chairperson and former member of the State Duma Committee on International Affairs.\n\nFormer Member of the Presidium of the General Council of the United Russia party.","Ukraine (general)","EU","2014-03-17","1970-07-30","","EU.3645.7","UKR — 2023/571 (OJ L75 I)"
"Sergey Yurievich GLAZYEV","Individual","Since October 2019 Minister for Integration and Macroeconomics in the Eurasian Economic Commission,\nFormer adviser to the President of the Russian Federation on economic development","Ukraine (general)","EU","2014-03-21","1961-01-01","","EU.3516.4","UKR — 2025/527 (OJ L202500527)"
"Societatea  cu răspundere limitată  Intershipping Services","Entity","Intershipping Services LLC is an entity based in the UAE. It operates the Gabon international flag registry.","Ukraine (general)","EU","2025-07-18","","","EU.13404.30","UKR — 2025/1476 (OJ L202501476)"
"Societatea cu  răspundere limitată  «Volgotrans»","Entity","LLC Volgotrans is a Russian company operating a fleet of several tankers and carrying out transportation of crude oil and oil products by sea, including for export purposes","Ukraine (general)","EU","2025-07-18","","","EU.13400.34","UKR — 2025/1476 (OJ L202501476)"
"Societatea cu  răspundere limitată «Krafttek»","Entity","LLC “Krafttek” is a significant system integrator and software developer in Russia.","Ukraine (general)","EU","2025-07-18","","","EU.13403.31","UKR — 2025/1476 (OJ L202501476)"
"Societatea cu răspundere limitată «Novaport Holding»","Entity","","Ukraine (general)","EU","2024-06-24","","","EU.11823.29","UKR — 2024/1746 (OJ L24062024)"
"Societatea pe  acțiuni «Ploshchad»","Entity","JSC “Ploshchad” is a Russian company specialised in the development and implementation of robotic systems which provides comprehensive solutions for unmanned aerial vehicles (UAVs)","Ukraine (general)","EU","2025-07-18","","","EU.13402.32","UKR — 2025/1476 (OJ L202501476)"
"Societatea pe  acțiuni «Uzina mecanică Ijevsk»","Entity","JSC “Izhevsk Mechanical Plant” is one of the largest multi-profile manufacturers in Russia, and its primary products include combat weapons, components for missile systems, and high-precision castings.","Ukraine (general)","EU","2025-07-18","","","EU.13399.28","UKR — 2025/1476 (OJ L202501476)"
"Société par actions cotée “Usine de Motovilikhinsk”","Entity","","Ukraine (general)","EU","2022-12-16","","","EU.9385.43","UKR — 2023/1765 (OJ L226)"
"South Fleet","Entity","LLC Yuzhny Flot (South Fleet) is a company managed by SKF Arktika, a company belonging to the Sovcomflot group. LLC Yuzhny Flot carryies out transportation of crude oil and oil products by sea, including for export purposes, by managing numerous tankers involved in such export.","Ukraine (general)","EU","2025-02-24","","","EU.12731.76","UKR — 2025/389 (OJ L24022025)"
"Stanislav VOROBEV","Individual","head of the Russian Imperial Movement, a white supremacist paramilitary organization","Ukraine (general)","EU","2022-12-16","1960-06-02","","EU.9417.73","UKR — 2022/2476 (OJ L322-I)"
"Starfish Ship  Management Vámszabadterületi Kft","Entity","Twister Shipmanagement LLC-FZ is a Dubai-based company which manages oil tankers transporting crude oil or petroleum products, originating in Russia or exported from Russia.","Ukraine (general)","EU","2025-07-18","","","EU.13398.29","UKR — 2025/1476 (OJ L202501476)"
"Tarabya Logistics Ltd","Entity","Tarabya Logistics Ltd is a company based in the United Arab Emirates, which manages several ships that have engaged in irregular and high-risk shipping practices, such as sailing with Automatic Identification Systems gaps and high-risk ship-to-ship transfers, while transporting oil originating in Russia or exported from Russia.","Ukraine (general)","EU","2025-07-19","","","EU.13364.29","UKR — 2025/1476 (OJ L202501476)"
"Tesztkomplekt Kft.","Entity","","Ukraine (general)","EU","2024-02-23","","","EU.11391.60","UKR — 2024/753 (OJ L23022024)"
"Valentina Ivanova MATVIYENKO","Individual","Speaker of the Federation Council.","Ukraine (general)","EU","2014-03-21","1949-04-07","","EU.3517.66","UKR — 2023/571 (OJ L75 I)"
"Velikiy Slavyan","Individual","leader and commander of the Russian paramilitary group 'Task Force 'Rusich''","Ukraine (general)","EU","2022-12-16","1987-01-02","","EU.9419.71","UKR — 2024/849 (OJ L13032024)"
"Viktor Anatolyevich POLYAKOV","Individual","Managing Director of PJSC “UEC-Saturn”","Ukraine (general)","EU","2025-05-20","1953-04-26","","EU.13034.95","UKR — 2025/933 (OJ L202500933)"
"Vladimir Michailovich DZHABAROV","Individual","First Deputy-Chairman of the International Affairs Committee of the Federation Council of the Russian Federation","Ukraine (general)","EU","2014-03-17","1952-09-29","","EU.3506.3","UKR — 2023/571 (OJ L75 I)"
"Vladimir Zograbovich AVETISYAN","Individual","General Director and founder of LLC RBA-Management","Ukraine (general)","EU","2024-06-24","1955-05-04","","EU.11816.57","UKR — 2024/1746 (OJ L24062024)"
"Vladislav Yurievich SURKOV","Individual","Former Aide to the President of the Russian Federation and First Deputy Chief of the Presidential Administration.","Ukraine (general)","EU","2014-03-21","1964-09-21","","EU.3526.5","UKR — 2024/2455 (OJ L13092024)"
"Young Bok KIM","Individual","Deputy Chief of the General Staff of the Korean People’s Army","Ukraine (general)","EU","2024-12-16","","","EU.12579.23","UKR — 2024/3183 (OJ L16122024)"
"ZAO “MMZSO”","Entity","CJSC “Moscow Mechanical Plant of Special Equipment” is a Russian company that develops military equipment, including technical equipment for ships of the Russian fleet, supporting the country’s defence capabilities. The company is licenced by the Ministry of Industry and Trade of the Russian Federation to manufacture, sell, repair, maintain, install and test weapons and military equipment.","Ukraine (general)","EU","2025-07-19","","","EU.13325.55","UKR — 2025/1476 (OJ L202501476)"
"Zhu Jiang Shipmanagement Co., Ltd","Entity","Zhu Jiang Shipmanagement Co., Ltd is a company registered in Hong Kong and is the technical manager of crude oil tanker ARGENT (formerly JAGUAR, IMO: 9293002). ARGENT is not registered with the International Group of Protection and Indemnity Clubs and therefore is sailing without a trusted liability cover. It is also the only vessel managed by Zhu Jiang Shipmanagement Co., Ltd, which indicates that it operates under a non-transparent corporate governance policy","Ukraine (general)","EU","2025-07-19","","","EU.13362.31","UKR — 2025/1476 (OJ L202501476)"
"","Entity","","Ukraine (general)","EU","2024-12-16","","","EU.12575.27","UKR — 2024/3183 (OJ L16122024)"
"","Individual","","Ukraine (general)","EU","2024-12-16","1979-10-11","","EU.12587.91","UKR — 2024/3183 (OJ L16122024)"
"»Soedinitel« Rt.","Entity","","Ukraine (general)","EU","2025-05-20","","","EU.13014.60","UKR — 2025/933 (OJ L202500933)"
"Întreprinderea  unitară federală de stat «Uzina  Morozov»","Entity","FSUE “Morozov Plant” is a State enterprise involved in the production of ammunition and military equipment for the Russian Government.","Ukraine (general)","EU","2025-07-18","","","EU.13401.33","UKR — 2025/1476 (OJ L202501476)"
"Întreprinderea de cercetare și producție Radar MMS, societate pe acțiuni","Entity","","Ukraine (general)","EU","2024-02-23","","","EU.11374.22","UKR — 2024/753-corr 2024/90233 (OJ L12042024)"
"Ірина Анатоліївна АГЕЄВА","Individual","Commissioner for Children’s Rights in the Kaluga Region","Ukraine (general)","EU","2023-06-23","1976-12-29","","EU.10309.52","UKR — 2023/1216 (OJ L159 I)"
"Ірина Олександрівна ЧЕРКАСОВА","Individual","Commissioner for Children’s Rights in Rostov Region","Ukraine (general)","EU","2023-06-23","","","EU.10310.30","UKR — 2023/1216 (OJ L159 I)"
"АО 'НПО РУСБИТЕХ'","Entity","","Ukraine (general)","EU","2022-12-16","","","EU.9378.71","UKR — 2023/1765 (OJ L226)"
"АО 'УЛАН-УДЭНСКИЙ АВИАЦИОННЫЙ ЗАВОД'","Entity","","Ukraine (general)","EU","2022-12-16","","","EU.9382.46","UKR — 2024/2455 (OJ L13092024)"
"АО Группа Кремний Эл","Entity","JSC Gruppa Kremniy El is the second-largest microelectronics manufacturer in Russia, and, in particular, a manufacturer of microchips. The microchips produced by JSC Gruppa Kremniy El in its plant are used by the Russian military for several purposes, including in the Iskander ballistic missiles.","Ukraine (general)","EU","2024-12-16","","","EU.12598.59","UKR — 2024/3183 (OJ L16122024)"
"АО НПП Рубин","Entity","JSC “Scientific Production Enterprise ‘Rubin’” is a leading company of the Russian defence industry which manufactures mobile automated control and communication systems designed for military applications.","Ukraine (general)","EU","2025-07-19","","","EU.13327.53","UKR — 2025/1476 (OJ L202501476)"
"АО “АОМЗ”","Entity","JSC “Aleksinsky Experimental Mechanical Plant” produces weapons in Tula, Russia. It was added to the list of strategic organisations of the Russian Government in 2022. The plant is part of the Russian military and industrial complex and materially supports it, including by being involved in the development, production and supply of military technology and equipment.","Ukraine (general)","EU","2025-07-19","","","EU.13328.52","UKR — 2025/1476 (OJ L202501476)"
"АО “ГРПЗ”","Entity","JSC “State Ryazan Instrument Plant” is the largest Russian enterprise for serial production and support of radar systems and communications equipment.\nThe company’s main sphere of activity is the manufacture of radar, radio navigation equipment and remote-control radio equipment, which is used in fighter jets such as MiG 29, Su-27, Su-30, Su-35 and fifth-generation fighter jet Su-57 (T-50) and in helicopters such as Mi 8, Mi 17, Mi-35 and Mi-28N. JSC “State Ryazan Instrument Plant” also has an active licence that allows it to provide a service maintenance of weapons and military equipment.","Ukraine (general)","EU","2025-07-19","","","EU.13329.51","UKR — 2025/1476 (OJ L202501476)"
"АО “ЗАВОД ‘ПЛАСТМАСС’”","Entity","JSC Plastmass Plant is a Russian entity, part of Rostec State Corporation, producing artillery ammunition for Russian Armed Forces, in particular for howitzers, which are widely used by Russian military in Russia’s war of aggression against Ukraine.","Ukraine (general)","EU","2024-12-16","","","EU.12599.58","UKR — 2024/3183 (OJ L16122024)"
"АО “ЗНТЦ”","Entity","JSC Zelenograd Nanotechnology Center is a Russian research and manufacturing company which is developing and producing high-tech electronical components, including for the development of the Russian military-industrial complex.","Ukraine (general)","EU","2025-02-24","","","EU.12719.33","UKR — 2025/389 (OJ L24022025)"
"АО “Завод ‘Дагдизель’”","Entity","JSC Zavod Dagdizel is a military industry company","Ukraine (general)","EU","2024-02-23","","","EU.11377.19","UKR — 2024/753 (OJ L23022024)"
"АО “КНИРТИ”","Entity","JSC “Kaluga Research Institute of Radio Engineering” (JSC KNIRTI) is one of the main military-industrial companies in the Kaluga region.","Ukraine (general)","EU","2024-12-16","","","EU.12607.57","UKR — 2024/3183 (OJ L16122024)"
"АО “МОРИОН”","Entity","JSC Morion is a leading Russian enterprise in the development and serial production of piezoelectric frequency stabilisation and selection devices (namely quartz generators, filters and resonators), which it supplies to the Russian defence industry.","Ukraine (general)","EU","2025-02-24","","","EU.12743.43","UKR — 2025/389 (OJ L24022025)"
"АО “НИИ СТТ”","Entity","JSC “Research Institute of Modern Telecommunication Technologies” specialises in the production of radio and television transmitting equipment. It also produces weapons and ammunition. The products of JSC “Research Institute of Modern Telecommunication Technologies” are used by Russia in its war of aggression against Ukraine, in particular its drone Merlin-VR.","Ukraine (general)","EU","2025-07-19","","","EU.13366.27","UKR — 2025/1476 (OJ L202501476)"
"АО “НИИВК ИМ. М.А. КАРЦЕВА”","Entity","JSC “Scientific Research Institute of Computing Complexes Named After M.A. Kartsev” is a research institute based in Russia and involved in the development and production of unmanned aerial vehicles (UAVs).","Ukraine (general)","EU","2025-02-24","","","EU.12713.39","UKR — 2025/389 (OJ L24022025)"
"АО “ПЭМЗ ‘МОЛОТ’”","Entity","","Ukraine (general)","EU","2024-02-23","","","EU.11375.21","UKR — 2024/753 (OJ L23022024)"
"АО “Полимер”","Entity","JSC Polymer is a Russia-based company integrated into the structure of NPK Tekhmash JSC, part of the State Corporation Rostec, which is responsible for executing the State armament programme and fulfilling the State defence orders. It is specialised in the manufacture of weapons, ammunition and explosives, and supplies its products to the Russian Armed Forces and companies of the Russian military and industrial complex. As explained by the General Director of JSC Polymer, the company’s military production has increased since 2022 with a view to responding to the needs of the Russian armed forces in the context of Russia’s war of aggression against Ukraine.","Ukraine (general)","EU","2025-07-19","","","EU.13326.54","UKR — 2025/1476 (OJ L202501476)"
"АО “Промтех”","Entity","","Ukraine (general)","EU","2025-02-24","","","EU.12724.7","UKR — 2025/389 (OJ L24022025)"
"АО “Радиоавионика”","Entity","Russian technology sector company","Ukraine (general)","EU","2022-12-16","","","EU.9380.48","UKR — 2024/2455 (OJ L13092024)"
"АО “СЭМЗ”","Entity","JSC “Samara Electromechanical Plant” (JSC SEMZ) is a Russian military industry company. JSC SEMZ manufactures high-tech products, precision mechanics, electronics and various machine parts, as well as electronic equipment units for special-purpose complexes","Ukraine (general)","EU","2025-02-24","","","EU.12739.68","UKR — 2025/389 (OJ L24022025)"
"АО “Уралкриомаш”","Entity","Uralcryomash is a Russian company producing dual-use technology","Ukraine (general)","EU","2024-02-23","","","EU.11392.59","UKR — 2024/753 (OJ L23022024)"
"Айрат Минерасихович ГИБАТДИНОВ","Individual","Member of the Federation Council","Ukraine (general)","EU","2022-03-09","1986-01-16","","EU.7627.84","UKR — 2022/1529 (OJ L239)"
"Акционерное Общество “КОМПАНИЯ ФАРАДЕЙ”","Entity","JSC Faraday is a shoe manufacturer for the Russian Army, as well as for the Russian Ministry of the Interior and for Rosgvardiya","Ukraine (general)","EU","2025-02-24","","","EU.12744.42","UKR — 2025/389 (OJ L24022025)"
"Акционерное Общество “ОДК-СТАР” (АО “ОДК-СТАР”)","Entity","JSC “ODK-Star” is a developer and a serial producer of fuel-supply and control systems for air, ground and marine gas turbine engines. JSC “ODK-Star” is involved in the most important programmes of Russian engine building, including in the creation of D30-KP and PD-8 engines.","Ukraine (general)","EU","2024-12-16","","","EU.12605.59","UKR — 2024/3183 (OJ L16122024)"
"Акционерное общество Научно Производственное Предприятие “Военные Технологии”","Entity","JSC Scientific and Production Enterprise “Military Technologies” is a Russian defence enterprise that develops and manufactures high-tech and high-quality complex military-technical equipment, automated control systems and open-source software and decision support systems.","Ukraine (general)","EU","2025-07-19","","","EU.13358.56","UKR — 2025/1476 (OJ L202501476)"
"Александр Александрович КАРЕЛИН","Individual","Member of the Federation Council","Ukraine (general)","EU","2022-03-09","1967-09-19","","EU.7670.33","UKR — 2022/1529 (OJ L239)"
"Александр Александрович САВИН","Individual","Member of the Federation Council","Ukraine (general)","EU","2022-03-09","1962-01-28","","EU.7703.62","UKR — 2022/1529 (OJ L239)"
"Александр Богданович КАРЛИН","Individual","Member of the Federation Council","Ukraine (general)","EU","2022-03-09","1951-10-29","","EU.7649.20","UKR — 2022/1529 (OJ L239)"
"Александр Валерьевич НИКИТИН","Individual","Member of the Federation Council","Ukraine (general)","EU","2022-03-09","1976-04-26","","EU.7727.93","UKR — 2022/1529 (OJ L239)"
"Александр Васильевич РАКИТИН","Individual","Former member of the Federation Council of the Russian Federation","Ukraine (general)","EU","2022-03-09","1958-05-17","","EU.7767.66","UKR — 2023/571 (OJ L75 I)"
"Александр Викторович ГАЛКИН","Individual","","Ukraine (general)","EU","","1958-03-22","","EU.2798.65","UKR — 2020/398 (OJ L78)"
"Александр Владеленович ВАЙНБЕРГ","Individual","Member of the Federation Council","Ukraine (general)","EU","2022-03-09","1961-02-02","","EU.7677.26","UKR — 2022/1529 (OJ L239)"
"Александр Владимирович ДВОЙНЫХ","Individual","Member of the Federation Council","Ukraine (general)","EU","2022-03-09","1984-01-19","","EU.7771.41","UKR — 2022/1529 (OJ L239)"
"Александр Владимирович НАРОЛИН","Individual","Member of the Federation Council","Ukraine (general)","EU","2022-03-09","1972-06-27","","EU.7725.95","UKR — 2022/1529 (OJ L239)"
"Александр Владиславович ГУСАКОВСКИЙ","Individual","Member of the Federation Council","Ukraine (general)","EU","2022-03-09","1970-08-25","","EU.7634.56","UKR — 2022/1529 (OJ L239)"
"Александр Вячеславович НОВЬЮХОВ","Individual","Member of the Federation Council","Ukraine (general)","EU","2022-03-09","1975-10-05","","EU.7731.68","UKR — 2022/1529 (OJ L239)"
"Александр Геннадьевич ВЫСОКИНСКИЙ","Individual","Member of the Federation Council","Ukraine (general)","EU","2022-03-09","1973-09-24","","EU.7676.27","UKR — 2022/1529 (OJ L239)"
"Александр Георгиевич ВАРФОЛОМЕЕВ","Individual","Member of the Federation Council","Ukraine (general)","EU","2022-03-09","1965-06-04","","EU.7665.59","UKR — 2022/1529 (OJ L239)"
"Александр Георгиевич ЯРОШУК","Individual","Member of the Federation Council","Ukraine (general)","EU","2022-03-09","1965-11-15","","EU.7655.90","UKR — 2022/1529 (OJ L239)"
"Александр Завенович АКОПОВ","Individual","Deputy CEO of “National Media Group”","Ukraine (general)","EU","2023-02-25","1957-11-22","","EU.9870.27","UKR — 2023/429 (OJ L59 I)"
"Александр Иванович МОРОЗ","Individual","","Ukraine (general)","EU","2024-06-24","1975-06-15","","EU.11817.56","UKR — 2024/2455 (OJ L13092024)"
"Александр Иванович УДАЛЬЦОВ","Individual","Executive Director of the Fund for Support and Protection of the Rights of Compatriots Living Abroad (Pravfond)","Ukraine (general)","EU","2023-06-23","1951-07-05","","EU.10266.54","UKR — 2023/1216 (OJ L159 I)"
"Александр КАЛИНИН","Individual","leader of the Party of Regions of Moldova, head of  the interregional public organisation Congress of Moldovan Diasporas","Ukraine (general)","EU","2023-05-30","1977-02-16","","EU.10152.80","UKR — 2023/1046 (OJ L140 I)"
"Александр Константинович АКИМОВ","Individual","Member of the Federation Council","Ukraine (general)","EU","2022-03-09","1954-11-10","","EU.7715.29","UKR — 2022/1529 (OJ L239)"
"Александр Николаевич ЛОМАКИН","Individual","Deputy Minister of Construction, Housing and Utilities of the Russian Federation, in charge of the Department of Industrial and Civil Engineering and the Department of Licensing Activities and Interdepartmental Cooperation","Ukraine (general)","EU","2024-06-24","","","EU.11792.95","UKR — 2024/1746 (OJ L24062024)"
"Александр Сергеевич УШКО","Individual","Aleksandr Ushko is the Lead Marketing Manager of LLC Open Systems Development Technology (LLC TROS), a Russia-based entity that manufactures metalworking equipment and is a wholesaler of machine tools.","Ukraine (general)","EU","","1991-01-15","","EU.13333.26","UKR — 2025/1476 (OJ L202501476)"
"Александр Юрьевич БРЫКСИН","Individual","Member of the Federation Council","Ukraine (general)","EU","2022-03-09","1967-01-20","","EU.7759.95","UKR — 2022/1529 (OJ L239)"
"Александр Юрьевич ПРОНЮШКИН","Individual","Former member of the Federation Council","Ukraine (general)","EU","2022-03-09","1987-07-31","","EU.7753.4","UKR — 2023/1765 (OJ L226)"
"Алексей Александрович ПЕТРОВ","Individual","Advisor to the Office of the Commissioner for Children’s Rights of the Russian Federation","Ukraine (general)","EU","2022-12-16","1995-09-29","","EU.9412.78","UKR — 2023/1765 (OJ L226)"
"Алексей Алексеевич ШАШКОВ","Individual","General Director of JSC Research Institute of Space Instrumentation.","Ukraine (general)","EU","2025-05-20","","","EU.13033.96","UKR — 2025/933 (OJ L202500933)"
"Алексей Васильевич ЕРЕСЬКО","Individual","Deputy Minister of Construction, Housing and Utilities of the Russian Federation, in charge of the Department of Housing and Communal Services and the Department of Strategic Projects","Ukraine (general)","EU","2024-06-24","1973-12-26","","EU.11790.0","UKR — 2024/1746 (OJ L24062024)"
"Алексей Владимирович СИНИЦЫН","Individual","Member of the Federation Council","Ukraine (general)","EU","2022-03-09","1976-01-13","","EU.7735.64","UKR — 2022/1529 (OJ L239)"
"Алексей Константинович КАХИДЗЕ","Individual","Businessperson","Ukraine (general)","EU","2024-12-16","","","EU.12593.64","UKR — 2024/3183 (OJ L16122024)"
"Алексей Маратович ОРЛОВ","Individual","Former member of the Federation Council","Ukraine (general)","EU","2022-03-09","1961-10-09","","EU.7748.30","UKR — 2025/527 (OJ L202500527)"
"Алексей Николаевич ВЯЗНИКОВ","Individual","General director of JSC Central Research Institute “Elektron”.","Ukraine (general)","EU","2025-05-20","","","EU.13032.0","UKR — 2025/933 (OJ L202500933)"
"Алексей Николаевич КОНДРАТЕНКО","Individual","Member of the Federation Council","Ukraine (general)","EU","2022-03-09","1969-12-16","","EU.7647.22","UKR — 2022/1529 (OJ L239)"
"Алексей Петрович МАЙОРОВ","Individual","Member of the Federation Council","Ukraine (general)","EU","2022-03-09","1961-12-29","","EU.7713.31","UKR — 2022/1529 (OJ L239)"
"Анастасия Геннадьевна ЖУКОВА","Individual","Member of the Federation Council","Ukraine (general)","EU","2022-03-09","1974-11-08","","EU.7636.54","UKR — 2022/1529 (OJ L239)"
"Анатолий Дмитриевич АРТАМОНОВ","Individual","Member of the Federation Council","Ukraine (general)","EU","2022-03-09","1952-05-05","","EU.7734.65","UKR — 2022/1529 (OJ L239)"
"Анатолий Иванович ШИРОКОВ","Individual","Member of the Federation Council","Ukraine (general)","EU","2022-03-09","1967-12-29","","EU.7701.64","UKR — 2022/1529 (OJ L239)"
"Андрей Aндреевич ГУРЬЕВ","Individual","","Ukraine (general)","EU","2022-03-09","","","EU.7686.93","UKR — 2025/527 (OJ L202500527)"
"Андрей Анатольевич ШЕВЧЕНКО","Individual","Member of the Federation Council","Ukraine (general)","EU","2022-03-09","1965-05-29","","EU.7732.67","UKR — 2022/1529 (OJ L239)"
"Андрей Аркадьевич КЛИМОВ","Individual","Member of the Federation Council","Ukraine (general)","EU","2022-03-09","1954-11-09","","EU.7650.95","UKR — 2022/1529 (OJ L239)"
"Андрей Викторович КОЧЕРГА","Individual","General Director of PJSC “Stavropol Radio Plant Signal”","Ukraine (general)","EU","2024-12-16","1971-03-24","","EU.12571.31","UKR — 2024/3183 (OJ L16122024)"
"Андрей Викторович КУТЕПОВ","Individual","Member of the Federation Council","Ukraine (general)","EU","2022-03-09","1971-04-06","","EU.7652.93","UKR — 2022/1529 (OJ L239)"
"Андрей Владимирович ЧЕРНЫШЁВ","Individual","Member of the Federation Council","Ukraine (general)","EU","2022-03-09","1970-07-10","","EU.7770.42","UKR — 2022/1529 (OJ L239)"
"Андрей Владимирович ЯЦКИН","Individual","Member of the Federation Council","Ukraine (general)","EU","2022-03-09","1969-04-25","","EU.7651.94","UKR — 2022/1529 (OJ L239)"
"Андрей Игоревич КИСЛОВ","Individual","Member of the Federation Council","Ukraine (general)","EU","2022-03-09","1958-08-29","","EU.7672.31","UKR — 2022/1529 (OJ L239)"
"Андрей Николаевич ЕПИШИН","Individual","Member of the Federation Council","Ukraine (general)","EU","2022-03-09","1967-10-29","","EU.7645.24","UKR — 2022/1529 (OJ L239)"
"Андрей Павлович МАРТЫНОВ","Individual","Serviceman from the 22nd Guards Heavy Bomber Aviation Division based at Engels-2 airbase","Ukraine (general)","EU","2024-12-16","1976-08-13","","EU.12618.25","UKR — 2024/3183 (OJ L16122024)"
"Андрш Леошдович ДЕРКАЧ","Individual","Senator of the Federation Council","Ukraine (general)","EU","2025-02-24","1967-08-19","","EU.12734.73","UKR — 2025/389 (OJ L24022025)"
"Анна Ивановна ОТКЕ","Individual","Member of the Federation Council","Ukraine (general)","EU","2022-03-09","1974-12-21","","EU.7750.7","UKR — 2022/1529 (OJ L239)"
"Антон Андреевич ЗЛАТОПОЛЬСКИЙ","Individual","","Ukraine (general)","EU","2023-06-23","1966-09-12","","EU.10306.55","UKR — 2023/1216 (OJ L159 I)"
"Антон Владимирович СОЛОВЬЕВ","Individual","member of the legislative assembly in St. Petersburg","Ukraine (general)","EU","2022-12-16","1983-06-28","","EU.9413.77","UKR — 2022/2476 (OJ L322-I)"
"Арсен Сулейманович ФАДЗАЕВ","Individual","Former member of the Federation Council of the Russian Federation","Ukraine (general)","EU","2022-03-09","1952-09-05","","EU.7776.36","UKR — 2023/571 (OJ L75 I)"
"Артём Геннадьевич ШЕЙКИН","Individual","Member of the Federation Council","Ukraine (general)","EU","2022-03-09","1980-03-25","","EU.7700.65","UKR — 2022/1529 (OJ L239)"
"Ахмат Анзорович САЛПАГАРОВ","Individual","Member of the Federation Council","Ukraine (general)","EU","2022-03-09","1962-12-31","","EU.7737.62","UKR — 2022/1529 (OJ L239)"
"Баир Баясхаланович ЖАМСУЕВ","Individual","Member of the Federation Council","Ukraine (general)","EU","2022-03-09","1959-01-29","","EU.7632.58","UKR — 2022/1529 (OJ L239)"
"БелОМО","Entity","","Ukraine (general)","EU","","","","EU.11820.32","UKR — 2024/1746 (OJ L24062024)"
"Белан Багаудинович ХАМЧИЕВ","Individual","Member of the Federation Council","Ukraine (general)","EU","2022-03-09","1960-12-07","","EU.7654.91","UKR — 2022/1529 (OJ L239)"
"Борис Александрович НЕВЗОРОВ","Individual","Member of the Federation Council","Ukraine (general)","EU","2022-03-09","1955-09-21","","EU.7728.92","UKR — 2022/1529 (OJ L239)"
"Борис Георгиевич ЯНОВСКИЙ","Individual","Executive Producer of the Zvezda TV channel","Ukraine (general)","EU","2023-06-23","1968-10-25","","EU.10305.56","UKR — 2023/1216 (OJ L159 I)"
"ВГТРК","Entity","media holding company, which controls tv channels such as Rossiya 1, Rossiya 24, RTR Planeta, radio station Vesti FM","Ukraine (general)","EU","2022-12-16","","","EU.9386.42","UKR — 2023/1765 (OJ L226)"
"Вадим Евгеньевич ДЕНЬГИН","Individual","Member of the Federation Council","Ukraine (general)","EU","2022-03-09","1980-09-23","","EU.7772.40","UKR — 2022/1529 (OJ L239)"
"Вадим Николаевич МОШКОВИЧ","Individual","former Chairman of the Board of Directors of Rusagro Group","Ukraine (general)","EU","2022-03-09","1967-04-06","","EU.7678.25","UKR — 2025/527 (OJ L202500527)"
"Валерий Николаевич ВАСИЛЬЕВ","Individual","Member of the Federation Council","Ukraine (general)","EU","2022-03-09","1965-07-17","","EU.7662.62","UKR — 2022/1529 (OJ L239)"
"Валерий Петрович УСАТЮК","Individual","Former member of the Federation Council","Ukraine (general)","EU","2022-03-09","1948-07-14","","EU.7681.1","UKR — 2025/527 (OJ L202500527)"
"Василий Николаевич ИКОННИКОВ","Individual","Member of the Federation Council","Ukraine (general)","EU","2022-03-09","1961-04-26","","EU.7644.25","UKR — 2022/1529 (OJ L239)"
"Василь Юршович БРОВКО","Individual","Director for strategic research and communication at Rostec","Ukraine (general)","EU","2025-02-24","1987-06-02","","EU.12735.72","UKR — 2025/389 (OJ L24022025)"
"Виктор Алексеевич НОВИКОВ","Individual","General Director of JSC UAP “Gidravlika”","Ukraine (general)","EU","2025-05-20","1967-03-14","","EU.13039.90","UKR — 2025/933 (OJ L202500933)"
"Виктор Алексеевич ОЗЕРОВ","Individual","","Ukraine (general)","EU","2014-03-17","1958-01-05","","EU.3505.38","UKR — 2023/571 (OJ L75 I)"
"Виктор Викторович ЗОБНЕВ","Individual","Member of the Federation Council","Ukraine (general)","EU","2022-03-09","1964-06-07","","EU.7622.89","UKR — 2022/1529 (OJ L239)"
"Виктор Николаевич БОНДАРЕВ","Individual","Member of the Federation Council","Ukraine (general)","EU","2022-03-09","1959-12-07","","EU.7754.3","UKR — 2022/1529 (OJ L239)"
"Виктор Сергеевич СИНЕОК","Individual","Special correspondent and columnist of the Multimedia Information Center (MIC) Izvestia","Ukraine (general)","EU","2023-06-23","1980-03-19","","EU.10304.57","UKR — 2023/1216 (OJ L159 I)"
"Виктор Сергеевич ФОФАНОВ","Individual","Viktor Fofanov is the General Director of LLC Volgotrans, a Russian company operating a fleet of several tankers and carrying out transportation of crude oil and oil products by sea, including for export purposes.","Ukraine (general)","EU","","","","EU.13339.20","UKR — 2025/1476 (OJ L202501476)"
"Виктор Феодосьевич НОВОЖИЛОВ","Individual","Former member of the Federation Council","Ukraine (general)","EU","2022-03-09","1965-02-16","","EU.7729.91","UKR — 2025/527 (OJ L202500527)"
"Виталий Евгеньевич ЗЫКОВ","Individual","Chief engineer of the 22nd Guards Heavy Bomber Aviation Division based at Engels-2 airbase","Ukraine (general)","EU","2024-12-16","1968-03-14","","EU.12636.62","UKR — 2024/3183 (OJ L16122024)"
"Владимир Александрович ГОРЛОВ","Individual","Serviceman from the 22nd Guards Heavy Bomber Aviation Division based at Engels-2 airbase","Ukraine (general)","EU","2024-12-16","1968-04-23","","EU.12637.61","UKR — 2024/3183 (OJ L16122024)"
"Владимир Андреевич БЕКЕТОВ","Individual","Former member of the Federation Council of the Russian Federation","Ukraine (general)","EU","2022-03-09","1949-03-29","","EU.7768.65","UKR — 2023/571 (OJ L75 I)"
"Владимир Брониславович ТАТУР","Individual","Serviceman from the 22nd Guards Heavy Bomber Aviation Division based at Engels-2 airbase","Ukraine (general)","EU","2024-12-16","1971-10-26","","EU.12638.60","UKR — 2024/3183 (OJ L16122024)"
"Владимир Викторович ЛОГУНОВ","Individual","","Ukraine (general)","EU","2023-02-25","","","EU.9873.24","UKR — 2023/429 (OJ L59 I)"
"Владимир Владимирович ПОЛЕТАЕВ","Individual","Former member of the Federation Council","Ukraine (general)","EU","2022-03-09","1975-05-23","","EU.7765.68","UKR — 2025/527 (OJ L202500527)"
"Владимир Игоревич КОЖИН","Individual","Member of the Federation Council","Ukraine (general)","EU","2022-03-09","1959-02-28","","EU.7667.57","UKR — 2022/1529 (OJ L239)"
"Владимир Игоревич КРУГЛЫЙ","Individual","Member of the Federation Council","Ukraine (general)","EU","2022-03-09","1955-05-27","","EU.7669.55","UKR — 2022/1529 (OJ L239)"
"Владимир Казимирович КРАВЧЕНКО","Individual","Member of the Federation Council","Ukraine (general)","EU","2022-03-09","1964-06-12","","EU.7707.58","UKR — 2022/1529 (OJ L239)"
"Владимир Филиппович ГОРОДЕЦКИЙ","Individual","Member of the Federation Council","Ukraine (general)","EU","2022-03-09","1948-07-11","","EU.7641.28","UKR — 2022/1529 (OJ L239)"
"Владислав Викторович Малинин","Individual","Serviceman from the 22nd Guards Heavy Bomber Aviation Division based at Engels-2 airbase","Ukraine (general)","EU","2024-12-16","1978-07-12","","EU.12641.36","UKR — 2024/3183 (OJ L16122024)"
"Владислав Владимирович КУЖЕЛЬ","Individual","Shareholder of LLC “Moscow Arms Company”","Ukraine (general)","EU","2025-05-20","1971-08-06","","EU.13046.62","UKR — 2025/933 (OJ L202500933)"
"Владислав Вячеславович КОСТИН","Individual","General Director of Joint Stock Company VNIIR-Progress","Ukraine (general)","EU","2024-12-16","1983-10-28","","EU.12572.30","UKR — 2024/3183 (OJ L16122024)"
"Владислав Сергеевич ГОВОРОВ","Individual","Serviceman from the 22nd Guards Heavy Bomber Aviation Division based at Engels-2 airbase","Ukraine (general)","EU","2024-12-16","1988-04-13","","EU.12640.37","UKR — 2024/3183 (OJ L16122024)"
"Военно-морской флот","Entity","","Ukraine (general)","EU","2022-12-16","","","EU.9396.11","UKR — 2022/2476 (OJ L322-I)"
"Воздушно-десантные войска","Entity","","Ukraine (general)","EU","2022-12-16","","","EU.9394.13","UKR — 2022/2476 (OJ L322-I)"
"Воздушно-космические силы","Entity","","Ukraine (general)","EU","2022-12-16","","","EU.9393.14","UKR — 2022/2476 (OJ L322-I)"
"Володимир Миколайович АНТОНОВ","Individual","","Ukraine (general)","EU","2022-04-08","1979-12-24","","EU.7897.79","UKR — 2023/1765 (OJ L226)"
"Володимир Михайлович РУЩАК","Individual","","Ukraine (general)","EU","2022-04-08","1971-09-02","","EU.7906.77","UKR — 2025/527 (OJ L202500527)"
"Вооружённые  Силы Российской  Федерации","Entity","","Ukraine (general)","EU","2022-12-16","","","EU.9391.16","UKR — 2022/2476 (OJ L322-I)"
"Воткинский завод","Entity","","Ukraine (general)","EU","2022-12-16","","","EU.9384.44","UKR — 2022/2476 (OJ L322-I)"
"Вячеслав Владимирович НАГОВИЦЫН","Individual","Member of the Federation Council","Ukraine (general)","EU","2022-03-09","1956-03-02","","EU.7733.66","UKR — 2022/1529 (OJ L239)"
"Вячеслав Георгиевич ГОЛОВАНОВ","Individual","","Ukraine (general)","EU","2024-12-16","1972-10-01","","EU.12642.35","UKR — 2024/3183 (OJ L16122024)"
"Вячеслав Степанович ТИМЧЕНКО","Individual","Member of the Federation Council","Ukraine (general)","EU","2022-03-09","1955-11-20","","EU.7682.0","UKR — 2024/849 (OJ L13032024)"
"ГПУ ДНР “КОМТЕЛ”","Entity","","Ukraine (general)","EU","2025-02-24","","","EU.12745.41","UKR — 2025/389 (OJ L24022025)"
"ГРУ","Entity","","Ukraine (general)","EU","2022-12-16","","","EU.9399.8","UKR — 2022/2476 (OJ L322-I)"
"Галина Анатоліївна ПЯТИХ","Individual","","Ukraine (general)","EU","2023-06-23","1970-05-12","","EU.10308.53","UKR — 2023/1216 (OJ L159 I)"
"Галина Евгеньевна ПУМПЯНСКАЯ","Individual","","Ukraine (general)","EU","2022-03-09","1966-02-10","","EU.7623.88","UKR — 2025/527 (OJ L202500527)"
"Галина Николаевна КАРЕЛОВА","Individual","Member of the Federation Council","Ukraine (general)","EU","2022-03-09","1960-06-29","","EU.7656.89","UKR — 2022/1529 (OJ L239)"
"Галина Николаевна СОЛОДУН","Individual","Former member of the Federation Council","Ukraine (general)","EU","2022-03-09","1968-01-26","","EU.7694.64","UKR — 2025/527 (OJ L202500527)"
"Геннадий Владимирович ЯГУБОВ","Individual","Member of the Federation Council","Ukraine (general)","EU","2022-03-09","1968-04-17","","EU.7640.29","UKR — 2022/1529 (OJ L239)"
"Геннадий Егорович ЕМЕЛЬЯНОВ","Individual","Member of the Federation Council","Ukraine (general)","EU","2022-03-09","1957-01-01","","EU.7774.38","UKR — 2022/1529 (OJ L239)"
"Геннадий Иванович ОРДЕНОВ","Individual","Member of the Federation Council","Ukraine (general)","EU","2022-03-09","1957-09-04","","EU.7752.5","UKR — 2022/1529 (OJ L239)"
"Григорий Алексеевич РАПОТА","Individual","Member of the Federation Council","Ukraine (general)","EU","2022-03-09","1944-02-05","","EU.7745.33","UKR — 2022/1529 (OJ L239)"
"Григорий Борисович КАРАСИН","Individual","Member of the Federation Council","Ukraine (general)","EU","2022-03-09","1949-08-23","","EU.7675.28","UKR — 2022/1529 (OJ L239)"
"Григорий Иванович КАРАМАЛАК","Individual","","Ukraine (general)","EU","2023-05-30","","","EU.10153.79","UKR — 2023/1046 (OJ L140 I)"
"Григорий Петрович ЛЕДКОВ","Individual","Member of the Federation Council","Ukraine (general)","EU","2022-03-09","1969-03-26","","EU.7708.57","UKR — 2022/1529 (OJ L239)"
"ДШРГ Русич","Entity","a Russian paramilitary group","Ukraine (general)","EU","2022-12-16","","","EU.9424.45","UKR — 2022/2476 (OJ L322-I)"
"Денис Владимирович ГУСЕВ","Individual","Member of the Federation Council","Ukraine (general)","EU","2022-03-09","1976-12-26","","EU.7628.83","UKR — 2022/1529 (OJ L239)"
"Денис Петрович ХОХРЯКОВ","Individual","Serviceman from the 22nd Guards Heavy Bomber Aviation Division based at Engels-2 airbase","Ukraine (general)","EU","2024-12-16","1987-06-26","","EU.12620.2","UKR — 2024/3183 (OJ L16122024)"
"Дина Ивановна ОЮН","Individual","Member of the Federation Council","Ukraine (general)","EU","2022-03-09","1963-06-25","","EU.7749.29","UKR — 2022/1529 (OJ L239)"
"Дмитрий Аркадьевич МАЗЕПИН","Individual","Former CEO of JSC UCC Uralchem","Ukraine (general)","EU","2022-03-09","1968-04-18","","EU.7620.91","UKR — 2023/1765 (OJ L226)"
"Дмитрий Васильевич КУЗЯКИН","Individual","General Director and co-owner of LLC “Center for Integrated Unmanned Solutions”","Ukraine (general)","EU","2025-05-20","1974-06-29","","EU.13044.64","UKR — 2025/933 (OJ L202500933)"
"Дмитрий Викторович СТЕПАНЕНКО","Individual","Serviceman from the 22nd Guards Heavy Bomber Aviation Division based at Engels-2 airbase","Ukraine (general)","EU","2024-12-16","1975-05-23","","EU.12621.1","UKR — 2024/3183 (OJ L16122024)"
"Дмитрий Владимирович САВЕЛЬЕВ","Individual","Member of the Federation Council","Ukraine (general)","EU","2022-03-09","1968-08-03","","EU.7723.0","UKR — 2022/1529 (OJ L239)"
"Дмитрий Геннадьевич КУЗЬМИН","Individual","Former member of the Federation Council","Ukraine (general)","EU","2022-03-09","1975-06-28","","EU.7674.29","UKR — 2024/849 (OJ L13032024)"
"Дмитрий Сергеевич ПЕРМИНОВ","Individual","Member of the Federation Council","Ukraine (general)","EU","2022-03-09","1979-04-03","","EU.7755.2","UKR — 2022/1529 (OJ L239)"
"Дмитрий Юрьевич ГОРИЦКИЙ","Individual","Member of the Federation Council","Ukraine (general)","EU","2022-03-09","1970-10-28","","EU.7635.55","UKR — 2022/1529 (OJ L239)"
"Дмитрий Юрьевич ЛЕЛИКОВ","Individual","Deputy General Director of Rostec and member of Rostec’s Management Board","Ukraine (general)","EU","2025-02-24","1968-05-09","","EU.12728.3","UKR — 2025/389 (OJ L24022025)"
"Евгений Анатольевич ДРОНОВ","Individual","General Director of JSC Tula Machine Building Plant","Ukraine (general)","EU","2025-02-24","1947-10-20","","EU.12721.10","UKR — 2025/389 (OJ L24022025)"
"Евгений Владимирович БЕКАСОВ","Individual","Editor-in-chief of Rossiya 24 TV Channel","Ukraine (general)","EU","2023-02-25","1980-10-14","","EU.9871.26","UKR — 2023/429 (OJ L59 I)"
"Евгений Степанович САВЧЕНКО","Individual","Former member of the Federation Council","Ukraine (general)","EU","2022-03-09","1950-04-08","","EU.7712.32","UKR — 2025/527 (OJ L202500527)"
"Егор Афанасьевич БОРИСОВ","Individual","Member of the Federation Council","Ukraine (general)","EU","2022-03-09","1954-08-15","","EU.7757.0","UKR — 2022/1529 (OJ L239)"
"Елена Александровна МОРОЗОВА","Individual","Director of the State Museum-Preserve “Tauric Chersonese”","Ukraine (general)","EU","2025-05-20","1972-02-07","","EU.13043.65","UKR — 2025/933 (OJ L202500933)"
"Елена Алексеевна ПЕРМИНОВА","Individual","Member of the Federation Council","Ukraine (general)","EU","2022-03-09","1960-12-05","","EU.7758.96","UKR — 2024/849 (OJ L13032024)"
"Елена Анатольевна ЛОБАЕВА","Individual","","Ukraine (general)","EU","2025-05-20","1974-01-23","","EU.13038.91","UKR — 2025/933 (OJ L202500933)"
"Елена Борисовна ШУМИЛОВА","Individual","Member of the Federation Council","Ukraine (general)","EU","2022-03-09","1978-04-01","","EU.7698.60","UKR — 2022/1529 (OJ L239)"
"Елена Васильевна БИБИКОВА","Individual","Former Member of the Federation Council","Ukraine (general)","EU","2022-03-09","1956-09-23","","EU.7769.64","UKR — 2024/849 (OJ L13032024)"
"Елена Владимировна АФАНАСЬЕВА","Individual","Member of the Federation Council","Ukraine (general)","EU","2022-03-09","1975-03-27","","EU.7740.38","UKR — 2022/1529 (OJ L239)"
"Елена Владимировна ПИСАРЕВА","Individual","Member of the Federation Council","Ukraine (general)","EU","2022-03-09","1967-01-20","","EU.7761.72","UKR — 2022/1529 (OJ L239)"
"Елена Геннадьевна ЗЛЕНКО","Individual","Former member of the Federation Council","Ukraine (general)","EU","2022-03-09","1967-06-20","","EU.7618.17","UKR — 2025/527 (OJ L202500527)"
"ЗАВОД ТУЛА","Entity","","Ukraine (general)","EU","2022-12-16","","","EU.9421.48","UKR — 2022/2476 (OJ L322-I)"
"ЗЗГТ","Entity","","Ukraine (general)","EU","2022-12-16","","","EU.9420.49","UKR — 2025/527 (OJ L202500527)"
"Завод № 9","Entity","Zavod no 9 is a Russian military industry company","Ukraine (general)","EU","2024-02-23","","","EU.11393.58","UKR — 2024/753 (OJ L23022024)"
"Здуард Александрович ЧУХЛЕБОВ","Individual","Co-owner of Ural Mining and Metallurgical Company","Ukraine (general)","EU","2025-02-24","1962-04-10","","EU.12737.70","UKR — 2025/389 (OJ L24022025)"
"ИНВЕСТНЕФТЕТРЕЙД","Entity","LLC Investneftetrade is a Russian company carrying out transportation of crude oil and oil products by sea, including for export purposes","Ukraine (general)","EU","2024-12-16","","","EU.12614.29","UKR — 2024/3183 (OJ L16122024)"
"Иван Георгиевич АНЦЕВ","Individual","Executive Director of JSC NPP Radar MMS","Ukraine (general)","EU","2025-02-24","1985-08-04","","EU.12733.74","UKR — 2025/389 (OJ L24022025)"
"Иван Иванович ОХЛОБЫСТИН","Individual","actor, film director, screenwriter and producer","Ukraine (general)","EU","2024-06-24","1966-07-22","","EU.11818.55","UKR — 2024/1746 (OJ L24062024)"
"Иван Николаевич АБРАМОВ","Individual","Member of the Federation Council","Ukraine (general)","EU","2022-03-09","1978-06-16","","EU.7718.26","UKR — 2022/1529 (OJ L239)"
"Иван Николаевич КОЖЕВНИКОВ","Individual","Businessperson","Ukraine (general)","EU","2024-12-16","","","EU.12591.66","UKR — 2024/3183 (OJ L16122024)"
"Игорь Владимирович зюзин","Individual","Chairman ofthe Board of Directors of Mechel PAO","Ukraine (general)","EU","2025-02-24","1960-05-29","","EU.12726.5","UKR — 2025/389 (OJ L24022025)"
"Игорь Геннадьевич КУДРЯШКИН","Individual","Shareholder and Commercial Director of Ural Mining and Metallurgical Company","Ukraine (general)","EU","2025-02-24","1967-11-22","","EU.12736.71","UKR — 2025/389 (OJ L24022025)"
"Игорь Дмитриевич ЗУБАРЕВ","Individual","Member of the Federation Council","Ukraine (general)","EU","2022-03-09","1966-07-20","","EU.7621.90","UKR — 2024/849 (OJ L13032024)"
"Игорь Евгеньевич КОНАШЕНКОВ","Individual","Head of the Department of Information and Communications of the Ministry of Defence of the Russian Federation","Ukraine (general)","EU","2022-04-08","1966-05-15","","EU.7891.85","UKR — 2024/849 (OJ L13032024)"
"Игорь Николаевич МОРОЗОВ","Individual","Member of the Federation Council","Ukraine (general)","EU","2022-03-09","1956-10-13","","EU.7714.30","UKR — 2023/1765 (OJ L226)"
"Игорь Николаевич ТУРЧЕНЮК","Individual","","Ukraine (general)","EU","2014-03-21","1959-12-05","","EU.2821.74","UKR — 2023/1765 (OJ L226)"
"Ильшат Ильгизович ШАГИАХМЕТОВ","Individual","Ilshat Shagiakhmetov is the General Director of the Territorial Development Fund, a public law company operating under the Ministry of Construction of the Russian Federation and founded by the Government of the Russian Federation.","Ukraine (general)","EU","","1985-06-04","","EU.13341.94","UKR — 2025/1476 (OJ L202501476)"
"Илья Владимирович КОРЯКИН","Individual","Chief of Staff of the 22nd Guards Heavy Bomber Aviation Division based at Engels-2 airbase","Ukraine (general)","EU","2024-12-16","1977-08-26","","EU.12622.0","UKR — 2024/3183 (OJ L16122024)"
"Инна Юрьевна СВЯТЕНКО","Individual","Member of the Federation Council","Ukraine (general)","EU","2022-03-09","1967-09-06","","EU.7709.56","UKR — 2022/1529 (OJ L239)"
"Ирек Ишмухаметович ЯЛАЛОВ","Individual","Former member of the Federation Council","Ukraine (general)","EU","2022-03-09","1961-01-27","","EU.7648.21","UKR — 2025/527 (OJ L202500527)"
"Ирина Александровна ПЕТИНА","Individual","Former member of the Federation Council of the Russian Federation","Ukraine (general)","EU","2022-03-09","1972-08-31","","EU.7763.70","UKR — 2023/571 (OJ L75 I)"
"Ирина Андреевна КОЖАНОВА","Individual","Member of the Federation Council","Ukraine (general)","EU","2022-03-09","1987-07-06","","EU.7657.88","UKR — 2022/1529 (OJ L239)"
"Ирина Валерьевна РУКАВИШНИКОВА","Individual","Member of the Federation Council","Ukraine (general)","EU","2022-03-09","1973-02-03","","EU.7742.36","UKR — 2022/1529 (OJ L239)"
"КБ “Око”","Entity","Oko Design Bureau is a company created in 2022 which produces two kinds of drones named Privet-82 and Privet-120.","Ukraine (general)","EU","2025-02-24","","","EU.12716.36","UKR — 2025/389 (OJ L24022025)"
"КРЭТ","Entity","Russian company that develops and manufactures military radio-electronic products","Ukraine (general)","EU","2022-12-16","","","EU.9379.70","UKR — 2024/2455 (OJ L13092024)"
"Карен Георгиевич ШАХНАЗАРОВ","Individual","Karen Shakhnazarov is the General Director of Mosfilm, a Russian State-owned film studio. Karen Shakhnazarov maintains a close relationship with President Vladimir Putin, and they share a mutual admiration for each other’s work and actions.","Ukraine (general)","EU","","1952-07-08","","EU.13345.90","UKR — 2025/1476 (OJ L202501476)"
"Константин Александрович МИХАЙЛИК","Individual","Deputy Minister of Construction, Housing and Utilities of the Russian Federation, in charge of the Department of Digital Development","Ukraine (general)","EU","2024-06-24","1983-07-18","","EU.11788.23","UKR — 2024/1746 (OJ L24062024)"
"Константин Иосифович КОСАЧЕВ","Individual","Member of the Federation Council","Ukraine (general)","EU","2022-03-09","1962-09-17","","EU.7679.24","UKR — 2022/1529 (OJ L239)"
"Константин Петрович БЕЛОКОБЫЛЬСКИЙ","Individual","Serviceman from the 22nd Guards Heavy Bomber Aviation Division based at Engels-2 airbase","Ukraine (general)","EU","2024-12-16","1977-06-02","","EU.12623.96","UKR — 2024/3183 (OJ L16122024)"
"Константин Юрьевич НИКОЛАЕВ","Individual","Russian businessperson","Ukraine (general)","EU","2025-05-20","1971-03-05","","EU.13035.94","UKR — 2025/933 (OJ L202500933)"
"Крым Олиевич КАЗАНОКОВ","Individual","Member of the Federation Council","Ukraine (general)","EU","2022-03-09","1962-07-19","","EU.7658.87","UKR — 2022/1529 (OJ L239)"
"Лариса Павловна ФАЛЬКОВСКАЯ","Individual","director of the Department of State Policy for the Protection of Children's Rights of the Ministry of Education of the Russian Federation","Ukraine (general)","EU","2022-12-16","1970-04-06","","EU.9415.75","UKR — 2022/2476 (OJ L322-I)"
"Ленар Ринатович САФИН","Individual","Former member of the Federation Council of the Russian Federation","Ukraine (general)","EU","2022-03-09","1969-02-11","","EU.7693.65","UKR — 2023/571 (OJ L75 I)"
"Лилия Салаватовна ГУМЕРОВА","Individual","Member of the Federation Council","Ukraine (general)","EU","2022-03-09","1972-12-16","","EU.7629.82","UKR — 2022/1529 (OJ L239)"
"Любовь Николаевна ГЛЕБОВА","Individual","Member of the Federation Council","Ukraine (general)","EU","2022-03-09","1960-03-07","","EU.7637.53","UKR — 2022/1529 (OJ L239)"
"Людмила Николаевна СКАКОВСКАЯ","Individual","Member of the Federation Council","Ukraine (general)","EU","2022-03-09","1961-11-13","","EU.7705.60","UKR — 2022/1529 (OJ L239)"
"Максим Владиславович СМИРНОВ","Individual","Serviceman from the 22nd Guards Heavy Bomber Aviation Division based at Engels-2 airbase","Ukraine (general)","EU","2024-12-16","1977-04-24","","EU.12624.95","UKR — 2024/3183 (OJ L16122024)"
"Мансур Муссайович СОЛТАЄВ","Individual","Commissioner for Human Rights in the Chechen Republic","Ukraine (general)","EU","2023-06-23","1978-06-13","","EU.10311.29","UKR — 2023/1216 (OJ L159 I)"
"Маргарита Николаевна ПАВЛОВА","Individual","Former member of the Federation Council","Ukraine (general)","EU","2022-03-09","1979-01-22","","EU.7756.1","UKR — 2025/527 (OJ L202500527)"
"Милош Эдуардович ВАГНЕР","Individual","Deputy Head of the Russian Federal Service for Supervision of Communications Information Technology and Mass Media (Roskomnadzor)","Ukraine (general)","EU","2023-02-25","1979-10-14","","EU.9872.25","UKR — 2023/429 (OJ L59 I)"
"Михаил  Эдуардович  ОСЕЕВСКИЙ","Individual","President of PJSC Rostelecom\n\nIndependent member of the Board of Directors, PJSC MMK\n\nMember of the supervisory board of ANO Digital Economy, LLC T2 RTK Holding (Tele2)\n\nMember of the board of the Russian Union of Industrialists and Entrepreneurs","Ukraine (general)","EU","2022-03-09","1960-11-30","","EU.7653.92","UKR — 2022/396 (OJ L80)"
"Михаил Александрович АФАНАСОВ","Individual","Member of the Federation Council","Ukraine (general)","EU","2022-03-09","1953-06-15","","EU.7736.63","UKR — 2022/1529 (OJ L239)"
"Михаил Владимирович БЕЛОУСОВ","Individual","Member of the Federation Council","Ukraine (general)","EU","2022-03-09","1953-10-11","","EU.7762.71","UKR — 2022/1529 (OJ L239)"
"Михаил Игоревич ПОЛУБОЯРИНОВ","Individual","","Ukraine (general)","EU","2022-03-09","1966-04-02","","EU.7661.63","UKR — 2023/571 (OJ L75 I)"
"Мохмад Исаевич АХМАДОВ","Individual","Member of the Federation Council","Ukraine (general)","EU","2022-03-09","1972-04-17","","EU.7721.2","UKR — 2022/1529 (OJ L239)"
"Мурат Крым-Гериевич ХАПСИРОКОВ","Individual","Member of the Federation Council","Ukraine (general)","EU","2022-03-09","1978-01-26","","EU.7660.64","UKR — 2022/1529 (OJ L239)"
"Муслім Магомедович ХУЧІЄВ","Individual","","Ukraine (general)","EU","2023-06-23","","","EU.10312.28","UKR — 2025/527 (OJ L202500527)"
"Мухарбий Магомедович УЛЬБАШЕВ","Individual","Member of the Federation Council","Ukraine (general)","EU","2022-03-09","1960-05-15","","EU.7680.2","UKR — 2022/1529 (OJ L239)"
"Наталия Владимировна КОСИХИНА","Individual","Member of the Federation Council","Ukraine (general)","EU","2022-03-09","1972-08-07","","EU.7696.62","UKR — 2022/1529 (OJ L239)"
"Нижегородский завод 70-летия Победы","Entity","","Ukraine (general)","EU","2022-12-16","","","EU.9383.45","UKR — 2022/2476 (OJ L322-I)"
"Никита Александрович ЗАХАРОВ","Individual","Nikita Zakharov is a Russian businessperson, and founder and owner of LLC Aeroscan. LLC Aeroscan is a Russian commercial operator that provides services in the areas of aerial photography, video and thermal imaging monitoring and laser scanning for unmanned aerial vehicles (UAVs).","Ukraine (general)","EU","","","","EU.13336.23","UKR — 2025/1476 (OJ L202501476)"
"Николай Андреевич ЖУРАВЛЁВ","Individual","Member of the Federation Council","Ukraine (general)","EU","2022-03-09","1976-09-01","","EU.7624.87","UKR — 2022/1529 (OJ L239)"
"Николай Витальевич ТКАЧЕНКО","Individual","Businessperson","Ukraine (general)","EU","2024-12-16","","","EU.12589.89","UKR — 2024/3183 (OJ L16122024)"
"Николай Евгеньевич ЛОБАЕВ","Individual","","Ukraine (general)","EU","2025-05-20","1974-06-01","","EU.13036.93","UKR — 2025/933 (OJ L202500933)"
"Николай Константинович ЖЕРНОВ","Individual","Director of Limited Liability Company “Aerofregat”","Ukraine (general)","EU","2025-05-20","1981-02-24","","EU.13041.67","UKR — 2025/933 (OJ L202500933)"
"Николай Лукашевич ПАПИКЯН","Individual","Serviceman from the 22nd Guards Heavy Bomber Aviation Division based at Engels-2 airbase","Ukraine (general)","EU","2024-12-16","1974-08-22","","EU.12625.94","UKR — 2024/3183 (OJ L16122024)"
"Николай Николаевич ВАРПАХОВИЧ","Individual","Commander of the 22nd Guards Heavy Bomber Aviation Division based at Engels-2 airbase","Ukraine (general)","EU","2024-12-16","1970-05-29","","EU.12626.93","UKR — 2024/3183 (OJ L16122024)"
"Николай Николаевич ВЛАДИМИРОВ","Individual","Member of the Federation Council","Ukraine (general)","EU","2022-03-09","1979-11-18","","EU.7673.30","UKR — 2022/1529 (OJ L239)"
"Николай Фёдорович КОНДРАТЮК","Individual","Member of the Federation Council","Ukraine (general)","EU","2022-03-09","1957-07-11","","EU.7663.61","UKR — 2022/1529 (OJ L239)"
"Нина Германовна КУЛИКОВСКИХ","Individual","Former member of the Federation Council","Ukraine (general)","EU","2022-03-09","1961-02-05","","EU.7697.61","UKR — 2025/527 (OJ L202500527)"
"ОБЩЕСТВО С ОГРАНИЧЕННОЙ ОТВЕТСТВЕННОСТЬЮ “УРАЛДРОНЗАВОД”","Entity","UralDronZavod is a newly created company that arose as a start-up during Russia’s war of aggression against Ukraine. The company produces an FPV drone called “Upyr” (“Ghoul”) which has been widely in use since autumn of 2023 during the invasion of Ukraine.","Ukraine (general)","EU","2024-12-16","","","EU.12595.62","UKR — 2024/3183 (OJ L16122024)"
"ООО Алабуга Девелопмент","Entity","LLC Alabuga Development is a Russian producer of machine tools and gears, as well as a manufacturer of metal constructions, communication devices and electric gear. It is also a 100 % subsidiary of JSC Alabuga (entity listed by the Union since 18 December 2023), which is thus the ultimate beneficial owner of LLC Alabuga Development.","Ukraine (general)","EU","2024-12-16","","","EU.12596.61","UKR — 2024/3183 (OJ L16122024)"
"ООО “ГУМИЧ РТК”","Entity","LLC Gumich RTK is a Russian company producing Impulse-M robot platforms","Ukraine (general)","EU","2024-12-16","","","EU.12612.31","UKR — 2024/3183 (OJ L16122024)"
"ООО “ГУМИЧ”","Entity","LLC Gumich is a Russian company, which fully owns LLC Gumich RTK. LLC Gumich RTK is a producer of Impulse M robot platforms","Ukraine (general)","EU","2024-12-16","","","EU.12613.30","UKR — 2024/3183 (OJ L16122024)"
"Общество с ограниченной ответственностью “Ульяновский станкостроительный завод”","Entity","LLC “Ulyanovsk Machine Tool Plant” is a Russian company specialising in the production of Computer Numerical Control machine tools and therefore active in an important field for Russia’s military and industrial complex. The company was previously owned by the German companies Gildemeister Beteiligungen GmbH and DMG Mori.","Ukraine (general)","EU","2025-07-19","","","EU.13356.58","UKR — 2025/1476 (OJ L202501476)"
"Оксана Владимировна ХЛЯКИНА","Individual","Former member of the Federation Council","Ukraine (general)","EU","2022-03-09","1969-11-28","","EU.7664.60","UKR — 2025/527 (OJ L202500527)"
"Олег Александрович АЛЕКСЕЕВ","Individual","Former member of the Federation Council of the Russian Federation","Ukraine (general)","EU","2022-03-09","1967-12-21","","EU.7738.61","UKR — 2023/571 (OJ L75 I)"
"Олег Владимирович МИХАЙЛИШИН","Individual","Deputy Commander of the 22nd Guards Heavy Bomber Aviation Division based at Engels-2 airbase","Ukraine (general)","EU","2024-12-16","1970-11-17","","EU.12628.91","UKR — 2024/3183 (OJ L16122024)"
"Олег Владимирович ЦЕПКИН","Individual","Member of the Federation Council","Ukraine (general)","EU","2022-03-09","1965-09-15","","EU.7685.94","UKR — 2022/1529 (OJ L239)"
"Олег Игоревич СКИТСКИЙ","Individual","Serviceman from the 22nd Guards Heavy Bomber Aviation Division based at Engels-2 airbase","Ukraine (general)","EU","2024-12-16","1980-07-24","","EU.12629.90","UKR — 2024/3183 (OJ L16122024)"
"Олег Юрьевич БАРАНОВ","Individual","Serviceman from the 22nd Guards Heavy Bomber Aviation Division based at Engels-2 airbase","Ukraine (general)","EU","2024-12-16","1967-05-23","","EU.12627.92","UKR — 2024/3183 (OJ L16122024)"
"Олександр Вікторович ГУСЄВ","Individual","Governor of the Voronezh region","Ukraine (general)","EU","2023-06-23","1963-01-27","","EU.10307.54","UKR — 2023/1216 (OJ L159 I)"
"Ольга Николаевна ЕПИФАНОВА","Individual","Member of the Federation Council","Ukraine (general)","EU","2022-03-09","1966-08-19","","EU.7775.37","UKR — 2022/1529 (OJ L239)"
"Ольга Николаевна ХОХЛОВА","Individual","Member of the Federation Council","Ukraine (general)","EU","2022-03-09","1957-11-18","","EU.7699.59","UKR — 2022/1529 (OJ L239)"
"Ольга Сергеевна ЗАБРАЛОВА","Individual","Former member of the Federation Council","Ukraine (general)","EU","2022-03-09","1980-03-30","","EU.7619.16","UKR — 2025/527 (OJ L202500527)"
"ПАО Совкомфлот","Entity","Sovcomflot is Russia’s largest shipping company, specialising in the transportation of liquefied gas, crude oil, and petroleum products, as well as the servicing of offshore upstream energy production.","Ukraine (general)","EU","2024-06-24","","","EU.11824.28","UKR — 2024/1746 (OJ L24062024)"
"ПАО “Сигнал”","Entity","PJSC “Stavropol Radio Plant Signal” is one of the main manufacturers of radio-electronic devices for the Armed Forces of the Russian Federation.","Ukraine (general)","EU","2024-12-16","","","EU.12604.60","UKR — 2024/3183 (OJ L16122024)"
"Павел Владимирович БУРДАКОВ","Individual","Serviceman from the 22nd Guards Heavy Bomber Aviation Division based at Engels-2 airbase","Ukraine (general)","EU","2024-12-16","1975-02-05","","EU.12630.68","UKR — 2024/3183 (OJ L16122024)"
"Павел Геннадьевич ТОЧИЛИН","Individual","General Director of JSC SPE “Aerosila”","Ukraine (general)","EU","2024-12-16","1977-02-15","","EU.12569.54","UKR — 2024/3183 (OJ L16122024)"
"Полина Сергеевна ГАГАРИНА","Individual","Singer, actress, song writer, model","Ukraine (general)","EU","2024-06-24","1987-03-27","","EU.11787.24","UKR — 2025/527 (OJ L202500527)"
"Прайм Шиппинг","Entity","LLC Prime Shipping is a Russian company carrying out transportation of crude oil and oil products by sea, including for export purposes.","Ukraine (general)","EU","2024-12-16","","","EU.12616.27","UKR — 2024/3183 (OJ L16122024)"
"Публичное Акционерное Общество “Калужский двигатель”","Entity","The Kaluga Engine Company (PJSC KADVI) is a Russian military industry company delivering tank engines to the other military plants producing T-80 tanks. T-80 tanks have been used during the invasion of Ukraine.","Ukraine (general)","EU","2024-12-16","","","EU.12597.60","UKR — 2024/3183 (OJ L16122024)"
"Пётр Николаевич ТУЛТАЕВ","Individual","Member of the Federation Council of the Russian Federation","Ukraine (general)","EU","2022-03-09","1961-01-01","","EU.7684.95","UKR — 2025/527 (OJ L202500527)"
"Римма Фёдоровна ГАЛУШИНА","Individual","Member of the Federation Council","Ukraine (general)","EU","2022-03-09","1963-05-30","","EU.7630.60","UKR — 2022/1529 (OJ L239)"
"Росгвардия","Entity","internal armed force of the Russian Federation","Ukraine (general)","EU","2022-12-16","","","EU.9392.15","UKR — 2022/2476 (OJ L322-I)"
"Руслан Арсланович СОЛОВЬЕВ","Individual","","Ukraine (general)","EU","2024-12-16","1980-07-18","","EU.12631.67","UKR — 2024/3183 (OJ L16122024)"
"СОЮЗ ДОБРОВОЛЬЦЕВ ДОНБАССА","Entity","paramilitary organization that is actively fighting in the war of aggression against Ukraine","Ukraine (general)","EU","2022-12-16","","","EU.9425.44","UKR — 2022/2476 (OJ L322-I)"
"Светлана Ивановна НИКОЛАЕВА","Individual","Svetlana Nikolayeva is a Russian businessperson holding managing positions and business interests in the Russian military and industrial complex. She is the wife of Konstantin Yuryevich Nikolayev.","Ukraine (general)","EU","","1964-11-15","","EU.13331.28","UKR — 2025/1476 (OJ L202501476)"
"Светлана Петровна ГОРЯЧЕВА","Individual","Member of the Federation Council","Ukraine (general)","EU","2022-03-09","1947-06-03","","EU.7639.51","UKR — 2022/1529 (OJ L239)"
"Сергiй Сергiйович НАУМЕЦЬ","Individual","","Ukraine (general)","EU","2022-04-08","","","EU.7908.75","UKR — 2024/849 (OJ L13032024)"
"Сергеи  Алехандрович  КУЛИКОВ","Individual","Chairman of the Board of Management Company RUSNANO LLC\n\nMember of the Board of Directors of Rusnano JSC\n\nFirst deputy Chairman of the board of the Military Industrial Commission","Ukraine (general)","EU","2022-03-09","1976-04-09","","EU.7671.32","UKR — 2022/396 (OJ L80)"
"Сергей Александрович КАРАГАНОВ","Individual","","Ukraine (general)","EU","2023-06-23","","","EU.10267.53","UKR — 2023/1216 (OJ L159 I)"
"Сергей Александрович МАРТЫНОВ","Individual","Member of the Federation Council","Ukraine (general)","EU","2022-03-09","1959-08-22","","EU.7722.1","UKR — 2022/1529 (OJ L239)"
"Сергей Анатольевич КОГОГИН","Individual","General Director of the Management Board of KAMAZ PJSC","Ukraine (general)","EU","2025-05-20","1957-11-16","","EU.13045.63","UKR — 2025/933 (OJ L202500933)"
"Сергей Васильевич ГОРНЯКОВ","Individual","Member of the Federation Council","Ukraine (general)","EU","2022-03-09","1966-01-05","","EU.7638.52","UKR — 2022/1529 (OJ L239)"
"Сергей Викторович КАЛАШНИК","Individual","Member of the Federation Council","Ukraine (general)","EU","2022-03-09","1978-03-31","","EU.7666.58","UKR — 2022/1529 (OJ L239)"
"Сергей Викторович ТЕТЕРЕВ","Individual","Serviceman from the 22nd Guards Heavy Bomber Aviation Division based at Engels-2 airbase","Ukraine (general)","EU","2024-12-16","1973-07-10","","EU.12634.64","UKR — 2024/3183 (OJ L16122024)"
"Сергей Владимирович БЕРЁЗКИН","Individual","Member of the Federation Council","Ukraine (general)","EU","2022-03-09","1955-06-23","","EU.7766.67","UKR — 2022/1529 (OJ L239)"
"Сергей Владимирович ДОЛГУШИН","Individual","Serviceman from the 22nd Guards Heavy Bomber Aviation Division based at Engels-2 airbase","Ukraine (general)","EU","2024-12-16","1973-06-01","","EU.12632.66","UKR — 2024/3183 (OJ L16122024)"
"Сергей Вячеславович БЕЗДЕНЕЖНЫХ","Individual","Member of the Federation Council","Ukraine (general)","EU","2022-03-09","1979-08-25","","EU.7751.6","UKR — 2022/1529 (OJ L239)"
"Сергей Герасимович МИТИН","Individual","Member of the Federation Council","Ukraine (general)","EU","2022-03-09","1951-06-14","","EU.7716.28","UKR — 2022/1529 (OJ L239)"
"Сергей Григорьевич МУЗЫЧЕНКО","Individual","Deputy Minister of Construction, Housing and Utilities of the Russian Federation, in charge of the Department of Pricing and Resource Support of Construction and the Department of Urban Planning and Architecture","Ukraine (general)","EU","2024-06-24","","","EU.11793.94","UKR — 2024/1746 (OJ L24062024)"
"Сергей Иванович КИСЛЯК","Individual","Member of the Federation Council","Ukraine (general)","EU","2022-03-09","1950-09-07","","EU.7702.63","UKR — 2022/1529 (OJ L239)"
"Сергей Михайлович МИРОНОВ","Individual","","Ukraine (general)","EU","2014-03-17","1953-02-14","","EU.3513.12","UKR — 2023/571 (OJ L75 I)"
"Сергей Николаевич КОЛБИН","Individual","Member of the Federation Council","Ukraine (general)","EU","2022-03-09","1969-10-29","","EU.7706.59","UKR — 2022/1529 (OJ L239)"
"Сергей Николаевич МУРАТОВ","Individual","Member of the Federation Council","Ukraine (general)","EU","2022-03-09","1964-01-13","","EU.7717.27","UKR — 2022/1529 (OJ L239)"
"Сергей Николаевич ПЕРМИНОВ","Individual","Member of the Federation Council","Ukraine (general)","EU","2022-03-09","1968-09-16","","EU.7764.69","UKR — 2022/1529 (OJ L239)"
"Сергей Николаевич РЯБУХИН","Individual","Member of the Federation Council","Ukraine (general)","EU","2022-03-09","1954-11-13","","EU.7739.60","UKR — 2022/1529 (OJ L239)"
"Сергей Павлович ИВАНОВ","Individual","Member of the Federation Council of the Russian Federation","Ukraine (general)","EU","2022-03-09","1952-04-19","","EU.7646.23","UKR — 2023/571 (OJ L75 I)"
"Сергей Петрович АРЕНИН","Individual","Former member of the Federation Council of the Russian Federation","Ukraine (general)","EU","2022-03-09","1958-08-29","","EU.7726.94","UKR — 2023/571 (OJ L75 I)"
"Сергей Петрович МИХАЙЛОВ","Individual","Member of the Federation Council","Ukraine (general)","EU","2022-03-09","1965-05-22","","EU.7720.3","UKR — 2022/1529 (OJ L239)"
"Сергій Олексійович ГАВРИЛЬЧУК","Individual","","Ukraine (general)","EU","2023-12-18","","","EU.10907.11","UKR — 2023/2875 (OJ L18122023)"
"Силы специальных операций","Entity","","Ukraine (general)","EU","2022-12-16","","","EU.9397.10","UKR — 2022/2476 (OJ L322-I)"
"Сулейман Садулаевич ГЕРЕМЕЕВ","Individual","Member of the Federation Council","Ukraine (general)","EU","2022-03-09","1971-01-20","","EU.7631.59","UKR — 2022/1529 (OJ L239)"
"Сухопутные войска","Entity","land forces of the Armed Forces of the Russian Federation","Ukraine (general)","EU","2022-12-16","","","EU.9395.12","UKR — 2022/2476 (OJ L322-I)"
"Таймураз Дзамбекович МАМСУРОВ","Individual","Member of the Federation Council","Ukraine (general)","EU","2022-03-09","1954-04-13","","EU.7724.96","UKR — 2022/1529 (OJ L239)"
"Татьяна Анатольевна ГИГЕЛЬ","Individual","Member of the Federation Council","Ukraine (general)","EU","2022-03-09","1960-02-27","","EU.7633.57","UKR — 2022/1529 (OJ L239)"
"Татьяна Анатольевна САХАРОВА","Individual","Member of the Federation Council","Ukraine (general)","EU","2022-03-09","1973-06-16","","EU.7704.61","UKR — 2022/1529 (OJ L239)"
"Татьяна Петровна ЛИТВИНЕНКО","Individual","Tatyana Litvinenko is a major shareholder of PhosAgro, a globally leading producer of phosphate fertilisers. Russia is the world’s leading exporter of fertilisers, a sector which provides substantial revenues to the Russian Government.","Ukraine (general)","EU","","1958-05-02","","EU.13346.89","UKR — 2025/1476 (OJ L202501476)"
"Трофим Александрович КАПША","Individual","Deputy Commander of the 22nd Guards Heavy Bomber Aviation Division based at Engels-2 airbase","Ukraine (general)","EU","2024-12-16","1978-02-22","","EU.12635.63","UKR — 2024/3183 (OJ L16122024)"
"ФГБОУ ВО “Российская Академия Народного Хозяйства и Государственной Службы При Президенте Российской Федерации” РАНХИГС","Entity","The Federal State Budgetary Educational Institution of Higher Education “Russian Presidential Academy of National Economy and Public Administration” (RANEPA) is a federal institution of higher education in the Russian Federation.","Ukraine (general)","EU","2025-02-24","","","EU.12712.40","UKR — 2025/389 (OJ L24022025)"
"ФЕДЕРАЛЬНОЕ КАЗЕННОЕ ПРЕДПРИЯТИЕ “ВОСКРЕСЕНСКИЙ ГОСУДАРСТВЕННЫЙ КАЗЕННЫЙ АГРЕГАТНЫЙ ЗАВОД”","Entity","JSC Voskresensky Aggregation Factory assembles anti-aircraft guided missiles, air-to-air and air-to-surface guided missiles, cruise missiles, high-explosive aerial bombs (FABs) and improved FABs with unified gliding and correction modules which transform free-falling Russian bombs into guided ones, to the benefit of the Russian military, including for use in Ukraine.","Ukraine (general)","EU","2025-02-24","","","EU.12714.38","UKR — 2025/389 (OJ L24022025)"
"Фарит Мубаракшевич МУХАМЕТШИН","Individual","Former member of the Federation Council","Ukraine (general)","EU","2022-03-09","1947-01-31","","EU.7719.25","UKR — 2025/527 (OJ L202500527)"
"Феликс Феликсович ПЛЕСКАЧЕВСЬКИЙ","Individual","Felix Pleskachevsky is the General Dirctor of JSC Scientific and Production Association “POISK”, a leading Russian manufacturer of weapons and ammunition as well as a leading entity for the development of mechanical, electromechanical and electronic multifunctional fuses for ammunition.","Ukraine (general)","EU","","1967-05-11","","EU.13334.25","UKR — 2025/1476 (OJ L202501476)"
"Фонд стратегической культуры","Entity","","Ukraine (general)","EU","2022-12-16","","","EU.9389.39","UKR — 2023/1765 (OJ L226)"
"ЧВК “Патриот”","Entity","","Ukraine (general)","EU","2023-06-23","","","EU.10352.1","UKR — 2023/1216 (OJ L159 I)"
"Юлия Викторовна ЛАЗУТКИНА","Individual","Member of the Federation Council","Ukraine (general)","EU","2022-03-09","1981-03-11","","EU.7711.33","UKR — 2022/1529 (OJ L239)"
"Юрий Васильевич ШАМАЛОВ","Individual","Businessperson","Ukraine (general)","EU","2024-12-16","","","EU.12594.63","UKR — 2024/3183 (OJ L16122024)"
"Юрий Викторович АРХАРОВ","Individual","Former member of the Federation Council of the Russian Federation","Ukraine (general)","EU","2022-03-09","1977-06-13","","EU.7730.69","UKR — 2023/571 (OJ L75 I)"
"Юрий Константинович ВАЛЯЕВ","Individual","Member of the Federation Council","Ukraine (general)","EU","2022-03-09","1959-04-18","","EU.7668.56","UKR — 2022/1529 (OJ L239)"
"Юрий Леонидович ВОРОБЬЁВ","Individual","Member of the Federation Council","Ukraine (general)","EU","2022-03-09","1948-02-02","","EU.7659.86","UKR — 2022/1529 (OJ L239)"
"Юрий Петрович МУЦЕНЕК","Individual","Deputy Minister of Construction, Housing and Utilities of the Russian Federation, in charge of the Administrative Department and the Legal Department","Ukraine (general)","EU","2024-06-24","","","EU.11789.22","UKR — 2024/1746 (OJ L24062024)"
"Юрий Сергеевич ГОРДЕЕВ","Individual","Deputy Minister of Construction, Housing and Utilities of the Russian Federation, in charge of the Department of Finance and Property Relations and the Department of Capital Investments","Ukraine (general)","EU","2024-06-24","1982-05-20","","EU.11791.96","UKR — 2024/1746 (OJ L24062024)"
"Ян Валентинович НОВИКОВ","Individual","General Director of JSC Almaz-Antey air and space defence corporation","Ukraine (general)","EU","2025-02-24","1959-10-03","","EU.12722.9","UKR — 2025/389 (OJ L24022025)"
"Ярослав Викторович ТАБОЛЬСКИЙ","Individual","General manager of LLC “Moscow Arms Company”","Ukraine (general)","EU","2025-05-20","1981-08-06","","EU.13047.61","UKR — 2025/933 (OJ L202500933)"
"ازمان جهاد خودکفایی و تحقیقات سپاه","Entity","","Ukraine (general)","EU","2022-12-12","","","EU.9439.9","UKR — 2022/2430 (OJ L318-I )"
"حمید واحدی","Individual","Commander-in-Chief of the Iranian Air Force","Ukraine (general)","EU","2022-12-12","","","EU.9436.12","UKR — 2023/1765 (OJ L226)"
"طراحی و ساخت موتور هواپیما","Entity","a front company that carried out covert procurement activities for Iran’s Aircraft Manufacturing Industries (HESA)","Ukraine (general)","EU","2022-12-12","","","EU.9438.10","UKR — 2022/2430 (OJ L318-I )"
"علیرضا بلالی","Individual","Officer and counsellor to the chief of the Islamic Revolutionary Guard Corps Aerospace Force (IRGC AF), Amir Ali Hajizadeh","Ukraine (general)","EU","2022-12-12","","","EU.9434.14","UKR — 2022/2430 (OJ L318-I )"
"یوسف ابوطالبی","Individual","Managing Director of Oje Parvaz Mado Nafar Company (Mado)","Ukraine (general)","EU","2022-12-12","1983-05-29","","EU.9433.15","UKR — 2022/2430 (OJ L318-I )"
"北京和德宇航技术有限公司","Entity","China Head Aerospace Technology is a PRC-based firm specialised in the production of satellite imagery. The firm is an official supplier of remote sensing data to Russian firm Rakurs, which is a supplier of the Russian Ministry of Defence.","Ukraine (general)","EU","2025-02-24","","","EU.12717.35","UKR — 2025/389 (OJ L24022025)"
"山东奥德斯工业股份有限公司","Entity","Shandong ODES Industry Co. Ltd. is a Chinese company manufacturing and selling all-terrain vehicles (ATVs). After the start of Russia’s war of aggression against Ukraine, the company started to supply the Russian armed forces with ATVs, which have been used for military operations in Ukraine.","Ukraine (general)","EU","2025-07-19","","","EU.13355.59","UKR — 2025/1476 (OJ L202501476)"
"林仲恒","Individual","Lin Zhongheng is a Chinese businessperson. He controls and represents Shenzhen Biguang Trading Co. Ltd, a provider of technological hardware based in the People’s Republic of China.","Ukraine (general)","EU","","","","EU.13332.27","UKR — 2025/1476 (OJ L202501476)"
"노광철","Individual","Minister of Defence of the Democratic People’s Republic of Korea","Ukraine (general)","EU","2024-12-16","","","EU.12580.1","UKR — 2024/3183 (OJ L16122024)"
"Alexandr Fedorovich SAULENKO","Individual","So-called ‘head’ of the provisional administration of Berdyansk in the Zaporizhzhia region of Ukraine","Zaporizhzhia","Australia (DFAT)","2022-09-30","1962-05-09","Ukraine","7265","Instrument of first designation
and declaration
Autonomous Sanctions (Designated Persons and
Entities and Declared Persons—Russia and
Ukraine) Amendment (No. 21) Instrument 2022"
"Andriy Yuriovych TROFIMOV","Individual","Deputy Head of military-civil administration in the occupied Zaporizhzhia region","Zaporizhzhia","Australia (DFAT)","2026-02-24","1972-08-14","Russia","8666","Autonomous Sanctions (Designated Persons and Entities and Declared Persons – Russia and Ukraine) Amendment (No. 1) Instrument 2026"
"Anton Viktorovich KOLTSOV","Individual","So-called ‘head’ of the ‘government’ of the Zaporizhzhia region in Ukraine","Zaporizhzhia","Australia (DFAT)","2022-09-30","1973-06-24","Russia","7277","Instrument of first designation
and declaration
Autonomous Sanctions (Designated Persons and
Entities and Declared Persons—Russia and
Ukraine) Amendment (No. 21) Instrument 2022"
"Elena Alexandrovna SHAPUROVA","Individual","So-called “Minister of Education and Science” of the Zaporizhzhia region of Ukraine","Zaporizhzhia","Australia (DFAT)","2025-02-24","1976-11-16","Ukraine","8055","Autonomous Sanctions (Designated Persons and Entities and Declared Persons – Russia and Ukraine) Amendment (No. 1) Instrument 2025"
"Oleg Evgenevich ROMANENKO","Individual","Director General of Joint Stock Company Operating Organization of Zaporizhzhia Nuclear Power Plant","Zaporizhzhia","Australia (DFAT)","2025-02-24","1963-10-05","Russia","8070","Autonomous Sanctions (Designated Persons and Entities and Declared Persons – Russia and Ukraine) Amendment (No. 1) Instrument 2025"
"Vladimir Valeryevich ROGOV","Individual","So-called ‘representative’ of the main council of the Zaporizhzhia region’s military-civil administration in Ukraine","Zaporizhzhia","Australia (DFAT)","2022-09-30","1976-12-01","Ukraine","7264","Instrument of first designation
and declaration
Autonomous Sanctions (Designated Persons and
Entities and Declared Persons—Russia and
Ukraine) Amendment (No. 21) Instrument 2022"
"Yevhen Vitaliiovych BALYTSKYI","Individual","So-called ‘governor’ of the Zaporizhzhia region of Ukraine","Zaporizhzhia","Australia (DFAT)","2022-09-30","1969-12-10","Ukraine","7262","Instrument of first designation
and declaration
Autonomous Sanctions (Designated Persons and
Entities and Declared Persons—Russia and
Ukraine) Amendment (No. 21) Instrument 2022"
"Dmitry Olegovich ROGOZIN","Individual","Senator of the Federation Council elected on 23 September 2023 (Zaporizhzhia region).\nFormer Deputy Prime Minister of the Russian Federation. Former General Director in a State corporation.","Zaporizhzhia","EU","2014-03-21","1963-12-21","","EU.3515.39","UKR — 2024/849 (OJ L13032024)"
"EMELYANENKO, Viktor Andriyovych","Individual","So-called Deputy Head of the Russian-installed administration in Zaporizhzhia","Zaporizhzhia","UK (OFSI)","29/09/2023","11/10/1953","Ukraine","16095","Russia (Sanctions) (EU Exit) Regulations 2019"
"KATYUSHENKO, Galina Anatolyevna","Individual","Chair of the election commission of the Zaporizhzhia region","Zaporizhzhia","UK (OFSI)","29/09/2023","26/11/1971","Belarus","16099","Russia (Sanctions) (EU Exit) Regulations 2019"
"KOLTSOV, Anton Viktorovich","Individual","So-called 'Head of Government' in temporarily controlled territory of Zaphorizhzhia","Zaporizhzhia","UK (OFSI)","26/09/2022","24/06/1973","Russia","15563","Russia (Sanctions) (EU Exit) Regulations 2019"
"OPERATING ORGANIZATION OF ZAPORIZHZHIA NUCLEAR POWER PLANT","Entity","","Zaporizhzhia","UK (OFSI)","18/05/2023","","","15970","Russia (Sanctions) (EU Exit) Regulations 2019"
"ROGOV, Vladimir","Individual","Member of the so-called Military-Civilian Administration of Russian-occupied Zaporizhzhia Region","Zaporizhzhia","UK (OFSI)","26/09/2022","01/12/1976","Ukraine","15502","Russia (Sanctions) (EU Exit) Regulations 2019"
"ROMANENKO, Oleg Evgenievich","Individual","CEO of Operating Organization of Zaporizhzhia Nuclear Plant","Zaporizhzhia","UK (OFSI)","18/05/2023","05/10/1963","Russian","15942","Russia (Sanctions) (EU Exit) Regulations 2019"
"SAULENKO, Oleksandr","Individual","Senior position in the Russian installed administration of Berdyansk (in the temporarily controlled territory of Zaporizhzhia Oblast Ukraine)","Zaporizhzhia","UK (OFSI)","26/09/2022","09/05/1962","","15519","Russia (Sanctions) (EU Exit) Regulations 2019"
"SELIVANOV, Alexei Sergeevich","Individual","Deputy Head of Main Directorate | Official in the so-called Ministry of Internal Affairs","Zaporizhzhia","UK (OFSI)","26/09/2022","12/07/1980","Ukraine","15503","Russia (Sanctions) (EU Exit) Regulations 2019"
"Shapurova, Olena Oleksandrivna","Individual","Russia-appointed Minister of Education and Science in Russia-occupied areas of Zaporizhzhia Oblast.","Zaporizhzhia","UK (OFSI)","19/11/2024","16/11/1976","Ukraine","16689","Russia (Sanctions) (EU Exit) Regulations 2019"
"TITSKIY, Anton Robertovich","Individual","Minister of Youth Policy, Occupied Zaporizhzhia","Zaporizhzhia","UK (OFSI)","26/09/2022","02/12/1990","Russia","15504","Russia (Sanctions) (EU Exit) Regulations 2019"
"BALYTSKYI, Yevhen Vitaliiovych","Individual","","Zaporizhzhia","US (OFAC)","2022-09-15","10 Dec 1969","Ukraine","39196","RUSSIA-EO14024 | Executive Order 14024 (Russia)"
"BUSEL, Nikita Petrovich","Individual","","Zaporizhzhia","US (OFAC)","2023-02-24","11 Dec 1982","Russia","41084","RUSSIA-EO14024 | Executive Order 14024 (Russia)"
"EMELIANENKO, Viktor Andriyovych","Individual","","Zaporizhzhia","US (OFAC)","2022-09-15","11 Oct 1953","Ukraine","39209","RUSSIA-EO14024 | Executive Order 14024 (Russia)"
"KOLTSOV, Anton Viktorovich","Individual","","Zaporizhzhia","US (OFAC)","2022-09-15","24 Jun 1973","Russia","39205","RUSSIA-EO14024 | Executive Order 14024 (Russia)"
"ROGOV, Volodymyr Valeriyovych","Individual","","Zaporizhzhia","US (OFAC)","2022-09-15","01 Dec 1976","Ukraine","38816","RUSSIA-EO14024 | Executive Order 14024 (Russia)"
"SAMOILENKO, Mykyta Ivanovich","Individual","","Zaporizhzhia","US (OFAC)","2022-09-15","28 Aug 1992","Ukraine","39208","RUSSIA-EO14024 | Executive Order 14024 (Russia)"
"SHAPUROVA, Olena Oleksandrivna","Individual","","Zaporizhzhia","US (OFAC)","2023-08-24","16 Nov 1976","Ukraine","44678","RUSSIA-EO14024 | Executive Order 14024 (Russia)"
"SIGUTA, Andriy Leonidovich","Individual","","Zaporizhzhia","US (OFAC)","2022-09-15","05 May 1979","Ukraine","39199","RUSSIA-EO14024 | Executive Order 14024 (Russia)"
"STATE UNITARY ENTERPRISE CENTER FOR TECHNICAL DEVELOPMENT AND SERVICES NAMED AFTER P A SUDOPLATOV OF THE MILITARY AND CIVIL ADMINISTRATION OF THE ZAPORIZHZHIA REGION","Entity","","Zaporizhzhia","US (OFAC)","2024-10-30","","","50729","RUSSIA-EO14024 | Executive Order 14024 (Russia)"
"TITSKIY, Anton Robertovich","Individual","","Zaporizhzhia","US (OFAC)","2022-09-15","12 Feb 1990","Ukraine","39200","RUSSIA-EO14024 | Executive Order 14024 (Russia)"
"ZHIDKOV, Andrey Aleksandrovich","Individual","","Zaporizhzhia","US (OFAC)","2023-05-19","15 Sep 1979","Russia","43251","RUSSIA-EO14024 | Executive Order 14024 (Russia)"
