issue_id,title,town,issue_date,theme,hits,pages,hits_per_page
1,Запорожский вестник,Melitopol,2024-03-05,nuclear_plant_and_enerhodar,2,16,0.125
1,Запорожский вестник,Melitopol,2024-03-05,agriculture_and_harvest,1,16,0.062
1,Запорожский вестник,Melitopol,2024-03-05,recruitment_and_contract_service,4,16,0.25
1,Запорожский вестник,Melitopol,2024-03-05,passportization_and_documents,3,16,0.188
1,Запорожский вестник,Melitopol,2024-03-05,elections_and_administration,3,16,0.188
1,Запорожский вестник,Melitopol,2024-03-05,reconstruction_and_integration,18,16,1.125
1,Запорожский вестник,Melitopol,2024-03-05,ukraine_as_enemy,0,16,0.0
1,Запорожский вестник,Melitopol,2024-03-05,children_and_militarization,9,16,0.562
1,Запорожский вестник,Melitopol,2024-03-05,leadership_and_loyalty,85,16,5.312
1,Запорожский вестник,Melitopol,2024-03-05,official_legal_register,14,16,0.875
2,Запорожский вестник,Melitopol,2024-03-12,nuclear_plant_and_enerhodar,14,8,1.75
2,Запорожский вестник,Melitopol,2024-03-12,agriculture_and_harvest,10,8,1.25
2,Запорожский вестник,Melitopol,2024-03-12,recruitment_and_contract_service,5,8,0.625
2,Запорожский вестник,Melitopol,2024-03-12,passportization_and_documents,3,8,0.375
2,Запорожский вестник,Melitopol,2024-03-12,elections_and_administration,43,8,5.375
2,Запорожский вестник,Melitopol,2024-03-12,reconstruction_and_integration,8,8,1.0
2,Запорожский вестник,Melitopol,2024-03-12,ukraine_as_enemy,2,8,0.25
2,Запорожский вестник,Melitopol,2024-03-12,children_and_militarization,5,8,0.625
2,Запорожский вестник,Melitopol,2024-03-12,leadership_and_loyalty,107,8,13.375
2,Запорожский вестник,Melitopol,2024-03-12,official_legal_register,10,8,1.25
3,Запорожский вестник,Melitopol,2024-03-19,nuclear_plant_and_enerhodar,4,8,0.5
3,Запорожский вестник,Melitopol,2024-03-19,agriculture_and_harvest,4,8,0.5
3,Запорожский вестник,Melitopol,2024-03-19,recruitment_and_contract_service,5,8,0.625
3,Запорожский вестник,Melitopol,2024-03-19,passportization_and_documents,0,8,0.0
3,Запорожский вестник,Melitopol,2024-03-19,elections_and_administration,58,8,7.25
3,Запорожский вестник,Melitopol,2024-03-19,reconstruction_and_integration,6,8,0.75
3,Запорожский вестник,Melitopol,2024-03-19,ukraine_as_enemy,3,8,0.375
3,Запорожский вестник,Melitopol,2024-03-19,children_and_militarization,0,8,0.0
3,Запорожский вестник,Melitopol,2024-03-19,leadership_and_loyalty,99,8,12.375
3,Запорожский вестник,Melitopol,2024-03-19,official_legal_register,6,8,0.75
4,Запорожский вестник,Melitopol,2024-03-26,nuclear_plant_and_enerhodar,0,8,0.0
4,Запорожский вестник,Melitopol,2024-03-26,agriculture_and_harvest,6,8,0.75
4,Запорожский вестник,Melitopol,2024-03-26,recruitment_and_contract_service,1,8,0.125
4,Запорожский вестник,Melitopol,2024-03-26,passportization_and_documents,4,8,0.5
4,Запорожский вестник,Melitopol,2024-03-26,elections_and_administration,3,8,0.375
4,Запорожский вестник,Melitopol,2024-03-26,reconstruction_and_integration,5,8,0.625
4,Запорожский вестник,Melitopol,2024-03-26,ukraine_as_enemy,25,8,3.125
4,Запорожский вестник,Melitopol,2024-03-26,children_and_militarization,4,8,0.5
4,Запорожский вестник,Melitopol,2024-03-26,leadership_and_loyalty,59,8,7.375
4,Запорожский вестник,Melitopol,2024-03-26,official_legal_register,6,8,0.75
5,Запорожский вестник,Melitopol,2024-04-02,nuclear_plant_and_enerhodar,1,8,0.125
5,Запорожский вестник,Melitopol,2024-04-02,agriculture_and_harvest,0,8,0.0
5,Запорожский вестник,Melitopol,2024-04-02,recruitment_and_contract_service,0,8,0.0
5,Запорожский вестник,Melitopol,2024-04-02,passportization_and_documents,7,8,0.875
5,Запорожский вестник,Melitopol,2024-04-02,elections_and_administration,5,8,0.625
5,Запорожский вестник,Melitopol,2024-04-02,reconstruction_and_integration,32,8,4.0
5,Запорожский вестник,Melitopol,2024-04-02,ukraine_as_enemy,2,8,0.25
5,Запорожский вестник,Melitopol,2024-04-02,children_and_militarization,1,8,0.125
5,Запорожский вестник,Melitopol,2024-04-02,leadership_and_loyalty,49,8,6.125
5,Запорожский вестник,Melitopol,2024-04-02,official_legal_register,5,8,0.625
6,Запорожский вестник,Melitopol,2024-04-09,nuclear_plant_and_enerhodar,17,8,2.125
6,Запорожский вестник,Melitopol,2024-04-09,agriculture_and_harvest,0,8,0.0
6,Запорожский вестник,Melitopol,2024-04-09,recruitment_and_contract_service,3,8,0.375
6,Запорожский вестник,Melitopol,2024-04-09,passportization_and_documents,5,8,0.625
6,Запорожский вестник,Melitopol,2024-04-09,elections_and_administration,2,8,0.25
6,Запорожский вестник,Melitopol,2024-04-09,reconstruction_and_integration,14,8,1.75
6,Запорожский вестник,Melitopol,2024-04-09,ukraine_as_enemy,3,8,0.375
6,Запорожский вестник,Melitopol,2024-04-09,children_and_militarization,13,8,1.625
6,Запорожский вестник,Melitopol,2024-04-09,leadership_and_loyalty,62,8,7.75
6,Запорожский вестник,Melitopol,2024-04-09,official_legal_register,19,8,2.375
7,Запорожский вестник,Melitopol,2024-04-16,nuclear_plant_and_enerhodar,0,8,0.0
7,Запорожский вестник,Melitopol,2024-04-16,agriculture_and_harvest,5,8,0.625
7,Запорожский вестник,Melitopol,2024-04-16,recruitment_and_contract_service,4,8,0.5
7,Запорожский вестник,Melitopol,2024-04-16,passportization_and_documents,7,8,0.875
7,Запорожский вестник,Melitopol,2024-04-16,elections_and_administration,3,8,0.375
7,Запорожский вестник,Melitopol,2024-04-16,reconstruction_and_integration,15,8,1.875
7,Запорожский вестник,Melitopol,2024-04-16,ukraine_as_enemy,5,8,0.625
7,Запорожский вестник,Melitopol,2024-04-16,children_and_militarization,4,8,0.5
7,Запорожский вестник,Melitopol,2024-04-16,leadership_and_loyalty,49,8,6.125
7,Запорожский вестник,Melitopol,2024-04-16,official_legal_register,9,8,1.125
8,Запорожский вестник,Melitopol,2024-04-23,nuclear_plant_and_enerhodar,2,8,0.25
8,Запорожский вестник,Melitopol,2024-04-23,agriculture_and_harvest,0,8,0.0
8,Запорожский вестник,Melitopol,2024-04-23,recruitment_and_contract_service,5,8,0.625
8,Запорожский вестник,Melitopol,2024-04-23,passportization_and_documents,5,8,0.625
8,Запорожский вестник,Melitopol,2024-04-23,elections_and_administration,1,8,0.125
8,Запорожский вестник,Melitopol,2024-04-23,reconstruction_and_integration,13,8,1.625
8,Запорожский вестник,Melitopol,2024-04-23,ukraine_as_enemy,1,8,0.125
8,Запорожский вестник,Melitopol,2024-04-23,children_and_militarization,2,8,0.25
8,Запорожский вестник,Melitopol,2024-04-23,leadership_and_loyalty,87,8,10.875
8,Запорожский вестник,Melitopol,2024-04-23,official_legal_register,6,8,0.75
9,Запорожский вестник,Melitopol,2024-04-30,nuclear_plant_and_enerhodar,13,8,1.625
9,Запорожский вестник,Melitopol,2024-04-30,agriculture_and_harvest,0,8,0.0
9,Запорожский вестник,Melitopol,2024-04-30,recruitment_and_contract_service,4,8,0.5
9,Запорожский вестник,Melitopol,2024-04-30,passportization_and_documents,11,8,1.375
9,Запорожский вестник,Melitopol,2024-04-30,elections_and_administration,4,8,0.5
9,Запорожский вестник,Melitopol,2024-04-30,reconstruction_and_integration,9,8,1.125
9,Запорожский вестник,Melitopol,2024-04-30,ukraine_as_enemy,6,8,0.75
9,Запорожский вестник,Melitopol,2024-04-30,children_and_militarization,3,8,0.375
9,Запорожский вестник,Melitopol,2024-04-30,leadership_and_loyalty,69,8,8.625
9,Запорожский вестник,Melitopol,2024-04-30,official_legal_register,10,8,1.25
10,Запорожский вестник,Melitopol,2024-05-04,nuclear_plant_and_enerhodar,0,8,0.0
10,Запорожский вестник,Melitopol,2024-05-04,agriculture_and_harvest,0,8,0.0
10,Запорожский вестник,Melitopol,2024-05-04,recruitment_and_contract_service,0,8,0.0
10,Запорожский вестник,Melitopol,2024-05-04,passportization_and_documents,2,8,0.25
10,Запорожский вестник,Melitopol,2024-05-04,elections_and_administration,5,8,0.625
10,Запорожский вестник,Melitopol,2024-05-04,reconstruction_and_integration,7,8,0.875
10,Запорожский вестник,Melitopol,2024-05-04,ukraine_as_enemy,5,8,0.625
10,Запорожский вестник,Melitopol,2024-05-04,children_and_militarization,4,8,0.5
10,Запорожский вестник,Melitopol,2024-05-04,leadership_and_loyalty,89,8,11.125
10,Запорожский вестник,Melitopol,2024-05-04,official_legal_register,11,8,1.375
11,Запорожская правда,Melitopol,2024-02-01,nuclear_plant_and_enerhodar,0,28,0.0
11,Запорожская правда,Melitopol,2024-02-01,agriculture_and_harvest,10,28,0.357
11,Запорожская правда,Melitopol,2024-02-01,recruitment_and_contract_service,9,28,0.321
11,Запорожская правда,Melitopol,2024-02-01,passportization_and_documents,56,28,2.0
11,Запорожская правда,Melitopol,2024-02-01,elections_and_administration,140,28,5.0
11,Запорожская правда,Melitopol,2024-02-01,reconstruction_and_integration,201,28,7.179
11,Запорожская правда,Melitopol,2024-02-01,ukraine_as_enemy,4,28,0.143
11,Запорожская правда,Melitopol,2024-02-01,children_and_militarization,3,28,0.107
11,Запорожская правда,Melitopol,2024-02-01,leadership_and_loyalty,70,28,2.5
11,Запорожская правда,Melitopol,2024-02-01,official_legal_register,621,28,22.179
12,Запорожская правда,Melitopol,2024-02-01,nuclear_plant_and_enerhodar,263,8,32.875
12,Запорожская правда,Melitopol,2024-02-01,agriculture_and_harvest,0,8,0.0
12,Запорожская правда,Melitopol,2024-02-01,recruitment_and_contract_service,6,8,0.75
12,Запорожская правда,Melitopol,2024-02-01,passportization_and_documents,20,8,2.5
12,Запорожская правда,Melitopol,2024-02-01,elections_and_administration,129,8,16.125
12,Запорожская правда,Melitopol,2024-02-01,reconstruction_and_integration,4,8,0.5
12,Запорожская правда,Melitopol,2024-02-01,ukraine_as_enemy,0,8,0.0
12,Запорожская правда,Melitopol,2024-02-01,children_and_militarization,5,8,0.625
12,Запорожская правда,Melitopol,2024-02-01,leadership_and_loyalty,48,8,6.0
12,Запорожская правда,Melitopol,2024-02-01,official_legal_register,445,8,55.625
13,Запорожская правда,Melitopol,2024-02-01,nuclear_plant_and_enerhodar,0,4,0.0
13,Запорожская правда,Melitopol,2024-02-01,agriculture_and_harvest,0,4,0.0
13,Запорожская правда,Melitopol,2024-02-01,recruitment_and_contract_service,0,4,0.0
13,Запорожская правда,Melitopol,2024-02-01,passportization_and_documents,60,4,15.0
13,Запорожская правда,Melitopol,2024-02-01,elections_and_administration,42,4,10.5
13,Запорожская правда,Melitopol,2024-02-01,reconstruction_and_integration,0,4,0.0
13,Запорожская правда,Melitopol,2024-02-01,ukraine_as_enemy,0,4,0.0
13,Запорожская правда,Melitopol,2024-02-01,children_and_militarization,0,4,0.0
13,Запорожская правда,Melitopol,2024-02-01,leadership_and_loyalty,12,4,3.0
13,Запорожская правда,Melitopol,2024-02-01,official_legal_register,112,4,28.0
14,Запорожская правда,Melitopol,2024-02-01,nuclear_plant_and_enerhodar,0,8,0.0
14,Запорожская правда,Melitopol,2024-02-01,agriculture_and_harvest,0,8,0.0
14,Запорожская правда,Melitopol,2024-02-01,recruitment_and_contract_service,2,8,0.25
14,Запорожская правда,Melitopol,2024-02-01,passportization_and_documents,8,8,1.0
14,Запорожская правда,Melitopol,2024-02-01,elections_and_administration,13,8,1.625
14,Запорожская правда,Melitopol,2024-02-01,reconstruction_and_integration,7,8,0.875
14,Запорожская правда,Melitopol,2024-02-01,ukraine_as_enemy,0,8,0.0
14,Запорожская правда,Melitopol,2024-02-01,children_and_militarization,0,8,0.0
14,Запорожская правда,Melitopol,2024-02-01,leadership_and_loyalty,8,8,1.0
14,Запорожская правда,Melitopol,2024-02-01,official_legal_register,566,8,70.75
15,Запорожская правда,Melitopol,2024-02-01,nuclear_plant_and_enerhodar,0,4,0.0
15,Запорожская правда,Melitopol,2024-02-01,agriculture_and_harvest,0,4,0.0
15,Запорожская правда,Melitopol,2024-02-01,recruitment_and_contract_service,0,4,0.0
15,Запорожская правда,Melitopol,2024-02-01,passportization_and_documents,2,4,0.5
15,Запорожская правда,Melitopol,2024-02-01,elections_and_administration,43,4,10.75
15,Запорожская правда,Melitopol,2024-02-01,reconstruction_and_integration,4,4,1.0
15,Запорожская правда,Melitopol,2024-02-01,ukraine_as_enemy,0,4,0.0
15,Запорожская правда,Melitopol,2024-02-01,children_and_militarization,0,4,0.0
15,Запорожская правда,Melitopol,2024-02-01,leadership_and_loyalty,5,4,1.25
15,Запорожская правда,Melitopol,2024-02-01,official_legal_register,320,4,80.0
16,Запорожский вестник,Melitopol,2024-05-21,nuclear_plant_and_enerhodar,2,8,0.25
16,Запорожский вестник,Melitopol,2024-05-21,agriculture_and_harvest,1,8,0.125
16,Запорожский вестник,Melitopol,2024-05-21,recruitment_and_contract_service,1,8,0.125
16,Запорожский вестник,Melitopol,2024-05-21,passportization_and_documents,13,8,1.625
16,Запорожский вестник,Melitopol,2024-05-21,elections_and_administration,6,8,0.75
16,Запорожский вестник,Melitopol,2024-05-21,reconstruction_and_integration,15,8,1.875
16,Запорожский вестник,Melitopol,2024-05-21,ukraine_as_enemy,6,8,0.75
16,Запорожский вестник,Melitopol,2024-05-21,children_and_militarization,10,8,1.25
16,Запорожский вестник,Melitopol,2024-05-21,leadership_and_loyalty,66,8,8.25
16,Запорожский вестник,Melitopol,2024-05-21,official_legal_register,17,8,2.125
17,Запорожский вестник,Melitopol,2024-05-30,nuclear_plant_and_enerhodar,1,8,0.125
17,Запорожский вестник,Melitopol,2024-05-30,agriculture_and_harvest,4,8,0.5
17,Запорожский вестник,Melitopol,2024-05-30,recruitment_and_contract_service,2,8,0.25
17,Запорожский вестник,Melitopol,2024-05-30,passportization_and_documents,6,8,0.75
17,Запорожский вестник,Melitopol,2024-05-30,elections_and_administration,8,8,1.0
17,Запорожский вестник,Melitopol,2024-05-30,reconstruction_and_integration,4,8,0.5
17,Запорожский вестник,Melitopol,2024-05-30,ukraine_as_enemy,5,8,0.625
17,Запорожский вестник,Melitopol,2024-05-30,children_and_militarization,6,8,0.75
17,Запорожский вестник,Melitopol,2024-05-30,leadership_and_loyalty,78,8,9.75
17,Запорожский вестник,Melitopol,2024-05-30,official_legal_register,7,8,0.875
18,Запорожский вестник,Melitopol,2024-06-06,nuclear_plant_and_enerhodar,8,8,1.0
18,Запорожский вестник,Melitopol,2024-06-06,agriculture_and_harvest,0,8,0.0
18,Запорожский вестник,Melitopol,2024-06-06,recruitment_and_contract_service,1,8,0.125
18,Запорожский вестник,Melitopol,2024-06-06,passportization_and_documents,17,8,2.125
18,Запорожский вестник,Melitopol,2024-06-06,elections_and_administration,0,8,0.0
18,Запорожский вестник,Melitopol,2024-06-06,reconstruction_and_integration,13,8,1.625
18,Запорожский вестник,Melitopol,2024-06-06,ukraine_as_enemy,10,8,1.25
18,Запорожский вестник,Melitopol,2024-06-06,children_and_militarization,4,8,0.5
18,Запорожский вестник,Melitopol,2024-06-06,leadership_and_loyalty,62,8,7.75
18,Запорожский вестник,Melitopol,2024-06-06,official_legal_register,17,8,2.125
19,Запорожский вестник,Melitopol,2024-06-13,nuclear_plant_and_enerhodar,23,8,2.875
19,Запорожский вестник,Melitopol,2024-06-13,agriculture_and_harvest,6,8,0.75
19,Запорожский вестник,Melitopol,2024-06-13,recruitment_and_contract_service,12,8,1.5
19,Запорожский вестник,Melitopol,2024-06-13,passportization_and_documents,5,8,0.625
19,Запорожский вестник,Melitopol,2024-06-13,elections_and_administration,5,8,0.625
19,Запорожский вестник,Melitopol,2024-06-13,reconstruction_and_integration,16,8,2.0
19,Запорожский вестник,Melitopol,2024-06-13,ukraine_as_enemy,2,8,0.25
19,Запорожский вестник,Melitopol,2024-06-13,children_and_militarization,4,8,0.5
19,Запорожский вестник,Melitopol,2024-06-13,leadership_and_loyalty,61,8,7.625
19,Запорожский вестник,Melitopol,2024-06-13,official_legal_register,6,8,0.75
20,Запорожский вестник,Melitopol,2024-06-20,nuclear_plant_and_enerhodar,1,8,0.125
20,Запорожский вестник,Melitopol,2024-06-20,agriculture_and_harvest,0,8,0.0
20,Запорожский вестник,Melitopol,2024-06-20,recruitment_and_contract_service,3,8,0.375
20,Запорожский вестник,Melitopol,2024-06-20,passportization_and_documents,7,8,0.875
20,Запорожский вестник,Melitopol,2024-06-20,elections_and_administration,3,8,0.375
20,Запорожский вестник,Melitopol,2024-06-20,reconstruction_and_integration,10,8,1.25
20,Запорожский вестник,Melitopol,2024-06-20,ukraine_as_enemy,3,8,0.375
20,Запорожский вестник,Melitopol,2024-06-20,children_and_militarization,0,8,0.0
20,Запорожский вестник,Melitopol,2024-06-20,leadership_and_loyalty,79,8,9.875
20,Запорожский вестник,Melitopol,2024-06-20,official_legal_register,13,8,1.625
21,Запорожский вестник,Melitopol,2024-06-27,nuclear_plant_and_enerhodar,12,8,1.5
21,Запорожский вестник,Melitopol,2024-06-27,agriculture_and_harvest,0,8,0.0
21,Запорожский вестник,Melitopol,2024-06-27,recruitment_and_contract_service,1,8,0.125
21,Запорожский вестник,Melitopol,2024-06-27,passportization_and_documents,5,8,0.625
21,Запорожский вестник,Melitopol,2024-06-27,elections_and_administration,1,8,0.125
21,Запорожский вестник,Melitopol,2024-06-27,reconstruction_and_integration,7,8,0.875
21,Запорожский вестник,Melitopol,2024-06-27,ukraine_as_enemy,18,8,2.25
21,Запорожский вестник,Melitopol,2024-06-27,children_and_militarization,3,8,0.375
21,Запорожский вестник,Melitopol,2024-06-27,leadership_and_loyalty,54,8,6.75
21,Запорожский вестник,Melitopol,2024-06-27,official_legal_register,2,8,0.25
22,Запорожский вестник,Melitopol,2024-07-04,nuclear_plant_and_enerhodar,5,8,0.625
22,Запорожский вестник,Melitopol,2024-07-04,agriculture_and_harvest,2,8,0.25
22,Запорожский вестник,Melitopol,2024-07-04,recruitment_and_contract_service,0,8,0.0
22,Запорожский вестник,Melitopol,2024-07-04,passportization_and_documents,7,8,0.875
22,Запорожский вестник,Melitopol,2024-07-04,elections_and_administration,6,8,0.75
22,Запорожский вестник,Melitopol,2024-07-04,reconstruction_and_integration,26,8,3.25
22,Запорожский вестник,Melitopol,2024-07-04,ukraine_as_enemy,1,8,0.125
22,Запорожский вестник,Melitopol,2024-07-04,children_and_militarization,3,8,0.375
22,Запорожский вестник,Melitopol,2024-07-04,leadership_and_loyalty,60,8,7.5
22,Запорожский вестник,Melitopol,2024-07-04,official_legal_register,17,8,2.125
23,Запорожский вестник,Melitopol,2024-07-11,nuclear_plant_and_enerhodar,1,8,0.125
23,Запорожский вестник,Melitopol,2024-07-11,agriculture_and_harvest,5,8,0.625
23,Запорожский вестник,Melitopol,2024-07-11,recruitment_and_contract_service,13,8,1.625
23,Запорожский вестник,Melitopol,2024-07-11,passportization_and_documents,5,8,0.625
23,Запорожский вестник,Melitopol,2024-07-11,elections_and_administration,0,8,0.0
23,Запорожский вестник,Melitopol,2024-07-11,reconstruction_and_integration,6,8,0.75
23,Запорожский вестник,Melitopol,2024-07-11,ukraine_as_enemy,1,8,0.125
23,Запорожский вестник,Melitopol,2024-07-11,children_and_militarization,3,8,0.375
23,Запорожский вестник,Melitopol,2024-07-11,leadership_and_loyalty,67,8,8.375
23,Запорожский вестник,Melitopol,2024-07-11,official_legal_register,9,8,1.125
24,Запорожский вестник,Melitopol,2024-07-18,nuclear_plant_and_enerhodar,3,8,0.375
24,Запорожский вестник,Melitopol,2024-07-18,agriculture_and_harvest,13,8,1.625
24,Запорожский вестник,Melitopol,2024-07-18,recruitment_and_contract_service,1,8,0.125
24,Запорожский вестник,Melitopol,2024-07-18,passportization_and_documents,9,8,1.125
24,Запорожский вестник,Melitopol,2024-07-18,elections_and_administration,2,8,0.25
24,Запорожский вестник,Melitopol,2024-07-18,reconstruction_and_integration,18,8,2.25
24,Запорожский вестник,Melitopol,2024-07-18,ukraine_as_enemy,3,8,0.375
24,Запорожский вестник,Melitopol,2024-07-18,children_and_militarization,2,8,0.25
24,Запорожский вестник,Melitopol,2024-07-18,leadership_and_loyalty,48,8,6.0
24,Запорожский вестник,Melitopol,2024-07-18,official_legal_register,8,8,1.0
25,Запорожский вестник,Melitopol,2024-07-25,nuclear_plant_and_enerhodar,1,8,0.125
25,Запорожский вестник,Melitopol,2024-07-25,agriculture_and_harvest,0,8,0.0
25,Запорожский вестник,Melitopol,2024-07-25,recruitment_and_contract_service,0,8,0.0
25,Запорожский вестник,Melitopol,2024-07-25,passportization_and_documents,15,8,1.875
25,Запорожский вестник,Melitopol,2024-07-25,elections_and_administration,0,8,0.0
25,Запорожский вестник,Melitopol,2024-07-25,reconstruction_and_integration,11,8,1.375
25,Запорожский вестник,Melitopol,2024-07-25,ukraine_as_enemy,1,8,0.125
25,Запорожский вестник,Melitopol,2024-07-25,children_and_militarization,2,8,0.25
25,Запорожский вестник,Melitopol,2024-07-25,leadership_and_loyalty,57,8,7.125
25,Запорожский вестник,Melitopol,2024-07-25,official_legal_register,8,8,1.0
26,Запорожский вестник,Melitopol,2024-08-01,nuclear_plant_and_enerhodar,2,8,0.25
26,Запорожский вестник,Melitopol,2024-08-01,agriculture_and_harvest,27,8,3.375
26,Запорожский вестник,Melitopol,2024-08-01,recruitment_and_contract_service,3,8,0.375
26,Запорожский вестник,Melitopol,2024-08-01,passportization_and_documents,17,8,2.125
26,Запорожский вестник,Melitopol,2024-08-01,elections_and_administration,0,8,0.0
26,Запорожский вестник,Melitopol,2024-08-01,reconstruction_and_integration,7,8,0.875
26,Запорожский вестник,Melitopol,2024-08-01,ukraine_as_enemy,0,8,0.0
26,Запорожский вестник,Melitopol,2024-08-01,children_and_militarization,12,8,1.5
26,Запорожский вестник,Melitopol,2024-08-01,leadership_and_loyalty,53,8,6.625
26,Запорожский вестник,Melitopol,2024-08-01,official_legal_register,3,8,0.375
27,Запорожский вестник,Melitopol,2024-08-08,nuclear_plant_and_enerhodar,8,8,1.0
27,Запорожский вестник,Melitopol,2024-08-08,agriculture_and_harvest,0,8,0.0
27,Запорожский вестник,Melitopol,2024-08-08,recruitment_and_contract_service,0,8,0.0
27,Запорожский вестник,Melitopol,2024-08-08,passportization_and_documents,12,8,1.5
27,Запорожский вестник,Melitopol,2024-08-08,elections_and_administration,9,8,1.125
27,Запорожский вестник,Melitopol,2024-08-08,reconstruction_and_integration,3,8,0.375
27,Запорожский вестник,Melitopol,2024-08-08,ukraine_as_enemy,1,8,0.125
27,Запорожский вестник,Melitopol,2024-08-08,children_and_militarization,7,8,0.875
27,Запорожский вестник,Melitopol,2024-08-08,leadership_and_loyalty,57,8,7.125
27,Запорожский вестник,Melitopol,2024-08-08,official_legal_register,15,8,1.875
28,Запорожский вестник,Melitopol,2024-08-15,nuclear_plant_and_enerhodar,15,8,1.875
28,Запорожский вестник,Melitopol,2024-08-15,agriculture_and_harvest,9,8,1.125
28,Запорожский вестник,Melitopol,2024-08-15,recruitment_and_contract_service,1,8,0.125
28,Запорожский вестник,Melitopol,2024-08-15,passportization_and_documents,24,8,3.0
28,Запорожский вестник,Melitopol,2024-08-15,elections_and_administration,2,8,0.25
28,Запорожский вестник,Melitopol,2024-08-15,reconstruction_and_integration,9,8,1.125
28,Запорожский вестник,Melitopol,2024-08-15,ukraine_as_enemy,11,8,1.375
28,Запорожский вестник,Melitopol,2024-08-15,children_and_militarization,8,8,1.0
28,Запорожский вестник,Melitopol,2024-08-15,leadership_and_loyalty,54,8,6.75
28,Запорожский вестник,Melitopol,2024-08-15,official_legal_register,14,8,1.75
29,Запорожский вестник,Melitopol,2024-08-22,nuclear_plant_and_enerhodar,0,8,0.0
29,Запорожский вестник,Melitopol,2024-08-22,agriculture_and_harvest,2,8,0.25
29,Запорожский вестник,Melitopol,2024-08-22,recruitment_and_contract_service,0,8,0.0
29,Запорожский вестник,Melitopol,2024-08-22,passportization_and_documents,6,8,0.75
29,Запорожский вестник,Melitopol,2024-08-22,elections_and_administration,0,8,0.0
29,Запорожский вестник,Melitopol,2024-08-22,reconstruction_and_integration,3,8,0.375
29,Запорожский вестник,Melitopol,2024-08-22,ukraine_as_enemy,5,8,0.625
29,Запорожский вестник,Melitopol,2024-08-22,children_and_militarization,6,8,0.75
29,Запорожский вестник,Melitopol,2024-08-22,leadership_and_loyalty,74,8,9.25
29,Запорожский вестник,Melitopol,2024-08-22,official_legal_register,16,8,2.0
30,Запорожский вестник,Melitopol,2024-08-29,nuclear_plant_and_enerhodar,1,8,0.125
30,Запорожский вестник,Melitopol,2024-08-29,agriculture_and_harvest,2,8,0.25
30,Запорожский вестник,Melitopol,2024-08-29,recruitment_and_contract_service,1,8,0.125
30,Запорожский вестник,Melitopol,2024-08-29,passportization_and_documents,8,8,1.0
30,Запорожский вестник,Melitopol,2024-08-29,elections_and_administration,0,8,0.0
30,Запорожский вестник,Melitopol,2024-08-29,reconstruction_and_integration,14,8,1.75
30,Запорожский вестник,Melitopol,2024-08-29,ukraine_as_enemy,2,8,0.25
30,Запорожский вестник,Melitopol,2024-08-29,children_and_militarization,3,8,0.375
30,Запорожский вестник,Melitopol,2024-08-29,leadership_and_loyalty,37,8,4.625
30,Запорожский вестник,Melitopol,2024-08-29,official_legal_register,13,8,1.625
31,Запорожская правда,Melitopol,2024-07-18,nuclear_plant_and_enerhodar,0,4,0.0
31,Запорожская правда,Melitopol,2024-07-18,agriculture_and_harvest,0,4,0.0
31,Запорожская правда,Melitopol,2024-07-18,recruitment_and_contract_service,6,4,1.5
31,Запорожская правда,Melitopol,2024-07-18,passportization_and_documents,52,4,13.0
31,Запорожская правда,Melitopol,2024-07-18,elections_and_administration,0,4,0.0
31,Запорожская правда,Melitopol,2024-07-18,reconstruction_and_integration,4,4,1.0
31,Запорожская правда,Melitopol,2024-07-18,ukraine_as_enemy,0,4,0.0
31,Запорожская правда,Melitopol,2024-07-18,children_and_militarization,0,4,0.0
31,Запорожская правда,Melitopol,2024-07-18,leadership_and_loyalty,28,4,7.0
31,Запорожская правда,Melitopol,2024-07-18,official_legal_register,51,4,12.75
32,Запорожская правда,Melitopol,2024-07-18,nuclear_plant_and_enerhodar,0,4,0.0
32,Запорожская правда,Melitopol,2024-07-18,agriculture_and_harvest,0,4,0.0
32,Запорожская правда,Melitopol,2024-07-18,recruitment_and_contract_service,0,4,0.0
32,Запорожская правда,Melitopol,2024-07-18,passportization_and_documents,1,4,0.25
32,Запорожская правда,Melitopol,2024-07-18,elections_and_administration,50,4,12.5
32,Запорожская правда,Melitopol,2024-07-18,reconstruction_and_integration,1,4,0.25
32,Запорожская правда,Melitopol,2024-07-18,ukraine_as_enemy,0,4,0.0
32,Запорожская правда,Melitopol,2024-07-18,children_and_militarization,2,4,0.5
32,Запорожская правда,Melitopol,2024-07-18,leadership_and_loyalty,2,4,0.5
32,Запорожская правда,Melitopol,2024-07-18,official_legal_register,195,4,48.75
33,Запорожская правда,Melitopol,2024-08-16,nuclear_plant_and_enerhodar,0,4,0.0
33,Запорожская правда,Melitopol,2024-08-16,agriculture_and_harvest,0,4,0.0
33,Запорожская правда,Melitopol,2024-08-16,recruitment_and_contract_service,6,4,1.5
33,Запорожская правда,Melitopol,2024-08-16,passportization_and_documents,7,4,1.75
33,Запорожская правда,Melitopol,2024-08-16,elections_and_administration,53,4,13.25
33,Запорожская правда,Melitopol,2024-08-16,reconstruction_and_integration,28,4,7.0
33,Запорожская правда,Melitopol,2024-08-16,ukraine_as_enemy,0,4,0.0
33,Запорожская правда,Melitopol,2024-08-16,children_and_militarization,0,4,0.0
33,Запорожская правда,Melitopol,2024-08-16,leadership_and_loyalty,2,4,0.5
33,Запорожская правда,Melitopol,2024-08-16,official_legal_register,339,4,84.75
34,Запорожская правда,Melitopol,2024-03-01,nuclear_plant_and_enerhodar,0,20,0.0
34,Запорожская правда,Melitopol,2024-03-01,agriculture_and_harvest,9,20,0.45
34,Запорожская правда,Melitopol,2024-03-01,recruitment_and_contract_service,2,20,0.1
34,Запорожская правда,Melitopol,2024-03-01,passportization_and_documents,31,20,1.55
34,Запорожская правда,Melitopol,2024-03-01,elections_and_administration,236,20,11.8
34,Запорожская правда,Melitopol,2024-03-01,reconstruction_and_integration,106,20,5.3
34,Запорожская правда,Melitopol,2024-03-01,ukraine_as_enemy,4,20,0.2
34,Запорожская правда,Melitopol,2024-03-01,children_and_militarization,1,20,0.05
34,Запорожская правда,Melitopol,2024-03-01,leadership_and_loyalty,72,20,3.6
34,Запорожская правда,Melitopol,2024-03-01,official_legal_register,785,20,39.25
35,Запорожская правда,Melitopol,2024-04-01,nuclear_plant_and_enerhodar,0,4,0.0
35,Запорожская правда,Melitopol,2024-04-01,agriculture_and_harvest,0,4,0.0
35,Запорожская правда,Melitopol,2024-04-01,recruitment_and_contract_service,0,4,0.0
35,Запорожская правда,Melitopol,2024-04-01,passportization_and_documents,0,4,0.0
35,Запорожская правда,Melitopol,2024-04-01,elections_and_administration,45,4,11.25
35,Запорожская правда,Melitopol,2024-04-01,reconstruction_and_integration,4,4,1.0
35,Запорожская правда,Melitopol,2024-04-01,ukraine_as_enemy,0,4,0.0
35,Запорожская правда,Melitopol,2024-04-01,children_and_militarization,1,4,0.25
35,Запорожская правда,Melitopol,2024-04-01,leadership_and_loyalty,4,4,1.0
35,Запорожская правда,Melitopol,2024-04-01,official_legal_register,363,4,90.75
36,Запорожская правда,Melitopol,2024-04-01,nuclear_plant_and_enerhodar,0,8,0.0
36,Запорожская правда,Melitopol,2024-04-01,agriculture_and_harvest,0,8,0.0
36,Запорожская правда,Melitopol,2024-04-01,recruitment_and_contract_service,0,8,0.0
36,Запорожская правда,Melitopol,2024-04-01,passportization_and_documents,1,8,0.125
36,Запорожская правда,Melitopol,2024-04-01,elections_and_administration,187,8,23.375
36,Запорожская правда,Melitopol,2024-04-01,reconstruction_and_integration,11,8,1.375
36,Запорожская правда,Melitopol,2024-04-01,ukraine_as_enemy,0,8,0.0
36,Запорожская правда,Melitopol,2024-04-01,children_and_militarization,4,8,0.5
36,Запорожская правда,Melitopol,2024-04-01,leadership_and_loyalty,18,8,2.25
36,Запорожская правда,Melitopol,2024-04-01,official_legal_register,319,8,39.875
37,Запорожская правда,Melitopol,2024-06-28,nuclear_plant_and_enerhodar,0,4,0.0
37,Запорожская правда,Melitopol,2024-06-28,agriculture_and_harvest,0,4,0.0
37,Запорожская правда,Melitopol,2024-06-28,recruitment_and_contract_service,0,4,0.0
37,Запорожская правда,Melitopol,2024-06-28,passportization_and_documents,0,4,0.0
37,Запорожская правда,Melitopol,2024-06-28,elections_and_administration,38,4,9.5
37,Запорожская правда,Melitopol,2024-06-28,reconstruction_and_integration,11,4,2.75
37,Запорожская правда,Melitopol,2024-06-28,ukraine_as_enemy,0,4,0.0
37,Запорожская правда,Melitopol,2024-06-28,children_and_militarization,0,4,0.0
37,Запорожская правда,Melitopol,2024-06-28,leadership_and_loyalty,4,4,1.0
37,Запорожская правда,Melitopol,2024-06-28,official_legal_register,158,4,39.5
38,Запорожская правда,Melitopol,2024-05-03,nuclear_plant_and_enerhodar,0,4,0.0
38,Запорожская правда,Melitopol,2024-05-03,agriculture_and_harvest,0,4,0.0
38,Запорожская правда,Melitopol,2024-05-03,recruitment_and_contract_service,0,4,0.0
38,Запорожская правда,Melitopol,2024-05-03,passportization_and_documents,8,4,2.0
38,Запорожская правда,Melitopol,2024-05-03,elections_and_administration,48,4,12.0
38,Запорожская правда,Melitopol,2024-05-03,reconstruction_and_integration,8,4,2.0
38,Запорожская правда,Melitopol,2024-05-03,ukraine_as_enemy,0,4,0.0
38,Запорожская правда,Melitopol,2024-05-03,children_and_militarization,0,4,0.0
38,Запорожская правда,Melitopol,2024-05-03,leadership_and_loyalty,16,4,4.0
38,Запорожская правда,Melitopol,2024-05-03,official_legal_register,454,4,113.5
39,Запорожская правда,Melitopol,2024-04-01,nuclear_plant_and_enerhodar,0,8,0.0
39,Запорожская правда,Melitopol,2024-04-01,agriculture_and_harvest,0,8,0.0
39,Запорожская правда,Melitopol,2024-04-01,recruitment_and_contract_service,0,8,0.0
39,Запорожская правда,Melitopol,2024-04-01,passportization_and_documents,15,8,1.875
39,Запорожская правда,Melitopol,2024-04-01,elections_and_administration,384,8,48.0
39,Запорожская правда,Melitopol,2024-04-01,reconstruction_and_integration,14,8,1.75
39,Запорожская правда,Melitopol,2024-04-01,ukraine_as_enemy,0,8,0.0
39,Запорожская правда,Melitopol,2024-04-01,children_and_militarization,4,8,0.5
39,Запорожская правда,Melitopol,2024-04-01,leadership_and_loyalty,26,8,3.25
39,Запорожская правда,Melitopol,2024-04-01,official_legal_register,303,8,37.875
40,Запорожская правда,Melitopol,2024-02-23,nuclear_plant_and_enerhodar,146,4,36.5
40,Запорожская правда,Melitopol,2024-02-23,agriculture_and_harvest,0,4,0.0
40,Запорожская правда,Melitopol,2024-02-23,recruitment_and_contract_service,4,4,1.0
40,Запорожская правда,Melitopol,2024-02-23,passportization_and_documents,5,4,1.25
40,Запорожская правда,Melitopol,2024-02-23,elections_and_administration,36,4,9.0
40,Запорожская правда,Melitopol,2024-02-23,reconstruction_and_integration,16,4,4.0
40,Запорожская правда,Melitopol,2024-02-23,ukraine_as_enemy,0,4,0.0
40,Запорожская правда,Melitopol,2024-02-23,children_and_militarization,0,4,0.0
40,Запорожская правда,Melitopol,2024-02-23,leadership_and_loyalty,8,4,2.0
40,Запорожская правда,Melitopol,2024-02-23,official_legal_register,267,4,66.75
41,Запорожская правда,Melitopol,2024-04-01,nuclear_plant_and_enerhodar,0,28,0.0
41,Запорожская правда,Melitopol,2024-04-01,agriculture_and_harvest,0,28,0.0
41,Запорожская правда,Melitopol,2024-04-01,recruitment_and_contract_service,121,28,4.321
41,Запорожская правда,Melitopol,2024-04-01,passportization_and_documents,296,28,10.571
41,Запорожская правда,Melitopol,2024-04-01,elections_and_administration,191,28,6.821
41,Запорожская правда,Melitopol,2024-04-01,reconstruction_and_integration,64,28,2.286
41,Запорожская правда,Melitopol,2024-04-01,ukraine_as_enemy,0,28,0.0
41,Запорожская правда,Melitopol,2024-04-01,children_and_militarization,0,28,0.0
41,Запорожская правда,Melitopol,2024-04-01,leadership_and_loyalty,113,28,4.036
41,Запорожская правда,Melitopol,2024-04-01,official_legal_register,1911,28,68.25
42,Запорожская правда,Melitopol,2024-03-01,nuclear_plant_and_enerhodar,0,4,0.0
42,Запорожская правда,Melitopol,2024-03-01,agriculture_and_harvest,0,4,0.0
42,Запорожская правда,Melitopol,2024-03-01,recruitment_and_contract_service,5,4,1.25
42,Запорожская правда,Melitopol,2024-03-01,passportization_and_documents,4,4,1.0
42,Запорожская правда,Melitopol,2024-03-01,elections_and_administration,58,4,14.5
42,Запорожская правда,Melitopol,2024-03-01,reconstruction_and_integration,17,4,4.25
42,Запорожская правда,Melitopol,2024-03-01,ukraine_as_enemy,0,4,0.0
42,Запорожская правда,Melitopol,2024-03-01,children_and_militarization,2,4,0.5
42,Запорожская правда,Melitopol,2024-03-01,leadership_and_loyalty,6,4,1.5
42,Запорожская правда,Melitopol,2024-03-01,official_legal_register,337,4,84.25
43,Запорожская правда,Melitopol,2024-03-01,nuclear_plant_and_enerhodar,0,4,0.0
43,Запорожская правда,Melitopol,2024-03-01,agriculture_and_harvest,0,4,0.0
43,Запорожская правда,Melitopol,2024-03-01,recruitment_and_contract_service,4,4,1.0
43,Запорожская правда,Melitopol,2024-03-01,passportization_and_documents,4,4,1.0
43,Запорожская правда,Melitopol,2024-03-01,elections_and_administration,31,4,7.75
43,Запорожская правда,Melitopol,2024-03-01,reconstruction_and_integration,19,4,4.75
43,Запорожская правда,Melitopol,2024-03-01,ukraine_as_enemy,0,4,0.0
43,Запорожская правда,Melitopol,2024-03-01,children_and_militarization,3,4,0.75
43,Запорожская правда,Melitopol,2024-03-01,leadership_and_loyalty,3,4,0.75
43,Запорожская правда,Melitopol,2024-03-01,official_legal_register,309,4,77.25
44,Запорожская правда,Melitopol,2024-04-05,nuclear_plant_and_enerhodar,118,4,29.5
44,Запорожская правда,Melitopol,2024-04-05,agriculture_and_harvest,0,4,0.0
44,Запорожская правда,Melitopol,2024-04-05,recruitment_and_contract_service,0,4,0.0
44,Запорожская правда,Melitopol,2024-04-05,passportization_and_documents,0,4,0.0
44,Запорожская правда,Melitopol,2024-04-05,elections_and_administration,138,4,34.5
44,Запорожская правда,Melitopol,2024-04-05,reconstruction_and_integration,2,4,0.5
44,Запорожская правда,Melitopol,2024-04-05,ukraine_as_enemy,0,4,0.0
44,Запорожская правда,Melitopol,2024-04-05,children_and_militarization,2,4,0.5
44,Запорожская правда,Melitopol,2024-04-05,leadership_and_loyalty,15,4,3.75
44,Запорожская правда,Melitopol,2024-04-05,official_legal_register,279,4,69.75
45,Запорожская правда,Melitopol,2024-03-01,nuclear_plant_and_enerhodar,0,8,0.0
45,Запорожская правда,Melitopol,2024-03-01,agriculture_and_harvest,0,8,0.0
45,Запорожская правда,Melitopol,2024-03-01,recruitment_and_contract_service,2,8,0.25
45,Запорожская правда,Melitopol,2024-03-01,passportization_and_documents,11,8,1.375
45,Запорожская правда,Melitopol,2024-03-01,elections_and_administration,88,8,11.0
45,Запорожская правда,Melitopol,2024-03-01,reconstruction_and_integration,4,8,0.5
45,Запорожская правда,Melitopol,2024-03-01,ukraine_as_enemy,0,8,0.0
45,Запорожская правда,Melitopol,2024-03-01,children_and_militarization,3,8,0.375
45,Запорожская правда,Melitopol,2024-03-01,leadership_and_loyalty,4,8,0.5
45,Запорожская правда,Melitopol,2024-03-01,official_legal_register,375,8,46.875
46,Запорожская правда,Melitopol,2024-09-20,nuclear_plant_and_enerhodar,0,20,0.0
46,Запорожская правда,Melitopol,2024-09-20,agriculture_and_harvest,10,20,0.5
46,Запорожская правда,Melitopol,2024-09-20,recruitment_and_contract_service,2,20,0.1
46,Запорожская правда,Melitopol,2024-09-20,passportization_and_documents,62,20,3.1
46,Запорожская правда,Melitopol,2024-09-20,elections_and_administration,22,20,1.1
46,Запорожская правда,Melitopol,2024-09-20,reconstruction_and_integration,185,20,9.25
46,Запорожская правда,Melitopol,2024-09-20,ukraine_as_enemy,4,20,0.2
46,Запорожская правда,Melitopol,2024-09-20,children_and_militarization,2,20,0.1
46,Запорожская правда,Melitopol,2024-09-20,leadership_and_loyalty,63,20,3.15
46,Запорожская правда,Melitopol,2024-09-20,official_legal_register,957,20,47.85
47,Запорожская правда,Melitopol,2024-10-09,nuclear_plant_and_enerhodar,102,12,8.5
47,Запорожская правда,Melitopol,2024-10-09,agriculture_and_harvest,0,12,0.0
47,Запорожская правда,Melitopol,2024-10-09,recruitment_and_contract_service,0,12,0.0
47,Запорожская правда,Melitopol,2024-10-09,passportization_and_documents,72,12,6.0
47,Запорожская правда,Melitopol,2024-10-09,elections_and_administration,149,12,12.417
47,Запорожская правда,Melitopol,2024-10-09,reconstruction_and_integration,9,12,0.75
47,Запорожская правда,Melitopol,2024-10-09,ukraine_as_enemy,0,12,0.0
47,Запорожская правда,Melitopol,2024-10-09,children_and_militarization,5,12,0.417
47,Запорожская правда,Melitopol,2024-10-09,leadership_and_loyalty,81,12,6.75
47,Запорожская правда,Melitopol,2024-10-09,official_legal_register,1116,12,93.0
48,Запорожская правда,Melitopol,2024-11-05,nuclear_plant_and_enerhodar,0,4,0.0
48,Запорожская правда,Melitopol,2024-11-05,agriculture_and_harvest,0,4,0.0
48,Запорожская правда,Melitopol,2024-11-05,recruitment_and_contract_service,0,4,0.0
48,Запорожская правда,Melitopol,2024-11-05,passportization_and_documents,24,4,6.0
48,Запорожская правда,Melitopol,2024-11-05,elections_and_administration,20,4,5.0
48,Запорожская правда,Melitopol,2024-11-05,reconstruction_and_integration,11,4,2.75
48,Запорожская правда,Melitopol,2024-11-05,ukraine_as_enemy,0,4,0.0
48,Запорожская правда,Melitopol,2024-11-05,children_and_militarization,0,4,0.0
48,Запорожская правда,Melitopol,2024-11-05,leadership_and_loyalty,18,4,4.5
48,Запорожская правда,Melitopol,2024-11-05,official_legal_register,288,4,72.0
49,Запорожская правда,Melitopol,2024-12-06,nuclear_plant_and_enerhodar,661,28,23.607
49,Запорожская правда,Melitopol,2024-12-06,agriculture_and_harvest,15,28,0.536
49,Запорожская правда,Melitopol,2024-12-06,recruitment_and_contract_service,16,28,0.571
49,Запорожская правда,Melitopol,2024-12-06,passportization_and_documents,80,28,2.857
49,Запорожская правда,Melitopol,2024-12-06,elections_and_administration,237,28,8.464
49,Запорожская правда,Melitopol,2024-12-06,reconstruction_and_integration,258,28,9.214
49,Запорожская правда,Melitopol,2024-12-06,ukraine_as_enemy,3,28,0.107
49,Запорожская правда,Melitopol,2024-12-06,children_and_militarization,2,28,0.071
49,Запорожская правда,Melitopol,2024-12-06,leadership_and_loyalty,129,28,4.607
49,Запорожская правда,Melitopol,2024-12-06,official_legal_register,1074,28,38.357
50,Запорожская правда,Melitopol,2025-01-22,nuclear_plant_and_enerhodar,627,20,31.35
50,Запорожская правда,Melitopol,2025-01-22,agriculture_and_harvest,1,20,0.05
50,Запорожская правда,Melitopol,2025-01-22,recruitment_and_contract_service,1,20,0.05
50,Запорожская правда,Melitopol,2025-01-22,passportization_and_documents,97,20,4.85
50,Запорожская правда,Melitopol,2025-01-22,elections_and_administration,225,20,11.25
50,Запорожская правда,Melitopol,2025-01-22,reconstruction_and_integration,35,20,1.75
50,Запорожская правда,Melitopol,2025-01-22,ukraine_as_enemy,0,20,0.0
50,Запорожская правда,Melitopol,2025-01-22,children_and_militarization,4,20,0.2
50,Запорожская правда,Melitopol,2025-01-22,leadership_and_loyalty,35,20,1.75
50,Запорожская правда,Melitopol,2025-01-22,official_legal_register,1121,20,56.05
51,Запорожская правда,Melitopol,2025-02-05,nuclear_plant_and_enerhodar,88,4,22.0
51,Запорожская правда,Melitopol,2025-02-05,agriculture_and_harvest,0,4,0.0
51,Запорожская правда,Melitopol,2025-02-05,recruitment_and_contract_service,3,4,0.75
51,Запорожская правда,Melitopol,2025-02-05,passportization_and_documents,3,4,0.75
51,Запорожская правда,Melitopol,2025-02-05,elections_and_administration,50,4,12.5
51,Запорожская правда,Melitopol,2025-02-05,reconstruction_and_integration,2,4,0.5
51,Запорожская правда,Melitopol,2025-02-05,ukraine_as_enemy,0,4,0.0
51,Запорожская правда,Melitopol,2025-02-05,children_and_militarization,0,4,0.0
51,Запорожская правда,Melitopol,2025-02-05,leadership_and_loyalty,17,4,4.25
51,Запорожская правда,Melitopol,2025-02-05,official_legal_register,316,4,79.0
52,Запорожский вестник,Melitopol,2026-01-15,nuclear_plant_and_enerhodar,15,8,1.875
52,Запорожский вестник,Melitopol,2026-01-15,agriculture_and_harvest,0,8,0.0
52,Запорожский вестник,Melitopol,2026-01-15,recruitment_and_contract_service,3,8,0.375
52,Запорожский вестник,Melitopol,2026-01-15,passportization_and_documents,5,8,0.625
52,Запорожский вестник,Melitopol,2026-01-15,elections_and_administration,6,8,0.75
52,Запорожский вестник,Melitopol,2026-01-15,reconstruction_and_integration,8,8,1.0
52,Запорожский вестник,Melitopol,2026-01-15,ukraine_as_enemy,4,8,0.5
52,Запорожский вестник,Melitopol,2026-01-15,children_and_militarization,2,8,0.25
52,Запорожский вестник,Melitopol,2026-01-15,leadership_and_loyalty,55,8,6.875
52,Запорожский вестник,Melitopol,2026-01-15,official_legal_register,12,8,1.5
53,Запорожский вестник,Melitopol,2025-03-06,nuclear_plant_and_enerhodar,11,8,1.375
53,Запорожский вестник,Melitopol,2025-03-06,agriculture_and_harvest,5,8,0.625
53,Запорожский вестник,Melitopol,2025-03-06,recruitment_and_contract_service,2,8,0.25
53,Запорожский вестник,Melitopol,2025-03-06,passportization_and_documents,4,8,0.5
53,Запорожский вестник,Melitopol,2025-03-06,elections_and_administration,7,8,0.875
53,Запорожский вестник,Melitopol,2025-03-06,reconstruction_and_integration,5,8,0.625
53,Запорожский вестник,Melitopol,2025-03-06,ukraine_as_enemy,3,8,0.375
53,Запорожский вестник,Melitopol,2025-03-06,children_and_militarization,2,8,0.25
53,Запорожский вестник,Melitopol,2025-03-06,leadership_and_loyalty,57,8,7.125
53,Запорожский вестник,Melitopol,2025-03-06,official_legal_register,8,8,1.0
54,Запорожский вестник,Melitopol,2026-03-12,nuclear_plant_and_enerhodar,23,8,2.875
54,Запорожский вестник,Melitopol,2026-03-12,agriculture_and_harvest,12,8,1.5
54,Запорожский вестник,Melitopol,2026-03-12,recruitment_and_contract_service,3,8,0.375
54,Запорожский вестник,Melitopol,2026-03-12,passportization_and_documents,4,8,0.5
54,Запорожский вестник,Melitopol,2026-03-12,elections_and_administration,2,8,0.25
54,Запорожский вестник,Melitopol,2026-03-12,reconstruction_and_integration,13,8,1.625
54,Запорожский вестник,Melitopol,2026-03-12,ukraine_as_enemy,7,8,0.875
54,Запорожский вестник,Melitopol,2026-03-12,children_and_militarization,1,8,0.125
54,Запорожский вестник,Melitopol,2026-03-12,leadership_and_loyalty,59,8,7.375
54,Запорожский вестник,Melitopol,2026-03-12,official_legal_register,25,8,3.125
55,Запорожский вестник,Melitopol,2025-03-13,nuclear_plant_and_enerhodar,12,8,1.5
55,Запорожский вестник,Melitopol,2025-03-13,agriculture_and_harvest,0,8,0.0
55,Запорожский вестник,Melitopol,2025-03-13,recruitment_and_contract_service,4,8,0.5
55,Запорожский вестник,Melitopol,2025-03-13,passportization_and_documents,0,8,0.0
55,Запорожский вестник,Melitopol,2025-03-13,elections_and_administration,10,8,1.25
55,Запорожский вестник,Melitopol,2025-03-13,reconstruction_and_integration,11,8,1.375
55,Запорожский вестник,Melitopol,2025-03-13,ukraine_as_enemy,2,8,0.25
55,Запорожский вестник,Melitopol,2025-03-13,children_and_militarization,4,8,0.5
55,Запорожский вестник,Melitopol,2025-03-13,leadership_and_loyalty,54,8,6.75
55,Запорожский вестник,Melitopol,2025-03-13,official_legal_register,14,8,1.75
56,Запорожский вестник,Melitopol,2026-03-19,nuclear_plant_and_enerhodar,29,8,3.625
56,Запорожский вестник,Melitopol,2026-03-19,agriculture_and_harvest,0,8,0.0
56,Запорожский вестник,Melitopol,2026-03-19,recruitment_and_contract_service,1,8,0.125
56,Запорожский вестник,Melitopol,2026-03-19,passportization_and_documents,15,8,1.875
56,Запорожский вестник,Melitopol,2026-03-19,elections_and_administration,4,8,0.5
56,Запорожский вестник,Melitopol,2026-03-19,reconstruction_and_integration,9,8,1.125
56,Запорожский вестник,Melitopol,2026-03-19,ukraine_as_enemy,2,8,0.25
56,Запорожский вестник,Melitopol,2026-03-19,children_and_militarization,3,8,0.375
56,Запорожский вестник,Melitopol,2026-03-19,leadership_and_loyalty,40,8,5.0
56,Запорожский вестник,Melitopol,2026-03-19,official_legal_register,7,8,0.875
57,Запорожский вестник,Melitopol,2025-03-20,nuclear_plant_and_enerhodar,18,8,2.25
57,Запорожский вестник,Melitopol,2025-03-20,agriculture_and_harvest,0,8,0.0
57,Запорожский вестник,Melitopol,2025-03-20,recruitment_and_contract_service,2,8,0.25
57,Запорожский вестник,Melitopol,2025-03-20,passportization_and_documents,3,8,0.375
57,Запорожский вестник,Melitopol,2025-03-20,elections_and_administration,14,8,1.75
57,Запорожский вестник,Melitopol,2025-03-20,reconstruction_and_integration,20,8,2.5
57,Запорожский вестник,Melitopol,2025-03-20,ukraine_as_enemy,6,8,0.75
57,Запорожский вестник,Melitopol,2025-03-20,children_and_militarization,8,8,1.0
57,Запорожский вестник,Melitopol,2025-03-20,leadership_and_loyalty,53,8,6.625
57,Запорожский вестник,Melitopol,2025-03-20,official_legal_register,9,8,1.125
58,Запорожский вестник,Melitopol,2026-03-26,nuclear_plant_and_enerhodar,15,8,1.875
58,Запорожский вестник,Melitopol,2026-03-26,agriculture_and_harvest,3,8,0.375
58,Запорожский вестник,Melitopol,2026-03-26,recruitment_and_contract_service,1,8,0.125
58,Запорожский вестник,Melitopol,2026-03-26,passportization_and_documents,21,8,2.625
58,Запорожский вестник,Melitopol,2026-03-26,elections_and_administration,4,8,0.5
58,Запорожский вестник,Melitopol,2026-03-26,reconstruction_and_integration,12,8,1.5
58,Запорожский вестник,Melitopol,2026-03-26,ukraine_as_enemy,1,8,0.125
58,Запорожский вестник,Melitopol,2026-03-26,children_and_militarization,1,8,0.125
58,Запорожский вестник,Melitopol,2026-03-26,leadership_and_loyalty,52,8,6.5
58,Запорожский вестник,Melitopol,2026-03-26,official_legal_register,17,8,2.125
59,Запорожский вестник,Melitopol,2025-03-27,nuclear_plant_and_enerhodar,18,8,2.25
59,Запорожский вестник,Melitopol,2025-03-27,agriculture_and_harvest,5,8,0.625
59,Запорожский вестник,Melitopol,2025-03-27,recruitment_and_contract_service,0,8,0.0
59,Запорожский вестник,Melitopol,2025-03-27,passportization_and_documents,3,8,0.375
59,Запорожский вестник,Melitopol,2025-03-27,elections_and_administration,8,8,1.0
59,Запорожский вестник,Melitopol,2025-03-27,reconstruction_and_integration,10,8,1.25
59,Запорожский вестник,Melitopol,2025-03-27,ukraine_as_enemy,3,8,0.375
59,Запорожский вестник,Melitopol,2025-03-27,children_and_militarization,9,8,1.125
59,Запорожский вестник,Melitopol,2025-03-27,leadership_and_loyalty,54,8,6.75
59,Запорожский вестник,Melitopol,2025-03-27,official_legal_register,24,8,3.0
60,Запорожский вестник,Melitopol,2026-04-02,nuclear_plant_and_enerhodar,12,8,1.5
60,Запорожский вестник,Melitopol,2026-04-02,agriculture_and_harvest,0,8,0.0
60,Запорожский вестник,Melitopol,2026-04-02,recruitment_and_contract_service,1,8,0.125
60,Запорожский вестник,Melitopol,2026-04-02,passportization_and_documents,3,8,0.375
60,Запорожский вестник,Melitopol,2026-04-02,elections_and_administration,1,8,0.125
60,Запорожский вестник,Melitopol,2026-04-02,reconstruction_and_integration,15,8,1.875
60,Запорожский вестник,Melitopol,2026-04-02,ukraine_as_enemy,3,8,0.375
60,Запорожский вестник,Melitopol,2026-04-02,children_and_militarization,8,8,1.0
60,Запорожский вестник,Melitopol,2026-04-02,leadership_and_loyalty,54,8,6.75
60,Запорожский вестник,Melitopol,2026-04-02,official_legal_register,1,8,0.125
61,Запорожский вестник,Melitopol,2025-04-03,nuclear_plant_and_enerhodar,17,8,2.125
61,Запорожский вестник,Melitopol,2025-04-03,agriculture_and_harvest,15,8,1.875
61,Запорожский вестник,Melitopol,2025-04-03,recruitment_and_contract_service,5,8,0.625
61,Запорожский вестник,Melitopol,2025-04-03,passportization_and_documents,4,8,0.5
61,Запорожский вестник,Melitopol,2025-04-03,elections_and_administration,7,8,0.875
61,Запорожский вестник,Melitopol,2025-04-03,reconstruction_and_integration,27,8,3.375
61,Запорожский вестник,Melitopol,2025-04-03,ukraine_as_enemy,4,8,0.5
61,Запорожский вестник,Melitopol,2025-04-03,children_and_militarization,3,8,0.375
61,Запорожский вестник,Melitopol,2025-04-03,leadership_and_loyalty,59,8,7.375
61,Запорожский вестник,Melitopol,2025-04-03,official_legal_register,6,8,0.75
62,Запорожский вестник,Melitopol,2026-04-09,nuclear_plant_and_enerhodar,12,8,1.5
62,Запорожский вестник,Melitopol,2026-04-09,agriculture_and_harvest,1,8,0.125
62,Запорожский вестник,Melitopol,2026-04-09,recruitment_and_contract_service,1,8,0.125
62,Запорожский вестник,Melitopol,2026-04-09,passportization_and_documents,4,8,0.5
62,Запорожский вестник,Melitopol,2026-04-09,elections_and_administration,16,8,2.0
62,Запорожский вестник,Melitopol,2026-04-09,reconstruction_and_integration,28,8,3.5
62,Запорожский вестник,Melitopol,2026-04-09,ukraine_as_enemy,4,8,0.5
62,Запорожский вестник,Melitopol,2026-04-09,children_and_militarization,1,8,0.125
62,Запорожский вестник,Melitopol,2026-04-09,leadership_and_loyalty,68,8,8.5
62,Запорожский вестник,Melitopol,2026-04-09,official_legal_register,22,8,2.75
63,Запорожский вестник,Melitopol,2025-04-10,nuclear_plant_and_enerhodar,12,8,1.5
63,Запорожский вестник,Melitopol,2025-04-10,agriculture_and_harvest,0,8,0.0
63,Запорожский вестник,Melitopol,2025-04-10,recruitment_and_contract_service,2,8,0.25
63,Запорожский вестник,Melitopol,2025-04-10,passportization_and_documents,15,8,1.875
63,Запорожский вестник,Melitopol,2025-04-10,elections_and_administration,17,8,2.125
63,Запорожский вестник,Melitopol,2025-04-10,reconstruction_and_integration,14,8,1.75
63,Запорожский вестник,Melitopol,2025-04-10,ukraine_as_enemy,2,8,0.25
63,Запорожский вестник,Melitopol,2025-04-10,children_and_militarization,2,8,0.25
63,Запорожский вестник,Melitopol,2025-04-10,leadership_and_loyalty,54,8,6.75
63,Запорожский вестник,Melitopol,2025-04-10,official_legal_register,21,8,2.625
64,Запорожский вестник,Melitopol,2026-04-16,nuclear_plant_and_enerhodar,8,8,1.0
64,Запорожский вестник,Melitopol,2026-04-16,agriculture_and_harvest,1,8,0.125
64,Запорожский вестник,Melitopol,2026-04-16,recruitment_and_contract_service,1,8,0.125
64,Запорожский вестник,Melitopol,2026-04-16,passportization_and_documents,7,8,0.875
64,Запорожский вестник,Melitopol,2026-04-16,elections_and_administration,2,8,0.25
64,Запорожский вестник,Melitopol,2026-04-16,reconstruction_and_integration,11,8,1.375
64,Запорожский вестник,Melitopol,2026-04-16,ukraine_as_enemy,7,8,0.875
64,Запорожский вестник,Melitopol,2026-04-16,children_and_militarization,5,8,0.625
64,Запорожский вестник,Melitopol,2026-04-16,leadership_and_loyalty,39,8,4.875
64,Запорожский вестник,Melitopol,2026-04-16,official_legal_register,15,8,1.875
65,Запорожский вестник,Melitopol,2025-04-17,nuclear_plant_and_enerhodar,15,8,1.875
65,Запорожский вестник,Melitopol,2025-04-17,agriculture_and_harvest,1,8,0.125
65,Запорожский вестник,Melitopol,2025-04-17,recruitment_and_contract_service,1,8,0.125
65,Запорожский вестник,Melitopol,2025-04-17,passportization_and_documents,5,8,0.625
65,Запорожский вестник,Melitopol,2025-04-17,elections_and_administration,5,8,0.625
65,Запорожский вестник,Melitopol,2025-04-17,reconstruction_and_integration,17,8,2.125
65,Запорожский вестник,Melitopol,2025-04-17,ukraine_as_enemy,2,8,0.25
65,Запорожский вестник,Melitopol,2025-04-17,children_and_militarization,3,8,0.375
65,Запорожский вестник,Melitopol,2025-04-17,leadership_and_loyalty,37,8,4.625
65,Запорожский вестник,Melitopol,2025-04-17,official_legal_register,9,8,1.125
66,Запорожский вестник,Melitopol,2026-04-23,nuclear_plant_and_enerhodar,10,8,1.25
66,Запорожский вестник,Melitopol,2026-04-23,agriculture_and_harvest,6,8,0.75
66,Запорожский вестник,Melitopol,2026-04-23,recruitment_and_contract_service,2,8,0.25
66,Запорожский вестник,Melitopol,2026-04-23,passportization_and_documents,8,8,1.0
66,Запорожский вестник,Melitopol,2026-04-23,elections_and_administration,13,8,1.625
66,Запорожский вестник,Melitopol,2026-04-23,reconstruction_and_integration,1,8,0.125
66,Запорожский вестник,Melitopol,2026-04-23,ukraine_as_enemy,5,8,0.625
66,Запорожский вестник,Melitopol,2026-04-23,children_and_militarization,5,8,0.625
66,Запорожский вестник,Melitopol,2026-04-23,leadership_and_loyalty,59,8,7.375
66,Запорожский вестник,Melitopol,2026-04-23,official_legal_register,46,8,5.75
67,Запорожский вестник,Melitopol,2025-04-24,nuclear_plant_and_enerhodar,13,8,1.625
67,Запорожский вестник,Melitopol,2025-04-24,agriculture_and_harvest,2,8,0.25
67,Запорожский вестник,Melitopol,2025-04-24,recruitment_and_contract_service,1,8,0.125
67,Запорожский вестник,Melitopol,2025-04-24,passportization_and_documents,6,8,0.75
67,Запорожский вестник,Melitopol,2025-04-24,elections_and_administration,12,8,1.5
67,Запорожский вестник,Melitopol,2025-04-24,reconstruction_and_integration,5,8,0.625
67,Запорожский вестник,Melitopol,2025-04-24,ukraine_as_enemy,2,8,0.25
67,Запорожский вестник,Melitopol,2025-04-24,children_and_militarization,9,8,1.125
67,Запорожский вестник,Melitopol,2025-04-24,leadership_and_loyalty,50,8,6.25
67,Запорожский вестник,Melitopol,2025-04-24,official_legal_register,25,8,3.125
68,Запорожский вестник,Melitopol,2026-04-30,nuclear_plant_and_enerhodar,17,8,2.125
68,Запорожский вестник,Melitopol,2026-04-30,agriculture_and_harvest,0,8,0.0
68,Запорожский вестник,Melitopol,2026-04-30,recruitment_and_contract_service,3,8,0.375
68,Запорожский вестник,Melitopol,2026-04-30,passportization_and_documents,3,8,0.375
68,Запорожский вестник,Melitopol,2026-04-30,elections_and_administration,11,8,1.375
68,Запорожский вестник,Melitopol,2026-04-30,reconstruction_and_integration,4,8,0.5
68,Запорожский вестник,Melitopol,2026-04-30,ukraine_as_enemy,3,8,0.375
68,Запорожский вестник,Melitopol,2026-04-30,children_and_militarization,5,8,0.625
68,Запорожский вестник,Melitopol,2026-04-30,leadership_and_loyalty,64,8,8.0
68,Запорожский вестник,Melitopol,2026-04-30,official_legal_register,17,8,2.125
69,Запорожский вестник,Melitopol,2025-05-01,nuclear_plant_and_enerhodar,13,8,1.625
69,Запорожский вестник,Melitopol,2025-05-01,agriculture_and_harvest,0,8,0.0
69,Запорожский вестник,Melitopol,2025-05-01,recruitment_and_contract_service,17,8,2.125
69,Запорожский вестник,Melitopol,2025-05-01,passportization_and_documents,6,8,0.75
69,Запорожский вестник,Melitopol,2025-05-01,elections_and_administration,7,8,0.875
69,Запорожский вестник,Melitopol,2025-05-01,reconstruction_and_integration,13,8,1.625
69,Запорожский вестник,Melitopol,2025-05-01,ukraine_as_enemy,6,8,0.75
69,Запорожский вестник,Melitopol,2025-05-01,children_and_militarization,1,8,0.125
69,Запорожский вестник,Melitopol,2025-05-01,leadership_and_loyalty,56,8,7.0
69,Запорожский вестник,Melitopol,2025-05-01,official_legal_register,7,8,0.875
70,Запорожский вестник,Melitopol,2026-05-07,nuclear_plant_and_enerhodar,13,8,1.625
70,Запорожский вестник,Melitopol,2026-05-07,agriculture_and_harvest,6,8,0.75
70,Запорожский вестник,Melitopol,2026-05-07,recruitment_and_contract_service,1,8,0.125
70,Запорожский вестник,Melitopol,2026-05-07,passportization_and_documents,1,8,0.125
70,Запорожский вестник,Melitopol,2026-05-07,elections_and_administration,5,8,0.625
70,Запорожский вестник,Melitopol,2026-05-07,reconstruction_and_integration,1,8,0.125
70,Запорожский вестник,Melitopol,2026-05-07,ukraine_as_enemy,2,8,0.25
70,Запорожский вестник,Melitopol,2026-05-07,children_and_militarization,11,8,1.375
70,Запорожский вестник,Melitopol,2026-05-07,leadership_and_loyalty,75,8,9.375
70,Запорожский вестник,Melitopol,2026-05-07,official_legal_register,12,8,1.5
71,Запорожский вестник,Melitopol,2025-05-08,nuclear_plant_and_enerhodar,14,8,1.75
71,Запорожский вестник,Melitopol,2025-05-08,agriculture_and_harvest,0,8,0.0
71,Запорожский вестник,Melitopol,2025-05-08,recruitment_and_contract_service,1,8,0.125
71,Запорожский вестник,Melitopol,2025-05-08,passportization_and_documents,3,8,0.375
71,Запорожский вестник,Melitopol,2025-05-08,elections_and_administration,3,8,0.375
71,Запорожский вестник,Melitopol,2025-05-08,reconstruction_and_integration,8,8,1.0
71,Запорожский вестник,Melitopol,2025-05-08,ukraine_as_enemy,6,8,0.75
71,Запорожский вестник,Melitopol,2025-05-08,children_and_militarization,12,8,1.5
71,Запорожский вестник,Melitopol,2025-05-08,leadership_and_loyalty,72,8,9.0
71,Запорожский вестник,Melitopol,2025-05-08,official_legal_register,15,8,1.875
72,Запорожский вестник,Melitopol,2026-05-14,nuclear_plant_and_enerhodar,13,8,1.625
72,Запорожский вестник,Melitopol,2026-05-14,agriculture_and_harvest,0,8,0.0
72,Запорожский вестник,Melitopol,2026-05-14,recruitment_and_contract_service,2,8,0.25
72,Запорожский вестник,Melitopol,2026-05-14,passportization_and_documents,3,8,0.375
72,Запорожский вестник,Melitopol,2026-05-14,elections_and_administration,5,8,0.625
72,Запорожский вестник,Melitopol,2026-05-14,reconstruction_and_integration,12,8,1.5
72,Запорожский вестник,Melitopol,2026-05-14,ukraine_as_enemy,9,8,1.125
72,Запорожский вестник,Melitopol,2026-05-14,children_and_militarization,3,8,0.375
72,Запорожский вестник,Melitopol,2026-05-14,leadership_and_loyalty,69,8,8.625
72,Запорожский вестник,Melitopol,2026-05-14,official_legal_register,11,8,1.375
73,Запорожский вестник,Melitopol,2025-01-09,nuclear_plant_and_enerhodar,21,8,2.625
73,Запорожский вестник,Melitopol,2025-01-09,agriculture_and_harvest,0,8,0.0
73,Запорожский вестник,Melitopol,2025-01-09,recruitment_and_contract_service,2,8,0.25
73,Запорожский вестник,Melitopol,2025-01-09,passportization_and_documents,1,8,0.125
73,Запорожский вестник,Melitopol,2025-01-09,elections_and_administration,2,8,0.25
73,Запорожский вестник,Melitopol,2025-01-09,reconstruction_and_integration,8,8,1.0
73,Запорожский вестник,Melitopol,2025-01-09,ukraine_as_enemy,8,8,1.0
73,Запорожский вестник,Melitopol,2025-01-09,children_and_militarization,9,8,1.125
73,Запорожский вестник,Melitopol,2025-01-09,leadership_and_loyalty,64,8,8.0
73,Запорожский вестник,Melitopol,2025-01-09,official_legal_register,19,8,2.375
74,Запорожский вестник,Melitopol,2025-05-15,nuclear_plant_and_enerhodar,13,8,1.625
74,Запорожский вестник,Melitopol,2025-05-15,agriculture_and_harvest,0,8,0.0
74,Запорожский вестник,Melitopol,2025-05-15,recruitment_and_contract_service,4,8,0.5
74,Запорожский вестник,Melitopol,2025-05-15,passportization_and_documents,7,8,0.875
74,Запорожский вестник,Melitopol,2025-05-15,elections_and_administration,1,8,0.125
74,Запорожский вестник,Melitopol,2025-05-15,reconstruction_and_integration,3,8,0.375
74,Запорожский вестник,Melitopol,2025-05-15,ukraine_as_enemy,4,8,0.5
74,Запорожский вестник,Melitopol,2025-05-15,children_and_militarization,9,8,1.125
74,Запорожский вестник,Melitopol,2025-05-15,leadership_and_loyalty,72,8,9.0
74,Запорожский вестник,Melitopol,2025-05-15,official_legal_register,14,8,1.75
75,Запорожский вестник,Melitopol,2026-05-21,nuclear_plant_and_enerhodar,13,8,1.625
75,Запорожский вестник,Melitopol,2026-05-21,agriculture_and_harvest,0,8,0.0
75,Запорожский вестник,Melitopol,2026-05-21,recruitment_and_contract_service,2,8,0.25
75,Запорожский вестник,Melitopol,2026-05-21,passportization_and_documents,3,8,0.375
75,Запорожский вестник,Melitopol,2026-05-21,elections_and_administration,20,8,2.5
75,Запорожский вестник,Melitopol,2026-05-21,reconstruction_and_integration,6,8,0.75
75,Запорожский вестник,Melitopol,2026-05-21,ukraine_as_enemy,3,8,0.375
75,Запорожский вестник,Melitopol,2026-05-21,children_and_militarization,4,8,0.5
75,Запорожский вестник,Melitopol,2026-05-21,leadership_and_loyalty,63,8,7.875
75,Запорожский вестник,Melitopol,2026-05-21,official_legal_register,12,8,1.5
76,Запорожский вестник,Melitopol,2025-05-22,nuclear_plant_and_enerhodar,37,8,4.625
76,Запорожский вестник,Melitopol,2025-05-22,agriculture_and_harvest,0,8,0.0
76,Запорожский вестник,Melitopol,2025-05-22,recruitment_and_contract_service,1,8,0.125
76,Запорожский вестник,Melitopol,2025-05-22,passportization_and_documents,9,8,1.125
76,Запорожский вестник,Melitopol,2025-05-22,elections_and_administration,4,8,0.5
76,Запорожский вестник,Melitopol,2025-05-22,reconstruction_and_integration,3,8,0.375
76,Запорожский вестник,Melitopol,2025-05-22,ukraine_as_enemy,4,8,0.5
76,Запорожский вестник,Melitopol,2025-05-22,children_and_militarization,5,8,0.625
76,Запорожский вестник,Melitopol,2025-05-22,leadership_and_loyalty,56,8,7.0
76,Запорожский вестник,Melitopol,2025-05-22,official_legal_register,9,8,1.125
77,Запорожский вестник,Melitopol,2026-05-28,nuclear_plant_and_enerhodar,14,8,1.75
77,Запорожский вестник,Melitopol,2026-05-28,agriculture_and_harvest,1,8,0.125
77,Запорожский вестник,Melitopol,2026-05-28,recruitment_and_contract_service,2,8,0.25
77,Запорожский вестник,Melitopol,2026-05-28,passportization_and_documents,2,8,0.25
77,Запорожский вестник,Melitopol,2026-05-28,elections_and_administration,11,8,1.375
77,Запорожский вестник,Melitopol,2026-05-28,reconstruction_and_integration,3,8,0.375
77,Запорожский вестник,Melitopol,2026-05-28,ukraine_as_enemy,7,8,0.875
77,Запорожский вестник,Melitopol,2026-05-28,children_and_militarization,6,8,0.75
77,Запорожский вестник,Melitopol,2026-05-28,leadership_and_loyalty,66,8,8.25
77,Запорожский вестник,Melitopol,2026-05-28,official_legal_register,8,8,1.0
78,Запорожский вестник,Melitopol,2025-05-29,nuclear_plant_and_enerhodar,17,8,2.125
78,Запорожский вестник,Melitopol,2025-05-29,agriculture_and_harvest,0,8,0.0
78,Запорожский вестник,Melitopol,2025-05-29,recruitment_and_contract_service,1,8,0.125
78,Запорожский вестник,Melitopol,2025-05-29,passportization_and_documents,3,8,0.375
78,Запорожский вестник,Melitopol,2025-05-29,elections_and_administration,0,8,0.0
78,Запорожский вестник,Melitopol,2025-05-29,reconstruction_and_integration,9,8,1.125
78,Запорожский вестник,Melitopol,2025-05-29,ukraine_as_enemy,2,8,0.25
78,Запорожский вестник,Melitopol,2025-05-29,children_and_militarization,8,8,1.0
78,Запорожский вестник,Melitopol,2025-05-29,leadership_and_loyalty,42,8,5.25
78,Запорожский вестник,Melitopol,2025-05-29,official_legal_register,9,8,1.125
79,Запорожский вестник,Melitopol,2026-06-04,nuclear_plant_and_enerhodar,26,8,3.25
79,Запорожский вестник,Melitopol,2026-06-04,agriculture_and_harvest,2,8,0.25
79,Запорожский вестник,Melitopol,2026-06-04,recruitment_and_contract_service,3,8,0.375
79,Запорожский вестник,Melitopol,2026-06-04,passportization_and_documents,8,8,1.0
79,Запорожский вестник,Melitopol,2026-06-04,elections_and_administration,9,8,1.125
79,Запорожский вестник,Melitopol,2026-06-04,reconstruction_and_integration,12,8,1.5
79,Запорожский вестник,Melitopol,2026-06-04,ukraine_as_enemy,11,8,1.375
79,Запорожский вестник,Melitopol,2026-06-04,children_and_militarization,2,8,0.25
79,Запорожский вестник,Melitopol,2026-06-04,leadership_and_loyalty,74,8,9.25
79,Запорожский вестник,Melitopol,2026-06-04,official_legal_register,6,8,0.75
80,Запорожский вестник,Melitopol,2025-06-05,nuclear_plant_and_enerhodar,17,8,2.125
80,Запорожский вестник,Melitopol,2025-06-05,agriculture_and_harvest,5,8,0.625
80,Запорожский вестник,Melitopol,2025-06-05,recruitment_and_contract_service,4,8,0.5
80,Запорожский вестник,Melitopol,2025-06-05,passportization_and_documents,1,8,0.125
80,Запорожский вестник,Melitopol,2025-06-05,elections_and_administration,4,8,0.5
80,Запорожский вестник,Melitopol,2025-06-05,reconstruction_and_integration,18,8,2.25
80,Запорожский вестник,Melitopol,2025-06-05,ukraine_as_enemy,5,8,0.625
80,Запорожский вестник,Melitopol,2025-06-05,children_and_militarization,6,8,0.75
80,Запорожский вестник,Melitopol,2025-06-05,leadership_and_loyalty,64,8,8.0
80,Запорожский вестник,Melitopol,2025-06-05,official_legal_register,8,8,1.0
81,Запорожский вестник,Melitopol,2026-06-11,nuclear_plant_and_enerhodar,19,8,2.375
81,Запорожский вестник,Melitopol,2026-06-11,agriculture_and_harvest,9,8,1.125
81,Запорожский вестник,Melitopol,2026-06-11,recruitment_and_contract_service,2,8,0.25
81,Запорожский вестник,Melitopol,2026-06-11,passportization_and_documents,1,8,0.125
81,Запорожский вестник,Melitopol,2026-06-11,elections_and_administration,0,8,0.0
81,Запорожский вестник,Melitopol,2026-06-11,reconstruction_and_integration,18,8,2.25
81,Запорожский вестник,Melitopol,2026-06-11,ukraine_as_enemy,3,8,0.375
81,Запорожский вестник,Melitopol,2026-06-11,children_and_militarization,2,8,0.25
81,Запорожский вестник,Melitopol,2026-06-11,leadership_and_loyalty,56,8,7.0
81,Запорожский вестник,Melitopol,2026-06-11,official_legal_register,8,8,1.0
82,Запорожский вестник,Melitopol,2025-06-12,nuclear_plant_and_enerhodar,20,8,2.5
82,Запорожский вестник,Melitopol,2025-06-12,agriculture_and_harvest,6,8,0.75
82,Запорожский вестник,Melitopol,2025-06-12,recruitment_and_contract_service,3,8,0.375
82,Запорожский вестник,Melitopol,2025-06-12,passportization_and_documents,14,8,1.75
82,Запорожский вестник,Melitopol,2025-06-12,elections_and_administration,0,8,0.0
82,Запорожский вестник,Melitopol,2025-06-12,reconstruction_and_integration,19,8,2.375
82,Запорожский вестник,Melitopol,2025-06-12,ukraine_as_enemy,7,8,0.875
82,Запорожский вестник,Melitopol,2025-06-12,children_and_militarization,1,8,0.125
82,Запорожский вестник,Melitopol,2025-06-12,leadership_and_loyalty,46,8,5.75
82,Запорожский вестник,Melitopol,2025-06-12,official_legal_register,17,8,2.125
83,Запорожский вестник,Melitopol,2026-06-18,nuclear_plant_and_enerhodar,21,8,2.625
83,Запорожский вестник,Melitopol,2026-06-18,agriculture_and_harvest,14,8,1.75
83,Запорожский вестник,Melitopol,2026-06-18,recruitment_and_contract_service,4,8,0.5
83,Запорожский вестник,Melitopol,2026-06-18,passportization_and_documents,12,8,1.5
83,Запорожский вестник,Melitopol,2026-06-18,elections_and_administration,8,8,1.0
83,Запорожский вестник,Melitopol,2026-06-18,reconstruction_and_integration,10,8,1.25
83,Запорожский вестник,Melitopol,2026-06-18,ukraine_as_enemy,6,8,0.75
83,Запорожский вестник,Melitopol,2026-06-18,children_and_militarization,1,8,0.125
83,Запорожский вестник,Melitopol,2026-06-18,leadership_and_loyalty,46,8,5.75
83,Запорожский вестник,Melitopol,2026-06-18,official_legal_register,6,8,0.75
84,Запорожский вестник,Melitopol,2025-06-19,nuclear_plant_and_enerhodar,27,8,3.375
84,Запорожский вестник,Melitopol,2025-06-19,agriculture_and_harvest,0,8,0.0
84,Запорожский вестник,Melitopol,2025-06-19,recruitment_and_contract_service,1,8,0.125
84,Запорожский вестник,Melitopol,2025-06-19,passportization_and_documents,8,8,1.0
84,Запорожский вестник,Melitopol,2025-06-19,elections_and_administration,0,8,0.0
84,Запорожский вестник,Melitopol,2025-06-19,reconstruction_and_integration,1,8,0.125
84,Запорожский вестник,Melitopol,2025-06-19,ukraine_as_enemy,2,8,0.25
84,Запорожский вестник,Melitopol,2025-06-19,children_and_militarization,9,8,1.125
84,Запорожский вестник,Melitopol,2025-06-19,leadership_and_loyalty,60,8,7.5
84,Запорожский вестник,Melitopol,2025-06-19,official_legal_register,22,8,2.75
85,Запорожский вестник,Melitopol,2026-06-25,nuclear_plant_and_enerhodar,18,8,2.25
85,Запорожский вестник,Melitopol,2026-06-25,agriculture_and_harvest,0,8,0.0
85,Запорожский вестник,Melitopol,2026-06-25,recruitment_and_contract_service,2,8,0.25
85,Запорожский вестник,Melitopol,2026-06-25,passportization_and_documents,6,8,0.75
85,Запорожский вестник,Melitopol,2026-06-25,elections_and_administration,7,8,0.875
85,Запорожский вестник,Melitopol,2026-06-25,reconstruction_and_integration,5,8,0.625
85,Запорожский вестник,Melitopol,2026-06-25,ukraine_as_enemy,2,8,0.25
85,Запорожский вестник,Melitopol,2026-06-25,children_and_militarization,3,8,0.375
85,Запорожский вестник,Melitopol,2026-06-25,leadership_and_loyalty,67,8,8.375
85,Запорожский вестник,Melitopol,2026-06-25,official_legal_register,16,8,2.0
86,Запорожский вестник,Melitopol,2025-06-26,nuclear_plant_and_enerhodar,15,8,1.875
86,Запорожский вестник,Melitopol,2025-06-26,agriculture_and_harvest,14,8,1.75
86,Запорожский вестник,Melitopol,2025-06-26,recruitment_and_contract_service,3,8,0.375
86,Запорожский вестник,Melitopol,2025-06-26,passportization_and_documents,18,8,2.25
86,Запорожский вестник,Melitopol,2025-06-26,elections_and_administration,0,8,0.0
86,Запорожский вестник,Melitopol,2025-06-26,reconstruction_and_integration,10,8,1.25
86,Запорожский вестник,Melitopol,2025-06-26,ukraine_as_enemy,2,8,0.25
86,Запорожский вестник,Melitopol,2025-06-26,children_and_militarization,6,8,0.75
86,Запорожский вестник,Melitopol,2025-06-26,leadership_and_loyalty,55,8,6.875
86,Запорожский вестник,Melitopol,2025-06-26,official_legal_register,8,8,1.0
87,Запорожский вестник,Melitopol,2026-07-02,nuclear_plant_and_enerhodar,10,8,1.25
87,Запорожский вестник,Melitopol,2026-07-02,agriculture_and_harvest,3,8,0.375
87,Запорожский вестник,Melitopol,2026-07-02,recruitment_and_contract_service,1,8,0.125
87,Запорожский вестник,Melitopol,2026-07-02,passportization_and_documents,5,8,0.625
87,Запорожский вестник,Melitopol,2026-07-02,elections_and_administration,23,8,2.875
87,Запорожский вестник,Melitopol,2026-07-02,reconstruction_and_integration,2,8,0.25
87,Запорожский вестник,Melitopol,2026-07-02,ukraine_as_enemy,3,8,0.375
87,Запорожский вестник,Melitopol,2026-07-02,children_and_militarization,1,8,0.125
87,Запорожский вестник,Melitopol,2026-07-02,leadership_and_loyalty,66,8,8.25
87,Запорожский вестник,Melitopol,2026-07-02,official_legal_register,11,8,1.375
88,Запорожский вестник,Melitopol,2025-07-03,nuclear_plant_and_enerhodar,12,8,1.5
88,Запорожский вестник,Melitopol,2025-07-03,agriculture_and_harvest,0,8,0.0
88,Запорожский вестник,Melitopol,2025-07-03,recruitment_and_contract_service,2,8,0.25
88,Запорожский вестник,Melitopol,2025-07-03,passportization_and_documents,2,8,0.25
88,Запорожский вестник,Melitopol,2025-07-03,elections_and_administration,1,8,0.125
88,Запорожский вестник,Melitopol,2025-07-03,reconstruction_and_integration,30,8,3.75
88,Запорожский вестник,Melitopol,2025-07-03,ukraine_as_enemy,4,8,0.5
88,Запорожский вестник,Melitopol,2025-07-03,children_and_militarization,9,8,1.125
88,Запорожский вестник,Melitopol,2025-07-03,leadership_and_loyalty,44,8,5.5
88,Запорожский вестник,Melitopol,2025-07-03,official_legal_register,7,8,0.875
89,Запорожский вестник,Melitopol,2026-07-09,nuclear_plant_and_enerhodar,19,8,2.375
89,Запорожский вестник,Melitopol,2026-07-09,agriculture_and_harvest,13,8,1.625
89,Запорожский вестник,Melitopol,2026-07-09,recruitment_and_contract_service,1,8,0.125
89,Запорожский вестник,Melitopol,2026-07-09,passportization_and_documents,2,8,0.25
89,Запорожский вестник,Melitopol,2026-07-09,elections_and_administration,14,8,1.75
89,Запорожский вестник,Melitopol,2026-07-09,reconstruction_and_integration,2,8,0.25
89,Запорожский вестник,Melitopol,2026-07-09,ukraine_as_enemy,14,8,1.75
89,Запорожский вестник,Melitopol,2026-07-09,children_and_militarization,2,8,0.25
89,Запорожский вестник,Melitopol,2026-07-09,leadership_and_loyalty,43,8,5.375
89,Запорожский вестник,Melitopol,2026-07-09,official_legal_register,4,8,0.5
90,Запорожский вестник,Melitopol,2025-07-10,nuclear_plant_and_enerhodar,31,8,3.875
90,Запорожский вестник,Melitopol,2025-07-10,agriculture_and_harvest,5,8,0.625
90,Запорожский вестник,Melitopol,2025-07-10,recruitment_and_contract_service,2,8,0.25
90,Запорожский вестник,Melitopol,2025-07-10,passportization_and_documents,0,8,0.0
90,Запорожский вестник,Melitopol,2025-07-10,elections_and_administration,0,8,0.0
90,Запорожский вестник,Melitopol,2025-07-10,reconstruction_and_integration,17,8,2.125
90,Запорожский вестник,Melitopol,2025-07-10,ukraine_as_enemy,11,8,1.375
90,Запорожский вестник,Melitopol,2025-07-10,children_and_militarization,3,8,0.375
90,Запорожский вестник,Melitopol,2025-07-10,leadership_and_loyalty,74,8,9.25
90,Запорожский вестник,Melitopol,2025-07-10,official_legal_register,11,8,1.375
91,Запорожский вестник,Melitopol,2026-07-15,nuclear_plant_and_enerhodar,21,8,2.625
91,Запорожский вестник,Melitopol,2026-07-15,agriculture_and_harvest,3,8,0.375
91,Запорожский вестник,Melitopol,2026-07-15,recruitment_and_contract_service,8,8,1.0
91,Запорожский вестник,Melitopol,2026-07-15,passportization_and_documents,4,8,0.5
91,Запорожский вестник,Melitopol,2026-07-15,elections_and_administration,3,8,0.375
91,Запорожский вестник,Melitopol,2026-07-15,reconstruction_and_integration,6,8,0.75
91,Запорожский вестник,Melitopol,2026-07-15,ukraine_as_enemy,7,8,0.875
91,Запорожский вестник,Melitopol,2026-07-15,children_and_militarization,0,8,0.0
91,Запорожский вестник,Melitopol,2026-07-15,leadership_and_loyalty,61,8,7.625
91,Запорожский вестник,Melitopol,2026-07-15,official_legal_register,11,8,1.375
92,Запорожский вестник,Melitopol,2025-07-17,nuclear_plant_and_enerhodar,15,8,1.875
92,Запорожский вестник,Melitopol,2025-07-17,agriculture_and_harvest,2,8,0.25
92,Запорожский вестник,Melitopol,2025-07-17,recruitment_and_contract_service,4,8,0.5
92,Запорожский вестник,Melitopol,2025-07-17,passportization_and_documents,3,8,0.375
92,Запорожский вестник,Melitopol,2025-07-17,elections_and_administration,6,8,0.75
92,Запорожский вестник,Melitopol,2025-07-17,reconstruction_and_integration,15,8,1.875
92,Запорожский вестник,Melitopol,2025-07-17,ukraine_as_enemy,3,8,0.375
92,Запорожский вестник,Melitopol,2025-07-17,children_and_militarization,0,8,0.0
92,Запорожский вестник,Melitopol,2025-07-17,leadership_and_loyalty,52,8,6.5
92,Запорожский вестник,Melitopol,2025-07-17,official_legal_register,17,8,2.125
93,Запорожский вестник,Melitopol,2025-07-24,nuclear_plant_and_enerhodar,13,8,1.625
93,Запорожский вестник,Melitopol,2025-07-24,agriculture_and_harvest,10,8,1.25
93,Запорожский вестник,Melitopol,2025-07-24,recruitment_and_contract_service,2,8,0.25
93,Запорожский вестник,Melitopol,2025-07-24,passportization_and_documents,4,8,0.5
93,Запорожский вестник,Melitopol,2025-07-24,elections_and_administration,4,8,0.5
93,Запорожский вестник,Melitopol,2025-07-24,reconstruction_and_integration,12,8,1.5
93,Запорожский вестник,Melitopol,2025-07-24,ukraine_as_enemy,4,8,0.5
93,Запорожский вестник,Melitopol,2025-07-24,children_and_militarization,6,8,0.75
93,Запорожский вестник,Melitopol,2025-07-24,leadership_and_loyalty,55,8,6.875
93,Запорожский вестник,Melitopol,2025-07-24,official_legal_register,7,8,0.875
94,Запорожский вестник,Melitopol,2025-07-31,nuclear_plant_and_enerhodar,16,8,2.0
94,Запорожский вестник,Melitopol,2025-07-31,agriculture_and_harvest,1,8,0.125
94,Запорожский вестник,Melitopol,2025-07-31,recruitment_and_contract_service,1,8,0.125
94,Запорожский вестник,Melitopol,2025-07-31,passportization_and_documents,7,8,0.875
94,Запорожский вестник,Melitopol,2025-07-31,elections_and_administration,4,8,0.5
94,Запорожский вестник,Melitopol,2025-07-31,reconstruction_and_integration,13,8,1.625
94,Запорожский вестник,Melitopol,2025-07-31,ukraine_as_enemy,2,8,0.25
94,Запорожский вестник,Melitopol,2025-07-31,children_and_militarization,3,8,0.375
94,Запорожский вестник,Melitopol,2025-07-31,leadership_and_loyalty,62,8,7.75
94,Запорожский вестник,Melitopol,2025-07-31,official_legal_register,11,8,1.375
95,Запорожский вестник,Melitopol,2025-08-07,nuclear_plant_and_enerhodar,8,8,1.0
95,Запорожский вестник,Melitopol,2025-08-07,agriculture_and_harvest,12,8,1.5
95,Запорожский вестник,Melitopol,2025-08-07,recruitment_and_contract_service,4,8,0.5
95,Запорожский вестник,Melitopol,2025-08-07,passportization_and_documents,4,8,0.5
95,Запорожский вестник,Melitopol,2025-08-07,elections_and_administration,7,8,0.875
95,Запорожский вестник,Melitopol,2025-08-07,reconstruction_and_integration,1,8,0.125
95,Запорожский вестник,Melitopol,2025-08-07,ukraine_as_enemy,5,8,0.625
95,Запорожский вестник,Melitopol,2025-08-07,children_and_militarization,7,8,0.875
95,Запорожский вестник,Melitopol,2025-08-07,leadership_and_loyalty,43,8,5.375
95,Запорожский вестник,Melitopol,2025-08-07,official_legal_register,13,8,1.625
96,Запорожский вестник,Melitopol,2025-08-14,nuclear_plant_and_enerhodar,19,8,2.375
96,Запорожский вестник,Melitopol,2025-08-14,agriculture_and_harvest,0,8,0.0
96,Запорожский вестник,Melitopol,2025-08-14,recruitment_and_contract_service,1,8,0.125
96,Запорожский вестник,Melitopol,2025-08-14,passportization_and_documents,8,8,1.0
96,Запорожский вестник,Melitopol,2025-08-14,elections_and_administration,0,8,0.0
96,Запорожский вестник,Melitopol,2025-08-14,reconstruction_and_integration,15,8,1.875
96,Запорожский вестник,Melitopol,2025-08-14,ukraine_as_enemy,3,8,0.375
96,Запорожский вестник,Melitopol,2025-08-14,children_and_militarization,4,8,0.5
96,Запорожский вестник,Melitopol,2025-08-14,leadership_and_loyalty,49,8,6.125
96,Запорожский вестник,Melitopol,2025-08-14,official_legal_register,12,8,1.5
97,Запорожский вестник,Melitopol,2025-08-21,nuclear_plant_and_enerhodar,18,8,2.25
97,Запорожский вестник,Melitopol,2025-08-21,agriculture_and_harvest,6,8,0.75
97,Запорожский вестник,Melitopol,2025-08-21,recruitment_and_contract_service,1,8,0.125
97,Запорожский вестник,Melitopol,2025-08-21,passportization_and_documents,13,8,1.625
97,Запорожский вестник,Melitopol,2025-08-21,elections_and_administration,3,8,0.375
97,Запорожский вестник,Melitopol,2025-08-21,reconstruction_and_integration,13,8,1.625
97,Запорожский вестник,Melitopol,2025-08-21,ukraine_as_enemy,2,8,0.25
97,Запорожский вестник,Melitopol,2025-08-21,children_and_militarization,3,8,0.375
97,Запорожский вестник,Melitopol,2025-08-21,leadership_and_loyalty,69,8,8.625
97,Запорожский вестник,Melitopol,2025-08-21,official_legal_register,13,8,1.625
98,Запорожский вестник,Melitopol,2025-08-28,nuclear_plant_and_enerhodar,25,8,3.125
98,Запорожский вестник,Melitopol,2025-08-28,agriculture_and_harvest,3,8,0.375
98,Запорожский вестник,Melitopol,2025-08-28,recruitment_and_contract_service,1,8,0.125
98,Запорожский вестник,Melitopol,2025-08-28,passportization_and_documents,7,8,0.875
98,Запорожский вестник,Melitopol,2025-08-28,elections_and_administration,2,8,0.25
98,Запорожский вестник,Melitopol,2025-08-28,reconstruction_and_integration,5,8,0.625
98,Запорожский вестник,Melitopol,2025-08-28,ukraine_as_enemy,2,8,0.25
98,Запорожский вестник,Melitopol,2025-08-28,children_and_militarization,9,8,1.125
98,Запорожский вестник,Melitopol,2025-08-28,leadership_and_loyalty,56,8,7.0
98,Запорожский вестник,Melitopol,2025-08-28,official_legal_register,7,8,0.875
99,Запорожский вестник,Melitopol,2024-09-05,nuclear_plant_and_enerhodar,7,8,0.875
99,Запорожский вестник,Melitopol,2024-09-05,agriculture_and_harvest,0,8,0.0
99,Запорожский вестник,Melitopol,2024-09-05,recruitment_and_contract_service,20,8,2.5
99,Запорожский вестник,Melitopol,2024-09-05,passportization_and_documents,7,8,0.875
99,Запорожский вестник,Melitopol,2024-09-05,elections_and_administration,2,8,0.25
99,Запорожский вестник,Melitopol,2024-09-05,reconstruction_and_integration,3,8,0.375
99,Запорожский вестник,Melitopol,2024-09-05,ukraine_as_enemy,8,8,1.0
99,Запорожский вестник,Melitopol,2024-09-05,children_and_militarization,17,8,2.125
99,Запорожский вестник,Melitopol,2024-09-05,leadership_and_loyalty,70,8,8.75
99,Запорожский вестник,Melitopol,2024-09-05,official_legal_register,2,8,0.25
100,Запорожский вестник,Melitopol,2025-09-04,nuclear_plant_and_enerhodar,13,8,1.625
100,Запорожский вестник,Melitopol,2025-09-04,agriculture_and_harvest,0,8,0.0
100,Запорожский вестник,Melitopol,2025-09-04,recruitment_and_contract_service,2,8,0.25
100,Запорожский вестник,Melitopol,2025-09-04,passportization_and_documents,7,8,0.875
100,Запорожский вестник,Melitopol,2025-09-04,elections_and_administration,3,8,0.375
100,Запорожский вестник,Melitopol,2025-09-04,reconstruction_and_integration,23,8,2.875
100,Запорожский вестник,Melitopol,2025-09-04,ukraine_as_enemy,8,8,1.0
100,Запорожский вестник,Melitopol,2025-09-04,children_and_militarization,8,8,1.0
100,Запорожский вестник,Melitopol,2025-09-04,leadership_and_loyalty,56,8,7.0
100,Запорожский вестник,Melitopol,2025-09-04,official_legal_register,17,8,2.125
101,Запорожский вестник,Melitopol,2024-09-12,nuclear_plant_and_enerhodar,1,8,0.125
101,Запорожский вестник,Melitopol,2024-09-12,agriculture_and_harvest,7,8,0.875
101,Запорожский вестник,Melitopol,2024-09-12,recruitment_and_contract_service,2,8,0.25
101,Запорожский вестник,Melitopol,2024-09-12,passportization_and_documents,25,8,3.125
101,Запорожский вестник,Melitopol,2024-09-12,elections_and_administration,6,8,0.75
101,Запорожский вестник,Melitopol,2024-09-12,reconstruction_and_integration,6,8,0.75
101,Запорожский вестник,Melitopol,2024-09-12,ukraine_as_enemy,1,8,0.125
101,Запорожский вестник,Melitopol,2024-09-12,children_and_militarization,0,8,0.0
101,Запорожский вестник,Melitopol,2024-09-12,leadership_and_loyalty,43,8,5.375
101,Запорожский вестник,Melitopol,2024-09-12,official_legal_register,4,8,0.5
102,Запорожский вестник,Melitopol,2025-09-11,nuclear_plant_and_enerhodar,19,8,2.375
102,Запорожский вестник,Melitopol,2025-09-11,agriculture_and_harvest,0,8,0.0
102,Запорожский вестник,Melitopol,2025-09-11,recruitment_and_contract_service,3,8,0.375
102,Запорожский вестник,Melitopol,2025-09-11,passportization_and_documents,2,8,0.25
102,Запорожский вестник,Melitopol,2025-09-11,elections_and_administration,3,8,0.375
102,Запорожский вестник,Melitopol,2025-09-11,reconstruction_and_integration,20,8,2.5
102,Запорожский вестник,Melitopol,2025-09-11,ukraine_as_enemy,2,8,0.25
102,Запорожский вестник,Melitopol,2025-09-11,children_and_militarization,2,8,0.25
102,Запорожский вестник,Melitopol,2025-09-11,leadership_and_loyalty,48,8,6.0
102,Запорожский вестник,Melitopol,2025-09-11,official_legal_register,7,8,0.875
103,Запорожский вестник,Melitopol,2024-09-19,nuclear_plant_and_enerhodar,4,8,0.5
103,Запорожский вестник,Melitopol,2024-09-19,agriculture_and_harvest,2,8,0.25
103,Запорожский вестник,Melitopol,2024-09-19,recruitment_and_contract_service,6,8,0.75
103,Запорожский вестник,Melitopol,2024-09-19,passportization_and_documents,13,8,1.625
103,Запорожский вестник,Melitopol,2024-09-19,elections_and_administration,0,8,0.0
103,Запорожский вестник,Melitopol,2024-09-19,reconstruction_and_integration,8,8,1.0
103,Запорожский вестник,Melitopol,2024-09-19,ukraine_as_enemy,6,8,0.75
103,Запорожский вестник,Melitopol,2024-09-19,children_and_militarization,11,8,1.375
103,Запорожский вестник,Melitopol,2024-09-19,leadership_and_loyalty,52,8,6.5
103,Запорожский вестник,Melitopol,2024-09-19,official_legal_register,5,8,0.625
104,Запорожский вестник,Melitopol,2025-09-18,nuclear_plant_and_enerhodar,15,8,1.875
104,Запорожский вестник,Melitopol,2025-09-18,agriculture_and_harvest,0,8,0.0
104,Запорожский вестник,Melitopol,2025-09-18,recruitment_and_contract_service,1,8,0.125
104,Запорожский вестник,Melitopol,2025-09-18,passportization_and_documents,8,8,1.0
104,Запорожский вестник,Melitopol,2025-09-18,elections_and_administration,6,8,0.75
104,Запорожский вестник,Melitopol,2025-09-18,reconstruction_and_integration,21,8,2.625
104,Запорожский вестник,Melitopol,2025-09-18,ukraine_as_enemy,4,8,0.5
104,Запорожский вестник,Melitopol,2025-09-18,children_and_militarization,6,8,0.75
104,Запорожский вестник,Melitopol,2025-09-18,leadership_and_loyalty,62,8,7.75
104,Запорожский вестник,Melitopol,2025-09-18,official_legal_register,4,8,0.5
105,Запорожский вестник,Melitopol,2024-09-26,nuclear_plant_and_enerhodar,3,8,0.375
105,Запорожский вестник,Melitopol,2024-09-26,agriculture_and_harvest,3,8,0.375
105,Запорожский вестник,Melitopol,2024-09-26,recruitment_and_contract_service,4,8,0.5
105,Запорожский вестник,Melitopol,2024-09-26,passportization_and_documents,8,8,1.0
105,Запорожский вестник,Melitopol,2024-09-26,elections_and_administration,21,8,2.625
105,Запорожский вестник,Melitopol,2024-09-26,reconstruction_and_integration,16,8,2.0
105,Запорожский вестник,Melitopol,2024-09-26,ukraine_as_enemy,5,8,0.625
105,Запорожский вестник,Melitopol,2024-09-26,children_and_militarization,3,8,0.375
105,Запорожский вестник,Melitopol,2024-09-26,leadership_and_loyalty,107,8,13.375
105,Запорожский вестник,Melitopol,2024-09-26,official_legal_register,6,8,0.75
106,Запорожский вестник,Melitopol,2025-09-25,nuclear_plant_and_enerhodar,13,8,1.625
106,Запорожский вестник,Melitopol,2025-09-25,agriculture_and_harvest,2,8,0.25
106,Запорожский вестник,Melitopol,2025-09-25,recruitment_and_contract_service,5,8,0.625
106,Запорожский вестник,Melitopol,2025-09-25,passportization_and_documents,5,8,0.625
106,Запорожский вестник,Melitopol,2025-09-25,elections_and_administration,10,8,1.25
106,Запорожский вестник,Melitopol,2025-09-25,reconstruction_and_integration,20,8,2.5
106,Запорожский вестник,Melitopol,2025-09-25,ukraine_as_enemy,6,8,0.75
106,Запорожский вестник,Melitopol,2025-09-25,children_and_militarization,11,8,1.375
106,Запорожский вестник,Melitopol,2025-09-25,leadership_and_loyalty,60,8,7.5
106,Запорожский вестник,Melitopol,2025-09-25,official_legal_register,9,8,1.125
107,Запорожский вестник,Melitopol,2025-01-16,nuclear_plant_and_enerhodar,13,8,1.625
107,Запорожский вестник,Melitopol,2025-01-16,agriculture_and_harvest,0,8,0.0
107,Запорожский вестник,Melitopol,2025-01-16,recruitment_and_contract_service,3,8,0.375
107,Запорожский вестник,Melitopol,2025-01-16,passportization_and_documents,22,8,2.75
107,Запорожский вестник,Melitopol,2025-01-16,elections_and_administration,0,8,0.0
107,Запорожский вестник,Melitopol,2025-01-16,reconstruction_and_integration,10,8,1.25
107,Запорожский вестник,Melitopol,2025-01-16,ukraine_as_enemy,0,8,0.0
107,Запорожский вестник,Melitopol,2025-01-16,children_and_militarization,8,8,1.0
107,Запорожский вестник,Melitopol,2025-01-16,leadership_and_loyalty,65,8,8.125
107,Запорожский вестник,Melitopol,2025-01-16,official_legal_register,11,8,1.375
108,Запорожский вестник,Melitopol,2026-01-22,nuclear_plant_and_enerhodar,11,8,1.375
108,Запорожский вестник,Melitopol,2026-01-22,agriculture_and_harvest,1,8,0.125
108,Запорожский вестник,Melitopol,2026-01-22,recruitment_and_contract_service,1,8,0.125
108,Запорожский вестник,Melitopol,2026-01-22,passportization_and_documents,4,8,0.5
108,Запорожский вестник,Melitopol,2026-01-22,elections_and_administration,6,8,0.75
108,Запорожский вестник,Melitopol,2026-01-22,reconstruction_and_integration,10,8,1.25
108,Запорожский вестник,Melitopol,2026-01-22,ukraine_as_enemy,4,8,0.5
108,Запорожский вестник,Melitopol,2026-01-22,children_and_militarization,11,8,1.375
108,Запорожский вестник,Melitopol,2026-01-22,leadership_and_loyalty,45,8,5.625
108,Запорожский вестник,Melitopol,2026-01-22,official_legal_register,7,8,0.875
109,Запорожский вестник,Melitopol,2024-10-03,nuclear_plant_and_enerhodar,26,8,3.25
109,Запорожский вестник,Melitopol,2024-10-03,agriculture_and_harvest,21,8,2.625
109,Запорожский вестник,Melitopol,2024-10-03,recruitment_and_contract_service,1,8,0.125
109,Запорожский вестник,Melitopol,2024-10-03,passportization_and_documents,5,8,0.625
109,Запорожский вестник,Melitopol,2024-10-03,elections_and_administration,5,8,0.625
109,Запорожский вестник,Melitopol,2024-10-03,reconstruction_and_integration,21,8,2.625
109,Запорожский вестник,Melitopol,2024-10-03,ukraine_as_enemy,3,8,0.375
109,Запорожский вестник,Melitopol,2024-10-03,children_and_militarization,2,8,0.25
109,Запорожский вестник,Melitopol,2024-10-03,leadership_and_loyalty,64,8,8.0
109,Запорожский вестник,Melitopol,2024-10-03,official_legal_register,8,8,1.0
110,Запорожский вестник,Melitopol,2025-10-02,nuclear_plant_and_enerhodar,50,8,6.25
110,Запорожский вестник,Melitopol,2025-10-02,agriculture_and_harvest,6,8,0.75
110,Запорожский вестник,Melitopol,2025-10-02,recruitment_and_contract_service,2,8,0.25
110,Запорожский вестник,Melitopol,2025-10-02,passportization_and_documents,2,8,0.25
110,Запорожский вестник,Melitopol,2025-10-02,elections_and_administration,4,8,0.5
110,Запорожский вестник,Melitopol,2025-10-02,reconstruction_and_integration,21,8,2.625
110,Запорожский вестник,Melitopol,2025-10-02,ukraine_as_enemy,6,8,0.75
110,Запорожский вестник,Melitopol,2025-10-02,children_and_militarization,1,8,0.125
110,Запорожский вестник,Melitopol,2025-10-02,leadership_and_loyalty,72,8,9.0
110,Запорожский вестник,Melitopol,2025-10-02,official_legal_register,12,8,1.5
111,Запорожский вестник,Melitopol,2025-10-09,nuclear_plant_and_enerhodar,22,8,2.75
111,Запорожский вестник,Melitopol,2025-10-09,agriculture_and_harvest,10,8,1.25
111,Запорожский вестник,Melitopol,2025-10-09,recruitment_and_contract_service,1,8,0.125
111,Запорожский вестник,Melitopol,2025-10-09,passportization_and_documents,9,8,1.125
111,Запорожский вестник,Melitopol,2025-10-09,elections_and_administration,4,8,0.5
111,Запорожский вестник,Melitopol,2025-10-09,reconstruction_and_integration,10,8,1.25
111,Запорожский вестник,Melitopol,2025-10-09,ukraine_as_enemy,3,8,0.375
111,Запорожский вестник,Melitopol,2025-10-09,children_and_militarization,2,8,0.25
111,Запорожский вестник,Melitopol,2025-10-09,leadership_and_loyalty,68,8,8.5
111,Запорожский вестник,Melitopol,2025-10-09,official_legal_register,11,8,1.375
112,Запорожский вестник,Melitopol,2025-10-16,nuclear_plant_and_enerhodar,12,8,1.5
112,Запорожский вестник,Melitopol,2025-10-16,agriculture_and_harvest,0,8,0.0
112,Запорожский вестник,Melitopol,2025-10-16,recruitment_and_contract_service,1,8,0.125
112,Запорожский вестник,Melitopol,2025-10-16,passportization_and_documents,3,8,0.375
112,Запорожский вестник,Melitopol,2025-10-16,elections_and_administration,9,8,1.125
112,Запорожский вестник,Melitopol,2025-10-16,reconstruction_and_integration,10,8,1.25
112,Запорожский вестник,Melitopol,2025-10-16,ukraine_as_enemy,2,8,0.25
112,Запорожский вестник,Melitopol,2025-10-16,children_and_militarization,6,8,0.75
112,Запорожский вестник,Melitopol,2025-10-16,leadership_and_loyalty,49,8,6.125
112,Запорожский вестник,Melitopol,2025-10-16,official_legal_register,15,8,1.875
113,Запорожский вестник,Melitopol,2024-10-17,nuclear_plant_and_enerhodar,19,8,2.375
113,Запорожский вестник,Melitopol,2024-10-17,agriculture_and_harvest,12,8,1.5
113,Запорожский вестник,Melitopol,2024-10-17,recruitment_and_contract_service,12,8,1.5
113,Запорожский вестник,Melitopol,2024-10-17,passportization_and_documents,3,8,0.375
113,Запорожский вестник,Melitopol,2024-10-17,elections_and_administration,3,8,0.375
113,Запорожский вестник,Melitopol,2024-10-17,reconstruction_and_integration,10,8,1.25
113,Запорожский вестник,Melitopol,2024-10-17,ukraine_as_enemy,5,8,0.625
113,Запорожский вестник,Melitopol,2024-10-17,children_and_militarization,3,8,0.375
113,Запорожский вестник,Melitopol,2024-10-17,leadership_and_loyalty,69,8,8.625
113,Запорожский вестник,Melitopol,2024-10-17,official_legal_register,8,8,1.0
114,Запорожский вестник,Melitopol,2024-10-24,nuclear_plant_and_enerhodar,20,8,2.5
114,Запорожский вестник,Melitopol,2024-10-24,agriculture_and_harvest,5,8,0.625
114,Запорожский вестник,Melitopol,2024-10-24,recruitment_and_contract_service,0,8,0.0
114,Запорожский вестник,Melitopol,2024-10-24,passportization_and_documents,16,8,2.0
114,Запорожский вестник,Melitopol,2024-10-24,elections_and_administration,4,8,0.5
114,Запорожский вестник,Melitopol,2024-10-24,reconstruction_and_integration,8,8,1.0
114,Запорожский вестник,Melitopol,2024-10-24,ukraine_as_enemy,6,8,0.75
114,Запорожский вестник,Melitopol,2024-10-24,children_and_militarization,6,8,0.75
114,Запорожский вестник,Melitopol,2024-10-24,leadership_and_loyalty,71,8,8.875
114,Запорожский вестник,Melitopol,2024-10-24,official_legal_register,17,8,2.125
115,Запорожский вестник,Melitopol,2025-10-23,nuclear_plant_and_enerhodar,10,8,1.25
115,Запорожский вестник,Melitopol,2025-10-23,agriculture_and_harvest,0,8,0.0
115,Запорожский вестник,Melitopol,2025-10-23,recruitment_and_contract_service,1,8,0.125
115,Запорожский вестник,Melitopol,2025-10-23,passportization_and_documents,6,8,0.75
115,Запорожский вестник,Melitopol,2025-10-23,elections_and_administration,0,8,0.0
115,Запорожский вестник,Melitopol,2025-10-23,reconstruction_and_integration,8,8,1.0
115,Запорожский вестник,Melitopol,2025-10-23,ukraine_as_enemy,5,8,0.625
115,Запорожский вестник,Melitopol,2025-10-23,children_and_militarization,4,8,0.5
115,Запорожский вестник,Melitopol,2025-10-23,leadership_and_loyalty,58,8,7.25
115,Запорожский вестник,Melitopol,2025-10-23,official_legal_register,9,8,1.125
116,Запорожский вестник,Melitopol,2025-10-30,nuclear_plant_and_enerhodar,13,8,1.625
116,Запорожский вестник,Melitopol,2025-10-30,agriculture_and_harvest,0,8,0.0
116,Запорожский вестник,Melitopol,2025-10-30,recruitment_and_contract_service,2,8,0.25
116,Запорожский вестник,Melitopol,2025-10-30,passportization_and_documents,9,8,1.125
116,Запорожский вестник,Melitopol,2025-10-30,elections_and_administration,13,8,1.625
116,Запорожский вестник,Melitopol,2025-10-30,reconstruction_and_integration,4,8,0.5
116,Запорожский вестник,Melitopol,2025-10-30,ukraine_as_enemy,2,8,0.25
116,Запорожский вестник,Melitopol,2025-10-30,children_and_militarization,4,8,0.5
116,Запорожский вестник,Melitopol,2025-10-30,leadership_and_loyalty,51,8,6.375
116,Запорожский вестник,Melitopol,2025-10-30,official_legal_register,23,8,2.875
117,Запорожский вестник,Melitopol,2024-11-07,nuclear_plant_and_enerhodar,17,8,2.125
117,Запорожский вестник,Melitopol,2024-11-07,agriculture_and_harvest,0,8,0.0
117,Запорожский вестник,Melitopol,2024-11-07,recruitment_and_contract_service,0,8,0.0
117,Запорожский вестник,Melitopol,2024-11-07,passportization_and_documents,14,8,1.75
117,Запорожский вестник,Melitopol,2024-11-07,elections_and_administration,1,8,0.125
117,Запорожский вестник,Melitopol,2024-11-07,reconstruction_and_integration,6,8,0.75
117,Запорожский вестник,Melitopol,2024-11-07,ukraine_as_enemy,5,8,0.625
117,Запорожский вестник,Melitopol,2024-11-07,children_and_militarization,5,8,0.625
117,Запорожский вестник,Melitopol,2024-11-07,leadership_and_loyalty,59,8,7.375
117,Запорожский вестник,Melitopol,2024-11-07,official_legal_register,9,8,1.125
118,Запорожский вестник,Melitopol,2025-11-06,nuclear_plant_and_enerhodar,24,8,3.0
118,Запорожский вестник,Melitopol,2025-11-06,agriculture_and_harvest,0,8,0.0
118,Запорожский вестник,Melitopol,2025-11-06,recruitment_and_contract_service,1,8,0.125
118,Запорожский вестник,Melitopol,2025-11-06,passportization_and_documents,6,8,0.75
118,Запорожский вестник,Melitopol,2025-11-06,elections_and_administration,10,8,1.25
118,Запорожский вестник,Melitopol,2025-11-06,reconstruction_and_integration,14,8,1.75
118,Запорожский вестник,Melitopol,2025-11-06,ukraine_as_enemy,1,8,0.125
118,Запорожский вестник,Melitopol,2025-11-06,children_and_militarization,5,8,0.625
118,Запорожский вестник,Melitopol,2025-11-06,leadership_and_loyalty,63,8,7.875
118,Запорожский вестник,Melitopol,2025-11-06,official_legal_register,7,8,0.875
119,Запорожский вестник,Melitopol,2024-11-14,nuclear_plant_and_enerhodar,18,8,2.25
119,Запорожский вестник,Melitopol,2024-11-14,agriculture_and_harvest,0,8,0.0
119,Запорожский вестник,Melitopol,2024-11-14,recruitment_and_contract_service,0,8,0.0
119,Запорожский вестник,Melitopol,2024-11-14,passportization_and_documents,5,8,0.625
119,Запорожский вестник,Melitopol,2024-11-14,elections_and_administration,1,8,0.125
119,Запорожский вестник,Melitopol,2024-11-14,reconstruction_and_integration,11,8,1.375
119,Запорожский вестник,Melitopol,2024-11-14,ukraine_as_enemy,1,8,0.125
119,Запорожский вестник,Melitopol,2024-11-14,children_and_militarization,2,8,0.25
119,Запорожский вестник,Melitopol,2024-11-14,leadership_and_loyalty,70,8,8.75
119,Запорожский вестник,Melitopol,2024-11-14,official_legal_register,11,8,1.375
120,Запорожский вестник,Melitopol,2025-11-13,nuclear_plant_and_enerhodar,17,8,2.125
120,Запорожский вестник,Melitopol,2025-11-13,agriculture_and_harvest,7,8,0.875
120,Запорожский вестник,Melitopol,2025-11-13,recruitment_and_contract_service,1,8,0.125
120,Запорожский вестник,Melitopol,2025-11-13,passportization_and_documents,11,8,1.375
120,Запорожский вестник,Melitopol,2025-11-13,elections_and_administration,0,8,0.0
120,Запорожский вестник,Melitopol,2025-11-13,reconstruction_and_integration,8,8,1.0
120,Запорожский вестник,Melitopol,2025-11-13,ukraine_as_enemy,5,8,0.625
120,Запорожский вестник,Melitopol,2025-11-13,children_and_militarization,6,8,0.75
120,Запорожский вестник,Melitopol,2025-11-13,leadership_and_loyalty,41,8,5.125
120,Запорожский вестник,Melitopol,2025-11-13,official_legal_register,8,8,1.0
121,Запорожский вестник,Melitopol,2024-11-21,nuclear_plant_and_enerhodar,13,8,1.625
121,Запорожский вестник,Melitopol,2024-11-21,agriculture_and_harvest,7,8,0.875
121,Запорожский вестник,Melitopol,2024-11-21,recruitment_and_contract_service,1,8,0.125
121,Запорожский вестник,Melitopol,2024-11-21,passportization_and_documents,3,8,0.375
121,Запорожский вестник,Melitopol,2024-11-21,elections_and_administration,2,8,0.25
121,Запорожский вестник,Melitopol,2024-11-21,reconstruction_and_integration,12,8,1.5
121,Запорожский вестник,Melitopol,2024-11-21,ukraine_as_enemy,6,8,0.75
121,Запорожский вестник,Melitopol,2024-11-21,children_and_militarization,7,8,0.875
121,Запорожский вестник,Melitopol,2024-11-21,leadership_and_loyalty,49,8,6.125
121,Запорожский вестник,Melitopol,2024-11-21,official_legal_register,12,8,1.5
122,Запорожский вестник,Melitopol,2025-11-20,nuclear_plant_and_enerhodar,13,8,1.625
122,Запорожский вестник,Melitopol,2025-11-20,agriculture_and_harvest,0,8,0.0
122,Запорожский вестник,Melitopol,2025-11-20,recruitment_and_contract_service,2,8,0.25
122,Запорожский вестник,Melitopol,2025-11-20,passportization_and_documents,5,8,0.625
122,Запорожский вестник,Melitopol,2025-11-20,elections_and_administration,6,8,0.75
122,Запорожский вестник,Melitopol,2025-11-20,reconstruction_and_integration,8,8,1.0
122,Запорожский вестник,Melitopol,2025-11-20,ukraine_as_enemy,6,8,0.75
122,Запорожский вестник,Melitopol,2025-11-20,children_and_militarization,2,8,0.25
122,Запорожский вестник,Melitopol,2025-11-20,leadership_and_loyalty,46,8,5.75
122,Запорожский вестник,Melitopol,2025-11-20,official_legal_register,30,8,3.75
123,Запорожский вестник,Melitopol,2024-11-28,nuclear_plant_and_enerhodar,15,8,1.875
123,Запорожский вестник,Melitopol,2024-11-28,agriculture_and_harvest,2,8,0.25
123,Запорожский вестник,Melitopol,2024-11-28,recruitment_and_contract_service,0,8,0.0
123,Запорожский вестник,Melitopol,2024-11-28,passportization_and_documents,20,8,2.5
123,Запорожский вестник,Melitopol,2024-11-28,elections_and_administration,2,8,0.25
123,Запорожский вестник,Melitopol,2024-11-28,reconstruction_and_integration,12,8,1.5
123,Запорожский вестник,Melitopol,2024-11-28,ukraine_as_enemy,1,8,0.125
123,Запорожский вестник,Melitopol,2024-11-28,children_and_militarization,5,8,0.625
123,Запорожский вестник,Melitopol,2024-11-28,leadership_and_loyalty,59,8,7.375
123,Запорожский вестник,Melitopol,2024-11-28,official_legal_register,6,8,0.75
124,Запорожский вестник,Melitopol,2025-11-27,nuclear_plant_and_enerhodar,15,8,1.875
124,Запорожский вестник,Melitopol,2025-11-27,agriculture_and_harvest,0,8,0.0
124,Запорожский вестник,Melitopol,2025-11-27,recruitment_and_contract_service,1,8,0.125
124,Запорожский вестник,Melitopol,2025-11-27,passportization_and_documents,4,8,0.5
124,Запорожский вестник,Melitopol,2025-11-27,elections_and_administration,2,8,0.25
124,Запорожский вестник,Melitopol,2025-11-27,reconstruction_and_integration,24,8,3.0
124,Запорожский вестник,Melitopol,2025-11-27,ukraine_as_enemy,4,8,0.5
124,Запорожский вестник,Melitopol,2025-11-27,children_and_militarization,5,8,0.625
124,Запорожский вестник,Melitopol,2025-11-27,leadership_and_loyalty,69,8,8.625
124,Запорожский вестник,Melitopol,2025-11-27,official_legal_register,10,8,1.25
125,Запорожский вестник,Melitopol,2024-12-05,nuclear_plant_and_enerhodar,17,8,2.125
125,Запорожский вестник,Melitopol,2024-12-05,agriculture_and_harvest,0,8,0.0
125,Запорожский вестник,Melitopol,2024-12-05,recruitment_and_contract_service,0,8,0.0
125,Запорожский вестник,Melitopol,2024-12-05,passportization_and_documents,6,8,0.75
125,Запорожский вестник,Melitopol,2024-12-05,elections_and_administration,1,8,0.125
125,Запорожский вестник,Melitopol,2024-12-05,reconstruction_and_integration,12,8,1.5
125,Запорожский вестник,Melitopol,2024-12-05,ukraine_as_enemy,3,8,0.375
125,Запорожский вестник,Melitopol,2024-12-05,children_and_militarization,4,8,0.5
125,Запорожский вестник,Melitopol,2024-12-05,leadership_and_loyalty,66,8,8.25
125,Запорожский вестник,Melitopol,2024-12-05,official_legal_register,4,8,0.5
126,Запорожский вестник,Melitopol,2025-12-04,nuclear_plant_and_enerhodar,11,8,1.375
126,Запорожский вестник,Melitopol,2025-12-04,agriculture_and_harvest,0,8,0.0
126,Запорожский вестник,Melitopol,2025-12-04,recruitment_and_contract_service,2,8,0.25
126,Запорожский вестник,Melitopol,2025-12-04,passportization_and_documents,2,8,0.25
126,Запорожский вестник,Melitopol,2025-12-04,elections_and_administration,2,8,0.25
126,Запорожский вестник,Melitopol,2025-12-04,reconstruction_and_integration,4,8,0.5
126,Запорожский вестник,Melitopol,2025-12-04,ukraine_as_enemy,4,8,0.5
126,Запорожский вестник,Melitopol,2025-12-04,children_and_militarization,5,8,0.625
126,Запорожский вестник,Melitopol,2025-12-04,leadership_and_loyalty,62,8,7.75
126,Запорожский вестник,Melitopol,2025-12-04,official_legal_register,4,8,0.5
127,Запорожский вестник,Melitopol,2025-01-23,nuclear_plant_and_enerhodar,20,8,2.5
127,Запорожский вестник,Melitopol,2025-01-23,agriculture_and_harvest,9,8,1.125
127,Запорожский вестник,Melitopol,2025-01-23,recruitment_and_contract_service,0,8,0.0
127,Запорожский вестник,Melitopol,2025-01-23,passportization_and_documents,3,8,0.375
127,Запорожский вестник,Melitopol,2025-01-23,elections_and_administration,5,8,0.625
127,Запорожский вестник,Melitopol,2025-01-23,reconstruction_and_integration,8,8,1.0
127,Запорожский вестник,Melitopol,2025-01-23,ukraine_as_enemy,1,8,0.125
127,Запорожский вестник,Melitopol,2025-01-23,children_and_militarization,2,8,0.25
127,Запорожский вестник,Melitopol,2025-01-23,leadership_and_loyalty,61,8,7.625
127,Запорожский вестник,Melitopol,2025-01-23,official_legal_register,15,8,1.875
128,Запорожский вестник,Melitopol,2026-01-29,nuclear_plant_and_enerhodar,16,8,2.0
128,Запорожский вестник,Melitopol,2026-01-29,agriculture_and_harvest,0,8,0.0
128,Запорожский вестник,Melitopol,2026-01-29,recruitment_and_contract_service,2,8,0.25
128,Запорожский вестник,Melitopol,2026-01-29,passportization_and_documents,2,8,0.25
128,Запорожский вестник,Melitopol,2026-01-29,elections_and_administration,1,8,0.125
128,Запорожский вестник,Melitopol,2026-01-29,reconstruction_and_integration,8,8,1.0
128,Запорожский вестник,Melitopol,2026-01-29,ukraine_as_enemy,4,8,0.5
128,Запорожский вестник,Melitopol,2026-01-29,children_and_militarization,0,8,0.0
128,Запорожский вестник,Melitopol,2026-01-29,leadership_and_loyalty,44,8,5.5
128,Запорожский вестник,Melitopol,2026-01-29,official_legal_register,7,8,0.875
129,Запорожский вестник,Melitopol,2024-12-12,nuclear_plant_and_enerhodar,17,8,2.125
129,Запорожский вестник,Melitopol,2024-12-12,agriculture_and_harvest,0,8,0.0
129,Запорожский вестник,Melitopol,2024-12-12,recruitment_and_contract_service,1,8,0.125
129,Запорожский вестник,Melitopol,2024-12-12,passportization_and_documents,5,8,0.625
129,Запорожский вестник,Melitopol,2024-12-12,elections_and_administration,0,8,0.0
129,Запорожский вестник,Melitopol,2024-12-12,reconstruction_and_integration,8,8,1.0
129,Запорожский вестник,Melitopol,2024-12-12,ukraine_as_enemy,0,8,0.0
129,Запорожский вестник,Melitopol,2024-12-12,children_and_militarization,14,8,1.75
129,Запорожский вестник,Melitopol,2024-12-12,leadership_and_loyalty,89,8,11.125
129,Запорожский вестник,Melitopol,2024-12-12,official_legal_register,14,8,1.75
130,Запорожский вестник,Melitopol,2025-12-11,nuclear_plant_and_enerhodar,19,8,2.375
130,Запорожский вестник,Melitopol,2025-12-11,agriculture_and_harvest,0,8,0.0
130,Запорожский вестник,Melitopol,2025-12-11,recruitment_and_contract_service,2,8,0.25
130,Запорожский вестник,Melitopol,2025-12-11,passportization_and_documents,2,8,0.25
130,Запорожский вестник,Melitopol,2025-12-11,elections_and_administration,0,8,0.0
130,Запорожский вестник,Melitopol,2025-12-11,reconstruction_and_integration,13,8,1.625
130,Запорожский вестник,Melitopol,2025-12-11,ukraine_as_enemy,1,8,0.125
130,Запорожский вестник,Melitopol,2025-12-11,children_and_militarization,6,8,0.75
130,Запорожский вестник,Melitopol,2025-12-11,leadership_and_loyalty,61,8,7.625
130,Запорожский вестник,Melitopol,2025-12-11,official_legal_register,11,8,1.375
131,Запорожский вестник,Melitopol,2024-12-19,nuclear_plant_and_enerhodar,9,8,1.125
131,Запорожский вестник,Melitopol,2024-12-19,agriculture_and_harvest,0,8,0.0
131,Запорожский вестник,Melitopol,2024-12-19,recruitment_and_contract_service,1,8,0.125
131,Запорожский вестник,Melitopol,2024-12-19,passportization_and_documents,4,8,0.5
131,Запорожский вестник,Melitopol,2024-12-19,elections_and_administration,7,8,0.875
131,Запорожский вестник,Melitopol,2024-12-19,reconstruction_and_integration,14,8,1.75
131,Запорожский вестник,Melitopol,2024-12-19,ukraine_as_enemy,2,8,0.25
131,Запорожский вестник,Melitopol,2024-12-19,children_and_militarization,10,8,1.25
131,Запорожский вестник,Melitopol,2024-12-19,leadership_and_loyalty,75,8,9.375
131,Запорожский вестник,Melitopol,2024-12-19,official_legal_register,9,8,1.125
132,Запорожский вестник,Melitopol,2025-12-18,nuclear_plant_and_enerhodar,14,8,1.75
132,Запорожский вестник,Melitopol,2025-12-18,agriculture_and_harvest,0,8,0.0
132,Запорожский вестник,Melitopol,2025-12-18,recruitment_and_contract_service,3,8,0.375
132,Запорожский вестник,Melitopol,2025-12-18,passportization_and_documents,14,8,1.75
132,Запорожский вестник,Melitopol,2025-12-18,elections_and_administration,14,8,1.75
132,Запорожский вестник,Melitopol,2025-12-18,reconstruction_and_integration,31,8,3.875
132,Запорожский вестник,Melitopol,2025-12-18,ukraine_as_enemy,4,8,0.5
132,Запорожский вестник,Melitopol,2025-12-18,children_and_militarization,2,8,0.25
132,Запорожский вестник,Melitopol,2025-12-18,leadership_and_loyalty,44,8,5.5
132,Запорожский вестник,Melitopol,2025-12-18,official_legal_register,16,8,2.0
133,Запорожский вестник,Melitopol,2024-12-26,nuclear_plant_and_enerhodar,16,8,2.0
133,Запорожский вестник,Melitopol,2024-12-26,agriculture_and_harvest,1,8,0.125
133,Запорожский вестник,Melitopol,2024-12-26,recruitment_and_contract_service,4,8,0.5
133,Запорожский вестник,Melitopol,2024-12-26,passportization_and_documents,7,8,0.875
133,Запорожский вестник,Melitopol,2024-12-26,elections_and_administration,0,8,0.0
133,Запорожский вестник,Melitopol,2024-12-26,reconstruction_and_integration,9,8,1.125
133,Запорожский вестник,Melitopol,2024-12-26,ukraine_as_enemy,2,8,0.25
133,Запорожский вестник,Melitopol,2024-12-26,children_and_militarization,4,8,0.5
133,Запорожский вестник,Melitopol,2024-12-26,leadership_and_loyalty,64,8,8.0
133,Запорожский вестник,Melitopol,2024-12-26,official_legal_register,19,8,2.375
134,Запорожский вестник,Melitopol,2025-12-25,nuclear_plant_and_enerhodar,13,8,1.625
134,Запорожский вестник,Melitopol,2025-12-25,agriculture_and_harvest,0,8,0.0
134,Запорожский вестник,Melitopol,2025-12-25,recruitment_and_contract_service,1,8,0.125
134,Запорожский вестник,Melitopol,2025-12-25,passportization_and_documents,7,8,0.875
134,Запорожский вестник,Melitopol,2025-12-25,elections_and_administration,0,8,0.0
134,Запорожский вестник,Melitopol,2025-12-25,reconstruction_and_integration,13,8,1.625
134,Запорожский вестник,Melitopol,2025-12-25,ukraine_as_enemy,3,8,0.375
134,Запорожский вестник,Melitopol,2025-12-25,children_and_militarization,8,8,1.0
134,Запорожский вестник,Melitopol,2025-12-25,leadership_and_loyalty,55,8,6.875
134,Запорожский вестник,Melitopol,2025-12-25,official_legal_register,17,8,2.125
135,Запорожский вестник,Melitopol,2025-01-30,nuclear_plant_and_enerhodar,17,8,2.125
135,Запорожский вестник,Melitopol,2025-01-30,agriculture_and_harvest,1,8,0.125
135,Запорожский вестник,Melitopol,2025-01-30,recruitment_and_contract_service,0,8,0.0
135,Запорожский вестник,Melitopol,2025-01-30,passportization_and_documents,4,8,0.5
135,Запорожский вестник,Melitopol,2025-01-30,elections_and_administration,0,8,0.0
135,Запорожский вестник,Melitopol,2025-01-30,reconstruction_and_integration,9,8,1.125
135,Запорожский вестник,Melitopol,2025-01-30,ukraine_as_enemy,8,8,1.0
135,Запорожский вестник,Melitopol,2025-01-30,children_and_militarization,4,8,0.5
135,Запорожский вестник,Melitopol,2025-01-30,leadership_and_loyalty,71,8,8.875
135,Запорожский вестник,Melitopol,2025-01-30,official_legal_register,14,8,1.75
136,Запорожский вестник,Melitopol,2026-02-05,nuclear_plant_and_enerhodar,16,8,2.0
136,Запорожский вестник,Melitopol,2026-02-05,agriculture_and_harvest,11,8,1.375
136,Запорожский вестник,Melitopol,2026-02-05,recruitment_and_contract_service,2,8,0.25
136,Запорожский вестник,Melitopol,2026-02-05,passportization_and_documents,8,8,1.0
136,Запорожский вестник,Melitopol,2026-02-05,elections_and_administration,7,8,0.875
136,Запорожский вестник,Melitopol,2026-02-05,reconstruction_and_integration,14,8,1.75
136,Запорожский вестник,Melitopol,2026-02-05,ukraine_as_enemy,1,8,0.125
136,Запорожский вестник,Melitopol,2026-02-05,children_and_militarization,5,8,0.625
136,Запорожский вестник,Melitopol,2026-02-05,leadership_and_loyalty,46,8,5.75
136,Запорожский вестник,Melitopol,2026-02-05,official_legal_register,10,8,1.25
137,Запорожский вестник,Melitopol,2025-02-06,nuclear_plant_and_enerhodar,12,8,1.5
137,Запорожский вестник,Melitopol,2025-02-06,agriculture_and_harvest,6,8,0.75
137,Запорожский вестник,Melitopol,2025-02-06,recruitment_and_contract_service,1,8,0.125
137,Запорожский вестник,Melitopol,2025-02-06,passportization_and_documents,1,8,0.125
137,Запорожский вестник,Melitopol,2025-02-06,elections_and_administration,1,8,0.125
137,Запорожский вестник,Melitopol,2025-02-06,reconstruction_and_integration,16,8,2.0
137,Запорожский вестник,Melitopol,2025-02-06,ukraine_as_enemy,5,8,0.625
137,Запорожский вестник,Melitopol,2025-02-06,children_and_militarization,10,8,1.25
137,Запорожский вестник,Melitopol,2025-02-06,leadership_and_loyalty,56,8,7.0
137,Запорожский вестник,Melitopol,2025-02-06,official_legal_register,18,8,2.25
138,Запорожский вестник,Melitopol,2026-02-12,nuclear_plant_and_enerhodar,19,8,2.375
138,Запорожский вестник,Melitopol,2026-02-12,agriculture_and_harvest,0,8,0.0
138,Запорожский вестник,Melitopol,2026-02-12,recruitment_and_contract_service,28,8,3.5
138,Запорожский вестник,Melitopol,2026-02-12,passportization_and_documents,13,8,1.625
138,Запорожский вестник,Melitopol,2026-02-12,elections_and_administration,0,8,0.0
138,Запорожский вестник,Melitopol,2026-02-12,reconstruction_and_integration,3,8,0.375
138,Запорожский вестник,Melitopol,2026-02-12,ukraine_as_enemy,6,8,0.75
138,Запорожский вестник,Melitopol,2026-02-12,children_and_militarization,2,8,0.25
138,Запорожский вестник,Melitopol,2026-02-12,leadership_and_loyalty,53,8,6.625
138,Запорожский вестник,Melitopol,2026-02-12,official_legal_register,14,8,1.75
139,Запорожский вестник,Melitopol,2025-02-13,nuclear_plant_and_enerhodar,28,8,3.5
139,Запорожский вестник,Melitopol,2025-02-13,agriculture_and_harvest,0,8,0.0
139,Запорожский вестник,Melitopol,2025-02-13,recruitment_and_contract_service,0,8,0.0
139,Запорожский вестник,Melitopol,2025-02-13,passportization_and_documents,4,8,0.5
139,Запорожский вестник,Melitopol,2025-02-13,elections_and_administration,1,8,0.125
139,Запорожский вестник,Melitopol,2025-02-13,reconstruction_and_integration,8,8,1.0
139,Запорожский вестник,Melitopol,2025-02-13,ukraine_as_enemy,1,8,0.125
139,Запорожский вестник,Melitopol,2025-02-13,children_and_militarization,7,8,0.875
139,Запорожский вестник,Melitopol,2025-02-13,leadership_and_loyalty,39,8,4.875
139,Запорожский вестник,Melitopol,2025-02-13,official_legal_register,11,8,1.375
140,Запорожский вестник,Melitopol,2026-02-19,nuclear_plant_and_enerhodar,20,8,2.5
140,Запорожский вестник,Melitopol,2026-02-19,agriculture_and_harvest,0,8,0.0
140,Запорожский вестник,Melitopol,2026-02-19,recruitment_and_contract_service,2,8,0.25
140,Запорожский вестник,Melitopol,2026-02-19,passportization_and_documents,4,8,0.5
140,Запорожский вестник,Melitopol,2026-02-19,elections_and_administration,10,8,1.25
140,Запорожский вестник,Melitopol,2026-02-19,reconstruction_and_integration,6,8,0.75
140,Запорожский вестник,Melitopol,2026-02-19,ukraine_as_enemy,5,8,0.625
140,Запорожский вестник,Melitopol,2026-02-19,children_and_militarization,2,8,0.25
140,Запорожский вестник,Melitopol,2026-02-19,leadership_and_loyalty,48,8,6.0
140,Запорожский вестник,Melitopol,2026-02-19,official_legal_register,13,8,1.625
141,Запорожский вестник,Melitopol,2025-02-20,nuclear_plant_and_enerhodar,12,8,1.5
141,Запорожский вестник,Melitopol,2025-02-20,agriculture_and_harvest,7,8,0.875
141,Запорожский вестник,Melitopol,2025-02-20,recruitment_and_contract_service,1,8,0.125
141,Запорожский вестник,Melitopol,2025-02-20,passportization_and_documents,3,8,0.375
141,Запорожский вестник,Melitopol,2025-02-20,elections_and_administration,2,8,0.25
141,Запорожский вестник,Melitopol,2025-02-20,reconstruction_and_integration,7,8,0.875
141,Запорожский вестник,Melitopol,2025-02-20,ukraine_as_enemy,0,8,0.0
141,Запорожский вестник,Melitopol,2025-02-20,children_and_militarization,3,8,0.375
141,Запорожский вестник,Melitopol,2025-02-20,leadership_and_loyalty,70,8,8.75
141,Запорожский вестник,Melitopol,2025-02-20,official_legal_register,7,8,0.875
142,Запорожский вестник,Melitopol,2026-02-26,nuclear_plant_and_enerhodar,16,8,2.0
142,Запорожский вестник,Melitopol,2026-02-26,agriculture_and_harvest,0,8,0.0
142,Запорожский вестник,Melitopol,2026-02-26,recruitment_and_contract_service,6,8,0.75
142,Запорожский вестник,Melitopol,2026-02-26,passportization_and_documents,12,8,1.5
142,Запорожский вестник,Melitopol,2026-02-26,elections_and_administration,3,8,0.375
142,Запорожский вестник,Melitopol,2026-02-26,reconstruction_and_integration,8,8,1.0
142,Запорожский вестник,Melitopol,2026-02-26,ukraine_as_enemy,8,8,1.0
142,Запорожский вестник,Melitopol,2026-02-26,children_and_militarization,9,8,1.125
142,Запорожский вестник,Melitopol,2026-02-26,leadership_and_loyalty,76,8,9.5
142,Запорожский вестник,Melitopol,2026-02-26,official_legal_register,14,8,1.75
143,Запорожский вестник,Melitopol,2025-02-27,nuclear_plant_and_enerhodar,18,8,2.25
143,Запорожский вестник,Melitopol,2025-02-27,agriculture_and_harvest,1,8,0.125
143,Запорожский вестник,Melitopol,2025-02-27,recruitment_and_contract_service,0,8,0.0
143,Запорожский вестник,Melitopol,2025-02-27,passportization_and_documents,1,8,0.125
143,Запорожский вестник,Melitopol,2025-02-27,elections_and_administration,9,8,1.125
143,Запорожский вестник,Melitopol,2025-02-27,reconstruction_and_integration,17,8,2.125
143,Запорожский вестник,Melitopol,2025-02-27,ukraine_as_enemy,2,8,0.25
143,Запорожский вестник,Melitopol,2025-02-27,children_and_militarization,13,8,1.625
143,Запорожский вестник,Melitopol,2025-02-27,leadership_and_loyalty,70,8,8.75
143,Запорожский вестник,Melitopol,2025-02-27,official_legal_register,14,8,1.75
144,Запорожский вестник,Melitopol,2026-03-05,nuclear_plant_and_enerhodar,18,8,2.25
144,Запорожский вестник,Melitopol,2026-03-05,agriculture_and_harvest,0,8,0.0
144,Запорожский вестник,Melitopol,2026-03-05,recruitment_and_contract_service,3,8,0.375
144,Запорожский вестник,Melitopol,2026-03-05,passportization_and_documents,11,8,1.375
144,Запорожский вестник,Melitopol,2026-03-05,elections_and_administration,8,8,1.0
144,Запорожский вестник,Melitopol,2026-03-05,reconstruction_and_integration,9,8,1.125
144,Запорожский вестник,Melitopol,2026-03-05,ukraine_as_enemy,4,8,0.5
144,Запорожский вестник,Melitopol,2026-03-05,children_and_militarization,3,8,0.375
144,Запорожский вестник,Melitopol,2026-03-05,leadership_and_loyalty,54,8,6.75
144,Запорожский вестник,Melitopol,2026-03-05,official_legal_register,9,8,1.125
145,Запорожский вестник,Melitopol,2024-10-10,nuclear_plant_and_enerhodar,19,8,2.375
145,Запорожский вестник,Melitopol,2024-10-10,agriculture_and_harvest,1,8,0.125
145,Запорожский вестник,Melitopol,2024-10-10,recruitment_and_contract_service,5,8,0.625
145,Запорожский вестник,Melitopol,2024-10-10,passportization_and_documents,6,8,0.75
145,Запорожский вестник,Melitopol,2024-10-10,elections_and_administration,4,8,0.5
145,Запорожский вестник,Melitopol,2024-10-10,reconstruction_and_integration,8,8,1.0
145,Запорожский вестник,Melitopol,2024-10-10,ukraine_as_enemy,8,8,1.0
145,Запорожский вестник,Melitopol,2024-10-10,children_and_militarization,5,8,0.625
145,Запорожский вестник,Melitopol,2024-10-10,leadership_and_loyalty,63,8,7.875
145,Запорожский вестник,Melitopol,2024-10-10,official_legal_register,15,8,1.875
