issue_id,title_ru,title_translit,town_uk,raion_or_area,holding,issue_date,pages,source_url
719,Спортивное обозрение,Sportivnoe obozrenie,,Region-wide,Luganmedia,2024-08-22,20,https://luganmedia.ru/wp-content/uploads/2024/11/%D0%A1%D0%BF%D0%BE%D1%80%D1%82%D0%B8%D0%B2%D0%BD%D0%BE%D0%B5-%D0%BE%D0%B1%D0%BE%D0%B7%D1%80%D0%B5%D0%BD%D0%B8%D0%B5-%E2%84%9633-63.pdf
720,Спортивное обозрение,Sportivnoe obozrenie,,Region-wide,Luganmedia,2024-08-29,20,https://luganmedia.ru/wp-content/uploads/2024/11/%D0%A1%D0%BF%D0%BE%D1%80%D1%82%D0%B8%D0%B2%D0%BD%D0%BE%D0%B5-%D0%BE%D0%B1%D0%BE%D0%B7%D1%80%D0%B5%D0%BD%D0%B8%D0%B5-%E2%84%9634-64.pdf
721,Спортивное обозрение,Sportivnoe obozrenie,,Region-wide,Luganmedia,2024-09-05,20,https://luganmedia.ru/wp-content/uploads/2024/11/%D0%A1%D0%BF%D0%BE%D1%80%D1%82%D0%B8%D0%B2%D0%BD%D0%BE%D0%B5-%D0%BE%D0%B1%D0%BE%D0%B7%D1%80%D0%B5%D0%BD%D0%B8%D0%B5-%E2%84%9635-65.pdf
722,Спортивное обозрение,Sportivnoe obozrenie,,Region-wide,Luganmedia,2024-09-12,20,https://luganmedia.ru/wp-content/uploads/2024/11/%D0%A1%D0%BF%D0%BE%D1%80%D1%82%D0%B8%D0%B2%D0%BD%D0%BE%D0%B5-%D0%BE%D0%B1%D0%BE%D0%B7%D1%80%D0%B5%D0%BD%D0%B8%D0%B5-%E2%84%9636-66.pdf
723,Спортивное обозрение,Sportivnoe obozrenie,,Region-wide,Luganmedia,2024-09-19,20,https://luganmedia.ru/wp-content/uploads/2024/11/%D0%A1%D0%BF%D0%BE%D1%80%D1%82%D0%B8%D0%B2%D0%BD%D0%BE%D0%B5-%D0%BE%D0%B1%D0%BE%D0%B7%D1%80%D0%B5%D0%BD%D0%B8%D0%B5-%E2%84%963767.pdf
724,Спортивное обозрение,Sportivnoe obozrenie,,Region-wide,Luganmedia,2024-09-26,20,https://luganmedia.ru/wp-content/uploads/2024/11/%D0%A1%D0%BF%D0%BE%D1%80%D1%82%D0%B8%D0%B2%D0%BD%D0%BE%D0%B5-%D0%BE%D0%B1%D0%BE%D0%B7%D1%80%D0%B5%D0%BD%D0%B8%D0%B5-%E2%84%9638-68.pdf
725,Спортивное обозрение,Sportivnoe obozrenie,,Region-wide,Luganmedia,2024-10-03,20,https://luganmedia.ru/wp-content/uploads/2024/11/%D0%A1%D0%BF%D0%BE%D1%80%D1%82%D0%B8%D0%B2%D0%BD%D0%BE%D0%B5-%D0%BE%D0%B1%D0%BE%D0%B7%D1%80%D0%B5%D0%BD%D0%B8%D0%B5-%E2%84%9639-69.pdf
727,Спортивное обозрение,Sportivnoe obozrenie,,Region-wide,Luganmedia,2024-10-10,20,https://luganmedia.ru/wp-content/uploads/2024/11/%D0%A1%D0%BF%D0%BE%D1%80%D1%82%D0%B8%D0%B2%D0%BD%D0%BE%D0%B5-%D0%BE%D0%B1%D0%BE%D0%B7%D1%80%D0%B5%D0%BD%D0%B8%D0%B5-%E2%84%9640-70.pdf
728,Спортивное обозрение,Sportivnoe obozrenie,,Region-wide,Luganmedia,2024-10-17,20,https://luganmedia.ru/wp-content/uploads/2024/11/%D0%A1%D0%BF%D0%BE%D1%80%D1%82%D0%B8%D0%B2%D0%BD%D0%BE%D0%B5-%D0%BE%D0%B1%D0%BE%D0%B7%D1%80%D0%B5%D0%BD%D0%B8%D0%B5-%E2%84%964171.pdf
729,Спортивное обозрение,Sportivnoe obozrenie,,Region-wide,Luganmedia,2024-10-24,20,https://luganmedia.ru/wp-content/uploads/2024/11/%D0%A1%D0%BF%D0%BE%D1%80%D1%82%D0%B8%D0%B2%D0%BD%D0%BE%D0%B5-%D0%BE%D0%B1%D0%BE%D0%B7%D1%80%D0%B5%D0%BD%D0%B8%D0%B5-%E2%84%9642-72.pdf
730,Спортивное обозрение,Sportivnoe obozrenie,,Region-wide,Luganmedia,2024-10-31,20,https://luganmedia.ru/wp-content/uploads/2024/11/%D0%A1%D0%BF%D0%BE%D1%80%D1%82%D0%B8%D0%B2%D0%BD%D0%BE%D0%B5-%D0%BE%D0%B1%D0%BE%D0%B7%D1%80%D0%B5%D0%BD%D0%B8%D0%B5-%E2%84%9643-73.pdf
731,Спортивное обозрение,Sportivnoe obozrenie,,Region-wide,Luganmedia,2024-11-14,20,https://luganmedia.ru/wp-content/uploads/2024/11/%D0%A1%D0%BF%D0%BE%D1%80%D1%82%D0%B8%D0%B2%D0%BD%D0%BE%D0%B5-%D0%BE%D0%B1%D0%BE%D0%B7%D1%80%D0%B5%D0%BD%D0%B8%D0%B5-%E2%84%9645-75.pdf
732,Спортивное обозрение,Sportivnoe obozrenie,,Region-wide,Luganmedia,2024-11-21,20,https://luganmedia.ru/wp-content/uploads/2024/11/%D0%A1%D0%BF%D0%BE%D1%80%D1%82%D0%B8%D0%B2%D0%BD%D0%BE%D0%B5-%D0%BE%D0%B1%D0%BE%D0%B7%D1%80%D0%B5%D0%BD%D0%B8%D0%B5-%E2%84%9646-76.pdf
733,Спортивное обозрение,Sportivnoe obozrenie,,Region-wide,Luganmedia,2024-11-28,20,https://luganmedia.ru/wp-content/uploads/2024/12/%D0%A1%D0%BF%D0%BE%D1%80%D1%82%D0%B8%D0%B2%D0%BD%D0%BE%D0%B5-%D0%BE%D0%B1%D0%BE%D0%B7%D1%80%D0%B5%D0%BD%D0%B8%D0%B5-%E2%84%9647-77.pdf
734,Спортивное обозрение,Sportivnoe obozrenie,,Region-wide,Luganmedia,2024-12-05,20,https://luganmedia.ru/wp-content/uploads/2024/12/%D0%A1%D0%BF%D0%BE%D1%80%D1%82%D0%B8%D0%B2%D0%BD%D0%BE%D0%B5-%D0%BE%D0%B1%D0%BE%D0%B7%D1%80%D0%B5%D0%BD%D0%B8%D0%B5-%E2%84%9648-78.pdf
735,Спортивное обозрение,Sportivnoe obozrenie,,Region-wide,Luganmedia,2024-12-12,20,https://luganmedia.ru/wp-content/uploads/2024/12/%D0%A1%D0%BF%D0%BE%D1%80%D1%82%D0%B8%D0%B2%D0%BD%D0%BE%D0%B5-%D0%BE%D0%B1%D0%BE%D0%B7%D1%80%D0%B5%D0%BD%D0%B8%D0%B5-%E2%84%9649-79-1.pdf
737,Спортивное обозрение,Sportivnoe obozrenie,,Region-wide,Luganmedia,2024-12-19,20,https://luganmedia.ru/wp-content/uploads/2024/12/%D0%A1%D0%BF%D0%BE%D1%80%D1%82%D0%B8%D0%B2%D0%BD%D0%BE%D0%B5-%D0%BE%D0%B1%D0%BE%D0%B7%D1%80%D0%B5%D0%BD%D0%B8%D0%B5-%E2%84%9650-80.pdf
738,Спортивное обозрение,Sportivnoe obozrenie,,Region-wide,Luganmedia,2024-12-26,20,https://luganmedia.ru/wp-content/uploads/2025/01/%D0%A1%D0%BF%D0%BE%D1%80%D1%82%D0%B8%D0%B2%D0%BD%D0%BE%D0%B5-%D0%BE%D0%B1%D0%BE%D0%B7%D1%80%D0%B5%D0%BD%D0%B8%D0%B5-%E2%84%9651-81.pdf
713,Спортивное обозрение,Sportivnoe obozrenie,,Region-wide,Luganmedia,2025-01-16,20,https://luganmedia.ru/wp-content/uploads/2025/01/%D0%A1%D0%BF%D0%BE%D1%80%D1%82%D0%B8%D0%B2%D0%BD%D0%BE%D0%B5-%D0%BE%D0%B1%D0%BE%D0%B7%D1%80%D0%B5%D0%BD%D0%B8%D0%B5-%E2%84%961-82.pdf
717,Спортивное обозрение,Sportivnoe obozrenie,,Region-wide,Luganmedia,2025-01-23,20,https://luganmedia.ru/wp-content/uploads/2025/03/%D0%A1%D0%BF%D0%BE%D1%80%D1%82%D0%B8%D0%B2%D0%BD%D0%BE%D0%B5-%D0%BE%D0%B1%D0%BE%D0%B7%D1%80%D0%B5%D0%BD%D0%B8%D0%B5-%E2%84%962-83.pdf
718,Спортивное обозрение,Sportivnoe obozrenie,,Region-wide,Luganmedia,2025-01-30,20,https://luganmedia.ru/wp-content/uploads/2025/03/%D0%A1%D0%BF%D0%BE%D1%80%D1%82%D0%B8%D0%B2%D0%BD%D0%BE%D0%B5-%D0%BE%D0%B1%D0%BE%D0%B7%D1%80%D0%B5%D0%BD%D0%B8%D0%B5-%E2%84%963-84.pdf
726,Спортивное обозрение,Sportivnoe obozrenie,,Region-wide,Luganmedia,2025-02-06,20,https://luganmedia.ru/wp-content/uploads/2025/03/%D0%A1%D0%BF%D0%BE%D1%80%D1%82%D0%B8%D0%B2%D0%BD%D0%BE%D0%B5-%D0%BE%D0%B1%D0%BE%D0%B7%D1%80%D0%B5%D0%BD%D0%B8%D0%B5-%E2%84%964-85.pdf
736,Спортивное обозрение,Sportivnoe obozrenie,,Region-wide,Luganmedia,2025-02-13,20,https://luganmedia.ru/wp-content/uploads/2025/03/%D0%A1%D0%BF%D0%BE%D1%80%D1%82%D0%B8%D0%B2%D0%BD%D0%BE%D0%B5-%D0%BE%D0%B1%D0%BE%D0%B7%D1%80%D0%B5%D0%BD%D0%B8%D0%B5-%E2%84%965-86.pdf
739,Спортивное обозрение,Sportivnoe obozrenie,,Region-wide,Luganmedia,2025-02-20,20,https://luganmedia.ru/wp-content/uploads/2025/03/%D0%A1%D0%BF%D0%BE%D1%80%D1%82%D0%B8%D0%B2%D0%BD%D0%BE%D0%B5-%D0%BE%D0%B1%D0%BE%D0%B7%D1%80%D0%B5%D0%BD%D0%B8%D0%B5-%E2%84%966.pdf
740,Спортивное обозрение,Sportivnoe obozrenie,,Region-wide,Luganmedia,2025-02-27,20,https://luganmedia.ru/wp-content/uploads/2025/03/%D0%A1%D0%BF%D0%BE%D1%80%D1%82%D0%B8%D0%B2%D0%BD%D0%BE%D0%B5-%D0%BE%D0%B1%D0%BE%D0%B7%D1%80%D0%B5%D0%BD%D0%B8%D0%B5-%E2%84%967-88.pdf
741,Спортивное обозрение,Sportivnoe obozrenie,,Region-wide,Luganmedia,2025-03-06,20,https://luganmedia.ru/wp-content/uploads/2025/03/%D0%A1%D0%BF%D0%BE%D1%80%D1%82%D0%B8%D0%B2%D0%BD%D0%BE%D0%B5-%D0%BE%D0%B1%D0%BE%D0%B7%D1%80%D0%B5%D0%BD%D0%B8%D0%B5-%E2%84%968-89.pdf
742,Спортивное обозрение,Sportivnoe obozrenie,,Region-wide,Luganmedia,2025-03-13,20,https://luganmedia.ru/wp-content/uploads/2025/04/%D0%A1%D0%BF%D0%BE%D1%80%D1%82%D0%B8%D0%B2%D0%BD%D0%BE%D0%B5-%D0%BE%D0%B1%D0%BE%D0%B7%D1%80%D0%B5%D0%BD%D0%B8%D0%B5-%E2%84%969-90.pdf
714,Спортивное обозрение,Sportivnoe obozrenie,,Region-wide,Luganmedia,2025-03-20,20,https://luganmedia.ru/wp-content/uploads/2025/04/%D0%A1%D0%BF%D0%BE%D1%80%D1%82%D0%B8%D0%B2%D0%BD%D0%BE%D0%B5-%D0%BE%D0%B1%D0%BE%D0%B7%D1%80%D0%B5%D0%BD%D0%B8%D0%B5-%E2%84%9610-91.pdf
715,Спортивное обозрение,Sportivnoe obozrenie,,Region-wide,Luganmedia,2025-03-27,20,https://luganmedia.ru/wp-content/uploads/2025/04/%D0%A1%D0%BF%D0%BE%D1%80%D1%82%D0%B8%D0%B2%D0%BD%D0%BE%D0%B5-%D0%BE%D0%B1%D0%BE%D0%B7%D1%80%D0%B5%D0%BD%D0%B8%D0%B5-%E2%84%9611-92.pdf
716,Спортивное обозрение,Sportivnoe obozrenie,,Region-wide,Luganmedia,2025-04-03,20,https://luganmedia.ru/wp-content/uploads/2025/04/%D0%A1%D0%BF%D0%BE%D1%80%D1%82%D0%B8%D0%B2%D0%BD%D0%BE%D0%B5-%D0%BE%D0%B1%D0%BE%D0%B7%D1%80%D0%B5%D0%BD%D0%B8%D0%B5-%E2%84%9612-93.pdf
494,Огни,Ogni,Alchevsk,Alchevsk,Luganmedia,2024-01-12,15,https://luganmedia.ru/wp-content/uploads/2024/09/%D0%9E%D0%93%D0%9D%D0%98-1.pdf
505,Огни,Ogni,Alchevsk,Alchevsk,Luganmedia,2024-01-19,15,https://luganmedia.ru/wp-content/uploads/2024/09/%D0%9E%D0%93%D0%9D%D0%98-2.pdf
516,Огни,Ogni,Alchevsk,Alchevsk,Luganmedia,2024-01-26,15,https://luganmedia.ru/wp-content/uploads/2024/09/%D0%9E%D0%93%D0%9D%D0%98-3.pdf
525,Огни,Ogni,Alchevsk,Alchevsk,Luganmedia,2024-02-02,15,https://luganmedia.ru/wp-content/uploads/2024/09/%D0%9E%D0%93%D0%9D%D0%98-4.pdf
528,Огни,Ogni,Alchevsk,Alchevsk,Luganmedia,2024-02-09,15,https://luganmedia.ru/wp-content/uploads/2024/09/%D0%9E%D0%93%D0%9D%D0%98-5.pdf
529,Огни,Ogni,Alchevsk,Alchevsk,Luganmedia,2024-02-16,15,https://luganmedia.ru/wp-content/uploads/2024/09/%D0%9E%D0%93%D0%9D%D0%98-6.pdf
530,Огни,Ogni,Alchevsk,Alchevsk,Luganmedia,2024-02-20,11,https://luganmedia.ru/wp-content/uploads/2024/09/%D0%9E%D0%93%D0%9D%D0%98-7.pdf
531,Огни,Ogni,Alchevsk,Alchevsk,Luganmedia,2024-03-01,15,https://luganmedia.ru/wp-content/uploads/2024/09/%D0%9E%D0%93%D0%9D%D0%98-8.pdf
532,Огни,Ogni,Alchevsk,Alchevsk,Luganmedia,2024-03-05,15,https://luganmedia.ru/wp-content/uploads/2024/09/%D0%9E%D0%93%D0%9D%D0%98-9.pdf
495,Огни,Ogni,Alchevsk,Alchevsk,Luganmedia,2024-03-14,15,https://luganmedia.ru/wp-content/uploads/2024/09/%D0%9E%D0%93%D0%9D%D0%98-10.pdf
496,Огни,Ogni,Alchevsk,Alchevsk,Luganmedia,2024-03-22,15,https://luganmedia.ru/wp-content/uploads/2024/09/%D0%9E%D0%93%D0%9D%D0%98-11.pdf
497,Огни,Ogni,Alchevsk,Alchevsk,Luganmedia,2024-03-29,16,https://luganmedia.ru/wp-content/uploads/2024/09/%D0%9E%D0%93%D0%9D%D0%98-12.pdf
498,Огни,Ogni,Alchevsk,Alchevsk,Luganmedia,2024-04-05,16,https://luganmedia.ru/wp-content/uploads/2024/09/%D0%9E%D0%93%D0%9D%D0%98-13.pdf
499,Огни,Ogni,Alchevsk,Alchevsk,Luganmedia,2024-04-12,16,https://luganmedia.ru/wp-content/uploads/2024/09/%D0%9E%D0%93%D0%9D%D0%98-14.pdf
500,Огни,Ogni,Alchevsk,Alchevsk,Luganmedia,2024-04-19,15,https://luganmedia.ru/wp-content/uploads/2024/09/%D0%9E%D0%93%D0%9D%D0%98-15.pdf
501,Огни,Ogni,Alchevsk,Alchevsk,Luganmedia,2024-04-26,15,https://luganmedia.ru/wp-content/uploads/2024/09/%D0%9E%D0%93%D0%9D%D0%98-16.pdf
502,Огни,Ogni,Alchevsk,Alchevsk,Luganmedia,2024-05-03,15,https://luganmedia.ru/wp-content/uploads/2024/09/%D0%9E%D0%93%D0%9D%D0%98-17.pdf
503,Огни,Ogni,Alchevsk,Alchevsk,Luganmedia,2024-05-07,15,https://luganmedia.ru/wp-content/uploads/2024/09/%D0%9E%D0%93%D0%9D%D0%98-18.pdf
504,Огни,Ogni,Alchevsk,Alchevsk,Luganmedia,2024-05-17,15,https://luganmedia.ru/wp-content/uploads/2024/09/%D0%9E%D0%93%D0%9D%D0%98-19.pdf
506,Огни,Ogni,Alchevsk,Alchevsk,Luganmedia,2024-05-24,15,https://luganmedia.ru/wp-content/uploads/2024/09/%D0%9E%D0%93%D0%9D%D0%98-20.pdf
507,Огни,Ogni,Alchevsk,Alchevsk,Luganmedia,2024-05-31,15,https://luganmedia.ru/wp-content/uploads/2024/09/%D0%9E%D0%93%D0%9D%D0%98-21.pdf
508,Огни,Ogni,Alchevsk,Alchevsk,Luganmedia,2024-06-07,15,https://luganmedia.ru/wp-content/uploads/2024/09/%D0%9E%D0%93%D0%9D%D0%98-22.pdf
509,Огни,Ogni,Alchevsk,Alchevsk,Luganmedia,2024-06-14,15,https://luganmedia.ru/wp-content/uploads/2024/09/%D0%9E%D0%93%D0%9D%D0%98-23.pdf
510,Огни,Ogni,Alchevsk,Alchevsk,Luganmedia,2024-06-21,15,https://luganmedia.ru/wp-content/uploads/2024/09/%D0%9E%D0%93%D0%9D%D0%98-24.pdf
511,Огни,Ogni,Alchevsk,Alchevsk,Luganmedia,2024-06-28,15,https://luganmedia.ru/wp-content/uploads/2024/09/%D0%9E%D0%93%D0%9D%D0%98-25.pdf
512,Огни,Ogni,Alchevsk,Alchevsk,Luganmedia,2024-07-05,15,https://luganmedia.ru/wp-content/uploads/2024/09/%D0%9E%D0%93%D0%9D%D0%98-26.pdf
513,Огни,Ogni,Alchevsk,Alchevsk,Luganmedia,2024-07-12,16,https://luganmedia.ru/wp-content/uploads/2024/09/%D0%9E%D0%93%D0%9D%D0%98-27.pdf
514,Огни,Ogni,Alchevsk,Alchevsk,Luganmedia,2024-07-19,15,https://luganmedia.ru/wp-content/uploads/2024/09/%D0%9E%D0%93%D0%9D%D0%98-28.pdf
515,Огни,Ogni,Alchevsk,Alchevsk,Luganmedia,2024-07-26,10,https://luganmedia.ru/wp-content/uploads/2024/09/%D0%9E%D0%93%D0%9D%D0%98-29.pdf
517,Огни,Ogni,Alchevsk,Alchevsk,Luganmedia,2024-08-02,15,https://luganmedia.ru/wp-content/uploads/2024/09/%D0%9E%D0%93%D0%9D%D0%98-30.pdf
518,Огни,Ogni,Alchevsk,Alchevsk,Luganmedia,2024-08-09,15,https://luganmedia.ru/wp-content/uploads/2024/09/%D0%9E%D0%93%D0%9D%D0%98-31.pdf
519,Огни,Ogni,Alchevsk,Alchevsk,Luganmedia,2024-08-16,15,https://luganmedia.ru/wp-content/uploads/2024/09/%D0%9E%D0%93%D0%9D%D0%98-32.pdf
520,Огни,Ogni,Alchevsk,Alchevsk,Luganmedia,2024-08-23,15,https://luganmedia.ru/wp-content/uploads/2024/09/%D0%9E%D0%93%D0%9D%D0%98-33.pdf
521,Огни,Ogni,Alchevsk,Alchevsk,Luganmedia,2024-08-30,15,https://luganmedia.ru/wp-content/uploads/2024/09/%D0%9E%D0%93%D0%9D%D0%98-34.pdf
522,Огни,Ogni,Alchevsk,Alchevsk,Luganmedia,2024-09-06,11,https://luganmedia.ru/wp-content/uploads/2024/10/%D0%9E%D0%93%D0%9D%D0%98-35.pdf
523,Огни,Ogni,Alchevsk,Alchevsk,Luganmedia,2024-09-13,10,https://luganmedia.ru/wp-content/uploads/2024/10/%D0%9E%D0%93%D0%9D%D0%98-36.pdf
524,Огни,Ogni,Alchevsk,Alchevsk,Luganmedia,2024-09-20,15,https://luganmedia.ru/wp-content/uploads/2024/10/%D0%9E%D0%93%D0%9D%D0%98-37.pdf
570,Огни,Ogni,Alchevsk,Alchevsk,Luganmedia,2024-09-27,15,https://luganmedia.ru/wp-content/uploads/2025/03/%D0%9E%D0%B3%D0%BD%D0%B8_%E2%84%9638-.pdf
566,Огни,Ogni,Alchevsk,Alchevsk,Luganmedia,2024-10-04,15,https://luganmedia.ru/wp-content/uploads/2024/10/%D0%9E%D0%B3%D0%BD%D0%B8-%E2%84%9639-69.pdf
567,Огни,Ogni,Alchevsk,Alchevsk,Luganmedia,2024-10-11,15,https://luganmedia.ru/wp-content/uploads/2024/10/%D0%9E%D0%B3%D0%BD%D0%B8-%E2%84%9640-70.pdf
571,Огни,Ogni,Alchevsk,Alchevsk,Luganmedia,2024-10-18,10,https://luganmedia.ru/wp-content/uploads/2024/10/%D0%9E%D0%B3%D0%BD%D0%B8_%E2%84%9641_%D1%81%D0%BA%D0%BB%D0%B5%D0%B9%D0%BA%D0%B0.pdf
526,Огни,Ogni,Alchevsk,Alchevsk,Luganmedia,2024-10-25,15,https://luganmedia.ru/wp-content/uploads/2024/11/%D0%9E%D0%93%D0%9D%D0%98-42.pdf
527,Огни,Ogni,Alchevsk,Alchevsk,Luganmedia,2024-11-01,15,https://luganmedia.ru/wp-content/uploads/2024/11/%D0%9E%D0%93%D0%9D%D0%98-43.pdf
568,Огни,Ogni,Alchevsk,Alchevsk,Luganmedia,2024-11-08,15,https://luganmedia.ru/wp-content/uploads/2024/11/%D0%9E%D0%B3%D0%BD%D0%B8-%E2%84%9644-74.pdf
558,Огни,Ogni,Alchevsk,Alchevsk,Luganmedia,2024-11-15,15,https://luganmedia.ru/wp-content/uploads/2024/11/%D0%9E%D0%93%D0%9D%D0%98-%E2%84%9645-75.pdf
572,Огни,Ogni,Alchevsk,Alchevsk,Luganmedia,2024-11-22,16,https://luganmedia.ru/wp-content/uploads/2024/11/%D0%9E%D0%B3%D0%BD%D0%B8_%E2%84%9646.pdf
573,Огни,Ogni,Alchevsk,Alchevsk,Luganmedia,2024-11-29,15,https://luganmedia.ru/wp-content/uploads/2024/12/%D0%9E%D0%B3%D0%BD%D0%B8_%E2%84%9647-77.pdf
563,Огни,Ogni,Alchevsk,Alchevsk,Luganmedia,2024-12-06,15,https://luganmedia.ru/wp-content/uploads/2024/12/%D0%9E%D0%B3%D0%BD%D0%B8-%E2%84%96-48-78.pdf
569,Огни,Ogni,Alchevsk,Alchevsk,Luganmedia,2024-12-13,15,https://luganmedia.ru/wp-content/uploads/2024/12/%D0%9E%D0%B3%D0%BD%D0%B8-%E2%84%9649-79.pdf
564,Огни,Ogni,Alchevsk,Alchevsk,Luganmedia,2024-12-20,15,https://luganmedia.ru/wp-content/uploads/2024/12/%D0%9E%D0%B3%D0%BD%D0%B8-%E2%84%96-50-80.pdf
565,Огни,Ogni,Alchevsk,Alchevsk,Luganmedia,2024-12-27,15,https://luganmedia.ru/wp-content/uploads/2025/01/%D0%9E%D0%B3%D0%BD%D0%B8-%E2%84%96-51-81.pdf
559,Огни,Ogni,Alchevsk,Alchevsk,Luganmedia,2025-01-01,15,https://luganmedia.ru/wp-content/uploads/2025/03/%D0%9E%D0%93%D0%9D%D0%98-%E2%84%968-89.pdf
539,Огни,Ogni,Alchevsk,Alchevsk,Luganmedia,2025-01-17,15,https://luganmedia.ru/wp-content/uploads/2025/01/%D0%9E%D0%93%D0%9D%D0%98-%E2%84%96-182.pdf
557,Огни,Ogni,Alchevsk,Alchevsk,Luganmedia,2025-01-24,15,https://luganmedia.ru/wp-content/uploads/2025/02/%D0%9E%D0%93%D0%9D%D0%98-%E2%84%962-83.pdf
548,Огни,Ogni,Alchevsk,Alchevsk,Luganmedia,2025-01-31,15,https://luganmedia.ru/wp-content/uploads/2025/02/%D0%9E%D0%93%D0%9D%D0%98-%E2%84%96-3-84.pdf
554,Огни,Ogni,Alchevsk,Alchevsk,Luganmedia,2025-02-07,15,https://luganmedia.ru/wp-content/uploads/2025/02/%D0%9E%D0%93%D0%9D%D0%98-%E2%84%96-4-85.pdf
555,Огни,Ogni,Alchevsk,Alchevsk,Luganmedia,2025-02-14,15,https://luganmedia.ru/wp-content/uploads/2025/02/%D0%9E%D0%93%D0%9D%D0%98-%E2%84%96-5-86.pdf
574,Огни,Ogni,Alchevsk,Alchevsk,Luganmedia,2025-02-28,15,https://luganmedia.ru/wp-content/uploads/2025/03/%D0%9E%D0%B3%D0%BD%D0%B8_%E2%84%96788.pdf
560,Огни,Ogni,Alchevsk,Alchevsk,Luganmedia,2025-03-14,15,https://luganmedia.ru/wp-content/uploads/2025/04/%D0%9E%D0%93%D0%9D%D0%98-%E2%84%969-90.pdf
533,Огни,Ogni,Alchevsk,Alchevsk,Luganmedia,2025-03-21,15,https://luganmedia.ru/wp-content/uploads/2025/04/%D0%9E%D0%93%D0%9D%D0%98-%E2%84%96-10-91.pdf
534,Огни,Ogni,Alchevsk,Alchevsk,Luganmedia,2025-03-28,15,https://luganmedia.ru/wp-content/uploads/2025/04/%D0%9E%D0%93%D0%9D%D0%98-%E2%84%96-11-92.pdf
556,Огни,Ogni,Alchevsk,Alchevsk,Luganmedia,2025-04-18,15,https://luganmedia.ru/wp-content/uploads/2025/04/%D0%9E%D0%93%D0%9D%D0%98-%E2%84%9614-95.pdf
535,Огни,Ogni,Alchevsk,Alchevsk,Luganmedia,2025-04-25,15,https://luganmedia.ru/wp-content/uploads/2025/07/%D0%9E%D0%93%D0%9D%D0%98-%E2%84%96-15-96.pdf
536,Огни,Ogni,Alchevsk,Alchevsk,Luganmedia,2025-05-02,15,https://luganmedia.ru/wp-content/uploads/2025/07/%D0%9E%D0%93%D0%9D%D0%98-%E2%84%96-16-97.pdf
537,Огни,Ogni,Alchevsk,Alchevsk,Luganmedia,2025-05-09,16,https://luganmedia.ru/wp-content/uploads/2025/07/%D0%9E%D0%93%D0%9D%D0%98-%E2%84%96-17-98.pdf
538,Огни,Ogni,Alchevsk,Alchevsk,Luganmedia,2025-05-16,15,https://luganmedia.ru/wp-content/uploads/2025/07/%D0%9E%D0%93%D0%9D%D0%98-%E2%84%96-18-99.pdf
540,Огни,Ogni,Alchevsk,Alchevsk,Luganmedia,2025-05-23,15,https://luganmedia.ru/wp-content/uploads/2025/07/%D0%9E%D0%93%D0%9D%D0%98-%E2%84%96-19-100.pdf
541,Огни,Ogni,Alchevsk,Alchevsk,Luganmedia,2025-05-30,15,https://luganmedia.ru/wp-content/uploads/2025/07/%D0%9E%D0%93%D0%9D%D0%98-%E2%84%96-20-101.pdf
542,Огни,Ogni,Alchevsk,Alchevsk,Luganmedia,2025-06-06,16,https://luganmedia.ru/wp-content/uploads/2025/07/%D0%9E%D0%93%D0%9D%D0%98-%E2%84%96-21-102.pdf
543,Огни,Ogni,Alchevsk,Alchevsk,Luganmedia,2025-06-13,15,https://luganmedia.ru/wp-content/uploads/2025/07/%D0%9E%D0%93%D0%9D%D0%98-%E2%84%96-22-103.pdf
561,Огни,Ogni,Alchevsk,Alchevsk,Luganmedia,2025-06-27,15,https://luganmedia.ru/wp-content/uploads/2025/10/%D0%9E%D0%B3%D0%BD%D0%B8-%E2%84%96-24-105.pdf
562,Огни,Ogni,Alchevsk,Alchevsk,Luganmedia,2025-07-04,15,https://luganmedia.ru/wp-content/uploads/2025/10/%D0%9E%D0%B3%D0%BD%D0%B8-%E2%84%96-25-106.pdf
544,Огни,Ogni,Alchevsk,Alchevsk,Luganmedia,2025-07-11,15,https://luganmedia.ru/wp-content/uploads/2025/10/%D0%9E%D0%93%D0%9D%D0%98-%E2%84%96-26-107.pdf
545,Огни,Ogni,Alchevsk,Alchevsk,Luganmedia,2025-07-18,15,https://luganmedia.ru/wp-content/uploads/2025/10/%D0%9E%D0%93%D0%9D%D0%98-%E2%84%96-27-108.pdf
546,Огни,Ogni,Alchevsk,Alchevsk,Luganmedia,2025-07-25,15,https://luganmedia.ru/wp-content/uploads/2025/10/%D0%9E%D0%93%D0%9D%D0%98-%E2%84%96-28-109.pdf
547,Огни,Ogni,Alchevsk,Alchevsk,Luganmedia,2025-08-01,15,https://luganmedia.ru/wp-content/uploads/2025/10/%D0%9E%D0%93%D0%9D%D0%98-%E2%84%96-29-110.pdf
549,Огни,Ogni,Alchevsk,Alchevsk,Luganmedia,2025-08-08,15,https://luganmedia.ru/wp-content/uploads/2025/10/%D0%9E%D0%93%D0%9D%D0%98-%E2%84%96-30-111.pdf
550,Огни,Ogni,Alchevsk,Alchevsk,Luganmedia,2025-08-15,15,https://luganmedia.ru/wp-content/uploads/2025/10/%D0%9E%D0%93%D0%9D%D0%98-%E2%84%96-31-112.pdf
551,Огни,Ogni,Alchevsk,Alchevsk,Luganmedia,2025-08-22,15,https://luganmedia.ru/wp-content/uploads/2025/10/%D0%9E%D0%93%D0%9D%D0%98-%E2%84%96-32-113.pdf
552,Огни,Ogni,Alchevsk,Alchevsk,Luganmedia,2025-08-29,15,https://luganmedia.ru/wp-content/uploads/2025/10/%D0%9E%D0%93%D0%9D%D0%98-%E2%84%96-33-114.pdf
553,Огни,Ogni,Alchevsk,Alchevsk,Luganmedia,2025-09-05,15,https://luganmedia.ru/wp-content/uploads/2025/10/%D0%9E%D0%93%D0%9D%D0%98-%E2%84%96-34-115.pdf
1059,Огни,Ogni,Alchevsk,Alchevsk,Luganmedia,2026-04-03,15,https://luganmedia.ru/wp-content/uploads/2026/06/Огни-№-1-132-сжатый.pdf
1060,Огни,Ogni,Alchevsk,Alchevsk,Luganmedia,2026-04-10,15,https://luganmedia.ru/wp-content/uploads/2026/06/Огни-№-2-133-сжатый.pdf
1058,Огни,Ogni,Alchevsk,Alchevsk,Luganmedia,2026-04-17,15,https://luganmedia.ru/wp-content/uploads/2026/06/ОГНИ-№3-134-сжатый.pdf
1062,Огни,Ogni,Alchevsk,Alchevsk,Luganmedia,2026-04-24,15,https://luganmedia.ru/wp-content/uploads/2026/06/Огни-№4-135-сжатый.pdf
1061,Огни,Ogni,Alchevsk,Alchevsk,Luganmedia,2026-05-01,15,https://luganmedia.ru/wp-content/uploads/2026/06/Огни-№-5-136-сжатый.pdf
22,Антрацитовский вестник,Antratsitovskiy vestnik,Antratsyt,Antratsyt,Luganmedia,2023-03-01,23,https://luganmedia.ru/wp-content/uploads/2024/11/%D0%90%D0%BD%D1%82%D1%80%D0%B0%D1%86%D0%B8%D1%82%D0%BE%D0%B2%D1%81%D0%BA%D0%B8%D0%B9-%D0%B2%D0%B5%D1%81%D1%82%D0%BD%D0%B8%D0%BA-%E2%84%96-33-63.pdf
37,Антрацитовский вестник,Antratsitovskiy vestnik,Antratsyt,Antratsyt,Luganmedia,2023-03-08,23,https://luganmedia.ru/wp-content/uploads/2024/12/%D0%90%D0%BD%D1%82%D1%80%D0%B0%D1%86%D0%B8%D1%82%D0%BE%D0%B2%D1%81%D0%BA%D0%B8%D0%B9-%D0%B2%D0%B5%D1%81%D1%82%D0%BD%D0%B8%D0%BA-%E2%84%96-47-77.pdf
27,Антрацитовский вестник,Antratsitovskiy vestnik,Antratsyt,Antratsyt,Luganmedia,2023-04-03,23,https://luganmedia.ru/wp-content/uploads/2024/11/%D0%90%D0%BD%D1%82%D1%80%D0%B0%D1%86%D0%B8%D1%82%D0%BE%D0%B2%D1%81%D0%BA%D0%B8%D0%B9-%D0%B2%D0%B5%D1%81%D1%82%D0%BD%D0%B8%D0%BA-%E2%84%96-38-68.pdf
43,Антрацитовский вестник,Antratsitovskiy vestnik,Antratsyt,Antratsyt,Luganmedia,2024-03-01,23,https://luganmedia.ru/wp-content/uploads/2025/03/%D0%90%D0%BD%D1%82%D1%80%D0%B0%D1%86%D0%B8%D1%82%D0%BE%D0%B2%D1%81%D0%BA%D0%B8%D0%B9-%D0%B2%D0%B5%D1%81%D1%82%D0%BD%D0%B8%D0%BA-%E2%84%96-6-87.pdf
23,Антрацитовский вестник,Antratsitovskiy vestnik,Antratsyt,Antratsyt,Luganmedia,2024-08-19,24,https://luganmedia.ru/wp-content/uploads/2024/11/%D0%90%D0%BD%D1%82%D1%80%D0%B0%D1%86%D0%B8%D1%82%D0%BE%D0%B2%D1%81%D0%BA%D0%B8%D0%B9-%D0%B2%D0%B5%D1%81%D1%82%D0%BD%D0%B8%D0%BA-%E2%84%96-34-64.pdf
25,Антрацитовский вестник,Antratsitovskiy vestnik,Antratsyt,Antratsyt,Luganmedia,2024-09-05,23,https://luganmedia.ru/wp-content/uploads/2024/11/%D0%90%D0%BD%D1%82%D1%80%D0%B0%D1%86%D0%B8%D1%82%D0%BE%D0%B2%D1%81%D0%BA%D0%B8%D0%B9-%D0%B2%D0%B5%D1%81%D1%82%D0%BD%D0%B8%D0%BA-%E2%84%96-36-66.pdf
26,Антрацитовский вестник,Antratsitovskiy vestnik,Antratsyt,Antratsyt,Luganmedia,2024-09-05,23,https://luganmedia.ru/wp-content/uploads/2024/11/%D0%90%D0%BD%D1%82%D1%80%D0%B0%D1%86%D0%B8%D1%82%D0%BE%D0%B2%D1%81%D0%BA%D0%B8%D0%B9-%D0%B2%D0%B5%D1%81%D1%82%D0%BD%D0%B8%D0%BA-%E2%84%96-37-67.pdf
24,Антрацитовский вестник,Antratsitovskiy vestnik,Antratsyt,Antratsyt,Luganmedia,2024-09-06,23,https://luganmedia.ru/wp-content/uploads/2024/11/%D0%90%D0%BD%D1%82%D1%80%D0%B0%D1%86%D0%B8%D1%82%D0%BE%D0%B2%D1%81%D0%BA%D0%B8%D0%B9-%D0%B2%D0%B5%D1%81%D1%82%D0%BD%D0%B8%D0%BA-%E2%84%96-35-65.pdf
30,Антрацитовский вестник,Antratsitovskiy vestnik,Antratsyt,Antratsyt,Luganmedia,2024-09-18,23,https://luganmedia.ru/wp-content/uploads/2024/11/%D0%90%D0%BD%D1%82%D1%80%D0%B0%D1%86%D0%B8%D1%82%D0%BE%D0%B2%D1%81%D0%BA%D0%B8%D0%B9-%D0%B2%D0%B5%D1%81%D1%82%D0%BD%D0%B8%D0%BA-%E2%84%96-40-70.pdf
28,Антрацитовский вестник,Antratsitovskiy vestnik,Antratsyt,Antratsyt,Luganmedia,2024-09-25,24,https://luganmedia.ru/wp-content/uploads/2024/11/%D0%90%D0%BD%D1%82%D1%80%D0%B0%D1%86%D0%B8%D1%82%D0%BE%D0%B2%D1%81%D0%BA%D0%B8%D0%B9-%D0%B2%D0%B5%D1%81%D1%82%D0%BD%D0%B8%D0%BA-%E2%84%96-39-69.pdf
32,Антрацитовский вестник,Antratsitovskiy vestnik,Antratsyt,Antratsyt,Luganmedia,2024-10-17,23,https://luganmedia.ru/wp-content/uploads/2024/11/%D0%90%D0%BD%D1%82%D1%80%D0%B0%D1%86%D0%B8%D1%82%D0%BE%D0%B2%D1%81%D0%BA%D0%B8%D0%B9-%D0%B2%D0%B5%D1%81%D1%82%D0%BD%D0%B8%D0%BA-%E2%84%96-42.pdf
31,Антрацитовский вестник,Antratsitovskiy vestnik,Antratsyt,Antratsyt,Luganmedia,2024-11-01,23,https://luganmedia.ru/wp-content/uploads/2024/11/%D0%90%D0%BD%D1%82%D1%80%D0%B0%D1%86%D0%B8%D1%82%D0%BE%D0%B2%D1%81%D0%BA%D0%B8%D0%B9-%D0%B2%D0%B5%D1%81%D1%82%D0%BD%D0%B8%D0%BA-%E2%84%96-41-71.pdf
34,Антрацитовский вестник,Antratsitovskiy vestnik,Antratsyt,Antratsyt,Luganmedia,2024-11-01,23,https://luganmedia.ru/wp-content/uploads/2024/11/%D0%90%D0%BD%D1%82%D1%80%D0%B0%D1%86%D0%B8%D1%82%D0%BE%D0%B2%D1%81%D0%BA%D0%B8%D0%B9-%D0%B2%D0%B5%D1%81%D1%82%D0%BD%D0%B8%D0%BA-%E2%84%96-44-74.pdf
39,Антрацитовский вестник,Antratsitovskiy vestnik,Antratsyt,Antratsyt,Luganmedia,2024-11-01,23,https://luganmedia.ru/wp-content/uploads/2024/12/%D0%90%D0%BD%D1%82%D1%80%D0%B0%D1%86%D0%B8%D1%82%D0%BE%D0%B2%D1%81%D0%BA%D0%B8%D0%B9-%D0%B2%D0%B5%D1%81%D1%82%D0%BD%D0%B8%D0%BA-%E2%84%96-49-79.pdf
35,Антрацитовский вестник,Antratsitovskiy vestnik,Antratsyt,Antratsyt,Luganmedia,2024-11-07,23,https://luganmedia.ru/wp-content/uploads/2024/11/%D0%90%D0%BD%D1%82%D1%80%D0%B0%D1%86%D0%B8%D1%82%D0%BE%D0%B2%D1%81%D0%BA%D0%B8%D0%B9-%D0%B2%D0%B5%D1%81%D1%82%D0%BD%D0%B8%D0%BA-%E2%84%96-45-75.pdf
33,Антрацитовский вестник,Antratsitovskiy vestnik,Antratsyt,Antratsyt,Luganmedia,2024-11-13,23,https://luganmedia.ru/wp-content/uploads/2024/11/%D0%90%D0%BD%D1%82%D1%80%D0%B0%D1%86%D0%B8%D1%82%D0%BE%D0%B2%D1%81%D0%BA%D0%B8%D0%B9-%D0%B2%D0%B5%D1%81%D1%82%D0%BD%D0%B8%D0%BA-%E2%84%96-43-73.pdf
36,Антрацитовский вестник,Antratsitovskiy vestnik,Antratsyt,Antratsyt,Luganmedia,2024-11-15,23,https://luganmedia.ru/wp-content/uploads/2024/11/%D0%90%D0%BD%D1%82%D1%80%D0%B0%D1%86%D0%B8%D1%82%D0%BE%D0%B2%D1%81%D0%BA%D0%B8%D0%B9-%D0%B2%D0%B5%D1%81%D1%82%D0%BD%D0%B8%D0%BA-%E2%84%96-46-76.pdf
38,Антрацитовский вестник,Antratsitovskiy vestnik,Antratsyt,Antratsyt,Luganmedia,2024-11-21,23,https://luganmedia.ru/wp-content/uploads/2024/12/%D0%90%D0%BD%D1%82%D1%80%D0%B0%D1%86%D0%B8%D1%82%D0%BE%D0%B2%D1%81%D0%BA%D0%B8%D0%B9-%D0%B2%D0%B5%D1%81%D1%82%D0%BD%D0%B8%D0%BA-%E2%84%96-48-78.pdf
41,Антрацитовский вестник,Antratsitovskiy vestnik,Antratsyt,Antratsyt,Luganmedia,2024-12-11,23,https://luganmedia.ru/wp-content/uploads/2024/12/%D0%90%D0%BD%D1%82%D1%80%D0%B0%D1%86%D0%B8%D1%82%D0%BE%D0%B2%D1%81%D0%BA%D0%B8%D0%B9-%D0%B2%D0%B5%D1%81%D1%82%D0%BD%D0%B8%D0%BA-%E2%84%96-50-80.pdf
19,Антрацитовский вестник,Antratsitovskiy vestnik,Antratsyt,Antratsyt,Luganmedia,2025-01-01,23,https://luganmedia.ru/wp-content/uploads/2025/01/%D0%90%D0%BD%D1%82%D1%80%D0%B0%D1%86%D0%B8%D1%82%D0%BE%D0%B2%D1%81%D0%BA%D0%B8%D0%B9-%D0%B2%D0%B5%D1%81%D1%82%D0%BD%D0%B8%D0%BA-%E2%84%96-182.pdf
21,Антрацитовский вестник,Antratsitovskiy vestnik,Antratsyt,Antratsyt,Luganmedia,2025-01-01,23,https://luganmedia.ru/wp-content/uploads/2025/02/%D0%90%D0%BD%D1%82%D1%80%D0%B0%D1%86%D0%B8%D1%82%D0%BE%D0%B2%D1%81%D0%BA%D0%B8%D0%B9-%D0%B2%D0%B5%D1%81%D1%82%D0%BD%D0%B8%D0%BA-%E2%84%96-3-84.pdf
29,Антрацитовский вестник,Antratsitovskiy vestnik,Antratsyt,Antratsyt,Luganmedia,2025-01-01,23,https://luganmedia.ru/wp-content/uploads/2025/02/%D0%90%D0%BD%D1%82%D1%80%D0%B0%D1%86%D0%B8%D1%82%D0%BE%D0%B2%D1%81%D0%BA%D0%B8%D0%B9-%D0%B2%D0%B5%D1%81%D1%82%D0%BD%D0%B8%D0%BA-%E2%84%96-4-85.pdf
42,Антрацитовский вестник,Antratsitovskiy vestnik,Antratsyt,Antratsyt,Luganmedia,2025-01-01,23,https://luganmedia.ru/wp-content/uploads/2025/01/%D0%90%D0%BD%D1%82%D1%80%D0%B0%D1%86%D0%B8%D1%82%D0%BE%D0%B2%D1%81%D0%BA%D0%B8%D0%B9-%D0%B2%D0%B5%D1%81%D1%82%D0%BD%D0%B8%D0%BA-%E2%84%96-51-81.pdf
16,Антрацитовский вестник,Antratsitovskiy vestnik,Antratsyt,Antratsyt,Luganmedia,2025-01-15,23,https://luganmedia.ru/wp-content/uploads/2025/04/%D0%90%D0%BD%D1%82%D1%80%D0%B0%D1%86%D0%B8%D1%82%D0%BE%D0%B2%D1%81%D0%BA%D0%B8%D0%B9-%D0%B2%D0%B5%D1%81%D1%82%D0%BD%D0%B8%D0%BA-%E2%84%96-10-91.pdf
20,Антрацитовский вестник,Antratsitovskiy vestnik,Antratsyt,Antratsyt,Luganmedia,2025-01-22,23,https://luganmedia.ru/wp-content/uploads/2025/02/%D0%90%D0%BD%D1%82%D1%80%D0%B0%D1%86%D0%B8%D1%82%D0%BE%D0%B2%D1%81%D0%BA%D0%B8%D0%B9-%D0%B2%D0%B5%D1%81%D1%82%D0%BD%D0%B8%D0%BA-%E2%84%96-283.pdf
40,Антрацитовский вестник,Antratsitovskiy vestnik,Antratsyt,Antratsyt,Luganmedia,2025-02-01,23,https://luganmedia.ru/wp-content/uploads/2025/02/%D0%90%D0%BD%D1%82%D1%80%D0%B0%D1%86%D0%B8%D1%82%D0%BE%D0%B2%D1%81%D0%BA%D0%B8%D0%B9-%D0%B2%D0%B5%D1%81%D1%82%D0%BD%D0%B8%D0%BA-%E2%84%96-5-86.pdf
17,Антрацитовский вестник,Antratsitovskiy vestnik,Antratsyt,Antratsyt,Luganmedia,2025-03-01,23,https://luganmedia.ru/wp-content/uploads/2025/04/%D0%90%D0%BD%D1%82%D1%80%D0%B0%D1%86%D0%B8%D1%82%D0%BE%D0%B2%D1%81%D0%BA%D0%B8%D0%B9-%D0%B2%D0%B5%D1%81%D1%82%D0%BD%D0%B8%D0%BA-%E2%84%96-11-92.pdf
46,Антрацитовский вестник,Antratsitovskiy vestnik,Antratsyt,Antratsyt,Luganmedia,2025-03-06,23,https://luganmedia.ru/wp-content/uploads/2025/04/%D0%90%D0%BD%D1%82%D1%80%D0%B0%D1%86%D0%B8%D1%82%D0%BE%D0%B2%D1%81%D0%BA%D0%B8%D0%B9-%D0%B2%D0%B5%D1%81%D1%82%D0%BD%D0%B8%D0%BA-%E2%84%96-9-90.pdf
44,Антрацитовский вестник,Antratsitovskiy vestnik,Antratsyt,Antratsyt,Luganmedia,2025-03-11,23,https://luganmedia.ru/wp-content/uploads/2025/03/%D0%90%D0%BD%D1%82%D1%80%D0%B0%D1%86%D0%B8%D1%82%D0%BE%D0%B2%D1%81%D0%BA%D0%B8%D0%B9-%D0%B2%D0%B5%D1%81%D1%82%D0%BD%D0%B8%D0%BA-%E2%84%96-7-88.pdf
45,Антрацитовский вестник,Antratsitovskiy vestnik,Antratsyt,Antratsyt,Luganmedia,2025-03-23,23,https://luganmedia.ru/wp-content/uploads/2025/03/%D0%90%D0%BD%D1%82%D1%80%D0%B0%D1%86%D0%B8%D1%82%D0%BE%D0%B2%D1%81%D0%BA%D0%B8%D0%B9-%D0%B2%D0%B5%D1%81%D1%82%D0%BD%D0%B8%D0%BA-%E2%84%96-8-89.pdf
18,Антрацитовский вестник,Antratsitovskiy vestnik,Antratsyt,Antratsyt,Luganmedia,2025-04-02,23,https://luganmedia.ru/wp-content/uploads/2025/04/%D0%90%D0%BD%D1%82%D1%80%D0%B0%D1%86%D0%B8%D1%82%D0%BE%D0%B2%D1%81%D0%BA%D0%B8%D0%B9-%D0%B2%D0%B5%D1%81%D1%82%D0%BD%D0%B8%D0%BA-%E2%84%96-12-93.pdf
960,Антрацитовский вестник,Antratsitovskiy vestnik,Antratsyt,Antratsyt,Luganmedia,2026-03-05,23,https://luganmedia.ru/wp-content/uploads/2026/06/Антрацитовский-вестник-№-2-сжатый.pdf
962,Антрацитовский вестник,Antratsitovskiy vestnik,Antratsyt,Antratsyt,Luganmedia,2026-04-08,23,https://luganmedia.ru/wp-content/uploads/2026/06/Антрацитовский-вестник-№-4-136-сжатый.pdf
961,Антрацитовский вестник,Antratsitovskiy vestnik,Antratsyt,Antratsyt,Luganmedia,2026-04-15,23,https://luganmedia.ru/wp-content/uploads/2026/06/Антрацитовский-вестник-№-3-135-сжатый.pdf
963,Антрацитовский вестник,Antratsitovskiy vestnik,Antratsyt,Antratsyt,Luganmedia,2026-04-29,23,https://luganmedia.ru/wp-content/uploads/2026/06/Антрацитовский-вестник-№-5-137-сжатый.pdf
964,Антрацитовский вестник,Antratsitovskiy vestnik,Antratsyt,Antratsyt,Luganmedia,2026-05-06,23,https://luganmedia.ru/wp-content/uploads/2026/07/Антрацитовский-вестник-№-6-138.pdf
965,Антрацитовский вестник,Antratsitovskiy vestnik,Antratsyt,Antratsyt,Luganmedia,2026-05-13,23,https://luganmedia.ru/wp-content/uploads/2026/07/Антрацитовский-вестник-№-7-139.pdf
966,Антрацитовский вестник,Antratsitovskiy vestnik,Antratsyt,Antratsyt,Luganmedia,2026-05-20,23,https://luganmedia.ru/wp-content/uploads/2026/07/Антрацитовский-вестник-№-8-140.pdf
967,Антрацитовский вестник,Antratsitovskiy vestnik,Antratsyt,Antratsyt,Luganmedia,2026-05-27,23,https://luganmedia.ru/wp-content/uploads/2026/07/Антрацитовский-вестник-№-9-141.pdf
956,Антрацитовский вестник,Antratsitovskiy vestnik,Antratsyt,Antratsyt,Luganmedia,2026-06-01,23,https://luganmedia.ru/wp-content/uploads/2026/06/Антрацитовский-вестник-№-1-сжатый.pdf
957,Антрацитовский вестник,Antratsitovskiy vestnik,Antratsyt,Antratsyt,Luganmedia,2026-06-03,23,https://luganmedia.ru/wp-content/uploads/2026/07/Антрацитовский-вестник-№-10-142.pdf
958,Антрацитовский вестник,Antratsitovskiy vestnik,Antratsyt,Antratsyt,Luganmedia,2026-06-06,23,https://luganmedia.ru/wp-content/uploads/2026/07/Антрацитовский-вестник-№-11-143.pdf
959,Антрацитовский вестник,Antratsitovskiy vestnik,Antratsyt,Antratsyt,Luganmedia,2026-07-01,23,https://luganmedia.ru/wp-content/uploads/2026/07/Антрацитовский-вестник-№-12-144.pdf
90,Белокуракинский вестник,Belokurakinskiy vestnik,Bilokurakyne,Bilokurakyne,Luganmedia,2024-08-23,15,https://luganmedia.ru/wp-content/uploads/2024/11/%D0%91%D0%B5%D0%BB%D0%BE%D0%BA%D1%83%D1%80%D0%B0%D0%BA%D0%B8%D0%BD%D1%81%D0%BA%D0%B8%D0%B9_%D0%B2%D0%B5%D1%81%D1%82%D0%BD%D0%B8%D0%BA_%E2%84%96-33-63.pdf
91,Белокуракинский вестник,Belokurakinskiy vestnik,Bilokurakyne,Bilokurakyne,Luganmedia,2024-08-30,15,https://luganmedia.ru/wp-content/uploads/2024/11/%D0%91%D0%B5%D0%BB%D0%BE%D0%BA%D1%83%D1%80%D0%B0%D0%BA%D0%B8%D0%BD%D1%81%D0%BA%D0%B8%D0%B9_%D0%B2%D0%B5%D1%81%D1%82%D0%BD%D0%B8%D0%BA_%E2%84%96-34-64.pdf
92,Белокуракинский вестник,Belokurakinskiy vestnik,Bilokurakyne,Bilokurakyne,Luganmedia,2024-09-06,15,https://luganmedia.ru/wp-content/uploads/2024/11/%D0%91%D0%B5%D0%BB%D0%BE%D0%BA%D1%83%D1%80%D0%B0%D0%BA%D0%B8%D0%BD%D1%81%D0%BA%D0%B8%D0%B9_%D0%B2%D0%B5%D1%81%D1%82%D0%BD%D0%B8%D0%BA_%E2%84%96-35-65.pdf
93,Белокуракинский вестник,Belokurakinskiy vestnik,Bilokurakyne,Bilokurakyne,Luganmedia,2024-09-13,15,https://luganmedia.ru/wp-content/uploads/2024/11/%D0%91%D0%B5%D0%BB%D0%BE%D0%BA%D1%83%D1%80%D0%B0%D0%BA%D0%B8%D0%BD%D1%81%D0%BA%D0%B8%D0%B9_%D0%B2%D0%B5%D1%81%D1%82%D0%BD%D0%B8%D0%BA_%E2%84%96-36-66.pdf
94,Белокуракинский вестник,Belokurakinskiy vestnik,Bilokurakyne,Bilokurakyne,Luganmedia,2024-09-20,15,https://luganmedia.ru/wp-content/uploads/2024/11/%D0%91%D0%B5%D0%BB%D0%BE%D0%BA%D1%83%D1%80%D0%B0%D0%BA%D0%B8%D0%BD%D1%81%D0%BA%D0%B8%D0%B9_%D0%B2%D0%B5%D1%81%D1%82%D0%BD%D0%B8%D0%BA_%E2%84%96-37-67.pdf
95,Белокуракинский вестник,Belokurakinskiy vestnik,Bilokurakyne,Bilokurakyne,Luganmedia,2024-09-27,15,https://luganmedia.ru/wp-content/uploads/2024/11/%D0%91%D0%B5%D0%BB%D0%BE%D0%BA%D1%83%D1%80%D0%B0%D0%BA%D0%B8%D0%BD%D1%81%D0%BA%D0%B8%D0%B9_%D0%B2%D0%B5%D1%81%D1%82%D0%BD%D0%B8%D0%BA_%E2%84%96-38-68.pdf
96,Белокуракинский вестник,Belokurakinskiy vestnik,Bilokurakyne,Bilokurakyne,Luganmedia,2024-10-04,15,https://luganmedia.ru/wp-content/uploads/2024/11/%D0%91%D0%B5%D0%BB%D0%BE%D0%BA%D1%83%D1%80%D0%B0%D0%BA%D0%B8%D0%BD%D1%81%D0%BA%D0%B8%D0%B9_%D0%B2%D0%B5%D1%81%D1%82%D0%BD%D0%B8%D0%BA_%E2%84%96-39-69.pdf
97,Белокуракинский вестник,Belokurakinskiy vestnik,Bilokurakyne,Bilokurakyne,Luganmedia,2024-10-11,15,https://luganmedia.ru/wp-content/uploads/2024/11/%D0%91%D0%B5%D0%BB%D0%BE%D0%BA%D1%83%D1%80%D0%B0%D0%BA%D0%B8%D0%BD%D1%81%D0%BA%D0%B8%D0%B9_%D0%B2%D0%B5%D1%81%D1%82%D0%BD%D0%B8%D0%BA_%E2%84%96-40-70.pdf
98,Белокуракинский вестник,Belokurakinskiy vestnik,Bilokurakyne,Bilokurakyne,Luganmedia,2024-10-18,15,https://luganmedia.ru/wp-content/uploads/2024/11/%D0%91%D0%B5%D0%BB%D0%BE%D0%BA%D1%83%D1%80%D0%B0%D0%BA%D0%B8%D0%BD%D1%81%D0%BA%D0%B8%D0%B9_%D0%B2%D0%B5%D1%81%D1%82%D0%BD%D0%B8%D0%BA_%E2%84%96-41-71.pdf
99,Белокуракинский вестник,Belokurakinskiy vestnik,Bilokurakyne,Bilokurakyne,Luganmedia,2024-10-25,15,https://luganmedia.ru/wp-content/uploads/2024/11/%D0%91%D0%B5%D0%BB%D0%BE%D0%BA%D1%83%D1%80%D0%B0%D0%BA%D0%B8%D0%BD%D1%81%D0%BA%D0%B8%D0%B9_%D0%B2%D0%B5%D1%81%D1%82%D0%BD%D0%B8%D0%BA_%E2%84%96-42-72.pdf
100,Белокуракинский вестник,Belokurakinskiy vestnik,Bilokurakyne,Bilokurakyne,Luganmedia,2024-11-01,15,https://luganmedia.ru/wp-content/uploads/2024/11/%D0%91%D0%B5%D0%BB%D0%BE%D0%BA%D1%83%D1%80%D0%B0%D0%BA%D0%B8%D0%BD%D1%81%D0%BA%D0%B8%D0%B9_%D0%B2%D0%B5%D1%81%D1%82%D0%BD%D0%B8%D0%BA_%E2%84%96-43-73.pdf
102,Белокуракинский вестник,Belokurakinskiy vestnik,Bilokurakyne,Bilokurakyne,Luganmedia,2024-11-08,15,https://luganmedia.ru/wp-content/uploads/2024/11/%D0%91%D0%B5%D0%BB%D0%BE%D0%BA%D1%83%D1%80%D0%B0%D0%BA%D0%B8%D0%BD%D1%81%D0%BA%D0%B8%D0%B9_%D0%B2%D0%B5%D1%81%D1%82%D0%BD%D0%B8%D0%BA_%E2%84%96-44-74.pdf
60,Белокуракинский вестник,Belokurakinskiy vestnik,Bilokurakyne,Bilokurakyne,Luganmedia,2024-11-15,16,https://luganmedia.ru/wp-content/uploads/2024/11/%D0%91%D0%B5%D0%BB%D0%BE%D0%B2%D0%BE%D0%B4%D1%81%D0%BA%D0%B8%D0%B9-%D0%92%D0%B5%D1%81%D1%82%D0%BD%D0%B8%D0%BA-%E2%84%964575-4.pdf
104,Белокуракинский вестник,Belokurakinskiy vestnik,Bilokurakyne,Bilokurakyne,Luganmedia,2024-11-22,15,https://luganmedia.ru/wp-content/uploads/2024/11/%D0%91%D0%B5%D0%BB%D0%BE%D0%BA%D1%83%D1%80%D0%B0%D0%BA%D0%B8%D0%BD%D1%81%D0%BA%D0%B8%D0%B9_%D0%B2%D0%B5%D1%81%D1%82%D0%BD%D0%B8%D0%BA_%E2%84%96-46-76.pdf
105,Белокуракинский вестник,Belokurakinskiy vestnik,Bilokurakyne,Bilokurakyne,Luganmedia,2024-11-29,15,https://luganmedia.ru/wp-content/uploads/2024/12/%D0%91%D0%B5%D0%BB%D0%BE%D0%BA%D1%83%D1%80%D0%B0%D0%BA%D0%B8%D0%BD%D1%81%D0%BA%D0%B8%D0%B9_%D0%B2%D0%B5%D1%81%D1%82%D0%BD%D0%B8%D0%BA_%E2%84%96-47-77.pdf
106,Белокуракинский вестник,Belokurakinskiy vestnik,Bilokurakyne,Bilokurakyne,Luganmedia,2024-12-06,15,https://luganmedia.ru/wp-content/uploads/2024/12/%D0%91%D0%B5%D0%BB%D0%BE%D0%BA%D1%83%D1%80%D0%B0%D0%BA%D0%B8%D0%BD%D1%81%D0%BA%D0%B8%D0%B9_%D0%B2%D0%B5%D1%81%D1%82%D0%BD%D0%B8%D0%BA_%E2%84%96-48-78.pdf
107,Белокуракинский вестник,Belokurakinskiy vestnik,Bilokurakyne,Bilokurakyne,Luganmedia,2024-12-13,15,https://luganmedia.ru/wp-content/uploads/2024/12/%D0%91%D0%B5%D0%BB%D0%BE%D0%BA%D1%83%D1%80%D0%B0%D0%BA%D0%B8%D0%BD%D1%81%D0%BA%D0%B8%D0%B9_%D0%B2%D0%B5%D1%81%D1%82%D0%BD%D0%B8%D0%BA_%E2%84%96-49-79.pdf
109,Белокуракинский вестник,Belokurakinskiy vestnik,Bilokurakyne,Bilokurakyne,Luganmedia,2024-12-27,15,https://luganmedia.ru/wp-content/uploads/2025/01/%D0%91%D0%B5%D0%BB%D0%BE%D0%BA%D1%83%D1%80%D0%B0%D0%BA%D0%B8%D0%BD%D1%81%D0%BA%D0%B8%D0%B9_%D0%B2%D0%B5%D1%81%D1%82%D0%BD%D0%B8%D0%BA_%E2%84%96-51-81.pdf
108,Белокуракинский вестник,Belokurakinskiy vestnik,Bilokurakyne,Bilokurakyne,Luganmedia,2024-12-31,15,https://luganmedia.ru/wp-content/uploads/2024/12/%D0%91%D0%B5%D0%BB%D0%BE%D0%BA%D1%83%D1%80%D0%B0%D0%BA%D0%B8%D0%BD%D1%81%D0%BA%D0%B8%D0%B9_%D0%B2%D0%B5%D1%81%D1%82%D0%BD%D0%B8%D0%BA_%E2%84%96-50-80.pdf
78,Белокуракинский вестник,Belokurakinskiy vestnik,Bilokurakyne,Bilokurakyne,Luganmedia,2025-01-17,15,https://luganmedia.ru/wp-content/uploads/2025/01/%D0%91%D0%B5%D0%BB%D0%BE%D0%BA%D1%83%D1%80%D0%B0%D0%BA%D0%B8%D0%BD%D1%81%D0%BA%D0%B8%D0%B9_%D0%B2%D0%B5%D1%81%D1%82%D0%BD%D0%B8%D0%BA_%E2%84%96-01-82.pdf
79,Белокуракинский вестник,Belokurakinskiy vestnik,Bilokurakyne,Bilokurakyne,Luganmedia,2025-01-24,15,https://luganmedia.ru/wp-content/uploads/2025/02/%D0%91%D0%B5%D0%BB%D0%BE%D0%BA%D1%83%D1%80%D0%B0%D0%BA%D0%B8%D0%BD%D1%81%D0%BA%D0%B8%D0%B9_%D0%B2%D0%B5%D1%81%D1%82%D0%BD%D0%B8%D0%BA_%E2%84%96-02-83.pdf
80,Белокуракинский вестник,Belokurakinskiy vestnik,Bilokurakyne,Bilokurakyne,Luganmedia,2025-01-31,15,https://luganmedia.ru/wp-content/uploads/2025/02/%D0%91%D0%B5%D0%BB%D0%BE%D0%BA%D1%83%D1%80%D0%B0%D0%BA%D0%B8%D0%BD%D1%81%D0%BA%D0%B8%D0%B9_%D0%B2%D0%B5%D1%81%D1%82%D0%BD%D0%B8%D0%BA_%E2%84%96-03-84.pdf
81,Белокуракинский вестник,Belokurakinskiy vestnik,Bilokurakyne,Bilokurakyne,Luganmedia,2025-02-07,15,https://luganmedia.ru/wp-content/uploads/2025/02/%D0%91%D0%B5%D0%BB%D0%BE%D0%BA%D1%83%D1%80%D0%B0%D0%BA%D0%B8%D0%BD%D1%81%D0%BA%D0%B8%D0%B9_%D0%B2%D0%B5%D1%81%D1%82%D0%BD%D0%B8%D0%BA_%E2%84%96-04-85.pdf
82,Белокуракинский вестник,Belokurakinskiy vestnik,Bilokurakyne,Bilokurakyne,Luganmedia,2025-02-14,15,https://luganmedia.ru/wp-content/uploads/2025/02/%D0%91%D0%B5%D0%BB%D0%BE%D0%BA%D1%83%D1%80%D0%B0%D0%BA%D0%B8%D0%BD%D1%81%D0%BA%D0%B8%D0%B9_%D0%B2%D0%B5%D1%81%D1%82%D0%BD%D0%B8%D0%BA_%E2%84%96-05-86.pdf
83,Белокуракинский вестник,Belokurakinskiy vestnik,Bilokurakyne,Bilokurakyne,Luganmedia,2025-02-21,15,https://luganmedia.ru/wp-content/uploads/2025/03/%D0%91%D0%B5%D0%BB%D0%BE%D0%BA%D1%83%D1%80%D0%B0%D0%BA%D0%B8%D0%BD%D1%81%D0%BA%D0%B8%D0%B9_%D0%B2%D0%B5%D1%81%D1%82%D0%BD%D0%B8%D0%BA_%E2%84%96-06-87.pdf
84,Белокуракинский вестник,Belokurakinskiy vestnik,Bilokurakyne,Bilokurakyne,Luganmedia,2025-02-28,15,https://luganmedia.ru/wp-content/uploads/2025/03/%D0%91%D0%B5%D0%BB%D0%BE%D0%BA%D1%83%D1%80%D0%B0%D0%BA%D0%B8%D0%BD%D1%81%D0%BA%D0%B8%D0%B9_%D0%B2%D0%B5%D1%81%D1%82%D0%BD%D0%B8%D0%BA_%E2%84%96-07-88.pdf
85,Белокуракинский вестник,Belokurakinskiy vestnik,Bilokurakyne,Bilokurakyne,Luganmedia,2025-03-07,15,https://luganmedia.ru/wp-content/uploads/2025/03/%D0%91%D0%B5%D0%BB%D0%BE%D0%BA%D1%83%D1%80%D0%B0%D0%BA%D0%B8%D0%BD%D1%81%D0%BA%D0%B8%D0%B9_%D0%B2%D0%B5%D1%81%D1%82%D0%BD%D0%B8%D0%BA_%E2%84%96-08-89.pdf
86,Белокуракинский вестник,Belokurakinskiy vestnik,Bilokurakyne,Bilokurakyne,Luganmedia,2025-03-14,15,https://luganmedia.ru/wp-content/uploads/2025/04/%D0%91%D0%B5%D0%BB%D0%BE%D0%BA%D1%83%D1%80%D0%B0%D0%BA%D0%B8%D0%BD%D1%81%D0%BA%D0%B8%D0%B9_%D0%B2%D0%B5%D1%81%D1%82%D0%BD%D0%B8%D0%BA_%E2%84%96-09-90.pdf
87,Белокуракинский вестник,Belokurakinskiy vestnik,Bilokurakyne,Bilokurakyne,Luganmedia,2025-03-21,15,https://luganmedia.ru/wp-content/uploads/2025/04/%D0%91%D0%B5%D0%BB%D0%BE%D0%BA%D1%83%D1%80%D0%B0%D0%BA%D0%B8%D0%BD%D1%81%D0%BA%D0%B8%D0%B9_%D0%B2%D0%B5%D1%81%D1%82%D0%BD%D0%B8%D0%BA_%E2%84%96-10-91.pdf
88,Белокуракинский вестник,Belokurakinskiy vestnik,Bilokurakyne,Bilokurakyne,Luganmedia,2025-03-28,15,https://luganmedia.ru/wp-content/uploads/2025/04/%D0%91%D0%B5%D0%BB%D0%BE%D0%BA%D1%83%D1%80%D0%B0%D0%BA%D0%B8%D0%BD%D1%81%D0%BA%D0%B8%D0%B9_%D0%B2%D0%B5%D1%81%D1%82%D0%BD%D0%B8%D0%BA_%E2%84%96-11-92.pdf
89,Белокуракинский вестник,Belokurakinskiy vestnik,Bilokurakyne,Bilokurakyne,Luganmedia,2025-04-04,15,https://luganmedia.ru/wp-content/uploads/2025/04/%D0%91%D0%B5%D0%BB%D0%BE%D0%BA%D1%83%D1%80%D0%B0%D0%BA%D0%B8%D0%BD%D1%81%D0%BA%D0%B8%D0%B9_%D0%B2%D0%B5%D1%81%D1%82%D0%BD%D0%B8%D0%BA_%E2%84%96-12_93.pdf
984,Белокуракинский вестник,Belokurakinskiy vestnik,Bilokurakyne,Bilokurakyne,Luganmedia,2025-09-01,15,https://luganmedia.ru/wp-content/uploads/2026/06/Белокуракинский-вестник-№-2-132-сжатый.pdf
980,Белокуракинский вестник,Belokurakinskiy vestnik,Bilokurakyne,Bilokurakyne,Luganmedia,2026-04-03,15,https://luganmedia.ru/wp-content/uploads/2026/06/Белокуракинский-вестник-№-1-132-сжатый.pdf
985,Белокуракинский вестник,Belokurakinskiy vestnik,Bilokurakyne,Bilokurakyne,Luganmedia,2026-04-29,15,https://luganmedia.ru/wp-content/uploads/2026/06/Белокуракинский-вестник-№-5-136-сжатый.pdf
986,Белокуракинский вестник,Belokurakinskiy vestnik,Bilokurakyne,Bilokurakyne,Luganmedia,2026-05-01,15,https://luganmedia.ru/wp-content/uploads/2026/07/Белокуракинский-вестник-№-6-137.pdf
988,Белокуракинский вестник,Belokurakinskiy vestnik,Bilokurakyne,Bilokurakyne,Luganmedia,2026-05-22,15,https://luganmedia.ru/wp-content/uploads/2026/07/Белокуракинский-вестник-№-8-139.pdf
989,Белокуракинский вестник,Belokurakinskiy vestnik,Bilokurakyne,Bilokurakyne,Luganmedia,2026-05-27,15,https://luganmedia.ru/wp-content/uploads/2026/07/Белокуракинский-вестник-№-9-140.pdf
990,Белокуракинский вестник,Belokurakinskiy vestnik,Bilokurakyne,Bilokurakyne,Luganmedia,2026-06-01,15,https://luganmedia.ru/wp-content/uploads/2026/06/Белокуракинский-вестник-№3-134-сжатый.pdf
981,Белокуракинский вестник,Belokurakinskiy vestnik,Bilokurakyne,Bilokurakyne,Luganmedia,2026-06-05,15,https://luganmedia.ru/wp-content/uploads/2026/07/Белокуракинский-вестник-№-10-141.pdf
982,Белокуракинский вестник,Belokurakinskiy vestnik,Bilokurakyne,Bilokurakyne,Luganmedia,2026-06-10,15,https://luganmedia.ru/wp-content/uploads/2026/07/Белокуракинский-вестник-№-11-142.pdf
983,Белокуракинский вестник,Belokurakinskiy vestnik,Bilokurakyne,Bilokurakyne,Luganmedia,2026-06-17,15,https://luganmedia.ru/wp-content/uploads/2026/07/Белокуракинский-вестник-№-12-143.pdf
987,Белокуракинский вестник,Belokurakinskiy vestnik,Bilokurakyne,Bilokurakyne,Luganmedia,2026-07-01,16,https://luganmedia.ru/wp-content/uploads/2026/07/Белокуракинский-вестник-№-7-138.pdf
68,Беловодский вестник,Belovodskiy vestnik,Bilovodsk,Bilovodsk,Luganmedia,2024-03-01,15,https://luganmedia.ru/wp-content/uploads/2025/03/%D0%91%D0%B5%D0%BB%D0%BE%D0%B2%D0%BE%D0%B4%D1%81%D0%BA%D0%B8%D0%B9-%D0%92%D0%B5%D1%81%D1%82%D0%BD%D0%B8%D0%BA-%E2%84%966-87.pdf
53,Беловодский вестник,Belovodskiy vestnik,Bilovodsk,Bilovodsk,Luganmedia,2024-08-23,15,https://luganmedia.ru/wp-content/uploads/2024/11/%D0%91%D0%B5%D0%BB%D0%BE%D0%B2%D0%BE%D0%B4%D1%81%D0%BA%D0%B8%D0%B9-%D0%92%D0%B5%D1%81%D1%82%D0%BD%D0%B8%D0%BA-%E2%84%9633.pdf
72,Беловодский вестник,Belovodskiy vestnik,Bilovodsk,Bilovodsk,Luganmedia,2024-08-30,15,https://luganmedia.ru/wp-content/uploads/2024/11/%D0%91%D0%B5%D0%BB%D0%BE%D0%B2%D0%BE%D0%B4%D1%81%D0%BA%D0%B8%D0%B9-%D0%B2%D0%B5%D1%81%D1%82%D0%BD%D0%B8%D0%BA-%E2%84%9634-64.pdf
73,Беловодский вестник,Belovodskiy vestnik,Bilovodsk,Bilovodsk,Luganmedia,2024-09-06,15,https://luganmedia.ru/wp-content/uploads/2024/11/%D0%91%D0%B5%D0%BB%D0%BE%D0%B2%D0%BE%D0%B4%D1%81%D0%BA%D0%B8%D0%B9-%D0%B2%D0%B5%D1%81%D1%82%D0%BD%D0%B8%D0%BA-%E2%84%9635-65.pdf
54,Беловодский вестник,Belovodskiy vestnik,Bilovodsk,Bilovodsk,Luganmedia,2024-09-13,15,https://luganmedia.ru/wp-content/uploads/2024/11/%D0%91%D0%B5%D0%BB%D0%BE%D0%B2%D0%BE%D0%B4%D1%81%D0%BA%D0%B8%D0%B9-%D0%92%D0%B5%D1%81%D1%82%D0%BD%D0%B8%D0%BA-%E2%84%9636-66.pdf
74,Беловодский вестник,Belovodskiy vestnik,Bilovodsk,Bilovodsk,Luganmedia,2024-09-20,15,https://luganmedia.ru/wp-content/uploads/2024/11/%D0%91%D0%B5%D0%BB%D0%BE%D0%B2%D0%BE%D0%B4%D1%81%D0%BA%D0%B8%D0%B9-%D0%B2%D0%B5%D1%81%D1%82%D0%BD%D0%B8%D0%BA-%E2%84%9637-67.pdf
75,Беловодский вестник,Belovodskiy vestnik,Bilovodsk,Bilovodsk,Luganmedia,2024-09-27,15,https://luganmedia.ru/wp-content/uploads/2024/11/%D0%91%D0%B5%D0%BB%D0%BE%D0%B2%D0%BE%D0%B4%D1%81%D0%BA%D0%B8%D0%B9-%D0%B2%D0%B5%D1%81%D1%82%D0%BD%D0%B8%D0%BA-%E2%84%9638-68.pdf
76,Беловодский вестник,Belovodskiy vestnik,Bilovodsk,Bilovodsk,Luganmedia,2024-10-04,15,https://luganmedia.ru/wp-content/uploads/2024/11/%D0%91%D0%B5%D0%BB%D0%BE%D0%B2%D0%BE%D0%B4%D1%81%D0%BA%D0%B8%D0%B9-%D0%B2%D0%B5%D1%81%D1%82%D0%BD%D0%B8%D0%BA-%E2%84%963969.pdf
77,Беловодский вестник,Belovodskiy vestnik,Bilovodsk,Bilovodsk,Luganmedia,2024-10-11,15,https://luganmedia.ru/wp-content/uploads/2024/11/%D0%91%D0%B5%D0%BB%D0%BE%D0%B2%D0%BE%D0%B4%D1%81%D0%BA%D0%B8%D0%B9-%D0%B2%D0%B5%D1%81%D1%82%D0%BD%D0%B8%D0%BA-%E2%84%9640-70.pdf
56,Беловодский вестник,Belovodskiy vestnik,Bilovodsk,Bilovodsk,Luganmedia,2024-10-18,15,https://luganmedia.ru/wp-content/uploads/2024/11/%D0%91%D0%B5%D0%BB%D0%BE%D0%B2%D0%BE%D0%B4%D1%81%D0%BA%D0%B8%D0%B9-%D0%92%D0%B5%D1%81%D1%82%D0%BD%D0%B8%D0%BA-%E2%84%964171.pdf
57,Беловодский вестник,Belovodskiy vestnik,Bilovodsk,Bilovodsk,Luganmedia,2024-10-25,15,https://luganmedia.ru/wp-content/uploads/2024/11/%D0%91%D0%B5%D0%BB%D0%BE%D0%B2%D0%BE%D0%B4%D1%81%D0%BA%D0%B8%D0%B9-%D0%92%D0%B5%D1%81%D1%82%D0%BD%D0%B8%D0%BA-%E2%84%964272.pdf
58,Беловодский вестник,Belovodskiy vestnik,Bilovodsk,Bilovodsk,Luganmedia,2024-11-01,15,https://luganmedia.ru/wp-content/uploads/2024/11/%D0%91%D0%B5%D0%BB%D0%BE%D0%B2%D0%BE%D0%B4%D1%81%D0%BA%D0%B8%D0%B9-%D0%92%D0%B5%D1%81%D1%82%D0%BD%D0%B8%D0%BA-%E2%84%964373.pdf
59,Беловодский вестник,Belovodskiy vestnik,Bilovodsk,Bilovodsk,Luganmedia,2024-11-08,15,https://luganmedia.ru/wp-content/uploads/2024/11/%D0%91%D0%B5%D0%BB%D0%BE%D0%B2%D0%BE%D0%B4%D1%81%D0%BA%D0%B8%D0%B9-%D0%92%D0%B5%D1%81%D1%82%D0%BD%D0%B8%D0%BA-%E2%84%964474.pdf
61,Беловодский вестник,Belovodskiy vestnik,Bilovodsk,Bilovodsk,Luganmedia,2024-11-22,15,https://luganmedia.ru/wp-content/uploads/2024/11/%D0%91%D0%B5%D0%BB%D0%BE%D0%B2%D0%BE%D0%B4%D1%81%D0%BA%D0%B8%D0%B9-%D0%92%D0%B5%D1%81%D1%82%D0%BD%D0%B8%D0%BA-%E2%84%9646-76.pdf
62,Беловодский вестник,Belovodskiy vestnik,Bilovodsk,Bilovodsk,Luganmedia,2024-11-29,15,https://luganmedia.ru/wp-content/uploads/2024/12/%D0%91%D0%B5%D0%BB%D0%BE%D0%B2%D0%BE%D0%B4%D1%81%D0%BA%D0%B8%D0%B9-%D0%92%D0%B5%D1%81%D1%82%D0%BD%D0%B8%D0%BA-%E2%84%9647-77.pdf
63,Беловодский вестник,Belovodskiy vestnik,Bilovodsk,Bilovodsk,Luganmedia,2024-12-06,15,https://luganmedia.ru/wp-content/uploads/2024/12/%D0%91%D0%B5%D0%BB%D0%BE%D0%B2%D0%BE%D0%B4%D1%81%D0%BA%D0%B8%D0%B9-%D0%92%D0%B5%D1%81%D1%82%D0%BD%D0%B8%D0%BA-%E2%84%9648-78.pdf
64,Беловодский вестник,Belovodskiy vestnik,Bilovodsk,Bilovodsk,Luganmedia,2024-12-13,15,https://luganmedia.ru/wp-content/uploads/2024/12/%D0%91%D0%B5%D0%BB%D0%BE%D0%B2%D0%BE%D0%B4%D1%81%D0%BA%D0%B8%D0%B9-%D0%92%D0%B5%D1%81%D1%82%D0%BD%D0%B8%D0%BA-%E2%84%9649-79.pdf
66,Беловодский вестник,Belovodskiy vestnik,Bilovodsk,Bilovodsk,Luganmedia,2024-12-20,15,https://luganmedia.ru/wp-content/uploads/2024/12/%D0%91%D0%B5%D0%BB%D0%BE%D0%B2%D0%BE%D0%B4%D1%81%D0%BA%D0%B8%D0%B9-%D0%92%D0%B5%D1%81%D1%82%D0%BD%D0%B8%D0%BA-%E2%84%9650-80.pdf
67,Беловодский вестник,Belovodskiy vestnik,Bilovodsk,Bilovodsk,Luganmedia,2024-12-27,15,https://luganmedia.ru/wp-content/uploads/2025/01/%D0%91%D0%B5%D0%BB%D0%BE%D0%B2%D0%BE%D0%B4%D1%81%D0%BA%D0%B8%D0%B9-%D0%92%D0%B5%D1%81%D1%82%D0%BD%D0%B8%D0%BA-%E2%84%9651-81.pdf
70,Беловодский вестник,Belovodskiy vestnik,Bilovodsk,Bilovodsk,Luganmedia,2025-01-01,15,https://luganmedia.ru/wp-content/uploads/2025/03/%D0%91%D0%B5%D0%BB%D0%BE%D0%B2%D0%BE%D0%B4%D1%81%D0%BA%D0%B8%D0%B9-%D0%92%D0%B5%D1%81%D1%82%D0%BD%D0%B8%D0%BA-%E2%84%968-89.pdf
47,Беловодский вестник,Belovodskiy vestnik,Bilovodsk,Bilovodsk,Luganmedia,2025-01-17,15,https://luganmedia.ru/wp-content/uploads/2025/01/%D0%91%D0%B5%D0%BB%D0%BE%D0%B2%D0%BE%D0%B4%D1%81%D0%BA%D0%B8%D0%B9-%D0%92%D0%B5%D1%81%D1%82%D0%BD%D0%B8%D0%BA-%E2%84%961-82.pdf
51,Беловодский вестник,Belovodskiy vestnik,Bilovodsk,Bilovodsk,Luganmedia,2025-01-24,15,https://luganmedia.ru/wp-content/uploads/2025/02/%D0%91%D0%B5%D0%BB%D0%BE%D0%B2%D0%BE%D0%B4%D1%81%D0%BA%D0%B8%D0%B9-%D0%92%D0%B5%D1%81%D1%82%D0%BD%D0%B8%D0%BA-%E2%84%962-83.pdf
52,Беловодский вестник,Belovodskiy vestnik,Bilovodsk,Bilovodsk,Luganmedia,2025-01-31,15,https://luganmedia.ru/wp-content/uploads/2025/02/%D0%91%D0%B5%D0%BB%D0%BE%D0%B2%D0%BE%D0%B4%D1%81%D0%BA%D0%B8%D0%B9-%D0%92%D0%B5%D1%81%D1%82%D0%BD%D0%B8%D0%BA-%E2%84%963-84.pdf
65,Беловодский вестник,Belovodskiy vestnik,Bilovodsk,Bilovodsk,Luganmedia,2025-02-03,15,https://luganmedia.ru/wp-content/uploads/2025/02/%D0%91%D0%B5%D0%BB%D0%BE%D0%B2%D0%BE%D0%B4%D1%81%D0%BA%D0%B8%D0%B9-%D0%92%D0%B5%D1%81%D1%82%D0%BD%D0%B8%D0%BA-%E2%84%965-86.pdf
55,Беловодский вестник,Belovodskiy vestnik,Bilovodsk,Bilovodsk,Luganmedia,2025-02-07,15,https://luganmedia.ru/wp-content/uploads/2025/02/%D0%91%D0%B5%D0%BB%D0%BE%D0%B2%D0%BE%D0%B4%D1%81%D0%BA%D0%B8%D0%B9-%D0%92%D0%B5%D1%81%D1%82%D0%BD%D0%B8%D0%BA-%E2%84%964-85.pdf
69,Беловодский вестник,Belovodskiy vestnik,Bilovodsk,Bilovodsk,Luganmedia,2025-02-26,15,https://luganmedia.ru/wp-content/uploads/2025/03/%D0%91%D0%B5%D0%BB%D0%BE%D0%B2%D0%BE%D0%B4%D1%81%D0%BA%D0%B8%D0%B9-%D0%92%D0%B5%D1%81%D1%82%D0%BD%D0%B8%D0%BA-%E2%84%967-88.pdf
71,Беловодский вестник,Belovodskiy vestnik,Bilovodsk,Bilovodsk,Luganmedia,2025-03-14,15,https://luganmedia.ru/wp-content/uploads/2025/04/%D0%91%D0%B5%D0%BB%D0%BE%D0%B2%D0%BE%D0%B4%D1%81%D0%BA%D0%B8%D0%B9-%D0%92%D0%B5%D1%81%D1%82%D0%BD%D0%B8%D0%BA-%E2%84%969-90.pdf
48,Беловодский вестник,Belovodskiy vestnik,Bilovodsk,Bilovodsk,Luganmedia,2025-03-21,15,https://luganmedia.ru/wp-content/uploads/2025/04/%D0%91%D0%B5%D0%BB%D0%BE%D0%B2%D0%BE%D0%B4%D1%81%D0%BA%D0%B8%D0%B9-%D0%92%D0%B5%D1%81%D1%82%D0%BD%D0%B8%D0%BA-%E2%84%9610-91.pdf
49,Беловодский вестник,Belovodskiy vestnik,Bilovodsk,Bilovodsk,Luganmedia,2025-03-28,15,https://luganmedia.ru/wp-content/uploads/2025/04/%D0%91%D0%B5%D0%BB%D0%BE%D0%B2%D0%BE%D0%B4%D1%81%D0%BA%D0%B8%D0%B9-%D0%92%D0%B5%D1%81%D1%82%D0%BD%D0%B8%D0%BA-%E2%84%9611-92.pdf
50,Беловодский вестник,Belovodskiy vestnik,Bilovodsk,Bilovodsk,Luganmedia,2025-04-04,15,https://luganmedia.ru/wp-content/uploads/2025/04/%D0%91%D0%B5%D0%BB%D0%BE%D0%B2%D0%BE%D0%B4%D1%81%D0%BA%D0%B8%D0%B9-%D0%92%D0%B5%D1%81%D1%82%D0%BD%D0%B8%D0%BA-%E2%84%9612-93.pdf
969,Беловодский вестник,Belovodskiy vestnik,Bilovodsk,Bilovodsk,Luganmedia,2026-04-03,15,https://luganmedia.ru/wp-content/uploads/2026/06/Беловодский-Вестник-№1-132-сжатый.pdf
973,Беловодский вестник,Belovodskiy vestnik,Bilovodsk,Bilovodsk,Luganmedia,2026-04-10,15,https://luganmedia.ru/wp-content/uploads/2026/06/Беловодский-Вестник-№2-133-сжатый.pdf
968,Беловодский вестник,Belovodskiy vestnik,Bilovodsk,Bilovodsk,Luganmedia,2026-04-17,15,https://luganmedia.ru/wp-content/uploads/2026/06/Беловодский-Вестник-№-3-134-сжатый.pdf
974,Беловодский вестник,Belovodskiy vestnik,Bilovodsk,Bilovodsk,Luganmedia,2026-04-24,15,https://luganmedia.ru/wp-content/uploads/2026/06/Беловодский-Вестник-№4-135-сжатый.pdf
975,Беловодский вестник,Belovodskiy vestnik,Bilovodsk,Bilovodsk,Luganmedia,2026-05-01,15,https://luganmedia.ru/wp-content/uploads/2026/06/Беловодский-Вестник-№5-136-сжатый.pdf
976,Беловодский вестник,Belovodskiy vestnik,Bilovodsk,Bilovodsk,Luganmedia,2026-05-08,15,https://luganmedia.ru/wp-content/uploads/2026/07/Беловодский-Вестник-№6-137.pdf
977,Беловодский вестник,Belovodskiy vestnik,Bilovodsk,Bilovodsk,Luganmedia,2026-05-15,16,https://luganmedia.ru/wp-content/uploads/2026/07/Беловодский-Вестник-№7-138.pdf
978,Беловодский вестник,Belovodskiy vestnik,Bilovodsk,Bilovodsk,Luganmedia,2026-05-22,15,https://luganmedia.ru/wp-content/uploads/2026/07/Беловодский-Вестник-№8-139.pdf
979,Беловодский вестник,Belovodskiy vestnik,Bilovodsk,Bilovodsk,Luganmedia,2026-05-27,15,https://luganmedia.ru/wp-content/uploads/2026/07/Беловодский-Вестник-№9-140.pdf
970,Беловодский вестник,Belovodskiy vestnik,Bilovodsk,Bilovodsk,Luganmedia,2026-06-05,15,https://luganmedia.ru/wp-content/uploads/2026/07/Беловодский-Вестник-№10-141.pdf
971,Беловодский вестник,Belovodskiy vestnik,Bilovodsk,Bilovodsk,Luganmedia,2026-06-12,15,https://luganmedia.ru/wp-content/uploads/2026/07/Беловодский-Вестник-№11-142.pdf
972,Беловодский вестник,Belovodskiy vestnik,Bilovodsk,Bilovodsk,Luganmedia,2026-06-17,15,https://luganmedia.ru/wp-content/uploads/2026/07/Беловодский-Вестник-№12-143.pdf
921,Труд горняка,Trud gornyaka,Bryanka,Bryanka,Luganmedia,2024-08-21,15,https://luganmedia.ru/wp-content/uploads/2024/11/%D0%A2%D1%80%D1%83%D0%B4-%D0%B3%D0%BE%D1%80%D0%BD%D1%8F%D0%BA%D0%B0-33.pdf
922,Труд горняка,Trud gornyaka,Bryanka,Bryanka,Luganmedia,2024-08-28,15,https://luganmedia.ru/wp-content/uploads/2024/11/%D0%A2%D1%80%D1%83%D0%B4-%D0%B3%D0%BE%D1%80%D0%BD%D1%8F%D0%BA%D0%B0-34.pdf
923,Труд горняка,Trud gornyaka,Bryanka,Bryanka,Luganmedia,2024-09-04,15,https://luganmedia.ru/wp-content/uploads/2024/11/%D0%A2%D1%80%D1%83%D0%B4-%D0%B3%D0%BE%D1%80%D0%BD%D1%8F%D0%BA%D0%B0-35.pdf
924,Труд горняка,Trud gornyaka,Bryanka,Bryanka,Luganmedia,2024-09-11,15,https://luganmedia.ru/wp-content/uploads/2024/11/%D0%A2%D1%80%D1%83%D0%B4-%D0%B3%D0%BE%D1%80%D0%BD%D1%8F%D0%BA%D0%B0-36.pdf
943,Труд горняка,Trud gornyaka,Bryanka,Bryanka,Luganmedia,2024-09-18,15,https://luganmedia.ru/wp-content/uploads/2024/11/%D0%A2%D1%80%D1%83%D0%B4-%D0%B3%D0%BE%D1%80%D0%BD%D1%8F%D0%BA%D0%B0-%E2%84%9637-67.pdf
944,Труд горняка,Trud gornyaka,Bryanka,Bryanka,Luganmedia,2024-09-25,15,https://luganmedia.ru/wp-content/uploads/2024/11/%D0%A2%D1%80%D1%83%D0%B4-%D0%B3%D0%BE%D1%80%D0%BD%D1%8F%D0%BA%D0%B0-%E2%84%9638-68.pdf
945,Труд горняка,Trud gornyaka,Bryanka,Bryanka,Luganmedia,2024-10-02,15,https://luganmedia.ru/wp-content/uploads/2024/11/%D0%A2%D1%80%D1%83%D0%B4-%D0%B3%D0%BE%D1%80%D0%BD%D1%8F%D0%BA%D0%B0-%E2%84%9639-69.pdf
946,Труд горняка,Trud gornyaka,Bryanka,Bryanka,Luganmedia,2024-10-09,16,https://luganmedia.ru/wp-content/uploads/2024/11/%D0%A2%D1%80%D1%83%D0%B4-%D0%B3%D0%BE%D1%80%D0%BD%D1%8F%D0%BA%D0%B0-%E2%84%9640-70.pdf
947,Труд горняка,Trud gornyaka,Bryanka,Bryanka,Luganmedia,2024-10-16,15,https://luganmedia.ru/wp-content/uploads/2024/11/%D0%A2%D1%80%D1%83%D0%B4-%D0%B3%D0%BE%D1%80%D0%BD%D1%8F%D0%BA%D0%B0-%E2%84%9641-71.pdf
948,Труд горняка,Trud gornyaka,Bryanka,Bryanka,Luganmedia,2024-10-23,15,https://luganmedia.ru/wp-content/uploads/2024/11/%D0%A2%D1%80%D1%83%D0%B4-%D0%B3%D0%BE%D1%80%D0%BD%D1%8F%D0%BA%D0%B0-%E2%84%9642-72.pdf
949,Труд горняка,Trud gornyaka,Bryanka,Bryanka,Luganmedia,2024-10-30,15,https://luganmedia.ru/wp-content/uploads/2024/11/%D0%A2%D1%80%D1%83%D0%B4-%D0%B3%D0%BE%D1%80%D0%BD%D1%8F%D0%BA%D0%B0-%E2%84%9643-73.pdf
101,Труд горняка,Trud gornyaka,Bryanka,Bryanka,Luganmedia,2024-11-08,15,https://luganmedia.ru/wp-content/uploads/2024/11/%D0%91%D0%B5%D0%BB%D0%BE%D0%BA%D1%83%D1%80%D0%B0%D0%BA%D0%B8%D0%BD%D1%81%D0%BA%D0%B8%D0%B9_%D0%B2%D0%B5%D1%81%D1%82%D0%BD%D0%B8%D0%BA_%E2%84%96-44-74-1.pdf
103,Труд горняка,Trud gornyaka,Bryanka,Bryanka,Luganmedia,2024-11-15,15,https://luganmedia.ru/wp-content/uploads/2024/11/%D0%91%D0%B5%D0%BB%D0%BE%D0%BA%D1%83%D1%80%D0%B0%D0%BA%D0%B8%D0%BD%D1%81%D0%BA%D0%B8%D0%B9_%D0%B2%D0%B5%D1%81%D1%82%D0%BD%D0%B8%D0%BA_%E2%84%96-45-75.pdf
950,Труд горняка,Trud gornyaka,Bryanka,Bryanka,Luganmedia,2024-11-20,15,https://luganmedia.ru/wp-content/uploads/2024/11/%D0%A2%D1%80%D1%83%D0%B4-%D0%B3%D0%BE%D1%80%D0%BD%D1%8F%D0%BA%D0%B0-%E2%84%9646-76.pdf
951,Труд горняка,Trud gornyaka,Bryanka,Bryanka,Luganmedia,2024-11-27,15,https://luganmedia.ru/wp-content/uploads/2024/12/%D0%A2%D1%80%D1%83%D0%B4-%D0%B3%D0%BE%D1%80%D0%BD%D1%8F%D0%BA%D0%B0-%E2%84%9647-77.pdf
952,Труд горняка,Trud gornyaka,Bryanka,Bryanka,Luganmedia,2024-12-04,15,https://luganmedia.ru/wp-content/uploads/2024/12/%D0%A2%D1%80%D1%83%D0%B4-%D0%B3%D0%BE%D1%80%D0%BD%D1%8F%D0%BA%D0%B0-%E2%84%9648-78.pdf
953,Труд горняка,Trud gornyaka,Bryanka,Bryanka,Luganmedia,2024-12-11,15,https://luganmedia.ru/wp-content/uploads/2024/12/%D0%A2%D1%80%D1%83%D0%B4-%D0%B3%D0%BE%D1%80%D0%BD%D1%8F%D0%BA%D0%B0-%E2%84%9649-79.pdf
954,Труд горняка,Trud gornyaka,Bryanka,Bryanka,Luganmedia,2024-12-18,15,https://luganmedia.ru/wp-content/uploads/2024/12/%D0%A2%D1%80%D1%83%D0%B4-%D0%B3%D0%BE%D1%80%D0%BD%D1%8F%D0%BA%D0%B0-%E2%84%9650-80.pdf
955,Труд горняка,Trud gornyaka,Bryanka,Bryanka,Luganmedia,2024-12-25,15,https://luganmedia.ru/wp-content/uploads/2025/01/%D0%A2%D1%80%D1%83%D0%B4-%D0%B3%D0%BE%D1%80%D0%BD%D1%8F%D0%BA%D0%B0-%E2%84%9651-81.pdf
925,Труд горняка,Trud gornyaka,Bryanka,Bryanka,Luganmedia,2025-01-15,15,https://luganmedia.ru/wp-content/uploads/2025/01/%D0%A2%D1%80%D1%83%D0%B4-%D0%B3%D0%BE%D1%80%D0%BD%D1%8F%D0%BA%D0%B0-%E2%84%9601-82.pdf
926,Труд горняка,Trud gornyaka,Bryanka,Bryanka,Luganmedia,2025-01-22,15,https://luganmedia.ru/wp-content/uploads/2025/02/%D0%A2%D1%80%D1%83%D0%B4-%D0%B3%D0%BE%D1%80%D0%BD%D1%8F%D0%BA%D0%B0-%E2%84%9602-83.pdf
927,Труд горняка,Trud gornyaka,Bryanka,Bryanka,Luganmedia,2025-01-29,15,https://luganmedia.ru/wp-content/uploads/2025/02/%D0%A2%D1%80%D1%83%D0%B4-%D0%B3%D0%BE%D1%80%D0%BD%D1%8F%D0%BA%D0%B0-%E2%84%9603-84.pdf
928,Труд горняка,Trud gornyaka,Bryanka,Bryanka,Luganmedia,2025-02-05,15,https://luganmedia.ru/wp-content/uploads/2025/02/%D0%A2%D1%80%D1%83%D0%B4-%D0%B3%D0%BE%D1%80%D0%BD%D1%8F%D0%BA%D0%B0-%E2%84%9604-85.pdf
929,Труд горняка,Trud gornyaka,Bryanka,Bryanka,Luganmedia,2025-02-12,15,https://luganmedia.ru/wp-content/uploads/2025/02/%D0%A2%D1%80%D1%83%D0%B4-%D0%B3%D0%BE%D1%80%D0%BD%D1%8F%D0%BA%D0%B0-%E2%84%9605-86.pdf
930,Труд горняка,Trud gornyaka,Bryanka,Bryanka,Luganmedia,2025-02-19,15,https://luganmedia.ru/wp-content/uploads/2025/03/%D0%A2%D1%80%D1%83%D0%B4-%D0%B3%D0%BE%D1%80%D0%BD%D1%8F%D0%BA%D0%B0-%E2%84%9606-87.pdf
931,Труд горняка,Trud gornyaka,Bryanka,Bryanka,Luganmedia,2025-02-26,15,https://luganmedia.ru/wp-content/uploads/2025/03/%D0%A2%D1%80%D1%83%D0%B4-%D0%B3%D0%BE%D1%80%D0%BD%D1%8F%D0%BA%D0%B0-%E2%84%9607-88.pdf
932,Труд горняка,Trud gornyaka,Bryanka,Bryanka,Luganmedia,2025-03-05,15,https://luganmedia.ru/wp-content/uploads/2025/03/%D0%A2%D1%80%D1%83%D0%B4-%D0%B3%D0%BE%D1%80%D0%BD%D1%8F%D0%BA%D0%B0-%E2%84%9608-89.pdf
933,Труд горняка,Trud gornyaka,Bryanka,Bryanka,Luganmedia,2025-03-12,15,https://luganmedia.ru/wp-content/uploads/2025/04/%D0%A2%D1%80%D1%83%D0%B4-%D0%B3%D0%BE%D1%80%D0%BD%D1%8F%D0%BA%D0%B0-%E2%84%9609-90.pdf
934,Труд горняка,Trud gornyaka,Bryanka,Bryanka,Luganmedia,2025-03-19,15,https://luganmedia.ru/wp-content/uploads/2025/04/%D0%A2%D1%80%D1%83%D0%B4-%D0%B3%D0%BE%D1%80%D0%BD%D1%8F%D0%BA%D0%B0-%E2%84%9610-91.pdf
935,Труд горняка,Trud gornyaka,Bryanka,Bryanka,Luganmedia,2025-03-26,15,https://luganmedia.ru/wp-content/uploads/2025/04/%D0%A2%D1%80%D1%83%D0%B4-%D0%B3%D0%BE%D1%80%D0%BD%D1%8F%D0%BA%D0%B0-%E2%84%9611-92.pdf
936,Труд горняка,Trud gornyaka,Bryanka,Bryanka,Luganmedia,2025-04-02,15,https://luganmedia.ru/wp-content/uploads/2025/04/%D0%A2%D1%80%D1%83%D0%B4-%D0%B3%D0%BE%D1%80%D0%BD%D1%8F%D0%BA%D0%B0-%E2%84%9612-93.pdf
937,Труд горняка,Trud gornyaka,Bryanka,Bryanka,Luganmedia,2025-04-16,15,https://luganmedia.ru/wp-content/uploads/2025/04/%D0%A2%D1%80%D1%83%D0%B4-%D0%B3%D0%BE%D1%80%D0%BD%D1%8F%D0%BA%D0%B0-%E2%84%9614-95.pdf
938,Труд горняка,Trud gornyaka,Bryanka,Bryanka,Luganmedia,2025-04-23,15,https://luganmedia.ru/wp-content/uploads/2025/06/%D0%A2%D1%80%D1%83%D0%B4-%D0%B3%D0%BE%D1%80%D0%BD%D1%8F%D0%BA%D0%B0-%E2%84%9615-96.pdf
939,Труд горняка,Trud gornyaka,Bryanka,Bryanka,Luganmedia,2025-08-06,15,https://luganmedia.ru/wp-content/uploads/2025/11/%D0%A2%D1%80%D1%83%D0%B4-%D0%B3%D0%BE%D1%80%D0%BD%D1%8F%D0%BA%D0%B0-%E2%84%9630-111.pdf
940,Труд горняка,Trud gornyaka,Bryanka,Bryanka,Luganmedia,2025-08-13,15,https://luganmedia.ru/wp-content/uploads/2025/11/%D0%A2%D1%80%D1%83%D0%B4-%D0%B3%D0%BE%D1%80%D0%BD%D1%8F%D0%BA%D0%B0-%E2%84%9631-112.pdf
941,Труд горняка,Trud gornyaka,Bryanka,Bryanka,Luganmedia,2025-08-20,15,https://luganmedia.ru/wp-content/uploads/2025/11/%D0%A2%D1%80%D1%83%D0%B4-%D0%B3%D0%BE%D1%80%D0%BD%D1%8F%D0%BA%D0%B0-%E2%84%9632-113.pdf
942,Труд горняка,Trud gornyaka,Bryanka,Bryanka,Luganmedia,2025-09-03,15,https://luganmedia.ru/wp-content/uploads/2025/11/%D0%A2%D1%80%D1%83%D0%B4-%D0%B3%D0%BE%D1%80%D0%BD%D1%8F%D0%BA%D0%B0-%E2%84%9634-115.pdf
1098,Труд горняка,Trud gornyaka,Bryanka,Bryanka,Luganmedia,2026-04-01,15,https://luganmedia.ru/wp-content/uploads/2026/06/Труд-горняка-№1-133-сжатый.pdf
1099,Труд горняка,Trud gornyaka,Bryanka,Bryanka,Luganmedia,2026-04-08,15,https://luganmedia.ru/wp-content/uploads/2026/06/Труд-горняка-№2-134-сжатый.pdf
1100,Труд горняка,Trud gornyaka,Bryanka,Bryanka,Luganmedia,2026-04-15,15,https://luganmedia.ru/wp-content/uploads/2026/06/Труд-горняка-№3-135-сжатый.pdf
1101,Труд горняка,Trud gornyaka,Bryanka,Bryanka,Luganmedia,2026-04-22,15,https://luganmedia.ru/wp-content/uploads/2026/06/Труд-горняка-№4-136-сжатый.pdf
1102,Труд горняка,Trud gornyaka,Bryanka,Bryanka,Luganmedia,2026-04-29,15,https://luganmedia.ru/wp-content/uploads/2026/06/Труд-горняка-№5-137-сжатый.pdf
1,Восточный Донбасс,Vostochnyy Donbass,Dovzhansk,Dovzhansk / Sverdlovsk district,Luganmedia,2024-01-10,23,https://luganmedia.ru/wp-content/uploads/2024/09/01_DONBASS-1.pdf
2,Восточный Донбасс,Vostochnyy Donbass,Dovzhansk,Dovzhansk / Sverdlovsk district,Luganmedia,2024-01-17,23,https://luganmedia.ru/wp-content/uploads/2024/09/02_DONBASS-1.pdf
4,Восточный Донбасс,Vostochnyy Donbass,Dovzhansk,Dovzhansk / Sverdlovsk district,Luganmedia,2024-02-01,23,https://luganmedia.ru/wp-content/uploads/2024/09/04_DONBASS_.pdf
5,Восточный Донбасс,Vostochnyy Donbass,Dovzhansk,Dovzhansk / Sverdlovsk district,Luganmedia,2024-02-07,19,https://luganmedia.ru/wp-content/uploads/2024/09/05_DONBASS_.pdf
6,Восточный Донбасс,Vostochnyy Donbass,Dovzhansk,Dovzhansk / Sverdlovsk district,Luganmedia,2024-02-14,23,https://luganmedia.ru/wp-content/uploads/2024/09/06_DONBASS_.pdf
7,Восточный Донбасс,Vostochnyy Donbass,Dovzhansk,Dovzhansk / Sverdlovsk district,Luganmedia,2024-02-21,23,https://luganmedia.ru/wp-content/uploads/2024/09/07_DONBASS_.pdf
8,Восточный Донбасс,Vostochnyy Donbass,Dovzhansk,Dovzhansk / Sverdlovsk district,Luganmedia,2024-02-28,19,https://luganmedia.ru/wp-content/uploads/2024/09/08_DONBASS_.pdf
9,Восточный Донбасс,Vostochnyy Donbass,Dovzhansk,Dovzhansk / Sverdlovsk district,Luganmedia,2024-03-06,23,https://luganmedia.ru/wp-content/uploads/2024/09/09_DONBASS_.pdf
10,Восточный Донбасс,Vostochnyy Donbass,Dovzhansk,Dovzhansk / Sverdlovsk district,Luganmedia,2024-03-13,23,https://luganmedia.ru/wp-content/uploads/2024/09/10_DONBASS.pdf
11,Восточный Донбасс,Vostochnyy Donbass,Dovzhansk,Dovzhansk / Sverdlovsk district,Luganmedia,2024-03-20,23,https://luganmedia.ru/wp-content/uploads/2024/09/11_DONBASS_.pdf
12,Восточный Донбасс,Vostochnyy Donbass,Dovzhansk,Dovzhansk / Sverdlovsk district,Luganmedia,2024-03-27,23,https://luganmedia.ru/wp-content/uploads/2024/09/12_DONBASS_.pdf
13,Восточный Донбасс,Vostochnyy Donbass,Dovzhansk,Dovzhansk / Sverdlovsk district,Luganmedia,2024-04-03,23,https://luganmedia.ru/wp-content/uploads/2024/09/13_DONBASS.pdf
146,Восточный Донбасс,Vostochnyy Donbass,Dovzhansk,Dovzhansk / Sverdlovsk district,Luganmedia,2024-04-10,23,https://luganmedia.ru/wp-content/uploads/2024/09/%D0%92%D0%BE%D1%81%D1%82%D0%BE%D1%87%D0%BD%D1%8B%D0%B9-%D0%94%D0%BE%D0%BD%D0%B1%D0%B0%D1%81%D1%81-%E2%84%961444.pdf
147,Восточный Донбасс,Vostochnyy Donbass,Dovzhansk,Dovzhansk / Sverdlovsk district,Luganmedia,2024-04-17,23,https://luganmedia.ru/wp-content/uploads/2024/09/%D0%92%D0%BE%D1%81%D1%82%D0%BE%D1%87%D0%BD%D1%8B%D0%B9-%D0%94%D0%BE%D0%BD%D0%B1%D0%B0%D1%81%D1%81-%E2%84%9615-45.pdf
148,Восточный Донбасс,Vostochnyy Donbass,Dovzhansk,Dovzhansk / Sverdlovsk district,Luganmedia,2024-04-24,23,https://luganmedia.ru/wp-content/uploads/2024/09/%D0%92%D0%BE%D1%81%D1%82%D0%BE%D1%87%D0%BD%D1%8B%D0%B9-%D0%94%D0%BE%D0%BD%D0%B1%D0%B0%D1%81%D1%81-%E2%84%9616-46.pdf
149,Восточный Донбасс,Vostochnyy Donbass,Dovzhansk,Dovzhansk / Sverdlovsk district,Luganmedia,2024-05-01,24,https://luganmedia.ru/wp-content/uploads/2024/09/%D0%92%D0%BE%D1%81%D1%82%D0%BE%D1%87%D0%BD%D1%8B%D0%B9-%D0%94%D0%BE%D0%BD%D0%B1%D0%B0%D1%81%D1%81-%E2%84%9617-47.pdf
150,Восточный Донбасс,Vostochnyy Donbass,Dovzhansk,Dovzhansk / Sverdlovsk district,Luganmedia,2024-05-08,23,https://luganmedia.ru/wp-content/uploads/2024/09/%D0%92%D0%BE%D1%81%D1%82%D0%BE%D1%87%D0%BD%D1%8B%D0%B9-%D0%94%D0%BE%D0%BD%D0%B1%D0%B0%D1%81%D1%81-%E2%84%9618-48.pdf
151,Восточный Донбасс,Vostochnyy Donbass,Dovzhansk,Dovzhansk / Sverdlovsk district,Luganmedia,2024-05-15,23,https://luganmedia.ru/wp-content/uploads/2024/09/%D0%92%D0%BE%D1%81%D1%82%D0%BE%D1%87%D0%BD%D1%8B%D0%B9-%D0%94%D0%BE%D0%BD%D0%B1%D0%B0%D1%81%D1%81-%E2%84%9619-49.pdf
153,Восточный Донбасс,Vostochnyy Donbass,Dovzhansk,Dovzhansk / Sverdlovsk district,Luganmedia,2024-05-22,23,https://luganmedia.ru/wp-content/uploads/2024/09/%D0%92%D0%BE%D1%81%D1%82%D0%BE%D1%87%D0%BD%D1%8B%D0%B9-%D0%94%D0%BE%D0%BD%D0%B1%D0%B0%D1%81%D1%81-%E2%84%9620-50.pdf
154,Восточный Донбасс,Vostochnyy Donbass,Dovzhansk,Dovzhansk / Sverdlovsk district,Luganmedia,2024-05-29,24,https://luganmedia.ru/wp-content/uploads/2024/09/%D0%92%D0%BE%D1%81%D1%82%D0%BE%D1%87%D0%BD%D1%8B%D0%B9-%D0%94%D0%BE%D0%BD%D0%B1%D0%B0%D1%81%D1%81-%E2%84%9621-51.pdf
155,Восточный Донбасс,Vostochnyy Donbass,Dovzhansk,Dovzhansk / Sverdlovsk district,Luganmedia,2024-06-05,24,https://luganmedia.ru/wp-content/uploads/2024/09/%D0%92%D0%BE%D1%81%D1%82%D0%BE%D1%87%D0%BD%D1%8B%D0%B9-%D0%94%D0%BE%D0%BD%D0%B1%D0%B0%D1%81%D1%81-%E2%84%9622-52.pdf
156,Восточный Донбасс,Vostochnyy Donbass,Dovzhansk,Dovzhansk / Sverdlovsk district,Luganmedia,2024-06-12,24,https://luganmedia.ru/wp-content/uploads/2024/09/%D0%92%D0%BE%D1%81%D1%82%D0%BE%D1%87%D0%BD%D1%8B%D0%B9-%D0%94%D0%BE%D0%BD%D0%B1%D0%B0%D1%81%D1%81-%E2%84%9623-53.pdf
157,Восточный Донбасс,Vostochnyy Donbass,Dovzhansk,Dovzhansk / Sverdlovsk district,Luganmedia,2024-06-19,24,https://luganmedia.ru/wp-content/uploads/2024/09/%D0%92%D0%BE%D1%81%D1%82%D0%BE%D1%87%D0%BD%D1%8B%D0%B9-%D0%94%D0%BE%D0%BD%D0%B1%D0%B0%D1%81%D1%81-%E2%84%962454.pdf
158,Восточный Донбасс,Vostochnyy Donbass,Dovzhansk,Dovzhansk / Sverdlovsk district,Luganmedia,2024-06-26,23,https://luganmedia.ru/wp-content/uploads/2024/09/%D0%92%D0%BE%D1%81%D1%82%D0%BE%D1%87%D0%BD%D1%8B%D0%B9-%D0%94%D0%BE%D0%BD%D0%B1%D0%B0%D1%81%D1%81-%E2%84%9625-55.pdf
159,Восточный Донбасс,Vostochnyy Donbass,Dovzhansk,Dovzhansk / Sverdlovsk district,Luganmedia,2024-07-03,23,https://luganmedia.ru/wp-content/uploads/2024/09/%D0%92%D0%BE%D1%81%D1%82%D0%BE%D1%87%D0%BD%D1%8B%D0%B9-%D0%94%D0%BE%D0%BD%D0%B1%D0%B0%D1%81%D1%81-%E2%84%9626-56.pdf
160,Восточный Донбасс,Vostochnyy Donbass,Dovzhansk,Dovzhansk / Sverdlovsk district,Luganmedia,2024-07-10,19,https://luganmedia.ru/wp-content/uploads/2024/09/%D0%92%D0%BE%D1%81%D1%82%D0%BE%D1%87%D0%BD%D1%8B%D0%B9-%D0%94%D0%BE%D0%BD%D0%B1%D0%B0%D1%81%D1%81-%E2%84%9627.pdf
161,Восточный Донбасс,Vostochnyy Donbass,Dovzhansk,Dovzhansk / Sverdlovsk district,Luganmedia,2024-07-17,19,https://luganmedia.ru/wp-content/uploads/2024/09/%D0%92%D0%BE%D1%81%D1%82%D0%BE%D1%87%D0%BD%D1%8B%D0%B9-%D0%94%D0%BE%D0%BD%D0%B1%D0%B0%D1%81%D1%81-%E2%84%9628-58.pdf
162,Восточный Донбасс,Vostochnyy Donbass,Dovzhansk,Dovzhansk / Sverdlovsk district,Luganmedia,2024-07-24,23,https://luganmedia.ru/wp-content/uploads/2024/09/%D0%92%D0%BE%D1%81%D1%82%D0%BE%D1%87%D0%BD%D1%8B%D0%B9-%D0%94%D0%BE%D0%BD%D0%B1%D0%B0%D1%81%D1%81-%E2%84%9629-59.pdf
164,Восточный Донбасс,Vostochnyy Donbass,Dovzhansk,Dovzhansk / Sverdlovsk district,Luganmedia,2024-07-31,23,https://luganmedia.ru/wp-content/uploads/2024/09/%D0%92%D0%BE%D1%81%D1%82%D0%BE%D1%87%D0%BD%D1%8B%D0%B9-%D0%94%D0%BE%D0%BD%D0%B1%D0%B0%D1%81%D1%81-%E2%84%9630-60.pdf
165,Восточный Донбасс,Vostochnyy Donbass,Dovzhansk,Dovzhansk / Sverdlovsk district,Luganmedia,2024-08-07,23,https://luganmedia.ru/wp-content/uploads/2024/09/%D0%92%D0%BE%D1%81%D1%82%D0%BE%D1%87%D0%BD%D1%8B%D0%B9-%D0%94%D0%BE%D0%BD%D0%B1%D0%B0%D1%81%D1%81-%E2%84%9631-61.pdf
166,Восточный Донбасс,Vostochnyy Donbass,Dovzhansk,Dovzhansk / Sverdlovsk district,Luganmedia,2024-08-14,23,https://luganmedia.ru/wp-content/uploads/2024/09/%D0%92%D0%BE%D1%81%D1%82%D0%BE%D1%87%D0%BD%D1%8B%D0%B9-%D0%94%D0%BE%D0%BD%D0%B1%D0%B0%D1%81%D1%81-%E2%84%9632-62.pdf
167,Восточный Донбасс,Vostochnyy Donbass,Dovzhansk,Dovzhansk / Sverdlovsk district,Luganmedia,2024-08-21,23,https://luganmedia.ru/wp-content/uploads/2024/09/%D0%92%D0%BE%D1%81%D1%82%D0%BE%D1%87%D0%BD%D1%8B%D0%B9-%D0%94%D0%BE%D0%BD%D0%B1%D0%B0%D1%81%D1%81-%E2%84%9633-63.pdf
168,Восточный Донбасс,Vostochnyy Donbass,Dovzhansk,Dovzhansk / Sverdlovsk district,Luganmedia,2024-08-28,23,https://luganmedia.ru/wp-content/uploads/2024/09/%D0%92%D0%BE%D1%81%D1%82%D0%BE%D1%87%D0%BD%D1%8B%D0%B9-%D0%94%D0%BE%D0%BD%D0%B1%D0%B0%D1%81%D1%81-%E2%84%9634-64.pdf
3,Восточный Донбасс,Vostochnyy Donbass,Dovzhansk,Dovzhansk / Sverdlovsk district,Luganmedia,2024-09-01,23,https://luganmedia.ru/wp-content/uploads/2024/09/03_DONBASS-1.pdf
169,Восточный Донбасс,Vostochnyy Donbass,Dovzhansk,Dovzhansk / Sverdlovsk district,Luganmedia,2024-09-04,24,https://luganmedia.ru/wp-content/uploads/2024/10/%D0%92%D0%BE%D1%81%D1%82%D0%BE%D1%87%D0%BD%D1%8B%D0%B9-%D0%94%D0%BE%D0%BD%D0%B1%D0%B0%D1%81%D1%81-%E2%84%9635-65.pdf
170,Восточный Донбасс,Vostochnyy Donbass,Dovzhansk,Dovzhansk / Sverdlovsk district,Luganmedia,2024-09-11,24,https://luganmedia.ru/wp-content/uploads/2024/10/%D0%92%D0%BE%D1%81%D1%82%D0%BE%D1%87%D0%BD%D1%8B%D0%B9-%D0%94%D0%BE%D0%BD%D0%B1%D0%B0%D1%81%D1%81-%E2%84%9636-66.pdf
171,Восточный Донбасс,Vostochnyy Donbass,Dovzhansk,Dovzhansk / Sverdlovsk district,Luganmedia,2024-09-18,24,https://luganmedia.ru/wp-content/uploads/2024/10/%D0%92%D0%BE%D1%81%D1%82%D0%BE%D1%87%D0%BD%D1%8B%D0%B9-%D0%94%D0%BE%D0%BD%D0%B1%D0%B0%D1%81%D1%81-%E2%84%9637-67.pdf
15,Восточный Донбасс,Vostochnyy Donbass,Dovzhansk,Dovzhansk / Sverdlovsk district,Luganmedia,2024-09-23,6,https://luganmedia.ru/wp-content/uploads/2024/11/42_DONBASS_.pdf
172,Восточный Донбасс,Vostochnyy Donbass,Dovzhansk,Dovzhansk / Sverdlovsk district,Luganmedia,2024-09-25,20,https://luganmedia.ru/wp-content/uploads/2024/10/%D0%92%D0%BE%D1%81%D1%82%D0%BE%D1%87%D0%BD%D1%8B%D0%B9-%D0%94%D0%BE%D0%BD%D0%B1%D0%B0%D1%81%D1%81-%E2%84%9638.pdf
173,Восточный Донбасс,Vostochnyy Donbass,Dovzhansk,Dovzhansk / Sverdlovsk district,Luganmedia,2024-10-02,23,https://luganmedia.ru/wp-content/uploads/2024/10/%D0%92%D0%BE%D1%81%D1%82%D0%BE%D1%87%D0%BD%D1%8B%D0%B9-%D0%94%D0%BE%D0%BD%D0%B1%D0%B0%D1%81%D1%81-%E2%84%9639-69.pdf
175,Восточный Донбасс,Vostochnyy Donbass,Dovzhansk,Dovzhansk / Sverdlovsk district,Luganmedia,2024-10-09,24,https://luganmedia.ru/wp-content/uploads/2024/10/%D0%92%D0%BE%D1%81%D1%82%D0%BE%D1%87%D0%BD%D1%8B%D0%B9-%D0%94%D0%BE%D0%BD%D0%B1%D0%B0%D1%81%D1%81-%E2%84%9640-70.pdf
14,Восточный Донбасс,Vostochnyy Donbass,Dovzhansk,Dovzhansk / Sverdlovsk district,Luganmedia,2024-10-16,20,https://luganmedia.ru/wp-content/uploads/2024/11/41_DONBASS_.pdf
176,Восточный Донбасс,Vostochnyy Donbass,Dovzhansk,Dovzhansk / Sverdlovsk district,Luganmedia,2024-10-30,23,https://luganmedia.ru/wp-content/uploads/2024/11/%D0%92%D0%BE%D1%81%D1%82%D0%BE%D1%87%D0%BD%D1%8B%D0%B9-%D0%94%D0%BE%D0%BD%D0%B1%D0%B0%D1%81%D1%81-%E2%84%9643-73.pdf
177,Восточный Донбасс,Vostochnyy Donbass,Dovzhansk,Dovzhansk / Sverdlovsk district,Luganmedia,2024-11-06,24,https://luganmedia.ru/wp-content/uploads/2024/11/%D0%92%D0%BE%D1%81%D1%82%D0%BE%D1%87%D0%BD%D1%8B%D0%B9-%D0%94%D0%BE%D0%BD%D0%B1%D0%B0%D1%81%D1%81-%E2%84%9644-74.pdf
178,Восточный Донбасс,Vostochnyy Donbass,Dovzhansk,Dovzhansk / Sverdlovsk district,Luganmedia,2024-11-13,24,https://luganmedia.ru/wp-content/uploads/2024/11/%D0%92%D0%BE%D1%81%D1%82%D0%BE%D1%87%D0%BD%D1%8B%D0%B9-%D0%94%D0%BE%D0%BD%D0%B1%D0%B0%D1%81%D1%81-%E2%84%9645-75.pdf
179,Восточный Донбасс,Vostochnyy Donbass,Dovzhansk,Dovzhansk / Sverdlovsk district,Luganmedia,2024-11-20,24,https://luganmedia.ru/wp-content/uploads/2024/11/%D0%92%D0%BE%D1%81%D1%82%D0%BE%D1%87%D0%BD%D1%8B%D0%B9-%D0%94%D0%BE%D0%BD%D0%B1%D0%B0%D1%81%D1%81-%E2%84%9646-76.pdf
180,Восточный Донбасс,Vostochnyy Donbass,Dovzhansk,Dovzhansk / Sverdlovsk district,Luganmedia,2024-11-27,24,https://luganmedia.ru/wp-content/uploads/2024/12/%D0%92%D0%BE%D1%81%D1%82%D0%BE%D1%87%D0%BD%D1%8B%D0%B9-%D0%94%D0%BE%D0%BD%D0%B1%D0%B0%D1%81%D1%81-%E2%84%9647-77.pdf
181,Восточный Донбасс,Vostochnyy Donbass,Dovzhansk,Dovzhansk / Sverdlovsk district,Luganmedia,2024-12-04,24,https://luganmedia.ru/wp-content/uploads/2024/12/%D0%92%D0%BE%D1%81%D1%82%D0%BE%D1%87%D0%BD%D1%8B%D0%B9-%D0%94%D0%BE%D0%BD%D0%B1%D0%B0%D1%81%D1%81-%E2%84%9648-78.pdf
182,Восточный Донбасс,Vostochnyy Donbass,Dovzhansk,Dovzhansk / Sverdlovsk district,Luganmedia,2024-12-11,23,https://luganmedia.ru/wp-content/uploads/2024/12/%D0%92%D0%BE%D1%81%D1%82%D0%BE%D1%87%D0%BD%D1%8B%D0%B9-%D0%94%D0%BE%D0%BD%D0%B1%D0%B0%D1%81%D1%81-%E2%84%9649-79.pdf
184,Восточный Донбасс,Vostochnyy Donbass,Dovzhansk,Dovzhansk / Sverdlovsk district,Luganmedia,2024-12-18,24,https://luganmedia.ru/wp-content/uploads/2024/12/%D0%92%D0%BE%D1%81%D1%82%D0%BE%D1%87%D0%BD%D1%8B%D0%B9-%D0%94%D0%BE%D0%BD%D0%B1%D0%B0%D1%81%D1%81-%E2%84%9650-80.pdf
185,Восточный Донбасс,Vostochnyy Donbass,Dovzhansk,Dovzhansk / Sverdlovsk district,Luganmedia,2024-12-25,23,https://luganmedia.ru/wp-content/uploads/2025/01/%D0%92%D0%BE%D1%81%D1%82%D0%BE%D1%87%D0%BD%D1%8B%D0%B9-%D0%94%D0%BE%D0%BD%D0%B1%D0%B0%D1%81%D1%81-%E2%84%965181.pdf
142,Восточный Донбасс,Vostochnyy Donbass,Dovzhansk,Dovzhansk / Sverdlovsk district,Luganmedia,2025-01-15,23,https://luganmedia.ru/wp-content/uploads/2025/01/%D0%92%D0%BE%D1%81%D1%82%D0%BE%D1%87%D0%BD%D1%8B%D0%B9-%D0%94%D0%BE%D0%BD%D0%B1%D0%B0%D1%81%D1%81-%E2%84%961-82.pdf
152,Восточный Донбасс,Vostochnyy Donbass,Dovzhansk,Dovzhansk / Sverdlovsk district,Luganmedia,2025-01-22,23,https://luganmedia.ru/wp-content/uploads/2025/02/%D0%92%D0%BE%D1%81%D1%82%D0%BE%D1%87%D0%BD%D1%8B%D0%B9-%D0%94%D0%BE%D0%BD%D0%B1%D0%B0%D1%81%D1%81-%E2%84%962-83.pdf
163,Восточный Донбасс,Vostochnyy Donbass,Dovzhansk,Dovzhansk / Sverdlovsk district,Luganmedia,2025-01-29,23,https://luganmedia.ru/wp-content/uploads/2025/02/%D0%92%D0%BE%D1%81%D1%82%D0%BE%D1%87%D0%BD%D1%8B%D0%B9-%D0%94%D0%BE%D0%BD%D0%B1%D0%B0%D1%81%D1%81-%E2%84%963-84.pdf
174,Восточный Донбасс,Vostochnyy Donbass,Dovzhansk,Dovzhansk / Sverdlovsk district,Luganmedia,2025-02-05,23,https://luganmedia.ru/wp-content/uploads/2025/02/%D0%92%D0%BE%D1%81%D1%82%D0%BE%D1%87%D0%BD%D1%8B%D0%B9-%D0%94%D0%BE%D0%BD%D0%B1%D0%B0%D1%81%D1%81-%E2%84%964-85.pdf
183,Восточный Донбасс,Vostochnyy Donbass,Dovzhansk,Dovzhansk / Sverdlovsk district,Luganmedia,2025-02-12,23,https://luganmedia.ru/wp-content/uploads/2025/02/%D0%92%D0%BE%D1%81%D1%82%D0%BE%D1%87%D0%BD%D1%8B%D0%B9-%D0%94%D0%BE%D0%BD%D0%B1%D0%B0%D1%81%D1%81-%E2%84%965-86.pdf
186,Восточный Донбасс,Vostochnyy Donbass,Dovzhansk,Dovzhansk / Sverdlovsk district,Luganmedia,2025-02-19,23,https://luganmedia.ru/wp-content/uploads/2025/03/%D0%92%D0%BE%D1%81%D1%82%D0%BE%D1%87%D0%BD%D1%8B%D0%B9-%D0%94%D0%BE%D0%BD%D0%B1%D0%B0%D1%81%D1%81-%E2%84%966-87.pdf
187,Восточный Донбасс,Vostochnyy Donbass,Dovzhansk,Dovzhansk / Sverdlovsk district,Luganmedia,2025-02-26,23,https://luganmedia.ru/wp-content/uploads/2025/03/%D0%92%D0%BE%D1%81%D1%82%D0%BE%D1%87%D0%BD%D1%8B%D0%B9-%D0%94%D0%BE%D0%BD%D0%B1%D0%B0%D1%81%D1%81-%E2%84%967-88.pdf
188,Восточный Донбасс,Vostochnyy Donbass,Dovzhansk,Dovzhansk / Sverdlovsk district,Luganmedia,2025-03-05,23,https://luganmedia.ru/wp-content/uploads/2025/03/%D0%92%D0%BE%D1%81%D1%82%D0%BE%D1%87%D0%BD%D1%8B%D0%B9-%D0%94%D0%BE%D0%BD%D0%B1%D0%B0%D1%81%D1%81-%E2%84%968-89.pdf
189,Восточный Донбасс,Vostochnyy Donbass,Dovzhansk,Dovzhansk / Sverdlovsk district,Luganmedia,2025-03-12,23,https://luganmedia.ru/wp-content/uploads/2025/04/%D0%92%D0%BE%D1%81%D1%82%D0%BE%D1%87%D0%BD%D1%8B%D0%B9-%D0%94%D0%BE%D0%BD%D0%B1%D0%B0%D1%81%D1%81-%E2%84%969-90.pdf
143,Восточный Донбасс,Vostochnyy Donbass,Dovzhansk,Dovzhansk / Sverdlovsk district,Luganmedia,2025-03-19,23,https://luganmedia.ru/wp-content/uploads/2025/04/%D0%92%D0%BE%D1%81%D1%82%D0%BE%D1%87%D0%BD%D1%8B%D0%B9-%D0%94%D0%BE%D0%BD%D0%B1%D0%B0%D1%81%D1%81-%E2%84%9610-91.pdf
144,Восточный Донбасс,Vostochnyy Donbass,Dovzhansk,Dovzhansk / Sverdlovsk district,Luganmedia,2025-03-26,23,https://luganmedia.ru/wp-content/uploads/2025/04/%D0%92%D0%BE%D1%81%D1%82%D0%BE%D1%87%D0%BD%D1%8B%D0%B9-%D0%94%D0%BE%D0%BD%D0%B1%D0%B0%D1%81%D1%81-%E2%84%9611-92.pdf
145,Восточный Донбасс,Vostochnyy Donbass,Dovzhansk,Dovzhansk / Sverdlovsk district,Luganmedia,2025-04-02,23,https://luganmedia.ru/wp-content/uploads/2025/04/%D0%92%D0%BE%D1%81%D1%82%D0%BE%D1%87%D0%BD%D1%8B%D0%B9-%D0%94%D0%BE%D0%BD%D0%B1%D0%B0%D1%81%D1%81-%E2%84%9612-93.pdf
997,Восточный Донбасс,Vostochnyy Donbass,Dovzhansk,Dovzhansk / Sverdlovsk district,Luganmedia,2026-04-01,23,https://luganmedia.ru/wp-content/uploads/2026/06/Восточный-Донбасс-№1-133-сжатый.pdf
1012,Восточный Донбасс,Vostochnyy Donbass,Dovzhansk,Dovzhansk / Sverdlovsk district,Luganmedia,2026-04-08,23,https://luganmedia.ru/wp-content/uploads/2026/06/Всточный-Донбасс-№2-134-сжатый.pdf
996,Восточный Донбасс,Vostochnyy Donbass,Dovzhansk,Dovzhansk / Sverdlovsk district,Luganmedia,2026-04-15,23,https://luganmedia.ru/wp-content/uploads/2026/06/Восточный-Донбасс-№-3-135-сжатый.pdf
1001,Восточный Донбасс,Vostochnyy Donbass,Dovzhansk,Dovzhansk / Sverdlovsk district,Luganmedia,2026-04-22,23,https://luganmedia.ru/wp-content/uploads/2026/06/Восточный-Донбасс-№4-136-сжатый.pdf
1002,Восточный Донбасс,Vostochnyy Donbass,Dovzhansk,Dovzhansk / Sverdlovsk district,Luganmedia,2026-04-29,23,https://luganmedia.ru/wp-content/uploads/2026/06/Восточный-Донбасс-№5-137.pdf
1003,Восточный Донбасс,Vostochnyy Donbass,Dovzhansk,Dovzhansk / Sverdlovsk district,Luganmedia,2026-05-06,23,https://luganmedia.ru/wp-content/uploads/2026/07/Восточный-Донбасс-№6-138.pdf
1004,Восточный Донбасс,Vostochnyy Donbass,Dovzhansk,Dovzhansk / Sverdlovsk district,Luganmedia,2026-05-13,24,https://luganmedia.ru/wp-content/uploads/2026/07/Восточный-Донбасс-№7-139.pdf
1005,Восточный Донбасс,Vostochnyy Donbass,Dovzhansk,Dovzhansk / Sverdlovsk district,Luganmedia,2026-05-20,23,https://luganmedia.ru/wp-content/uploads/2026/07/Восточный-Донбасс-№8-140.pdf
1006,Восточный Донбасс,Vostochnyy Donbass,Dovzhansk,Dovzhansk / Sverdlovsk district,Luganmedia,2026-05-27,23,https://luganmedia.ru/wp-content/uploads/2026/07/Восточный-Донбасс-№9-141.pdf
998,Восточный Донбасс,Vostochnyy Donbass,Dovzhansk,Dovzhansk / Sverdlovsk district,Luganmedia,2026-06-03,23,https://luganmedia.ru/wp-content/uploads/2026/07/Восточный-Донбасс-№10-142.pdf
999,Восточный Донбасс,Vostochnyy Donbass,Dovzhansk,Dovzhansk / Sverdlovsk district,Luganmedia,2026-06-10,23,https://luganmedia.ru/wp-content/uploads/2026/07/Восточный-Донбасс-№11-143.pdf
1000,Восточный Донбасс,Vostochnyy Donbass,Dovzhansk,Dovzhansk / Sverdlovsk district,Luganmedia,2026-06-17,23,https://luganmedia.ru/wp-content/uploads/2026/07/Восточный-Донбасс-№12-144.pdf
248,Кировск сегодня,Kirovsk segodnya,Kadiivka,Kirovsk / Holubivka,Luganmedia,2024-03-01,15,https://luganmedia.ru/wp-content/uploads/2025/03/%D0%9A%D0%B8%D1%80%D0%BE%D0%B2%D1%81%D0%BA_%D1%81%D0%B5%D0%B3%D0%BE%D0%B4%D0%BD%D1%8F_6-83.pdf
843,Стахановское знамя,Stakhanovskoe znamya,Kadiivka,Stakhanov,Luganmedia,2024-08-21,15,https://luganmedia.ru/wp-content/uploads/2024/11/%D0%A1%D1%82%D0%B0%D1%85%D0%B0%D0%BD%D0%BE%D0%B2%D1%81%D0%BA%D0%BE%D0%B5-%D0%97%D0%BD%D0%B0%D0%BC%D1%8F-%E2%84%96-33-63.pdf
221,Кировск сегодня,Kirovsk segodnya,Kadiivka,Kirovsk / Holubivka,Luganmedia,2024-08-22,16,https://luganmedia.ru/wp-content/uploads/2024/11/%D0%9A%D0%B8%D1%80%D0%BE%D0%B2%D1%81%D0%BA-%D1%81%D0%B5%D0%B3%D0%BE%D0%B4%D0%BD%D1%8F-%E2%84%96-33_22082024.pdf
844,Стахановское знамя,Stakhanovskoe znamya,Kadiivka,Stakhanov,Luganmedia,2024-08-28,15,https://luganmedia.ru/wp-content/uploads/2024/11/%D0%A1%D1%82%D0%B0%D1%85%D0%B0%D0%BD%D0%BE%D0%B2%D1%81%D0%BA%D0%BE%D0%B5-%D0%97%D0%BD%D0%B0%D0%BC%D1%8F-%E2%84%96-34-64.pdf
222,Кировск сегодня,Kirovsk segodnya,Kadiivka,Kirovsk / Holubivka,Luganmedia,2024-08-29,16,https://luganmedia.ru/wp-content/uploads/2024/11/%D0%9A%D0%B8%D1%80%D0%BE%D0%B2%D1%81%D0%BA-%D1%81%D0%B5%D0%B3%D0%BE%D0%B4%D0%BD%D1%8F-%E2%84%96-34_29082024.pdf
872,Стахановское знамя,Stakhanovskoe znamya,Kadiivka,Stakhanov,Luganmedia,2024-09-04,15,https://luganmedia.ru/wp-content/uploads/2024/11/%D0%A1%D1%82%D0%B0%D1%85%D0%B0%D0%BD%D0%BE%D0%B2%D1%81%D0%BA%D0%BE%D0%B5-%D0%B7%D0%BD%D0%B0%D0%BC%D1%8F-%E2%84%96-35-65.pdf
223,Кировск сегодня,Kirovsk segodnya,Kadiivka,Kirovsk / Holubivka,Luganmedia,2024-09-05,16,https://luganmedia.ru/wp-content/uploads/2024/11/%D0%9A%D0%B8%D1%80%D0%BE%D0%B2%D1%81%D0%BA-%D1%81%D0%B5%D0%B3%D0%BE%D0%B4%D0%BD%D1%8F-%E2%84%96-35_04092024.pdf
845,Стахановское знамя,Stakhanovskoe znamya,Kadiivka,Stakhanov,Luganmedia,2024-09-11,15,https://luganmedia.ru/wp-content/uploads/2024/11/%D0%A1%D1%82%D0%B0%D1%85%D0%B0%D0%BD%D0%BE%D0%B2%D1%81%D0%BA%D0%BE%D0%B5-%D0%97%D0%BD%D0%B0%D0%BC%D1%8F-%E2%84%96-36-66.pdf
224,Кировск сегодня,Kirovsk segodnya,Kadiivka,Kirovsk / Holubivka,Luganmedia,2024-09-12,15,https://luganmedia.ru/wp-content/uploads/2024/11/%D0%9A%D0%B8%D1%80%D0%BE%D0%B2%D1%81%D0%BA-%D1%81%D0%B5%D0%B3%D0%BE%D0%B4%D0%BD%D1%8F-%E2%84%96-36_12092024.pdf
846,Стахановское знамя,Stakhanovskoe znamya,Kadiivka,Stakhanov,Luganmedia,2024-09-18,15,https://luganmedia.ru/wp-content/uploads/2024/11/%D0%A1%D1%82%D0%B0%D1%85%D0%B0%D0%BD%D0%BE%D0%B2%D1%81%D0%BA%D0%BE%D0%B5-%D0%97%D0%BD%D0%B0%D0%BC%D1%8F-%E2%84%96-37-67.pdf
225,Кировск сегодня,Kirovsk segodnya,Kadiivka,Kirovsk / Holubivka,Luganmedia,2024-09-19,15,https://luganmedia.ru/wp-content/uploads/2024/11/%D0%9A%D0%B8%D1%80%D0%BE%D0%B2%D1%81%D0%BA-%D1%81%D0%B5%D0%B3%D0%BE%D0%B4%D0%BD%D1%8F-%E2%84%96-37_19092024.pdf
847,Стахановское знамя,Stakhanovskoe znamya,Kadiivka,Stakhanov,Luganmedia,2024-09-25,16,https://luganmedia.ru/wp-content/uploads/2024/11/%D0%A1%D1%82%D0%B0%D1%85%D0%B0%D0%BD%D0%BE%D0%B2%D1%81%D0%BA%D0%BE%D0%B5-%D0%97%D0%BD%D0%B0%D0%BC%D1%8F-%E2%84%96-38-68.pdf
226,Кировск сегодня,Kirovsk segodnya,Kadiivka,Kirovsk / Holubivka,Luganmedia,2024-09-26,16,https://luganmedia.ru/wp-content/uploads/2024/11/%D0%9A%D0%B8%D1%80%D0%BE%D0%B2%D1%81%D0%BA-%D1%81%D0%B5%D0%B3%D0%BE%D0%B4%D0%BD%D1%8F-%E2%84%96-38_26092024.pdf
848,Стахановское знамя,Stakhanovskoe znamya,Kadiivka,Stakhanov,Luganmedia,2024-10-02,16,https://luganmedia.ru/wp-content/uploads/2024/11/%D0%A1%D1%82%D0%B0%D1%85%D0%B0%D0%BD%D0%BE%D0%B2%D1%81%D0%BA%D0%BE%D0%B5-%D0%97%D0%BD%D0%B0%D0%BC%D1%8F-%E2%84%96-39-69.pdf
227,Кировск сегодня,Kirovsk segodnya,Kadiivka,Kirovsk / Holubivka,Luganmedia,2024-10-03,15,https://luganmedia.ru/wp-content/uploads/2024/11/%D0%9A%D0%B8%D1%80%D0%BE%D0%B2%D1%81%D0%BA-%D1%81%D0%B5%D0%B3%D0%BE%D0%B4%D0%BD%D1%8F-%E2%84%96-39_03102024.pdf
849,Стахановское знамя,Stakhanovskoe znamya,Kadiivka,Stakhanov,Luganmedia,2024-10-09,15,https://luganmedia.ru/wp-content/uploads/2024/11/%D0%A1%D1%82%D0%B0%D1%85%D0%B0%D0%BD%D0%BE%D0%B2%D1%81%D0%BA%D0%BE%D0%B5-%D0%97%D0%BD%D0%B0%D0%BC%D1%8F-%E2%84%96-40-70.pdf
228,Кировск сегодня,Kirovsk segodnya,Kadiivka,Kirovsk / Holubivka,Luganmedia,2024-10-10,15,https://luganmedia.ru/wp-content/uploads/2024/11/%D0%9A%D0%B8%D1%80%D0%BE%D0%B2%D1%81%D0%BA-%D1%81%D0%B5%D0%B3%D0%BE%D0%B4%D0%BD%D1%8F-%E2%84%96-40_10102024.pdf
850,Стахановское знамя,Stakhanovskoe znamya,Kadiivka,Stakhanov,Luganmedia,2024-10-16,15,https://luganmedia.ru/wp-content/uploads/2024/11/%D0%A1%D1%82%D0%B0%D1%85%D0%B0%D0%BD%D0%BE%D0%B2%D1%81%D0%BA%D0%BE%D0%B5-%D0%97%D0%BD%D0%B0%D0%BC%D1%8F-%E2%84%96-41-71.pdf
229,Кировск сегодня,Kirovsk segodnya,Kadiivka,Kirovsk / Holubivka,Luganmedia,2024-10-17,16,https://luganmedia.ru/wp-content/uploads/2024/11/%D0%9A%D0%B8%D1%80%D0%BE%D0%B2%D1%81%D0%BA-%D1%81%D0%B5%D0%B3%D0%BE%D0%B4%D0%BD%D1%8F-%E2%84%96-41_17102024.pdf
851,Стахановское знамя,Stakhanovskoe znamya,Kadiivka,Stakhanov,Luganmedia,2024-10-23,15,https://luganmedia.ru/wp-content/uploads/2024/11/%D0%A1%D1%82%D0%B0%D1%85%D0%B0%D0%BD%D0%BE%D0%B2%D1%81%D0%BA%D0%BE%D0%B5-%D0%97%D0%BD%D0%B0%D0%BC%D1%8F-%E2%84%96-42-72.pdf
230,Кировск сегодня,Kirovsk segodnya,Kadiivka,Kirovsk / Holubivka,Luganmedia,2024-10-24,16,https://luganmedia.ru/wp-content/uploads/2024/11/%D0%9A%D0%B8%D1%80%D0%BE%D0%B2%D1%81%D0%BA-%D1%81%D0%B5%D0%B3%D0%BE%D0%B4%D0%BD%D1%8F-%E2%84%96-42_24102024.pdf
852,Стахановское знамя,Stakhanovskoe znamya,Kadiivka,Stakhanov,Luganmedia,2024-10-30,15,https://luganmedia.ru/wp-content/uploads/2024/11/%D0%A1%D1%82%D0%B0%D1%85%D0%B0%D0%BD%D0%BE%D0%B2%D1%81%D0%BA%D0%BE%D0%B5-%D0%97%D0%BD%D0%B0%D0%BC%D1%8F-%E2%84%9643-73.pdf
231,Кировск сегодня,Kirovsk segodnya,Kadiivka,Kirovsk / Holubivka,Luganmedia,2024-10-31,15,https://luganmedia.ru/wp-content/uploads/2024/11/%D0%9A%D0%B8%D1%80%D0%BE%D0%B2%D1%81%D0%BA-%D1%81%D0%B5%D0%B3%D0%BE%D0%B4%D0%BD%D1%8F-%E2%84%96-43_31102024.pdf
853,Стахановское знамя,Stakhanovskoe znamya,Kadiivka,Stakhanov,Luganmedia,2024-11-06,15,https://luganmedia.ru/wp-content/uploads/2024/11/%D0%A1%D1%82%D0%B0%D1%85%D0%B0%D0%BD%D0%BE%D0%B2%D1%81%D0%BA%D0%BE%D0%B5-%D0%97%D0%BD%D0%B0%D0%BC%D1%8F-%E2%84%9644-74.pdf
239,Кировск сегодня,Kirovsk segodnya,Kadiivka,Kirovsk / Holubivka,Luganmedia,2024-11-07,15,https://luganmedia.ru/wp-content/uploads/2024/11/%D0%9A%D0%B8%D1%80%D0%BE%D0%B2%D1%81%D0%BA_%D1%81%D0%B5%D0%B3%D0%BE%D0%B4%D0%BD%D1%8F_44-70.pdf
854,Стахановское знамя,Stakhanovskoe znamya,Kadiivka,Stakhanov,Luganmedia,2024-11-13,16,https://luganmedia.ru/wp-content/uploads/2024/11/%D0%A1%D1%82%D0%B0%D1%85%D0%B0%D0%BD%D0%BE%D0%B2%D1%81%D0%BA%D0%BE%D0%B5-%D0%97%D0%BD%D0%B0%D0%BC%D1%8F-%E2%84%9645-75.pdf
240,Кировск сегодня,Kirovsk segodnya,Kadiivka,Kirovsk / Holubivka,Luganmedia,2024-11-14,16,https://luganmedia.ru/wp-content/uploads/2024/11/%D0%9A%D0%B8%D1%80%D0%BE%D0%B2%D1%81%D0%BA_%D1%81%D0%B5%D0%B3%D0%BE%D0%B4%D0%BD%D1%8F_45-71.pdf
875,Стахановское знамя,Stakhanovskoe znamya,Kadiivka,Stakhanov,Luganmedia,2024-11-20,15,https://luganmedia.ru/wp-content/uploads/2024/11/%D0%A1%D1%82%D0%B0%D1%85%D0%B0%D0%BD%D0%BE%D0%B2%D1%81%D0%BA%D0%BE%D0%B5-%D0%B7%D0%BD%D0%B0%D0%BC%D1%8F-%E2%84%96-46.pdf
241,Кировск сегодня,Kirovsk segodnya,Kadiivka,Kirovsk / Holubivka,Luganmedia,2024-11-21,15,https://luganmedia.ru/wp-content/uploads/2024/11/%D0%9A%D0%B8%D1%80%D0%BE%D0%B2%D1%81%D0%BA_%D1%81%D0%B5%D0%B3%D0%BE%D0%B4%D0%BD%D1%8F_46-72.pdf
876,Стахановское знамя,Stakhanovskoe znamya,Kadiivka,Stakhanov,Luganmedia,2024-11-27,15,https://luganmedia.ru/wp-content/uploads/2024/12/%D0%A1%D1%82%D0%B0%D1%85%D0%B0%D0%BD%D0%BE%D0%B2%D1%81%D0%BA%D0%BE%D0%B5-%D0%B7%D0%BD%D0%B0%D0%BC%D1%8F-%E2%84%96-47.pdf
242,Кировск сегодня,Kirovsk segodnya,Kadiivka,Kirovsk / Holubivka,Luganmedia,2024-11-28,15,https://luganmedia.ru/wp-content/uploads/2024/12/%D0%9A%D0%B8%D1%80%D0%BE%D0%B2%D1%81%D0%BA_%D1%81%D0%B5%D0%B3%D0%BE%D0%B4%D0%BD%D1%8F_47-73.pdf
887,Стахановское знамя,Stakhanovskoe znamya,Kadiivka,Stakhanov,Luganmedia,2024-12-04,15,https://luganmedia.ru/wp-content/uploads/2024/12/%D0%A1%D1%82%D0%B0%D1%85%D0%B0%D0%BD%D0%BE%D0%B2%D1%81%D0%BA%D0%BE%D0%B5-%D0%B7%D0%BD%D0%B0%D0%BC%D1%8F-%E2%84%9648-78.pdf
243,Кировск сегодня,Kirovsk segodnya,Kadiivka,Kirovsk / Holubivka,Luganmedia,2024-12-05,15,https://luganmedia.ru/wp-content/uploads/2024/12/%D0%9A%D0%B8%D1%80%D0%BE%D0%B2%D1%81%D0%BA_%D1%81%D0%B5%D0%B3%D0%BE%D0%B4%D0%BD%D1%8F_48-74.pdf
888,Стахановское знамя,Stakhanovskoe znamya,Kadiivka,Stakhanov,Luganmedia,2024-12-11,15,https://luganmedia.ru/wp-content/uploads/2024/12/%D0%A1%D1%82%D0%B0%D1%85%D0%B0%D0%BD%D0%BE%D0%B2%D1%81%D0%BA%D0%BE%D0%B5-%D0%B7%D0%BD%D0%B0%D0%BC%D1%8F-%E2%84%9649-79.pdf
244,Кировск сегодня,Kirovsk segodnya,Kadiivka,Kirovsk / Holubivka,Luganmedia,2024-12-12,15,https://luganmedia.ru/wp-content/uploads/2024/12/%D0%9A%D0%B8%D1%80%D0%BE%D0%B2%D1%81%D0%BA_%D1%81%D0%B5%D0%B3%D0%BE%D0%B4%D0%BD%D1%8F_49-75.pdf
878,Стахановское знамя,Stakhanovskoe znamya,Kadiivka,Stakhanov,Luganmedia,2024-12-18,15,https://luganmedia.ru/wp-content/uploads/2024/12/%D0%A1%D1%82%D0%B0%D1%85%D0%B0%D0%BD%D0%BE%D0%B2%D1%81%D0%BA%D0%BE%D0%B5-%D0%B7%D0%BD%D0%B0%D0%BC%D1%8F-%E2%84%96-50-80.pdf
246,Кировск сегодня,Kirovsk segodnya,Kadiivka,Kirovsk / Holubivka,Luganmedia,2024-12-19,16,https://luganmedia.ru/wp-content/uploads/2024/12/%D0%9A%D0%B8%D1%80%D0%BE%D0%B2%D1%81%D0%BA_%D1%81%D0%B5%D0%B3%D0%BE%D0%B4%D0%BD%D1%8F_50-76.pdf
879,Стахановское знамя,Stakhanovskoe znamya,Kadiivka,Stakhanov,Luganmedia,2024-12-25,15,https://luganmedia.ru/wp-content/uploads/2025/01/%D0%A1%D1%82%D0%B0%D1%85%D0%B0%D0%BD%D0%BE%D0%B2%D1%81%D0%BA%D0%BE%D0%B5-%D0%B7%D0%BD%D0%B0%D0%BC%D1%8F-%E2%84%96-5181.pdf
247,Кировск сегодня,Kirovsk segodnya,Kadiivka,Kirovsk / Holubivka,Luganmedia,2024-12-26,16,https://luganmedia.ru/wp-content/uploads/2025/01/%D0%9A%D0%B8%D1%80%D0%BE%D0%B2%D1%81%D0%BA_%D1%81%D0%B5%D0%B3%D0%BE%D0%B4%D0%BD%D1%8F_51-77.pdf
858,Стахановское знамя,Stakhanovskoe znamya,Kadiivka,Stakhanov,Luganmedia,2025-01-15,15,https://luganmedia.ru/wp-content/uploads/2025/01/%D0%A1%D1%82%D0%B0%D1%85%D0%B0%D0%BD%D0%BE%D0%B2%D1%81%D0%BA%D0%BE%D0%B5-%D0%B7%D0%BD%D0%B0%D0%BC%D1%8F-%E2%84%96-182.pdf
232,Кировск сегодня,Kirovsk segodnya,Kadiivka,Kirovsk / Holubivka,Luganmedia,2025-01-16,15,https://luganmedia.ru/wp-content/uploads/2025/01/%D0%9A%D0%B8%D1%80%D0%BE%D0%B2%D1%81%D0%BA_%D1%81%D0%B5%D0%B3%D0%BE%D0%B4%D0%BD%D1%8F_1-78.pdf
865,Стахановское знамя,Stakhanovskoe znamya,Kadiivka,Stakhanov,Luganmedia,2025-01-22,15,https://luganmedia.ru/wp-content/uploads/2025/02/%D0%A1%D1%82%D0%B0%D1%85%D0%B0%D0%BD%D0%BE%D0%B2%D1%81%D0%BA%D0%BE%D0%B5-%D0%B7%D0%BD%D0%B0%D0%BC%D1%8F-%E2%84%96-283.pdf
236,Кировск сегодня,Kirovsk segodnya,Kadiivka,Kirovsk / Holubivka,Luganmedia,2025-01-23,15,https://luganmedia.ru/wp-content/uploads/2025/02/%D0%9A%D0%B8%D1%80%D0%BE%D0%B2%D1%81%D0%BA_%D1%81%D0%B5%D0%B3%D0%BE%D0%B4%D0%BD%D1%8F_2-79-1.pdf
873,Стахановское знамя,Stakhanovskoe znamya,Kadiivka,Stakhanov,Luganmedia,2025-01-29,15,https://luganmedia.ru/wp-content/uploads/2025/02/%D0%A1%D1%82%D0%B0%D1%85%D0%B0%D0%BD%D0%BE%D0%B2%D1%81%D0%BA%D0%BE%D0%B5-%D0%B7%D0%BD%D0%B0%D0%BC%D1%8F-%E2%84%96-384.pdf
237,Кировск сегодня,Kirovsk segodnya,Kadiivka,Kirovsk / Holubivka,Luganmedia,2025-01-30,15,https://luganmedia.ru/wp-content/uploads/2025/02/%D0%9A%D0%B8%D1%80%D0%BE%D0%B2%D1%81%D0%BA_%D1%81%D0%B5%D0%B3%D0%BE%D0%B4%D0%BD%D1%8F_3-80.pdf
874,Стахановское знамя,Stakhanovskoe znamya,Kadiivka,Stakhanov,Luganmedia,2025-02-05,15,https://luganmedia.ru/wp-content/uploads/2025/02/%D0%A1%D1%82%D0%B0%D1%85%D0%B0%D0%BD%D0%BE%D0%B2%D1%81%D0%BA%D0%BE%D0%B5-%D0%B7%D0%BD%D0%B0%D0%BC%D1%8F-%E2%84%96-4-85.pdf
238,Кировск сегодня,Kirovsk segodnya,Kadiivka,Kirovsk / Holubivka,Luganmedia,2025-02-06,15,https://luganmedia.ru/wp-content/uploads/2025/02/%D0%9A%D0%B8%D1%80%D0%BE%D0%B2%D1%81%D0%BA_%D1%81%D0%B5%D0%B3%D0%BE%D0%B4%D0%BD%D1%8F_4-81.pdf
877,Стахановское знамя,Stakhanovskoe znamya,Kadiivka,Stakhanov,Luganmedia,2025-02-12,15,https://luganmedia.ru/wp-content/uploads/2025/02/%D0%A1%D1%82%D0%B0%D1%85%D0%B0%D0%BD%D0%BE%D0%B2%D1%81%D0%BA%D0%BE%D0%B5-%D0%B7%D0%BD%D0%B0%D0%BC%D1%8F-%E2%84%96-5-86.pdf
245,Кировск сегодня,Kirovsk segodnya,Kadiivka,Kirovsk / Holubivka,Luganmedia,2025-02-13,15,https://luganmedia.ru/wp-content/uploads/2025/02/%D0%9A%D0%B8%D1%80%D0%BE%D0%B2%D1%81%D0%BA_%D1%81%D0%B5%D0%B3%D0%BE%D0%B4%D0%BD%D1%8F_5-82.pdf
880,Стахановское знамя,Stakhanovskoe znamya,Kadiivka,Stakhanov,Luganmedia,2025-02-19,15,https://luganmedia.ru/wp-content/uploads/2025/03/%D0%A1%D1%82%D0%B0%D1%85%D0%B0%D0%BD%D0%BE%D0%B2%D1%81%D0%BA%D0%BE%D0%B5-%D0%B7%D0%BD%D0%B0%D0%BC%D1%8F-%E2%84%96-6.pdf
881,Стахановское знамя,Stakhanovskoe znamya,Kadiivka,Stakhanov,Luganmedia,2025-02-26,15,https://luganmedia.ru/wp-content/uploads/2025/03/%D0%A1%D1%82%D0%B0%D1%85%D0%B0%D0%BD%D0%BE%D0%B2%D1%81%D0%BA%D0%BE%D0%B5-%D0%B7%D0%BD%D0%B0%D0%BC%D1%8F-%E2%84%96-787.pdf
249,Кировск сегодня,Kirovsk segodnya,Kadiivka,Kirovsk / Holubivka,Luganmedia,2025-02-27,15,https://luganmedia.ru/wp-content/uploads/2025/03/%D0%9A%D0%B8%D1%80%D0%BE%D0%B2%D1%81%D0%BA_%D1%81%D0%B5%D0%B3%D0%BE%D0%B4%D0%BD%D1%8F_7-84.pdf
882,Стахановское знамя,Stakhanovskoe znamya,Kadiivka,Stakhanov,Luganmedia,2025-03-05,15,https://luganmedia.ru/wp-content/uploads/2025/03/%D0%A1%D1%82%D0%B0%D1%85%D0%B0%D0%BD%D0%BE%D0%B2%D1%81%D0%BA%D0%BE%D0%B5-%D0%B7%D0%BD%D0%B0%D0%BC%D1%8F-%E2%84%96-889.pdf
250,Кировск сегодня,Kirovsk segodnya,Kadiivka,Kirovsk / Holubivka,Luganmedia,2025-03-06,15,https://luganmedia.ru/wp-content/uploads/2025/03/%D0%9A%D0%B8%D1%80%D0%BE%D0%B2%D1%81%D0%BA_%D1%81%D0%B5%D0%B3%D0%BE%D0%B4%D0%BD%D1%8F_8-85.pdf
889,Стахановское знамя,Stakhanovskoe znamya,Kadiivka,Stakhanov,Luganmedia,2025-03-12,15,https://luganmedia.ru/wp-content/uploads/2025/04/%D0%A1%D1%82%D0%B0%D1%85%D0%B0%D0%BD%D0%BE%D0%B2%D1%81%D0%BA%D0%BE%D0%B5-%D0%B7%D0%BD%D0%B0%D0%BC%D1%8F-%E2%84%969-90.pdf
251,Кировск сегодня,Kirovsk segodnya,Kadiivka,Kirovsk / Holubivka,Luganmedia,2025-03-13,15,https://luganmedia.ru/wp-content/uploads/2025/04/%D0%9A%D0%B8%D1%80%D0%BE%D0%B2%D1%81%D0%BA_%D1%81%D0%B5%D0%B3%D0%BE%D0%B4%D0%BD%D1%8F_9-86.pdf
883,Стахановское знамя,Stakhanovskoe znamya,Kadiivka,Stakhanov,Luganmedia,2025-03-19,15,https://luganmedia.ru/wp-content/uploads/2025/04/%D0%A1%D1%82%D0%B0%D1%85%D0%B0%D0%BD%D0%BE%D0%B2%D1%81%D0%BA%D0%BE%D0%B5-%D0%B7%D0%BD%D0%B0%D0%BC%D1%8F-%E2%84%9610-91.pdf
233,Кировск сегодня,Kirovsk segodnya,Kadiivka,Kirovsk / Holubivka,Luganmedia,2025-03-20,15,https://luganmedia.ru/wp-content/uploads/2025/04/%D0%9A%D0%B8%D1%80%D0%BE%D0%B2%D1%81%D0%BA_%D1%81%D0%B5%D0%B3%D0%BE%D0%B4%D0%BD%D1%8F_10-87.pdf
884,Стахановское знамя,Stakhanovskoe znamya,Kadiivka,Stakhanov,Luganmedia,2025-03-26,15,https://luganmedia.ru/wp-content/uploads/2025/04/%D0%A1%D1%82%D0%B0%D1%85%D0%B0%D0%BD%D0%BE%D0%B2%D1%81%D0%BA%D0%BE%D0%B5-%D0%B7%D0%BD%D0%B0%D0%BC%D1%8F-%E2%84%9611-92.pdf
234,Кировск сегодня,Kirovsk segodnya,Kadiivka,Kirovsk / Holubivka,Luganmedia,2025-03-27,15,https://luganmedia.ru/wp-content/uploads/2025/04/%D0%9A%D0%B8%D1%80%D0%BE%D0%B2%D1%81%D0%BA_%D1%81%D0%B5%D0%B3%D0%BE%D0%B4%D0%BD%D1%8F_11-88.pdf
855,Стахановское знамя,Stakhanovskoe znamya,Kadiivka,Stakhanov,Luganmedia,2025-04-02,15,https://luganmedia.ru/wp-content/uploads/2025/04/%D0%A1%D1%82%D0%B0%D1%85%D0%B0%D0%BD%D0%BE%D0%B2%D1%81%D0%BA%D0%BE%D0%B5-%D0%B7%D0%BD%D0%B0%D0%BC%D1%8F-%E2%84%96-12-93.pdf
235,Кировск сегодня,Kirovsk segodnya,Kadiivka,Kirovsk / Holubivka,Luganmedia,2025-04-03,15,https://luganmedia.ru/wp-content/uploads/2025/04/%D0%9A%D0%B8%D1%80%D0%BE%D0%B2%D1%81%D0%BA_%D1%81%D0%B5%D0%B3%D0%BE%D0%B4%D0%BD%D1%8F_12-89.pdf
885,Стахановское знамя,Stakhanovskoe znamya,Kadiivka,Stakhanov,Luganmedia,2025-04-09,15,https://luganmedia.ru/wp-content/uploads/2025/04/%D0%A1%D1%82%D0%B0%D1%85%D0%B0%D0%BD%D0%BE%D0%B2%D1%81%D0%BA%D0%BE%D0%B5-%D0%B7%D0%BD%D0%B0%D0%BC%D1%8F-%E2%84%9613-94.pdf
856,Стахановское знамя,Stakhanovskoe znamya,Kadiivka,Stakhanov,Luganmedia,2025-04-16,15,https://luganmedia.ru/wp-content/uploads/2025/04/%D0%A1%D1%82%D0%B0%D1%85%D0%B0%D0%BD%D0%BE%D0%B2%D1%81%D0%BA%D0%BE%D0%B5-%D0%B7%D0%BD%D0%B0%D0%BC%D1%8F-%E2%84%96-14-95.pdf
857,Стахановское знамя,Stakhanovskoe znamya,Kadiivka,Stakhanov,Luganmedia,2025-04-23,15,https://luganmedia.ru/wp-content/uploads/2025/08/%D0%A1%D1%82%D0%B0%D1%85%D0%B0%D0%BD%D0%BE%D0%B2%D1%81%D0%BA%D0%BE%D0%B5-%D0%B7%D0%BD%D0%B0%D0%BC%D1%8F-%E2%84%96-15-96.pdf
886,Стахановское знамя,Stakhanovskoe znamya,Kadiivka,Stakhanov,Luganmedia,2025-04-30,15,https://luganmedia.ru/wp-content/uploads/2025/08/%D0%A1%D1%82%D0%B0%D1%85%D0%B0%D0%BD%D0%BE%D0%B2%D1%81%D0%BA%D0%BE%D0%B5-%D0%B7%D0%BD%D0%B0%D0%BC%D1%8F-%E2%84%9616-97.pdf
842,Стахановское знамя,Stakhanovskoe znamya,Kadiivka,Stakhanov,Luganmedia,2025-05-14,15,https://luganmedia.ru/wp-content/uploads/2025/08/%D0%A1%D1%82%D0%B0%D1%85%D0%B0%D0%BD%D0%BE%D0%B2%D1%81%D0%BA%D0%BE%D0%B5-%D0%97%D0%BD%D0%B0%D0%BC%D1%8F-%E2%84%96-18-99.pdf
859,Стахановское знамя,Stakhanovskoe znamya,Kadiivka,Stakhanov,Luganmedia,2025-06-04,15,https://luganmedia.ru/wp-content/uploads/2025/08/%D0%A1%D1%82%D0%B0%D1%85%D0%B0%D0%BD%D0%BE%D0%B2%D1%81%D0%BA%D0%BE%D0%B5-%D0%B7%D0%BD%D0%B0%D0%BC%D1%8F-%E2%84%96-21-102.pdf
860,Стахановское знамя,Stakhanovskoe znamya,Kadiivka,Stakhanov,Luganmedia,2025-06-11,15,https://luganmedia.ru/wp-content/uploads/2025/08/%D0%A1%D1%82%D0%B0%D1%85%D0%B0%D0%BD%D0%BE%D0%B2%D1%81%D0%BA%D0%BE%D0%B5-%D0%B7%D0%BD%D0%B0%D0%BC%D1%8F-%E2%84%96-22-103.pdf
861,Стахановское знамя,Stakhanovskoe znamya,Kadiivka,Stakhanov,Luganmedia,2025-06-18,15,https://luganmedia.ru/wp-content/uploads/2025/08/%D0%A1%D1%82%D0%B0%D1%85%D0%B0%D0%BD%D0%BE%D0%B2%D1%81%D0%BA%D0%BE%D0%B5-%D0%B7%D0%BD%D0%B0%D0%BC%D1%8F-%E2%84%96-23-104.pdf
862,Стахановское знамя,Stakhanovskoe znamya,Kadiivka,Stakhanov,Luganmedia,2025-06-25,15,https://luganmedia.ru/wp-content/uploads/2025/11/%D0%A1%D1%82%D0%B0%D1%85%D0%B0%D0%BD%D0%BE%D0%B2%D1%81%D0%BA%D0%BE%D0%B5-%D0%B7%D0%BD%D0%B0%D0%BC%D1%8F-%E2%84%96-24-105.pdf
863,Стахановское знамя,Stakhanovskoe znamya,Kadiivka,Stakhanov,Luganmedia,2025-07-02,15,https://luganmedia.ru/wp-content/uploads/2025/11/%D0%A1%D1%82%D0%B0%D1%85%D0%B0%D0%BD%D0%BE%D0%B2%D1%81%D0%BA%D0%BE%D0%B5-%D0%B7%D0%BD%D0%B0%D0%BC%D1%8F-%E2%84%96-25-106.pdf
864,Стахановское знамя,Stakhanovskoe znamya,Kadiivka,Stakhanov,Luganmedia,2025-07-16,15,https://luganmedia.ru/wp-content/uploads/2025/11/%D0%A1%D1%82%D0%B0%D1%85%D0%B0%D0%BD%D0%BE%D0%B2%D1%81%D0%BA%D0%BE%D0%B5-%D0%B7%D0%BD%D0%B0%D0%BC%D1%8F-%E2%84%96-27-108.pdf
866,Стахановское знамя,Stakhanovskoe znamya,Kadiivka,Stakhanov,Luganmedia,2025-07-30,15,https://luganmedia.ru/wp-content/uploads/2025/11/%D0%A1%D1%82%D0%B0%D1%85%D0%B0%D0%BD%D0%BE%D0%B2%D1%81%D0%BA%D0%BE%D0%B5-%D0%B7%D0%BD%D0%B0%D0%BC%D1%8F-%E2%84%96-29-110.pdf
867,Стахановское знамя,Stakhanovskoe znamya,Kadiivka,Stakhanov,Luganmedia,2025-08-06,15,https://luganmedia.ru/wp-content/uploads/2025/11/%D0%A1%D1%82%D0%B0%D1%85%D0%B0%D0%BD%D0%BE%D0%B2%D1%81%D0%BA%D0%BE%D0%B5-%D0%B7%D0%BD%D0%B0%D0%BC%D1%8F-%E2%84%96-30-111.pdf
868,Стахановское знамя,Stakhanovskoe znamya,Kadiivka,Stakhanov,Luganmedia,2025-08-13,15,https://luganmedia.ru/wp-content/uploads/2025/11/%D0%A1%D1%82%D0%B0%D1%85%D0%B0%D0%BD%D0%BE%D0%B2%D1%81%D0%BA%D0%BE%D0%B5-%D0%B7%D0%BD%D0%B0%D0%BC%D1%8F-%E2%84%96-31-112.pdf
869,Стахановское знамя,Stakhanovskoe znamya,Kadiivka,Stakhanov,Luganmedia,2025-08-20,15,https://luganmedia.ru/wp-content/uploads/2025/11/%D0%A1%D1%82%D0%B0%D1%85%D0%B0%D0%BD%D0%BE%D0%B2%D1%81%D0%BA%D0%BE%D0%B5-%D0%B7%D0%BD%D0%B0%D0%BC%D1%8F-%E2%84%96-32-113.pdf
870,Стахановское знамя,Stakhanovskoe znamya,Kadiivka,Stakhanov,Luganmedia,2025-09-03,15,https://luganmedia.ru/wp-content/uploads/2025/11/%D0%A1%D1%82%D0%B0%D1%85%D0%B0%D0%BD%D0%BE%D0%B2%D1%81%D0%BA%D0%BE%D0%B5-%D0%B7%D0%BD%D0%B0%D0%BC%D1%8F-%E2%84%96-34-115.pdf
871,Стахановское знамя,Stakhanovskoe znamya,Kadiivka,Stakhanov,Luganmedia,2025-09-10,15,https://luganmedia.ru/wp-content/uploads/2025/11/%D0%A1%D1%82%D0%B0%D1%85%D0%B0%D0%BD%D0%BE%D0%B2%D1%81%D0%BA%D0%BE%D0%B5-%D0%B7%D0%BD%D0%B0%D0%BC%D1%8F-%E2%84%96-35-116.pdf
1088,Стахановское знамя,Stakhanovskoe znamya,Kadiivka,Stakhanov,Luganmedia,2026-04-01,15,https://luganmedia.ru/wp-content/uploads/2026/06/Стахановское-знамя-№-1-133-сжатый.pdf
1013,Кировск сегодня,Kirovsk segodnya,Kadiivka,Kirovsk / Holubivka,Luganmedia,2026-04-02,15,https://luganmedia.ru/wp-content/uploads/2026/06/Кировск-сегодня-№1-128.pdf
1089,Стахановское знамя,Stakhanovskoe znamya,Kadiivka,Stakhanov,Luganmedia,2026-04-08,15,https://luganmedia.ru/wp-content/uploads/2026/06/Стахановское-знамя-№-2-134-сжатый.pdf
1014,Кировск сегодня,Kirovsk segodnya,Kadiivka,Kirovsk / Holubivka,Luganmedia,2026-04-09,15,https://luganmedia.ru/wp-content/uploads/2026/06/Кировск-сегодня-№2-129.pdf
1090,Стахановское знамя,Stakhanovskoe znamya,Kadiivka,Stakhanov,Luganmedia,2026-04-15,15,https://luganmedia.ru/wp-content/uploads/2026/06/Стахановское-знамя-№-3-135-сжатый.pdf
1015,Кировск сегодня,Kirovsk segodnya,Kadiivka,Kirovsk / Holubivka,Luganmedia,2026-04-16,15,https://luganmedia.ru/wp-content/uploads/2026/06/Кировск-сегодня-№3-130.pdf
1091,Стахановское знамя,Stakhanovskoe znamya,Kadiivka,Stakhanov,Luganmedia,2026-04-22,15,https://luganmedia.ru/wp-content/uploads/2026/06/Стахановское-знамя-№-4-136-сжатый.pdf
1016,Кировск сегодня,Kirovsk segodnya,Kadiivka,Kirovsk / Holubivka,Luganmedia,2026-04-23,15,https://luganmedia.ru/wp-content/uploads/2026/06/Кировск-сегодня-№4-131.pdf
1092,Стахановское знамя,Stakhanovskoe znamya,Kadiivka,Stakhanov,Luganmedia,2026-04-29,15,https://luganmedia.ru/wp-content/uploads/2026/06/Стахановское-знамя-№-5-137-2.pdf
1017,Кировск сегодня,Kirovsk segodnya,Kadiivka,Kirovsk / Holubivka,Luganmedia,2026-04-30,15,https://luganmedia.ru/wp-content/uploads/2026/06/Кировск-сегодня-№5-132.pdf
258,Красный Луч,Krasnyy Luch,Khrustalnyi,Krasnyi Luch,Luganmedia,2024-08-22,23,https://luganmedia.ru/wp-content/uploads/2024/11/%D0%9A%D1%80%D0%B0%D1%81%D0%BD%D1%8B%D0%B9-%D0%9B%D1%83%D1%87-%E2%84%96-33-63.pdf
259,Красный Луч,Krasnyy Luch,Khrustalnyi,Krasnyi Luch,Luganmedia,2024-08-29,23,https://luganmedia.ru/wp-content/uploads/2024/11/%D0%9A%D1%80%D0%B0%D1%81%D0%BD%D1%8B%D0%B9-%D0%9B%D1%83%D1%87-%E2%84%96-34-64.pdf
260,Красный Луч,Krasnyy Luch,Khrustalnyi,Krasnyi Luch,Luganmedia,2024-09-05,23,https://luganmedia.ru/wp-content/uploads/2024/11/%D0%9A%D1%80%D0%B0%D1%81%D0%BD%D1%8B%D0%B9-%D0%9B%D1%83%D1%87-%E2%84%96-35-65.pdf
261,Красный Луч,Krasnyy Luch,Khrustalnyi,Krasnyi Luch,Luganmedia,2024-09-12,24,https://luganmedia.ru/wp-content/uploads/2024/11/%D0%9A%D1%80%D0%B0%D1%81%D0%BD%D1%8B%D0%B9-%D0%9B%D1%83%D1%87-%E2%84%96-36-66.pdf
262,Красный Луч,Krasnyy Luch,Khrustalnyi,Krasnyi Luch,Luganmedia,2024-09-19,23,https://luganmedia.ru/wp-content/uploads/2024/11/%D0%9A%D1%80%D0%B0%D1%81%D0%BD%D1%8B%D0%B9-%D0%9B%D1%83%D1%87-%E2%84%96-37-67.pdf
263,Красный Луч,Krasnyy Luch,Khrustalnyi,Krasnyi Luch,Luganmedia,2024-09-26,24,https://luganmedia.ru/wp-content/uploads/2024/11/%D0%9A%D1%80%D0%B0%D1%81%D0%BD%D1%8B%D0%B9-%D0%9B%D1%83%D1%87-%E2%84%96-38-68.pdf
264,Красный Луч,Krasnyy Luch,Khrustalnyi,Krasnyi Luch,Luganmedia,2024-10-03,23,https://luganmedia.ru/wp-content/uploads/2024/11/%D0%9A%D1%80%D0%B0%D1%81%D0%BD%D1%8B%D0%B9-%D0%9B%D1%83%D1%87-%E2%84%96-39-69.pdf
266,Красный Луч,Krasnyy Luch,Khrustalnyi,Krasnyi Luch,Luganmedia,2024-10-10,23,https://luganmedia.ru/wp-content/uploads/2024/11/%D0%9A%D1%80%D0%B0%D1%81%D0%BD%D1%8B%D0%B9-%D0%9B%D1%83%D1%87-%E2%84%96-40-70.pdf
267,Красный Луч,Krasnyy Luch,Khrustalnyi,Krasnyi Luch,Luganmedia,2024-10-17,23,https://luganmedia.ru/wp-content/uploads/2024/11/%D0%9A%D1%80%D0%B0%D1%81%D0%BD%D1%8B%D0%B9-%D0%9B%D1%83%D1%87-%E2%84%96-41-71.pdf
268,Красный Луч,Krasnyy Luch,Khrustalnyi,Krasnyi Luch,Luganmedia,2024-10-24,23,https://luganmedia.ru/wp-content/uploads/2024/11/%D0%9A%D1%80%D0%B0%D1%81%D0%BD%D1%8B%D0%B9-%D0%9B%D1%83%D1%87-%E2%84%96-42-72.pdf
269,Красный Луч,Krasnyy Luch,Khrustalnyi,Krasnyi Luch,Luganmedia,2024-10-31,24,https://luganmedia.ru/wp-content/uploads/2024/11/%D0%9A%D1%80%D0%B0%D1%81%D0%BD%D1%8B%D0%B9-%D0%9B%D1%83%D1%87-%E2%84%96-43-73.pdf
270,Красный Луч,Krasnyy Luch,Khrustalnyi,Krasnyi Luch,Luganmedia,2024-11-07,23,https://luganmedia.ru/wp-content/uploads/2024/11/%D0%9A%D1%80%D0%B0%D1%81%D0%BD%D1%8B%D0%B9-%D0%9B%D1%83%D1%87-%E2%84%96-44-74.pdf
271,Красный Луч,Krasnyy Luch,Khrustalnyi,Krasnyi Luch,Luganmedia,2024-11-14,23,https://luganmedia.ru/wp-content/uploads/2024/11/%D0%9A%D1%80%D0%B0%D1%81%D0%BD%D1%8B%D0%B9-%D0%9B%D1%83%D1%87-%E2%84%96-45-75.pdf
272,Красный Луч,Krasnyy Luch,Khrustalnyi,Krasnyi Luch,Luganmedia,2024-11-21,23,https://luganmedia.ru/wp-content/uploads/2024/11/%D0%9A%D1%80%D0%B0%D1%81%D0%BD%D1%8B%D0%B9-%D0%9B%D1%83%D1%87-%E2%84%96-46-76.pdf
273,Красный Луч,Krasnyy Luch,Khrustalnyi,Krasnyi Luch,Luganmedia,2024-11-28,23,https://luganmedia.ru/wp-content/uploads/2024/12/%D0%9A%D1%80%D0%B0%D1%81%D0%BD%D1%8B%D0%B9-%D0%9B%D1%83%D1%87-%E2%84%96-47-77.pdf
274,Красный Луч,Krasnyy Luch,Khrustalnyi,Krasnyi Luch,Luganmedia,2024-12-05,23,https://luganmedia.ru/wp-content/uploads/2024/12/%D0%9A%D1%80%D0%B0%D1%81%D0%BD%D1%8B%D0%B9-%D0%9B%D1%83%D1%87-%E2%84%96-48-78.pdf
275,Красный Луч,Krasnyy Luch,Khrustalnyi,Krasnyi Luch,Luganmedia,2024-12-12,23,https://luganmedia.ru/wp-content/uploads/2024/12/%D0%9A%D1%80%D0%B0%D1%81%D0%BD%D1%8B%D0%B9-%D0%9B%D1%83%D1%87-%E2%84%96-49-79.pdf
277,Красный Луч,Krasnyy Luch,Khrustalnyi,Krasnyi Luch,Luganmedia,2024-12-19,24,https://luganmedia.ru/wp-content/uploads/2024/12/%D0%9A%D1%80%D0%B0%D1%81%D0%BD%D1%8B%D0%B9-%D0%9B%D1%83%D1%87-%E2%84%96-50-80.pdf
278,Красный Луч,Krasnyy Luch,Khrustalnyi,Krasnyi Luch,Luganmedia,2024-12-20,23,https://luganmedia.ru/wp-content/uploads/2025/01/%D0%9A%D1%80%D0%B0%D1%81%D0%BD%D1%8B%D0%B9-%D0%9B%D1%83%D1%87-%E2%84%96-51-81.pdf
252,Красный Луч,Krasnyy Luch,Khrustalnyi,Krasnyi Luch,Luganmedia,2025-01-16,23,https://luganmedia.ru/wp-content/uploads/2025/01/%D0%9A%D1%80%D0%B0%D1%81%D0%BD%D1%8B%D0%B9-%D0%9B%D1%83%D1%87-%E2%84%96-1-82.pdf
256,Красный Луч,Krasnyy Luch,Khrustalnyi,Krasnyi Luch,Luganmedia,2025-01-23,23,https://luganmedia.ru/wp-content/uploads/2025/02/%D0%9A%D1%80%D0%B0%D1%81%D0%BD%D1%8B%D0%B9-%D0%9B%D1%83%D1%87-%E2%84%96-2-83.pdf
257,Красный Луч,Krasnyy Luch,Khrustalnyi,Krasnyi Luch,Luganmedia,2025-01-30,23,https://luganmedia.ru/wp-content/uploads/2025/02/%D0%9A%D1%80%D0%B0%D1%81%D0%BD%D1%8B%D0%B9-%D0%9B%D1%83%D1%87-%E2%84%96-3-84.pdf
265,Красный Луч,Krasnyy Luch,Khrustalnyi,Krasnyi Luch,Luganmedia,2025-02-06,23,https://luganmedia.ru/wp-content/uploads/2025/02/%D0%9A%D1%80%D0%B0%D1%81%D0%BD%D1%8B%D0%B9-%D0%9B%D1%83%D1%87-%E2%84%96-4-85.pdf
276,Красный Луч,Krasnyy Luch,Khrustalnyi,Krasnyi Luch,Luganmedia,2025-02-13,23,https://luganmedia.ru/wp-content/uploads/2025/02/%D0%9A%D1%80%D0%B0%D1%81%D0%BD%D1%8B%D0%B9-%D0%9B%D1%83%D1%87-%E2%84%96-5-86.pdf
279,Красный Луч,Krasnyy Luch,Khrustalnyi,Krasnyi Luch,Luganmedia,2025-02-20,23,https://luganmedia.ru/wp-content/uploads/2025/03/%D0%9A%D1%80%D0%B0%D1%81%D0%BD%D1%8B%D0%B9-%D0%9B%D1%83%D1%87-%E2%84%96-6-87.pdf
280,Красный Луч,Krasnyy Luch,Khrustalnyi,Krasnyi Luch,Luganmedia,2025-02-27,23,https://luganmedia.ru/wp-content/uploads/2025/03/%D0%9A%D1%80%D0%B0%D1%81%D0%BD%D1%8B%D0%B9-%D0%9B%D1%83%D1%87-%E2%84%96-7-88.pdf
281,Красный Луч,Krasnyy Luch,Khrustalnyi,Krasnyi Luch,Luganmedia,2025-03-06,23,https://luganmedia.ru/wp-content/uploads/2025/03/%D0%9A%D1%80%D0%B0%D1%81%D0%BD%D1%8B%D0%B9-%D0%9B%D1%83%D1%87-%E2%84%96-8-89.pdf
282,Красный Луч,Krasnyy Luch,Khrustalnyi,Krasnyi Luch,Luganmedia,2025-03-13,23,https://luganmedia.ru/wp-content/uploads/2025/04/%D0%9A%D1%80%D0%B0%D1%81%D0%BD%D1%8B%D0%B9-%D0%9B%D1%83%D1%87-%E2%84%96-9-90.pdf
253,Красный Луч,Krasnyy Luch,Khrustalnyi,Krasnyi Luch,Luganmedia,2025-03-20,23,https://luganmedia.ru/wp-content/uploads/2025/04/%D0%9A%D1%80%D0%B0%D1%81%D0%BD%D1%8B%D0%B9-%D0%9B%D1%83%D1%87-%E2%84%96-10-91.pdf
254,Красный Луч,Krasnyy Luch,Khrustalnyi,Krasnyi Luch,Luganmedia,2025-03-27,23,https://luganmedia.ru/wp-content/uploads/2025/04/%D0%9A%D1%80%D0%B0%D1%81%D0%BD%D1%8B%D0%B9-%D0%9B%D1%83%D1%87-%E2%84%96-11-92.pdf
255,Красный Луч,Krasnyy Luch,Khrustalnyi,Krasnyi Luch,Luganmedia,2025-04-03,23,https://luganmedia.ru/wp-content/uploads/2025/04/%D0%9A%D1%80%D0%B0%D1%81%D0%BD%D1%8B%D0%B9-%D0%9B%D1%83%D1%87-%E2%84%96-12-93.pdf
1018,Красный Луч,Krasnyy Luch,Khrustalnyi,Krasnyi Luch,Luganmedia,2026-04-02,23,https://luganmedia.ru/wp-content/uploads/2026/06/Красный-Луч-№-1-132-2026-сжатый.pdf
1019,Красный Луч,Krasnyy Luch,Khrustalnyi,Krasnyi Luch,Luganmedia,2026-04-09,23,https://luganmedia.ru/wp-content/uploads/2026/06/Красный-Луч-№-2-133-2026-сжатый.pdf
1020,Красный Луч,Krasnyy Luch,Khrustalnyi,Krasnyi Luch,Luganmedia,2026-04-16,23,https://luganmedia.ru/wp-content/uploads/2026/06/Красный-Луч-№-3-134-2026-сжатый.pdf
1021,Красный Луч,Krasnyy Luch,Khrustalnyi,Krasnyi Luch,Luganmedia,2026-04-23,23,https://luganmedia.ru/wp-content/uploads/2026/06/Красный-Луч-№-4-135-2026-сжатый.pdf
1022,Красный Луч,Krasnyy Luch,Khrustalnyi,Krasnyi Luch,Luganmedia,2026-04-30,23,https://luganmedia.ru/wp-content/uploads/2026/06/Красный-Луч-№-5-136-2026-сжатый.pdf
425,Наша трудовая слава,Nasha trudovaya slava,Lutuhyne,Lutuhyne - to confirm,Luganmedia,2023-06-12,15,https://luganmedia.ru/wp-content/uploads/2024/12/%D0%9D%D0%B0%D1%88%D0%B0-%D1%82%D1%80%D1%83%D0%B4%D0%BE%D0%B2%D0%B0%D1%8F-%D1%81%D0%BB%D0%B0%D0%B2%D0%B0-48-74.pdf
413,Наша трудовая слава,Nasha trudovaya slava,Lutuhyne,Lutuhyne - to confirm,Luganmedia,2023-07-07,15,https://luganmedia.ru/wp-content/uploads/2024/11/%D0%9D%D0%B0%D1%88%D0%B0-%D1%82%D1%80%D1%83%D0%B4%D0%BE%D0%B2%D0%B0%D1%8F-%D1%81%D0%BB%D0%B0%D0%B2%D0%B0-37-63.pdf
424,Наша трудовая слава,Nasha trudovaya slava,Lutuhyne,Lutuhyne - to confirm,Luganmedia,2023-07-07,15,https://luganmedia.ru/wp-content/uploads/2024/12/%D0%9D%D0%B0%D1%88%D0%B0-%D1%82%D1%80%D1%83%D0%B4%D0%BE%D0%B2%D0%B0%D1%8F-%D1%81%D0%BB%D0%B0%D0%B2%D0%B0-47-73.pdf
412,Наша трудовая слава,Nasha trudovaya slava,Lutuhyne,Lutuhyne - to confirm,Luganmedia,2024-06-17,15,https://luganmedia.ru/wp-content/uploads/2024/11/%D0%9D%D0%B0%D1%88%D0%B0-%D1%82%D1%80%D1%83%D0%B4%D0%BE%D0%B2%D0%B0%D1%8F-%D1%81%D0%BB%D0%B0%D0%B2%D0%B0-36-62.pdf
411,Наша трудовая слава,Nasha trudovaya slava,Lutuhyne,Lutuhyne - to confirm,Luganmedia,2024-06-28,15,https://luganmedia.ru/wp-content/uploads/2024/11/%D0%9D%D0%B0%D1%88%D0%B0-%D1%82%D1%80%D1%83%D0%B4%D0%BE%D0%B2%D0%B0%D1%8F-%D1%81%D0%BB%D0%B0%D0%B2%D0%B0-35-61.pdf
409,Наша трудовая слава,Nasha trudovaya slava,Lutuhyne,Lutuhyne - to confirm,Luganmedia,2024-08-22,15,https://luganmedia.ru/wp-content/uploads/2024/11/%D0%9D%D0%B0%D1%88%D0%B0-%D1%82%D1%80%D1%83%D0%B4%D0%BE%D0%B2%D0%B0%D1%8F-%D1%81%D0%BB%D0%B0%D0%B2%D0%B0-33-59.pdf
410,Наша трудовая слава,Nasha trudovaya slava,Lutuhyne,Lutuhyne - to confirm,Luganmedia,2024-08-29,15,https://luganmedia.ru/wp-content/uploads/2024/11/%D0%9D%D0%B0%D1%88%D0%B0-%D1%82%D1%80%D1%83%D0%B4%D0%BE%D0%B2%D0%B0%D1%8F-%D1%81%D0%BB%D0%B0%D0%B2%D0%B0-34-60.pdf
417,Наша трудовая слава,Nasha trudovaya slava,Lutuhyne,Lutuhyne - to confirm,Luganmedia,2024-09-18,15,https://luganmedia.ru/wp-content/uploads/2024/11/%D0%9D%D0%B0%D1%88%D0%B0-%D1%82%D1%80%D1%83%D0%B4%D0%BE%D0%B2%D0%B0%D1%8F-%D1%81%D0%BB%D0%B0%D0%B2%D0%B0-40-66.pdf
414,Наша трудовая слава,Nasha trudovaya slava,Lutuhyne,Lutuhyne - to confirm,Luganmedia,2024-09-27,15,https://luganmedia.ru/wp-content/uploads/2024/11/%D0%9D%D0%B0%D1%88%D0%B0-%D1%82%D1%80%D1%83%D0%B4%D0%BE%D0%B2%D0%B0%D1%8F-%D1%81%D0%BB%D0%B0%D0%B2%D0%B0-38-64.pdf
418,Наша трудовая слава,Nasha trudovaya slava,Lutuhyne,Lutuhyne - to confirm,Luganmedia,2024-10-18,15,https://luganmedia.ru/wp-content/uploads/2024/11/%D0%9D%D0%B0%D1%88%D0%B0-%D1%82%D1%80%D1%83%D0%B4%D0%BE%D0%B2%D0%B0%D1%8F-%D1%81%D0%BB%D0%B0%D0%B2%D0%B0-41-67.pdf
407,Наша трудовая слава,Nasha trudovaya slava,Lutuhyne,Lutuhyne - to confirm,Luganmedia,2024-10-25,15,https://luganmedia.ru/wp-content/uploads/2025/02/%D0%9D%D0%B0%D1%88%D0%B0-%D1%82%D1%80%D1%83%D0%B4%D0%BE%D0%B2%D0%B0%D1%8F-%D1%81%D0%BB%D0%B0%D0%B2%D0%B0-2-79.pdf
415,Наша трудовая слава,Nasha trudovaya slava,Lutuhyne,Lutuhyne - to confirm,Luganmedia,2024-11-01,15,https://luganmedia.ru/wp-content/uploads/2024/11/%D0%9D%D0%B0%D1%88%D0%B0-%D1%82%D1%80%D1%83%D0%B4%D0%BE%D0%B2%D0%B0%D1%8F-%D1%81%D0%BB%D0%B0%D0%B2%D0%B0-39-65.pdf
419,Наша трудовая слава,Nasha trudovaya slava,Lutuhyne,Lutuhyne - to confirm,Luganmedia,2024-11-01,15,https://luganmedia.ru/wp-content/uploads/2024/11/%D0%9D%D0%B0%D1%88%D0%B0-%D1%82%D1%80%D1%83%D0%B4%D0%BE%D0%B2%D0%B0%D1%8F-%D1%81%D0%BB%D0%B0%D0%B2%D0%B0-42-68.pdf
420,Наша трудовая слава,Nasha trudovaya slava,Lutuhyne,Lutuhyne - to confirm,Luganmedia,2024-11-01,15,https://luganmedia.ru/wp-content/uploads/2024/11/%D0%9D%D0%B0%D1%88%D0%B0-%D1%82%D1%80%D1%83%D0%B4%D0%BE%D0%B2%D0%B0%D1%8F-%D1%81%D0%BB%D0%B0%D0%B2%D0%B0-43-69.pdf
421,Наша трудовая слава,Nasha trudovaya slava,Lutuhyne,Lutuhyne - to confirm,Luganmedia,2024-11-01,15,https://luganmedia.ru/wp-content/uploads/2024/11/%D0%9D%D0%B0%D1%88%D0%B0-%D1%82%D1%80%D1%83%D0%B4%D0%BE%D0%B2%D0%B0%D1%8F-%D1%81%D0%BB%D0%B0%D0%B2%D0%B0-44-70.pdf
423,Наша трудовая слава,Nasha trudovaya slava,Lutuhyne,Lutuhyne - to confirm,Luganmedia,2024-11-01,16,https://luganmedia.ru/wp-content/uploads/2024/11/%D0%9D%D0%B0%D1%88%D0%B0-%D1%82%D1%80%D1%83%D0%B4%D0%BE%D0%B2%D0%B0%D1%8F-%D1%81%D0%BB%D0%B0%D0%B2%D0%B0-46-72.pdf
426,Наша трудовая слава,Nasha trudovaya slava,Lutuhyne,Lutuhyne - to confirm,Luganmedia,2024-12-01,15,https://luganmedia.ru/wp-content/uploads/2024/12/%D0%9D%D0%B0%D1%88%D0%B0-%D1%82%D1%80%D1%83%D0%B4%D0%BE%D0%B2%D0%B0%D1%8F-%D1%81%D0%BB%D0%B0%D0%B2%D0%B0-49-75.pdf
428,Наша трудовая слава,Nasha trudovaya slava,Lutuhyne,Lutuhyne - to confirm,Luganmedia,2024-12-01,15,https://luganmedia.ru/wp-content/uploads/2024/12/%D0%9D%D0%B0%D1%88%D0%B0-%D1%82%D1%80%D1%83%D0%B4%D0%BE%D0%B2%D0%B0%D1%8F-%D1%81%D0%BB%D0%B0%D0%B2%D0%B0-50-76.pdf
429,Наша трудовая слава,Nasha trudovaya slava,Lutuhyne,Lutuhyne - to confirm,Luganmedia,2024-12-26,15,https://luganmedia.ru/wp-content/uploads/2025/01/%D0%9D%D0%B0%D1%88%D0%B0-%D1%82%D1%80%D1%83%D0%B4%D0%BE%D0%B2%D0%B0%D1%8F-%D1%81%D0%BB%D0%B0%D0%B2%D0%B0-51-77.pdf
406,Наша трудовая слава,Nasha trudovaya slava,Lutuhyne,Lutuhyne - to confirm,Luganmedia,2025-01-15,15,https://luganmedia.ru/wp-content/uploads/2025/01/%D0%9D%D0%B0%D1%88%D0%B0-%D1%82%D1%80%D1%83%D0%B4%D0%BE%D0%B2%D0%B0%D1%8F-%D1%81%D0%BB%D0%B0%D0%B2%D0%B0-1-78.pdf
408,Наша трудовая слава,Nasha trudovaya slava,Lutuhyne,Lutuhyne - to confirm,Luganmedia,2025-02-01,15,https://luganmedia.ru/wp-content/uploads/2025/02/%D0%9D%D0%B0%D1%88%D0%B0-%D1%82%D1%80%D1%83%D0%B4%D0%BE%D0%B2%D0%B0%D1%8F-%D1%81%D0%BB%D0%B0%D0%B2%D0%B0-3-80.pdf
416,Наша трудовая слава,Nasha trudovaya slava,Lutuhyne,Lutuhyne - to confirm,Luganmedia,2025-02-06,15,https://luganmedia.ru/wp-content/uploads/2025/02/%D0%9D%D0%B0%D1%88%D0%B0-%D1%82%D1%80%D1%83%D0%B4%D0%BE%D0%B2%D0%B0%D1%8F-%D1%81%D0%BB%D0%B0%D0%B2%D0%B0-4-81.pdf
427,Наша трудовая слава,Nasha trudovaya slava,Lutuhyne,Lutuhyne - to confirm,Luganmedia,2025-02-13,15,https://luganmedia.ru/wp-content/uploads/2025/02/%D0%9D%D0%B0%D1%88%D0%B0-%D1%82%D1%80%D1%83%D0%B4%D0%BE%D0%B2%D0%B0%D1%8F-%D1%81%D0%BB%D0%B0%D0%B2%D0%B0-5-82.pdf
430,Наша трудовая слава,Nasha trudovaya slava,Lutuhyne,Lutuhyne - to confirm,Luganmedia,2025-02-20,15,https://luganmedia.ru/wp-content/uploads/2025/03/%D0%9D%D0%B0%D1%88%D0%B0-%D1%82%D1%80%D1%83%D0%B4%D0%BE%D0%B2%D0%B0%D1%8F-%D1%81%D0%BB%D0%B0%D0%B2%D0%B0-6-83.pdf
431,Наша трудовая слава,Nasha trudovaya slava,Lutuhyne,Lutuhyne - to confirm,Luganmedia,2025-02-27,15,https://luganmedia.ru/wp-content/uploads/2025/03/%D0%9D%D0%B0%D1%88%D0%B0-%D1%82%D1%80%D1%83%D0%B4%D0%BE%D0%B2%D0%B0%D1%8F-%D1%81%D0%BB%D0%B0%D0%B2%D0%B0-7-84.pdf
432,Наша трудовая слава,Nasha trudovaya slava,Lutuhyne,Lutuhyne - to confirm,Luganmedia,2025-03-06,15,https://luganmedia.ru/wp-content/uploads/2025/03/%D0%9D%D0%B0%D1%88%D0%B0-%D1%82%D1%80%D1%83%D0%B4%D0%BE%D0%B2%D0%B0%D1%8F-%D1%81%D0%BB%D0%B0%D0%B2%D0%B0-8-85.pdf
1043,Наша трудовая слава,Nasha trudovaya slava,Lutuhyne,Lutuhyne - to confirm,Luganmedia,2026-04-02,15,https://luganmedia.ru/wp-content/uploads/2026/06/Наша-трудовая-слава-№1-128-сжатый.pdf
1044,Наша трудовая слава,Nasha trudovaya slava,Lutuhyne,Lutuhyne - to confirm,Luganmedia,2026-04-09,15,https://luganmedia.ru/wp-content/uploads/2026/06/Наша-трудовая-слава-№2-129-сжатый.pdf
1045,Наша трудовая слава,Nasha trudovaya slava,Lutuhyne,Lutuhyne - to confirm,Luganmedia,2026-04-16,15,https://luganmedia.ru/wp-content/uploads/2026/06/Наша-трудовая-слава-№3-сжатый.pdf
1046,Наша трудовая слава,Nasha trudovaya slava,Lutuhyne,Lutuhyne - to confirm,Luganmedia,2026-04-23,15,https://luganmedia.ru/wp-content/uploads/2026/06/Наша-трудовая-слава-№4-131-сжатый.pdf
1047,Наша трудовая слава,Nasha trudovaya slava,Lutuhyne,Lutuhyne - to confirm,Luganmedia,2026-04-30,15,https://luganmedia.ru/wp-content/uploads/2026/06/Наша-трудовая-слава-№5-132-сжатый.pdf
298,Марковский вестник,Markovskiy vestnik,Markivka,Markivka,Luganmedia,2024-08-23,15,https://luganmedia.ru/wp-content/uploads/2024/11/%D0%9C%D0%B0%D1%80%D0%BA%D0%BE%D0%B2%D1%81%D0%BA%D0%B8%D0%B9-%D0%B2%D0%B5%D1%81%D1%82%D0%BD%D0%B8%D0%BA-%E2%84%9633-63.pdf
299,Марковский вестник,Markovskiy vestnik,Markivka,Markivka,Luganmedia,2024-08-30,15,https://luganmedia.ru/wp-content/uploads/2024/11/%D0%9C%D0%B0%D1%80%D0%BA%D0%BE%D0%B2%D1%81%D0%BA%D0%B8%D0%B9-%D0%B2%D0%B5%D1%81%D1%82%D0%BD%D0%B8%D0%BA-%E2%84%9634-64.pdf
301,Марковский вестник,Markovskiy vestnik,Markivka,Markivka,Luganmedia,2024-09-06,16,https://luganmedia.ru/wp-content/uploads/2024/11/%D0%9C%D0%B0%D1%80%D0%BA%D0%BE%D0%B2%D1%81%D0%BA%D0%B8%D0%B9-%D0%B2%D0%B5%D1%81%D1%82%D0%BD%D0%B8%D0%BA-%E2%84%9635-65.pdf
303,Марковский вестник,Markovskiy vestnik,Markivka,Markivka,Luganmedia,2024-09-13,15,https://luganmedia.ru/wp-content/uploads/2024/11/%D0%9C%D0%B0%D1%80%D0%BA%D0%BE%D0%B2%D1%81%D0%BA%D0%B8%D0%B9-%D0%B2%D0%B5%D1%81%D1%82%D0%BD%D0%B8%D0%BA-%E2%84%9636-66.pdf
304,Марковский вестник,Markovskiy vestnik,Markivka,Markivka,Luganmedia,2024-09-20,15,https://luganmedia.ru/wp-content/uploads/2024/11/%D0%9C%D0%B0%D1%80%D0%BA%D0%BE%D0%B2%D1%81%D0%BA%D0%B8%D0%B9-%D0%B2%D0%B5%D1%81%D1%82%D0%BD%D0%B8%D0%BA-%E2%84%9637-67.pdf
306,Марковский вестник,Markovskiy vestnik,Markivka,Markivka,Luganmedia,2024-09-27,15,https://luganmedia.ru/wp-content/uploads/2024/11/%D0%9C%D0%B0%D1%80%D0%BA%D0%BE%D0%B2%D1%81%D0%BA%D0%B8%D0%B9-%D0%B2%D0%B5%D1%81%D1%82%D0%BD%D0%B8%D0%BA-%E2%84%9638-68.pdf
307,Марковский вестник,Markovskiy vestnik,Markivka,Markivka,Luganmedia,2024-10-04,15,https://luganmedia.ru/wp-content/uploads/2024/11/%D0%9C%D0%B0%D1%80%D0%BA%D0%BE%D0%B2%D1%81%D0%BA%D0%B8%D0%B9-%D0%B2%D0%B5%D1%81%D1%82%D0%BD%D0%B8%D0%BA-%E2%84%9639.pdf
309,Марковский вестник,Markovskiy vestnik,Markivka,Markivka,Luganmedia,2024-10-11,15,https://luganmedia.ru/wp-content/uploads/2024/11/%D0%9C%D0%B0%D1%80%D0%BA%D0%BE%D0%B2%D1%81%D0%BA%D0%B8%D0%B9-%D0%B2%D0%B5%D1%81%D1%82%D0%BD%D0%B8%D0%BA-%E2%84%9640-70.pdf
310,Марковский вестник,Markovskiy vestnik,Markivka,Markivka,Luganmedia,2024-10-18,15,https://luganmedia.ru/wp-content/uploads/2024/11/%D0%9C%D0%B0%D1%80%D0%BA%D0%BE%D0%B2%D1%81%D0%BA%D0%B8%D0%B9-%D0%B2%D0%B5%D1%81%D1%82%D0%BD%D0%B8%D0%BA-%E2%84%9641-71.pdf
312,Марковский вестник,Markovskiy vestnik,Markivka,Markivka,Luganmedia,2024-10-25,15,https://luganmedia.ru/wp-content/uploads/2024/11/%D0%9C%D0%B0%D1%80%D0%BA%D0%BE%D0%B2%D1%81%D0%BA%D0%B8%D0%B9-%D0%B2%D0%B5%D1%81%D1%82%D0%BD%D0%B8%D0%BA-%E2%84%9642-72.pdf
313,Марковский вестник,Markovskiy vestnik,Markivka,Markivka,Luganmedia,2024-11-01,15,https://luganmedia.ru/wp-content/uploads/2024/11/%D0%9C%D0%B0%D1%80%D0%BA%D0%BE%D0%B2%D1%81%D0%BA%D0%B8%D0%B9-%D0%B2%D0%B5%D1%81%D1%82%D0%BD%D0%B8%D0%BA-%E2%84%9643-73.pdf
422,Марковский вестник,Markovskiy vestnik,Markivka,Markivka,Luganmedia,2024-11-01,15,https://luganmedia.ru/wp-content/uploads/2024/11/%D0%9D%D0%B0%D1%88%D0%B0-%D1%82%D1%80%D1%83%D0%B4%D0%BE%D0%B2%D0%B0%D1%8F-%D1%81%D0%BB%D0%B0%D0%B2%D0%B0-45-71.pdf
314,Марковский вестник,Markovskiy vestnik,Markivka,Markivka,Luganmedia,2024-11-08,15,https://luganmedia.ru/wp-content/uploads/2024/11/%D0%9C%D0%B0%D1%80%D0%BA%D0%BE%D0%B2%D1%81%D0%BA%D0%B8%D0%B9-%D0%B2%D0%B5%D1%81%D1%82%D0%BD%D0%B8%D0%BA-%E2%84%9644-74.pdf
315,Марковский вестник,Markovskiy vestnik,Markivka,Markivka,Luganmedia,2024-11-22,15,https://luganmedia.ru/wp-content/uploads/2024/11/%D0%9C%D0%B0%D1%80%D0%BA%D0%BE%D0%B2%D1%81%D0%BA%D0%B8%D0%B9-%D0%B2%D0%B5%D1%81%D1%82%D0%BD%D0%B8%D0%BA-%E2%84%9646-76.pdf
316,Марковский вестник,Markovskiy vestnik,Markivka,Markivka,Luganmedia,2024-11-29,15,https://luganmedia.ru/wp-content/uploads/2024/12/%D0%9C%D0%B0%D1%80%D0%BA%D0%BE%D0%B2%D1%81%D0%BA%D0%B8%D0%B9-%D0%B2%D0%B5%D1%81%D1%82%D0%BD%D0%B8%D0%BA-%E2%84%9647-77.pdf
317,Марковский вестник,Markovskiy vestnik,Markivka,Markivka,Luganmedia,2024-12-06,15,https://luganmedia.ru/wp-content/uploads/2024/12/%D0%9C%D0%B0%D1%80%D0%BA%D0%BE%D0%B2%D1%81%D0%BA%D0%B8%D0%B9-%D0%B2%D0%B5%D1%81%D1%82%D0%BD%D0%B8%D0%BA-%E2%84%9648-78.pdf
318,Марковский вестник,Markovskiy vestnik,Markivka,Markivka,Luganmedia,2024-12-13,15,https://luganmedia.ru/wp-content/uploads/2024/12/%D0%9C%D0%B0%D1%80%D0%BA%D0%BE%D0%B2%D1%81%D0%BA%D0%B8%D0%B9-%D0%B2%D0%B5%D1%81%D1%82%D0%BD%D0%B8%D0%BA-%E2%84%9649-79.pdf
320,Марковский вестник,Markovskiy vestnik,Markivka,Markivka,Luganmedia,2024-12-20,15,https://luganmedia.ru/wp-content/uploads/2024/12/%D0%9C%D0%B0%D1%80%D0%BA%D0%BE%D0%B2%D1%81%D0%BA%D0%B8%D0%B9-%D0%B2%D0%B5%D1%81%D1%82%D0%BD%D0%B8%D0%BA-%E2%84%9650-80.pdf
321,Марковский вестник,Markovskiy vestnik,Markivka,Markivka,Luganmedia,2024-12-27,15,https://luganmedia.ru/wp-content/uploads/2025/01/%D0%9C%D0%B0%D1%80%D0%BA%D0%BE%D0%B2%D1%81%D0%BA%D0%B8%D0%B9-%D0%B2%D0%B5%D1%81%D1%82%D0%BD%D0%B8%D0%BA-%E2%84%9651-81.pdf
289,Марковский вестник,Markovskiy vestnik,Markivka,Markivka,Luganmedia,2025-01-17,15,https://luganmedia.ru/wp-content/uploads/2025/01/%D0%9C%D0%B0%D1%80%D0%BA%D0%BE%D0%B2%D1%81%D0%BA%D0%B8%D0%B9-%D0%B2%D0%B5%D1%81%D1%82%D0%BD%D0%B8%D0%BA-%E2%84%961-82.pdf
292,Марковский вестник,Markovskiy vestnik,Markivka,Markivka,Luganmedia,2025-01-24,15,https://luganmedia.ru/wp-content/uploads/2025/02/%D0%9C%D0%B0%D1%80%D0%BA%D0%BE%D0%B2%D1%81%D0%BA%D0%B8%D0%B9-%D0%B2%D0%B5%D1%81%D1%82%D0%BD%D0%B8%D0%BA-%E2%84%962-83.pdf
296,Марковский вестник,Markovskiy vestnik,Markivka,Markivka,Luganmedia,2025-01-31,15,https://luganmedia.ru/wp-content/uploads/2025/02/%D0%9C%D0%B0%D1%80%D0%BA%D0%BE%D0%B2%D1%81%D0%BA%D0%B8%D0%B9-%D0%B2%D0%B5%D1%81%D1%82%D0%BD%D0%B8%D0%BA-%E2%84%963-84.pdf
308,Марковский вестник,Markovskiy vestnik,Markivka,Markivka,Luganmedia,2025-02-07,15,https://luganmedia.ru/wp-content/uploads/2025/02/%D0%9C%D0%B0%D1%80%D0%BA%D0%BE%D0%B2%D1%81%D0%BA%D0%B8%D0%B9-%D0%B2%D0%B5%D1%81%D1%82%D0%BD%D0%B8%D0%BA-%E2%84%964-85.pdf
319,Марковский вестник,Markovskiy vestnik,Markivka,Markivka,Luganmedia,2025-02-14,15,https://luganmedia.ru/wp-content/uploads/2025/02/%D0%9C%D0%B0%D1%80%D0%BA%D0%BE%D0%B2%D1%81%D0%BA%D0%B8%D0%B9-%D0%B2%D0%B5%D1%81%D1%82%D0%BD%D0%B8%D0%BA-%E2%84%965-86.pdf
285,Марковский вестник,Markovskiy vestnik,Markivka,Markivka,Luganmedia,2025-02-21,15,https://luganmedia.ru/wp-content/uploads/2025/03/%D0%9C%D0%B0%D1%80%D0%BA%D0%BE%D0%B2%D1%81%D0%BA%D0%B8%D0%B9-%D0%B2%D0%B5%D1%81%D1%82%D0%BD%D0%B8%D0%BA-6-87.pdf
286,Марковский вестник,Markovskiy vestnik,Markivka,Markivka,Luganmedia,2025-02-28,15,https://luganmedia.ru/wp-content/uploads/2025/03/%D0%9C%D0%B0%D1%80%D0%BA%D0%BE%D0%B2%D1%81%D0%BA%D0%B8%D0%B9-%D0%B2%D0%B5%D1%81%D1%82%D0%BD%D0%B8%D0%BA-7-88.pdf
287,Марковский вестник,Markovskiy vestnik,Markivka,Markivka,Luganmedia,2025-03-07,15,https://luganmedia.ru/wp-content/uploads/2025/03/%D0%9C%D0%B0%D1%80%D0%BA%D0%BE%D0%B2%D1%81%D0%BA%D0%B8%D0%B9-%D0%B2%D0%B5%D1%81%D1%82%D0%BD%D0%B8%D0%BA-8-89.pdf
288,Марковский вестник,Markovskiy vestnik,Markivka,Markivka,Luganmedia,2025-03-14,15,https://luganmedia.ru/wp-content/uploads/2025/04/%D0%9C%D0%B0%D1%80%D0%BA%D0%BE%D0%B2%D1%81%D0%BA%D0%B8%D0%B9-%D0%B2%D0%B5%D1%81%D1%82%D0%BD%D0%B8%D0%BA-9-90.pdf
283,Марковский вестник,Markovskiy vestnik,Markivka,Markivka,Luganmedia,2025-03-21,15,https://luganmedia.ru/wp-content/uploads/2025/04/%D0%9C%D0%B0%D1%80%D0%BA%D0%BE%D0%B2%D1%81%D0%BA%D0%B8%D0%B9-%D0%B2%D0%B5%D1%81%D1%82%D0%BD%D0%B8%D0%BA-10-91.pdf
284,Марковский вестник,Markovskiy vestnik,Markivka,Markivka,Luganmedia,2025-03-28,15,https://luganmedia.ru/wp-content/uploads/2025/04/%D0%9C%D0%B0%D1%80%D0%BA%D0%BE%D0%B2%D1%81%D0%BA%D0%B8%D0%B9-%D0%B2%D0%B5%D1%81%D1%82%D0%BD%D0%B8%D0%BA-11-92.pdf
290,Марковский вестник,Markovskiy vestnik,Markivka,Markivka,Luganmedia,2025-04-04,15,https://luganmedia.ru/wp-content/uploads/2025/04/%D0%9C%D0%B0%D1%80%D0%BA%D0%BE%D0%B2%D1%81%D0%BA%D0%B8%D0%B9-%D0%B2%D0%B5%D1%81%D1%82%D0%BD%D0%B8%D0%BA-%E2%84%9612-93.pdf
291,Марковский вестник,Markovskiy vestnik,Markivka,Markivka,Luganmedia,2025-04-25,15,https://luganmedia.ru/wp-content/uploads/2025/07/%D0%9C%D0%B0%D1%80%D0%BA%D0%BE%D0%B2%D1%81%D0%BA%D0%B8%D0%B9-%D0%B2%D0%B5%D1%81%D1%82%D0%BD%D0%B8%D0%BA-%E2%84%9615-96.pdf
293,Марковский вестник,Markovskiy vestnik,Markivka,Markivka,Luganmedia,2025-06-13,15,https://luganmedia.ru/wp-content/uploads/2025/07/%D0%9C%D0%B0%D1%80%D0%BA%D0%BE%D0%B2%D1%81%D0%BA%D0%B8%D0%B9-%D0%B2%D0%B5%D1%81%D1%82%D0%BD%D0%B8%D0%BA-%E2%84%9622-103.pdf
294,Марковский вестник,Markovskiy vestnik,Markivka,Markivka,Luganmedia,2025-07-04,15,https://luganmedia.ru/wp-content/uploads/2025/10/%D0%9C%D0%B0%D1%80%D0%BA%D0%BE%D0%B2%D1%81%D0%BA%D0%B8%D0%B9-%D0%B2%D0%B5%D1%81%D1%82%D0%BD%D0%B8%D0%BA-%E2%84%9625-106.pdf
295,Марковский вестник,Markovskiy vestnik,Markivka,Markivka,Luganmedia,2025-07-25,15,https://luganmedia.ru/wp-content/uploads/2025/10/%D0%9C%D0%B0%D1%80%D0%BA%D0%BE%D0%B2%D1%81%D0%BA%D0%B8%D0%B9-%D0%B2%D0%B5%D1%81%D1%82%D0%BD%D0%B8%D0%BA-%E2%84%9628-109.pdf
297,Марковский вестник,Markovskiy vestnik,Markivka,Markivka,Luganmedia,2025-08-08,15,https://luganmedia.ru/wp-content/uploads/2025/10/%D0%9C%D0%B0%D1%80%D0%BA%D0%BE%D0%B2%D1%81%D0%BA%D0%B8%D0%B9-%D0%B2%D0%B5%D1%81%D1%82%D0%BD%D0%B8%D0%BA-%E2%84%9630-111.pdf
300,Марковский вестник,Markovskiy vestnik,Markivka,Markivka,Luganmedia,2025-09-12,15,https://luganmedia.ru/wp-content/uploads/2025/11/%D0%9C%D0%B0%D1%80%D0%BA%D0%BE%D0%B2%D1%81%D0%BA%D0%B8%D0%B9-%D0%B2%D0%B5%D1%81%D1%82%D0%BD%D0%B8%D0%BA-%E2%84%9635-116.pdf
302,Марковский вестник,Markovskiy vestnik,Markivka,Markivka,Luganmedia,2025-09-19,15,https://luganmedia.ru/wp-content/uploads/2025/11/%D0%9C%D0%B0%D1%80%D0%BA%D0%BE%D0%B2%D1%81%D0%BA%D0%B8%D0%B9-%D0%B2%D0%B5%D1%81%D1%82%D0%BD%D0%B8%D0%BA-%E2%84%9636-117.pdf
305,Марковский вестник,Markovskiy vestnik,Markivka,Markivka,Luganmedia,2025-10-03,15,https://luganmedia.ru/wp-content/uploads/2025/11/%D0%9C%D0%B0%D1%80%D0%BA%D0%BE%D0%B2%D1%81%D0%BA%D0%B8%D0%B9-%D0%B2%D0%B5%D1%81%D1%82%D0%BD%D0%B8%D0%BA-%E2%84%9638-119.pdf
311,Марковский вестник,Markovskiy vestnik,Markivka,Markivka,Luganmedia,2025-10-31,15,https://luganmedia.ru/wp-content/uploads/2025/11/%D0%9C%D0%B0%D1%80%D0%BA%D0%BE%D0%B2%D1%81%D0%BA%D0%B8%D0%B9-%D0%B2%D0%B5%D1%81%D1%82%D0%BD%D0%B8%D0%BA-%E2%84%9642-123.pdf
1023,Марковский вестник,Markovskiy vestnik,Markivka,Markivka,Luganmedia,2026-04-03,15,https://luganmedia.ru/wp-content/uploads/2026/06/Марковский-вестник-№-1-132-сжатый.pdf
1024,Марковский вестник,Markovskiy vestnik,Markivka,Markivka,Luganmedia,2026-04-10,15,https://luganmedia.ru/wp-content/uploads/2026/06/Марковский-вестник-№-2-133-сжатый.pdf
1027,Марковский вестник,Markovskiy vestnik,Markivka,Markivka,Luganmedia,2026-04-17,15,https://luganmedia.ru/wp-content/uploads/2026/06/Марковский-вестник-№3-134-сжатый.pdf
1025,Марковский вестник,Markovskiy vestnik,Markivka,Markivka,Luganmedia,2026-04-24,15,https://luganmedia.ru/wp-content/uploads/2026/06/Марковский-вестник-№-4-135-сжатый.pdf
1026,Марковский вестник,Markovskiy vestnik,Markivka,Markivka,Luganmedia,2026-05-01,15,https://luganmedia.ru/wp-content/uploads/2026/06/Марковский-вестник-№-5-136-сжатый.pdf
337,Меловской вестник,Melovskoy vestnik,Milove,Milove,Luganmedia,2024-08-23,15,https://luganmedia.ru/wp-content/uploads/2024/11/%D0%9C%D0%B5%D0%BB%D0%BE%D0%B2%D1%81%D0%BA%D0%BE%D0%B9-%D0%B2%D0%B5%D1%81%D1%82%D0%BD%D0%B8%D0%BA-%E2%84%9633-63.pdf
338,Меловской вестник,Melovskoy vestnik,Milove,Milove,Luganmedia,2024-08-30,16,https://luganmedia.ru/wp-content/uploads/2024/11/%D0%9C%D0%B5%D0%BB%D0%BE%D0%B2%D1%81%D0%BA%D0%BE%D0%B9-%D0%B2%D0%B5%D1%81%D1%82%D0%BD%D0%B8%D0%BA-%E2%84%9634-64.pdf
339,Меловской вестник,Melovskoy vestnik,Milove,Milove,Luganmedia,2024-09-06,15,https://luganmedia.ru/wp-content/uploads/2024/11/%D0%9C%D0%B5%D0%BB%D0%BE%D0%B2%D1%81%D0%BA%D0%BE%D0%B9-%D0%B2%D0%B5%D1%81%D1%82%D0%BD%D0%B8%D0%BA-%E2%84%9635-65.pdf
340,Меловской вестник,Melovskoy vestnik,Milove,Milove,Luganmedia,2024-09-13,15,https://luganmedia.ru/wp-content/uploads/2024/11/%D0%9C%D0%B5%D0%BB%D0%BE%D0%B2%D1%81%D0%BA%D0%BE%D0%B9-%D0%B2%D0%B5%D1%81%D1%82%D0%BD%D0%B8%D0%BA-%E2%84%9636-66.pdf
341,Меловской вестник,Melovskoy vestnik,Milove,Milove,Luganmedia,2024-09-20,15,https://luganmedia.ru/wp-content/uploads/2024/11/%D0%9C%D0%B5%D0%BB%D0%BE%D0%B2%D1%81%D0%BA%D0%BE%D0%B9-%D0%B2%D0%B5%D1%81%D1%82%D0%BD%D0%B8%D0%BA-%E2%84%9637-67.pdf
342,Меловской вестник,Melovskoy vestnik,Milove,Milove,Luganmedia,2024-09-27,15,https://luganmedia.ru/wp-content/uploads/2024/11/%D0%9C%D0%B5%D0%BB%D0%BE%D0%B2%D1%81%D0%BA%D0%BE%D0%B9-%D0%B2%D0%B5%D1%81%D1%82%D0%BD%D0%B8%D0%BA-%E2%84%9638-68.pdf
343,Меловской вестник,Melovskoy vestnik,Milove,Milove,Luganmedia,2024-10-04,15,https://luganmedia.ru/wp-content/uploads/2024/11/%D0%9C%D0%B5%D0%BB%D0%BE%D0%B2%D1%81%D0%BA%D0%BE%D0%B9-%D0%B2%D0%B5%D1%81%D1%82%D0%BD%D0%B8%D0%BA-%E2%84%9639-69.pdf
344,Меловской вестник,Melovskoy vestnik,Milove,Milove,Luganmedia,2024-10-11,15,https://luganmedia.ru/wp-content/uploads/2024/11/%D0%9C%D0%B5%D0%BB%D0%BE%D0%B2%D1%81%D0%BA%D0%BE%D0%B9-%D0%B2%D0%B5%D1%81%D1%82%D0%BD%D0%B8%D0%BA-%E2%84%9640-70.pdf
345,Меловской вестник,Melovskoy vestnik,Milove,Milove,Luganmedia,2024-10-18,15,https://luganmedia.ru/wp-content/uploads/2024/11/%D0%9C%D0%B5%D0%BB%D0%BE%D0%B2%D1%81%D0%BA%D0%BE%D0%B9-%D0%B2%D0%B5%D1%81%D1%82%D0%BD%D0%B8%D0%BA-%E2%84%9641-71.pdf
346,Меловской вестник,Melovskoy vestnik,Milove,Milove,Luganmedia,2024-10-25,15,https://luganmedia.ru/wp-content/uploads/2024/11/%D0%9C%D0%B5%D0%BB%D0%BE%D0%B2%D1%81%D0%BA%D0%BE%D0%B9-%D0%B2%D0%B5%D1%81%D1%82%D0%BD%D0%B8%D0%BA-%E2%84%9642-72.pdf
347,Меловской вестник,Melovskoy vestnik,Milove,Milove,Luganmedia,2024-11-01,15,https://luganmedia.ru/wp-content/uploads/2024/11/%D0%9C%D0%B5%D0%BB%D0%BE%D0%B2%D1%81%D0%BA%D0%BE%D0%B9-%D0%B2%D0%B5%D1%81%D1%82%D0%BD%D0%B8%D0%BA-%E2%84%9643-73.pdf
348,Меловской вестник,Melovskoy vestnik,Milove,Milove,Luganmedia,2024-11-08,15,https://luganmedia.ru/wp-content/uploads/2024/11/%D0%9C%D0%B5%D0%BB%D0%BE%D0%B2%D1%81%D0%BA%D0%BE%D0%B9-%D0%B2%D0%B5%D1%81%D1%82%D0%BD%D0%B8%D0%BA-%E2%84%9644-74.pdf
349,Меловской вестник,Melovskoy vestnik,Milove,Milove,Luganmedia,2024-11-15,15,https://luganmedia.ru/wp-content/uploads/2024/11/%D0%9C%D0%B5%D0%BB%D0%BE%D0%B2%D1%81%D0%BA%D0%BE%D0%B9-%D0%B2%D0%B5%D1%81%D1%82%D0%BD%D0%B8%D0%BA-%E2%84%9645-75.pdf
350,Меловской вестник,Melovskoy vestnik,Milove,Milove,Luganmedia,2024-11-22,15,https://luganmedia.ru/wp-content/uploads/2024/11/%D0%9C%D0%B5%D0%BB%D0%BE%D0%B2%D1%81%D0%BA%D0%BE%D0%B9-%D0%B2%D0%B5%D1%81%D1%82%D0%BD%D0%B8%D0%BA-%E2%84%9646-76.pdf
351,Меловской вестник,Melovskoy vestnik,Milove,Milove,Luganmedia,2024-11-29,15,https://luganmedia.ru/wp-content/uploads/2024/12/%D0%9C%D0%B5%D0%BB%D0%BE%D0%B2%D1%81%D0%BA%D0%BE%D0%B9-%D0%B2%D0%B5%D1%81%D1%82%D0%BD%D0%B8%D0%BA-%E2%84%9647-77.pdf
352,Меловской вестник,Melovskoy vestnik,Milove,Milove,Luganmedia,2024-12-06,15,https://luganmedia.ru/wp-content/uploads/2024/12/%D0%9C%D0%B5%D0%BB%D0%BE%D0%B2%D1%81%D0%BA%D0%BE%D0%B9-%D0%B2%D0%B5%D1%81%D1%82%D0%BD%D0%B8%D0%BA-%E2%84%9648-78.pdf
353,Меловской вестник,Melovskoy vestnik,Milove,Milove,Luganmedia,2024-12-13,15,https://luganmedia.ru/wp-content/uploads/2024/12/%D0%9C%D0%B5%D0%BB%D0%BE%D0%B2%D1%81%D0%BA%D0%BE%D0%B9-%D0%B2%D0%B5%D1%81%D1%82%D0%BD%D0%B8%D0%BA-%E2%84%9649-79.pdf
354,Меловской вестник,Melovskoy vestnik,Milove,Milove,Luganmedia,2024-12-20,15,https://luganmedia.ru/wp-content/uploads/2024/12/%D0%9C%D0%B5%D0%BB%D0%BE%D0%B2%D1%81%D0%BA%D0%BE%D0%B9-%D0%B2%D0%B5%D1%81%D1%82%D0%BD%D0%B8%D0%BA-%E2%84%9650-80.pdf
355,Меловской вестник,Melovskoy vestnik,Milove,Milove,Luganmedia,2024-12-27,15,https://luganmedia.ru/wp-content/uploads/2025/01/%D0%9C%D0%B5%D0%BB%D0%BE%D0%B2%D1%81%D0%BA%D0%BE%D0%B9-%D0%B2%D0%B5%D1%81%D1%82%D0%BD%D0%B8%D0%BA-%E2%84%9651-81.pdf
322,Меловской вестник,Melovskoy vestnik,Milove,Milove,Luganmedia,2025-01-17,15,https://luganmedia.ru/wp-content/uploads/2025/01/%D0%9C%D0%B5%D0%BB%D0%BE%D0%B2%D1%81%D0%BA%D0%BE%D0%B9-%D0%B2%D0%B5%D1%81%D1%82%D0%BD%D0%B8%D0%BA-%E2%84%96-1-82.pdf
326,Меловской вестник,Melovskoy vestnik,Milove,Milove,Luganmedia,2025-01-24,15,https://luganmedia.ru/wp-content/uploads/2025/02/%D0%9C%D0%B5%D0%BB%D0%BE%D0%B2%D1%81%D0%BA%D0%BE%D0%B9-%D0%B2%D0%B5%D1%81%D1%82%D0%BD%D0%B8%D0%BA-%E2%84%96-2-83.pdf
327,Меловской вестник,Melovskoy vestnik,Milove,Milove,Luganmedia,2025-01-31,15,https://luganmedia.ru/wp-content/uploads/2025/02/%D0%9C%D0%B5%D0%BB%D0%BE%D0%B2%D1%81%D0%BA%D0%BE%D0%B9-%D0%B2%D0%B5%D1%81%D1%82%D0%BD%D0%B8%D0%BA-%E2%84%96-3-84.pdf
329,Меловской вестник,Melovskoy vestnik,Milove,Milove,Luganmedia,2025-02-07,15,https://luganmedia.ru/wp-content/uploads/2025/02/%D0%9C%D0%B5%D0%BB%D0%BE%D0%B2%D1%81%D0%BA%D0%BE%D0%B9-%D0%B2%D0%B5%D1%81%D1%82%D0%BD%D0%B8%D0%BA-%E2%84%96-4-85.pdf
332,Меловской вестник,Melovskoy vestnik,Milove,Milove,Luganmedia,2025-02-14,15,https://luganmedia.ru/wp-content/uploads/2025/02/%D0%9C%D0%B5%D0%BB%D0%BE%D0%B2%D1%81%D0%BA%D0%BE%D0%B9-%D0%B2%D0%B5%D1%81%D1%82%D0%BD%D0%B8%D0%BA-%E2%84%96-5-86.pdf
333,Меловской вестник,Melovskoy vestnik,Milove,Milove,Luganmedia,2025-02-21,15,https://luganmedia.ru/wp-content/uploads/2025/03/%D0%9C%D0%B5%D0%BB%D0%BE%D0%B2%D1%81%D0%BA%D0%BE%D0%B9-%D0%B2%D0%B5%D1%81%D1%82%D0%BD%D0%B8%D0%BA-%E2%84%96-6-87.pdf
334,Меловской вестник,Melovskoy vestnik,Milove,Milove,Luganmedia,2025-02-28,15,https://luganmedia.ru/wp-content/uploads/2025/03/%D0%9C%D0%B5%D0%BB%D0%BE%D0%B2%D1%81%D0%BA%D0%BE%D0%B9-%D0%B2%D0%B5%D1%81%D1%82%D0%BD%D0%B8%D0%BA-%E2%84%96-7-88.pdf
335,Меловской вестник,Melovskoy vestnik,Milove,Milove,Luganmedia,2025-03-07,15,https://luganmedia.ru/wp-content/uploads/2025/03/%D0%9C%D0%B5%D0%BB%D0%BE%D0%B2%D1%81%D0%BA%D0%BE%D0%B9-%D0%B2%D0%B5%D1%81%D1%82%D0%BD%D0%B8%D0%BA-%E2%84%96-8-89.pdf
336,Меловской вестник,Melovskoy vestnik,Milove,Milove,Luganmedia,2025-03-14,15,https://luganmedia.ru/wp-content/uploads/2025/04/%D0%9C%D0%B5%D0%BB%D0%BE%D0%B2%D1%81%D0%BA%D0%BE%D0%B9-%D0%B2%D0%B5%D1%81%D1%82%D0%BD%D0%B8%D0%BA-%E2%84%96-9-90.pdf
323,Меловской вестник,Melovskoy vestnik,Milove,Milove,Luganmedia,2025-03-21,15,https://luganmedia.ru/wp-content/uploads/2025/04/%D0%9C%D0%B5%D0%BB%D0%BE%D0%B2%D1%81%D0%BA%D0%BE%D0%B9-%D0%B2%D0%B5%D1%81%D1%82%D0%BD%D0%B8%D0%BA-%E2%84%96-10-91.pdf
324,Меловской вестник,Melovskoy vestnik,Milove,Milove,Luganmedia,2025-03-28,15,https://luganmedia.ru/wp-content/uploads/2025/04/%D0%9C%D0%B5%D0%BB%D0%BE%D0%B2%D1%81%D0%BA%D0%BE%D0%B9-%D0%B2%D0%B5%D1%81%D1%82%D0%BD%D0%B8%D0%BA-%E2%84%96-11-92.pdf
325,Меловской вестник,Melovskoy vestnik,Milove,Milove,Luganmedia,2025-04-04,15,https://luganmedia.ru/wp-content/uploads/2025/04/%D0%9C%D0%B5%D0%BB%D0%BE%D0%B2%D1%81%D0%BA%D0%BE%D0%B9-%D0%B2%D0%B5%D1%81%D1%82%D0%BD%D0%B8%D0%BA-%E2%84%96-12-93.pdf
328,Меловской вестник,Melovskoy vestnik,Milove,Milove,Luganmedia,2025-09-19,15,https://luganmedia.ru/wp-content/uploads/2025/11/%D0%9C%D0%B5%D0%BB%D0%BE%D0%B2%D1%81%D0%BA%D0%BE%D0%B9-%D0%B2%D0%B5%D1%81%D1%82%D0%BD%D0%B8%D0%BA-%E2%84%96-36-117.pdf
330,Меловской вестник,Melovskoy vestnik,Milove,Milove,Luganmedia,2025-10-24,15,https://luganmedia.ru/wp-content/uploads/2025/11/%D0%9C%D0%B5%D0%BB%D0%BE%D0%B2%D1%81%D0%BA%D0%BE%D0%B9-%D0%B2%D0%B5%D1%81%D1%82%D0%BD%D0%B8%D0%BA-%E2%84%96-41-122.pdf
331,Меловской вестник,Melovskoy vestnik,Milove,Milove,Luganmedia,2025-11-28,15,https://luganmedia.ru/wp-content/uploads/2025/12/%D0%9C%D0%B5%D0%BB%D0%BE%D0%B2%D1%81%D0%BA%D0%BE%D0%B9-%D0%B2%D0%B5%D1%81%D1%82%D0%BD%D0%B8%D0%BA-%E2%84%96-46-127.pdf
1028,Меловской вестник,Melovskoy vestnik,Milove,Milove,Luganmedia,2026-04-03,15,https://luganmedia.ru/wp-content/uploads/2026/06/Меловской-вестник-№-1-132-сжатый.pdf
1029,Меловской вестник,Melovskoy vestnik,Milove,Milove,Luganmedia,2026-04-10,15,https://luganmedia.ru/wp-content/uploads/2026/06/Меловской-вестник-№-2-133-сжатый.pdf
1030,Меловской вестник,Melovskoy vestnik,Milove,Milove,Luganmedia,2026-04-17,15,https://luganmedia.ru/wp-content/uploads/2026/06/Меловской-вестник-№-3-134-сжатый.pdf
1031,Меловской вестник,Melovskoy vestnik,Milove,Milove,Luganmedia,2026-04-24,15,https://luganmedia.ru/wp-content/uploads/2026/06/Меловской-вестник-№-4-135-сжатый.pdf
1032,Меловской вестник,Melovskoy vestnik,Milove,Milove,Luganmedia,2026-05-01,15,https://luganmedia.ru/wp-content/uploads/2026/06/Меловской-вестник-№-5-136-сжатый.pdf
439,Новоайдарский вестник,Novoaydarskiy vestnik,Novoaidar,Novoaidar,Luganmedia,2024-08-23,15,https://luganmedia.ru/wp-content/uploads/2024/11/%D0%9D%D0%BE%D0%B2%D0%BE%D0%B0%D0%B9%D0%B4%D0%B0%D1%80%D1%81%D0%BA%D0%B8%D0%B9-%D0%B2%D0%B5%D1%81%D1%82%D0%BD%D0%B8%D0%BA-%E2%84%96-33-63.pdf
440,Новоайдарский вестник,Novoaydarskiy vestnik,Novoaidar,Novoaidar,Luganmedia,2024-08-30,16,https://luganmedia.ru/wp-content/uploads/2024/11/%D0%9D%D0%BE%D0%B2%D0%BE%D0%B0%D0%B9%D0%B4%D0%B0%D1%80%D1%81%D0%BA%D0%B8%D0%B9-%D0%B2%D0%B5%D1%81%D1%82%D0%BD%D0%B8%D0%BA-%E2%84%96-34-64.pdf
441,Новоайдарский вестник,Novoaydarskiy vestnik,Novoaidar,Novoaidar,Luganmedia,2024-09-06,10,https://luganmedia.ru/wp-content/uploads/2024/11/%D0%9D%D0%BE%D0%B2%D0%BE%D0%B0%D0%B9%D0%B4%D0%B0%D1%80%D1%81%D0%BA%D0%B8%D0%B9-%D0%B2%D0%B5%D1%81%D1%82%D0%BD%D0%B8%D0%BA-%E2%84%96-35-65.pdf
442,Новоайдарский вестник,Novoaydarskiy vestnik,Novoaidar,Novoaidar,Luganmedia,2024-09-13,15,https://luganmedia.ru/wp-content/uploads/2024/11/%D0%9D%D0%BE%D0%B2%D0%BE%D0%B0%D0%B9%D0%B4%D0%B0%D1%80%D1%81%D0%BA%D0%B8%D0%B9-%D0%B2%D0%B5%D1%81%D1%82%D0%BD%D0%B8%D0%BA-%E2%84%96-36-66.pdf
443,Новоайдарский вестник,Novoaydarskiy vestnik,Novoaidar,Novoaidar,Luganmedia,2024-09-20,15,https://luganmedia.ru/wp-content/uploads/2024/11/%D0%9D%D0%BE%D0%B2%D0%BE%D0%B0%D0%B9%D0%B4%D0%B0%D1%80%D1%81%D0%BA%D0%B8%D0%B9-%D0%B2%D0%B5%D1%81%D1%82%D0%BD%D0%B8%D0%BA-%E2%84%96-37-67.pdf
444,Новоайдарский вестник,Novoaydarskiy vestnik,Novoaidar,Novoaidar,Luganmedia,2024-09-27,15,https://luganmedia.ru/wp-content/uploads/2024/11/%D0%9D%D0%BE%D0%B2%D0%BE%D0%B0%D0%B9%D0%B4%D0%B0%D1%80%D1%81%D0%BA%D0%B8%D0%B9-%D0%B2%D0%B5%D1%81%D1%82%D0%BD%D0%B8%D0%BA-%E2%84%96-38-68.pdf
445,Новоайдарский вестник,Novoaydarskiy vestnik,Novoaidar,Novoaidar,Luganmedia,2024-10-04,15,https://luganmedia.ru/wp-content/uploads/2024/11/%D0%9D%D0%BE%D0%B2%D0%BE%D0%B0%D0%B9%D0%B4%D0%B0%D1%80%D1%81%D0%BA%D0%B8%D0%B9-%D0%B2%D0%B5%D1%81%D1%82%D0%BD%D0%B8%D0%BA-%E2%84%96-39-69.pdf
447,Новоайдарский вестник,Novoaydarskiy vestnik,Novoaidar,Novoaidar,Luganmedia,2024-10-11,16,https://luganmedia.ru/wp-content/uploads/2024/11/%D0%9D%D0%BE%D0%B2%D0%BE%D0%B0%D0%B9%D0%B4%D0%B0%D1%80%D1%81%D0%BA%D0%B8%D0%B9-%D0%B2%D0%B5%D1%81%D1%82%D0%BD%D0%B8%D0%BA-%E2%84%96-40-70.pdf
448,Новоайдарский вестник,Novoaydarskiy vestnik,Novoaidar,Novoaidar,Luganmedia,2024-10-18,15,https://luganmedia.ru/wp-content/uploads/2024/11/%D0%9D%D0%BE%D0%B2%D0%BE%D0%B0%D0%B9%D0%B4%D0%B0%D1%80%D1%81%D0%BA%D0%B8%D0%B9-%D0%B2%D0%B5%D1%81%D1%82%D0%BD%D0%B8%D0%BA-%E2%84%96-41-71.pdf
449,Новоайдарский вестник,Novoaydarskiy vestnik,Novoaidar,Novoaidar,Luganmedia,2024-10-25,15,https://luganmedia.ru/wp-content/uploads/2024/11/%D0%9D%D0%BE%D0%B2%D0%BE%D0%B0%D0%B9%D0%B4%D0%B0%D1%80%D1%81%D0%BA%D0%B8%D0%B9-%D0%B2%D0%B5%D1%81%D1%82%D0%BD%D0%B8%D0%BA-%E2%84%96-42-72.pdf
450,Новоайдарский вестник,Novoaydarskiy vestnik,Novoaidar,Novoaidar,Luganmedia,2024-11-01,15,https://luganmedia.ru/wp-content/uploads/2024/11/%D0%9D%D0%BE%D0%B2%D0%BE%D0%B0%D0%B9%D0%B4%D0%B0%D1%80%D1%81%D0%BA%D0%B8%D0%B9-%D0%B2%D0%B5%D1%81%D1%82%D0%BD%D0%B8%D0%BA-%E2%84%96-43-73.pdf
451,Новоайдарский вестник,Novoaydarskiy vestnik,Novoaidar,Novoaidar,Luganmedia,2024-11-08,15,https://luganmedia.ru/wp-content/uploads/2024/11/%D0%9D%D0%BE%D0%B2%D0%BE%D0%B0%D0%B9%D0%B4%D0%B0%D1%80%D1%81%D0%BA%D0%B8%D0%B9-%D0%B2%D0%B5%D1%81%D1%82%D0%BD%D0%B8%D0%BA-%E2%84%96-44-74.pdf
452,Новоайдарский вестник,Novoaydarskiy vestnik,Novoaidar,Novoaidar,Luganmedia,2024-11-15,15,https://luganmedia.ru/wp-content/uploads/2024/11/%D0%9D%D0%BE%D0%B2%D0%BE%D0%B0%D0%B9%D0%B4%D0%B0%D1%80%D1%81%D0%BA%D0%B8%D0%B9-%D0%B2%D0%B5%D1%81%D1%82%D0%BD%D0%B8%D0%BA-%E2%84%96-45-75-2.pdf
453,Новоайдарский вестник,Novoaydarskiy vestnik,Novoaidar,Novoaidar,Luganmedia,2024-11-22,15,https://luganmedia.ru/wp-content/uploads/2024/11/%D0%9D%D0%BE%D0%B2%D0%BE%D0%B0%D0%B9%D0%B4%D0%B0%D1%80%D1%81%D0%BA%D0%B8%D0%B9-%D0%B2%D0%B5%D1%81%D1%82%D0%BD%D0%B8%D0%BA-%E2%84%96-46-76.pdf
454,Новоайдарский вестник,Novoaydarskiy vestnik,Novoaidar,Novoaidar,Luganmedia,2024-11-29,15,https://luganmedia.ru/wp-content/uploads/2024/12/%D0%9D%D0%BE%D0%B2%D0%BE%D0%B0%D0%B9%D0%B4%D0%B0%D1%80%D1%81%D0%BA%D0%B8%D0%B9-%D0%B2%D0%B5%D1%81%D1%82%D0%BD%D0%B8%D0%BA-%E2%84%96-47-77.pdf
455,Новоайдарский вестник,Novoaydarskiy vestnik,Novoaidar,Novoaidar,Luganmedia,2024-12-06,15,https://luganmedia.ru/wp-content/uploads/2024/12/%D0%9D%D0%BE%D0%B2%D0%BE%D0%B0%D0%B9%D0%B4%D0%B0%D1%80%D1%81%D0%BA%D0%B8%D0%B9-%D0%B2%D0%B5%D1%81%D1%82%D0%BD%D0%B8%D0%BA-%E2%84%96-48-78.pdf
456,Новоайдарский вестник,Novoaydarskiy vestnik,Novoaidar,Novoaidar,Luganmedia,2024-12-13,15,https://luganmedia.ru/wp-content/uploads/2024/12/%D0%9D%D0%BE%D0%B2%D0%BE%D0%B0%D0%B9%D0%B4%D0%B0%D1%80%D1%81%D0%BA%D0%B8%D0%B9-%D0%B2%D0%B5%D1%81%D1%82%D0%BD%D0%B8%D0%BA-%E2%84%96-49-79.pdf
458,Новоайдарский вестник,Novoaydarskiy vestnik,Novoaidar,Novoaidar,Luganmedia,2024-12-20,15,https://luganmedia.ru/wp-content/uploads/2024/12/%D0%9D%D0%BE%D0%B2%D0%BE%D0%B0%D0%B9%D0%B4%D0%B0%D1%80%D1%81%D0%BA%D0%B8%D0%B9-%D0%B2%D0%B5%D1%81%D1%82%D0%BD%D0%B8%D0%BA-%E2%84%96-50-80.pdf
459,Новоайдарский вестник,Novoaydarskiy vestnik,Novoaidar,Novoaidar,Luganmedia,2024-12-27,15,https://luganmedia.ru/wp-content/uploads/2025/01/%D0%9D%D0%BE%D0%B2%D0%BE%D0%B0%D0%B9%D0%B4%D0%B0%D1%80%D1%81%D0%BA%D0%B8%D0%B9-%D0%B2%D0%B5%D1%81%D1%82%D0%BD%D0%B8%D0%BA-%E2%84%96-51-81.pdf
433,Новоайдарский вестник,Novoaydarskiy vestnik,Novoaidar,Novoaidar,Luganmedia,2025-01-17,15,https://luganmedia.ru/wp-content/uploads/2025/01/%D0%9D%D0%BE%D0%B2%D0%BE%D0%B0%D0%B9%D0%B4%D0%B0%D1%80%D1%81%D0%BA%D0%B8%D0%B9-%D0%B2%D0%B5%D1%81%D1%82%D0%BD%D0%B8%D0%BA-%E2%84%96-1-82.pdf
437,Новоайдарский вестник,Novoaydarskiy vestnik,Novoaidar,Novoaidar,Luganmedia,2025-01-24,15,https://luganmedia.ru/wp-content/uploads/2025/02/%D0%9D%D0%BE%D0%B2%D0%BE%D0%B0%D0%B9%D0%B4%D0%B0%D1%80%D1%81%D0%BA%D0%B8%D0%B9-%D0%B2%D0%B5%D1%81%D1%82%D0%BD%D0%B8%D0%BA-%E2%84%96-2-83.pdf
438,Новоайдарский вестник,Novoaydarskiy vestnik,Novoaidar,Novoaidar,Luganmedia,2025-01-31,15,https://luganmedia.ru/wp-content/uploads/2025/02/%D0%9D%D0%BE%D0%B2%D0%BE%D0%B0%D0%B9%D0%B4%D0%B0%D1%80%D1%81%D0%BA%D0%B8%D0%B9-%D0%B2%D0%B5%D1%81%D1%82%D0%BD%D0%B8%D0%BA-%E2%84%96-3-84.pdf
446,Новоайдарский вестник,Novoaydarskiy vestnik,Novoaidar,Novoaidar,Luganmedia,2025-02-07,15,https://luganmedia.ru/wp-content/uploads/2025/02/%D0%9D%D0%BE%D0%B2%D0%BE%D0%B0%D0%B9%D0%B4%D0%B0%D1%80%D1%81%D0%BA%D0%B8%D0%B9-%D0%B2%D0%B5%D1%81%D1%82%D0%BD%D0%B8%D0%BA-%E2%84%96-4-85.pdf
457,Новоайдарский вестник,Novoaydarskiy vestnik,Novoaidar,Novoaidar,Luganmedia,2025-02-14,15,https://luganmedia.ru/wp-content/uploads/2025/02/%D0%9D%D0%BE%D0%B2%D0%BE%D0%B0%D0%B9%D0%B4%D0%B0%D1%80%D1%81%D0%BA%D0%B8%D0%B9-%D0%B2%D0%B5%D1%81%D1%82%D0%BD%D0%B8%D0%BA-%E2%84%96-5-86.pdf
460,Новоайдарский вестник,Novoaydarskiy vestnik,Novoaidar,Novoaidar,Luganmedia,2025-02-21,15,https://luganmedia.ru/wp-content/uploads/2025/03/%D0%9D%D0%BE%D0%B2%D0%BE%D0%B0%D0%B9%D0%B4%D0%B0%D1%80%D1%81%D0%BA%D0%B8%D0%B9-%D0%B2%D0%B5%D1%81%D1%82%D0%BD%D0%B8%D0%BA-%E2%84%96-6-87.pdf
461,Новоайдарский вестник,Novoaydarskiy vestnik,Novoaidar,Novoaidar,Luganmedia,2025-02-28,15,https://luganmedia.ru/wp-content/uploads/2025/03/%D0%9D%D0%BE%D0%B2%D0%BE%D0%B0%D0%B9%D0%B4%D0%B0%D1%80%D1%81%D0%BA%D0%B8%D0%B9-%D0%B2%D0%B5%D1%81%D1%82%D0%BD%D0%B8%D0%BA-%E2%84%96-7-88.pdf
462,Новоайдарский вестник,Novoaydarskiy vestnik,Novoaidar,Novoaidar,Luganmedia,2025-03-07,15,https://luganmedia.ru/wp-content/uploads/2025/03/%D0%9D%D0%BE%D0%B2%D0%BE%D0%B0%D0%B9%D0%B4%D0%B0%D1%80%D1%81%D0%BA%D0%B8%D0%B9-%D0%B2%D0%B5%D1%81%D1%82%D0%BD%D0%B8%D0%BA-%E2%84%96-8-89.pdf
463,Новоайдарский вестник,Novoaydarskiy vestnik,Novoaidar,Novoaidar,Luganmedia,2025-03-14,15,https://luganmedia.ru/wp-content/uploads/2025/04/%D0%9D%D0%BE%D0%B2%D0%BE%D0%B0%D0%B9%D0%B4%D0%B0%D1%80%D1%81%D0%BA%D0%B8%D0%B9-%D0%B2%D0%B5%D1%81%D1%82%D0%BD%D0%B8%D0%BA-%E2%84%96-9-90.pdf
434,Новоайдарский вестник,Novoaydarskiy vestnik,Novoaidar,Novoaidar,Luganmedia,2025-03-21,15,https://luganmedia.ru/wp-content/uploads/2025/04/%D0%9D%D0%BE%D0%B2%D0%BE%D0%B0%D0%B9%D0%B4%D0%B0%D1%80%D1%81%D0%BA%D0%B8%D0%B9-%D0%B2%D0%B5%D1%81%D1%82%D0%BD%D0%B8%D0%BA-%E2%84%96-10-91.pdf
435,Новоайдарский вестник,Novoaydarskiy vestnik,Novoaidar,Novoaidar,Luganmedia,2025-03-28,15,https://luganmedia.ru/wp-content/uploads/2025/04/%D0%9D%D0%BE%D0%B2%D0%BE%D0%B0%D0%B9%D0%B4%D0%B0%D1%80%D1%81%D0%BA%D0%B8%D0%B9-%D0%B2%D0%B5%D1%81%D1%82%D0%BD%D0%B8%D0%BA-%E2%84%96-11-92.pdf
436,Новоайдарский вестник,Novoaydarskiy vestnik,Novoaidar,Novoaidar,Luganmedia,2025-04-04,15,https://luganmedia.ru/wp-content/uploads/2025/04/%D0%9D%D0%BE%D0%B2%D0%BE%D0%B0%D0%B9%D0%B4%D0%B0%D1%80%D1%81%D0%BA%D0%B8%D0%B9-%D0%B2%D0%B5%D1%81%D1%82%D0%BD%D0%B8%D0%BA-%E2%84%96-12-93.pdf
1048,Новоайдарский вестник,Novoaydarskiy vestnik,Novoaidar,Novoaidar,Luganmedia,2026-04-03,15,https://luganmedia.ru/wp-content/uploads/2026/06/Новоайдарский-вестник-№-1-132-сжатый.pdf
1049,Новоайдарский вестник,Novoaydarskiy vestnik,Novoaidar,Novoaidar,Luganmedia,2026-04-10,15,https://luganmedia.ru/wp-content/uploads/2026/06/Новоайдарский-вестник-№-2-133-сжатый.pdf
1050,Новоайдарский вестник,Novoaydarskiy vestnik,Novoaidar,Novoaidar,Luganmedia,2026-04-17,15,https://luganmedia.ru/wp-content/uploads/2026/06/Новоайдарский-вестник-№-3-134-сжатый.pdf
1051,Новоайдарский вестник,Novoaydarskiy vestnik,Novoaidar,Novoaidar,Luganmedia,2026-04-24,15,https://luganmedia.ru/wp-content/uploads/2026/06/Новоайдарский-вестник-№-4-135-сжатый.pdf
1052,Новоайдарский вестник,Novoaydarskiy vestnik,Novoaidar,Novoaidar,Luganmedia,2026-05-01,15,https://luganmedia.ru/wp-content/uploads/2026/06/Новоайдарский-вестник-№-5-136-сжатый.pdf
489,Новопсковский вестник,Novopskovskiy vestnik,Novopskov,Novopskov,Luganmedia,2024-03-01,15,https://luganmedia.ru/wp-content/uploads/2025/03/%D0%9D%D0%BE%D0%B2%D0%BE%D0%BF%D1%81%D0%BA%D0%BE%D0%B2%D1%81%D0%BA%D0%B8%D0%B9-%D0%B2%D0%B5%D1%81%D1%82%D0%BD%D0%B8%D0%BA-%E2%84%966-87.pdf
469,Новопсковский вестник,Novopskovskiy vestnik,Novopskov,Novopskov,Luganmedia,2024-08-23,15,https://luganmedia.ru/wp-content/uploads/2024/11/%D0%9D%D0%BE%D0%B2%D0%BE%D0%BF%D1%81%D0%BA%D0%BE%D0%B2%D1%81%D0%BA%D0%B8%D0%B9-%D0%B2%D0%B5%D1%81%D1%82%D0%BD%D0%B8%D0%BA-%E2%84%9633-63.pdf
470,Новопсковский вестник,Novopskovskiy vestnik,Novopskov,Novopskov,Luganmedia,2024-08-30,15,https://luganmedia.ru/wp-content/uploads/2024/11/%D0%9D%D0%BE%D0%B2%D0%BE%D0%BF%D1%81%D0%BA%D0%BE%D0%B2%D1%81%D0%BA%D0%B8%D0%B9-%D0%B2%D0%B5%D1%81%D1%82%D0%BD%D0%B8%D0%BA-%E2%84%9634-64.pdf
471,Новопсковский вестник,Novopskovskiy vestnik,Novopskov,Novopskov,Luganmedia,2024-09-06,15,https://luganmedia.ru/wp-content/uploads/2024/11/%D0%9D%D0%BE%D0%B2%D0%BE%D0%BF%D1%81%D0%BA%D0%BE%D0%B2%D1%81%D0%BA%D0%B8%D0%B9-%D0%B2%D0%B5%D1%81%D1%82%D0%BD%D0%B8%D0%BA-%E2%84%9635-65.pdf
472,Новопсковский вестник,Novopskovskiy vestnik,Novopskov,Novopskov,Luganmedia,2024-09-13,15,https://luganmedia.ru/wp-content/uploads/2024/11/%D0%9D%D0%BE%D0%B2%D0%BE%D0%BF%D1%81%D0%BA%D0%BE%D0%B2%D1%81%D0%BA%D0%B8%D0%B9-%D0%B2%D0%B5%D1%81%D1%82%D0%BD%D0%B8%D0%BA-%E2%84%9636-66.pdf
473,Новопсковский вестник,Novopskovskiy vestnik,Novopskov,Novopskov,Luganmedia,2024-09-20,15,https://luganmedia.ru/wp-content/uploads/2024/11/%D0%9D%D0%BE%D0%B2%D0%BE%D0%BF%D1%81%D0%BA%D0%BE%D0%B2%D1%81%D0%BA%D0%B8%D0%B9-%D0%B2%D0%B5%D1%81%D1%82%D0%BD%D0%B8%D0%BA-%E2%84%9637-67.pdf
474,Новопсковский вестник,Novopskovskiy vestnik,Novopskov,Novopskov,Luganmedia,2024-10-04,15,https://luganmedia.ru/wp-content/uploads/2024/11/%D0%9D%D0%BE%D0%B2%D0%BE%D0%BF%D1%81%D0%BA%D0%BE%D0%B2%D1%81%D0%BA%D0%B8%D0%B9-%D0%B2%D0%B5%D1%81%D1%82%D0%BD%D0%B8%D0%BA-%E2%84%9639-69.pdf
476,Новопсковский вестник,Novopskovskiy vestnik,Novopskov,Novopskov,Luganmedia,2024-10-11,15,https://luganmedia.ru/wp-content/uploads/2024/11/%D0%9D%D0%BE%D0%B2%D0%BE%D0%BF%D1%81%D0%BA%D0%BE%D0%B2%D1%81%D0%BA%D0%B8%D0%B9-%D0%B2%D0%B5%D1%81%D1%82%D0%BD%D0%B8%D0%BA-%E2%84%9640-70.pdf
477,Новопсковский вестник,Novopskovskiy vestnik,Novopskov,Novopskov,Luganmedia,2024-10-18,15,https://luganmedia.ru/wp-content/uploads/2024/11/%D0%9D%D0%BE%D0%B2%D0%BE%D0%BF%D1%81%D0%BA%D0%BE%D0%B2%D1%81%D0%BA%D0%B8%D0%B9-%D0%B2%D0%B5%D1%81%D1%82%D0%BD%D0%B8%D0%BA-%E2%84%9641-71.pdf
478,Новопсковский вестник,Novopskovskiy vestnik,Novopskov,Novopskov,Luganmedia,2024-10-25,15,https://luganmedia.ru/wp-content/uploads/2024/11/%D0%9D%D0%BE%D0%B2%D0%BE%D0%BF%D1%81%D0%BA%D0%BE%D0%B2%D1%81%D0%BA%D0%B8%D0%B9-%D0%B2%D0%B5%D1%81%D1%82%D0%BD%D0%B8%D0%BA-%E2%84%9642-72.pdf
479,Новопсковский вестник,Novopskovskiy vestnik,Novopskov,Novopskov,Luganmedia,2024-11-01,15,https://luganmedia.ru/wp-content/uploads/2024/11/%D0%9D%D0%BE%D0%B2%D0%BE%D0%BF%D1%81%D0%BA%D0%BE%D0%B2%D1%81%D0%BA%D0%B8%D0%B9-%D0%B2%D0%B5%D1%81%D1%82%D0%BD%D0%B8%D0%BA-%E2%84%9643-73.pdf
480,Новопсковский вестник,Novopskovskiy vestnik,Novopskov,Novopskov,Luganmedia,2024-11-08,15,https://luganmedia.ru/wp-content/uploads/2024/11/%D0%9D%D0%BE%D0%B2%D0%BE%D0%BF%D1%81%D0%BA%D0%BE%D0%B2%D1%81%D0%BA%D0%B8%D0%B9-%D0%B2%D0%B5%D1%81%D1%82%D0%BD%D0%B8%D0%BA-%E2%84%9644-74.pdf
481,Новопсковский вестник,Novopskovskiy vestnik,Novopskov,Novopskov,Luganmedia,2024-11-15,15,https://luganmedia.ru/wp-content/uploads/2024/11/%D0%9D%D0%BE%D0%B2%D0%BE%D0%BF%D1%81%D0%BA%D0%BE%D0%B2%D1%81%D0%BA%D0%B8%D0%B9-%D0%B2%D0%B5%D1%81%D1%82%D0%BD%D0%B8%D0%BA-%E2%84%9645-75.pdf
482,Новопсковский вестник,Novopskovskiy vestnik,Novopskov,Novopskov,Luganmedia,2024-11-22,15,https://luganmedia.ru/wp-content/uploads/2024/11/%D0%9D%D0%BE%D0%B2%D0%BE%D0%BF%D1%81%D0%BA%D0%BE%D0%B2%D1%81%D0%BA%D0%B8%D0%B9-%D0%B2%D0%B5%D1%81%D1%82%D0%BD%D0%B8%D0%BA-%E2%84%9646-76.pdf
483,Новопсковский вестник,Novopskovskiy vestnik,Novopskov,Novopskov,Luganmedia,2024-11-29,15,https://luganmedia.ru/wp-content/uploads/2024/12/%D0%9D%D0%BE%D0%B2%D0%BE%D0%BF%D1%81%D0%BA%D0%BE%D0%B2%D1%81%D0%BA%D0%B8%D0%B9-%D0%B2%D0%B5%D1%81%D1%82%D0%BD%D0%B8%D0%BA-%E2%84%9647-77.pdf
484,Новопсковский вестник,Novopskovskiy vestnik,Novopskov,Novopskov,Luganmedia,2024-12-06,15,https://luganmedia.ru/wp-content/uploads/2024/12/%D0%9D%D0%BE%D0%B2%D0%BE%D0%BF%D1%81%D0%BA%D0%BE%D0%B2%D1%81%D0%BA%D0%B8%D0%B9-%D0%B2%D0%B5%D1%81%D1%82%D0%BD%D0%B8%D0%BA-%E2%84%9648-78.pdf
485,Новопсковский вестник,Novopskovskiy vestnik,Novopskov,Novopskov,Luganmedia,2024-12-13,15,https://luganmedia.ru/wp-content/uploads/2024/12/%D0%9D%D0%BE%D0%B2%D0%BE%D0%BF%D1%81%D0%BA%D0%BE%D0%B2%D1%81%D0%BA%D0%B8%D0%B9-%D0%B2%D0%B5%D1%81%D1%82%D0%BD%D0%B8%D0%BA-%E2%84%9649-79.pdf
487,Новопсковский вестник,Novopskovskiy vestnik,Novopskov,Novopskov,Luganmedia,2024-12-20,15,https://luganmedia.ru/wp-content/uploads/2024/12/%D0%9D%D0%BE%D0%B2%D0%BE%D0%BF%D1%81%D0%BA%D0%BE%D0%B2%D1%81%D0%BA%D0%B8%D0%B9-%D0%B2%D0%B5%D1%81%D1%82%D0%BD%D0%B8%D0%BA-%E2%84%9650-80.pdf
488,Новопсковский вестник,Novopskovskiy vestnik,Novopskov,Novopskov,Luganmedia,2024-12-27,15,https://luganmedia.ru/wp-content/uploads/2025/01/%D0%9D%D0%BE%D0%B2%D0%BE%D0%BF%D1%81%D0%BA%D0%BE%D0%B2%D1%81%D0%BA%D0%B8%D0%B9-%D0%B2%D0%B5%D1%81%D1%82%D0%BD%D0%B8%D0%BA-%E2%84%9651-81.pdf
468,Новопсковский вестник,Novopskovskiy vestnik,Novopskov,Novopskov,Luganmedia,2025-01-01,15,https://luganmedia.ru/wp-content/uploads/2025/02/%D0%9D%D0%BE%D0%B2%D0%BE%D0%BF%D1%81%D0%BA%D0%BE%D0%B2%D1%81%D0%BA%D0%B8%D0%B9-%D0%B2%D0%B5%D1%81%D1%82%D0%BD%D0%B8%D0%BA-%E2%84%963-84.pdf
491,Новопсковский вестник,Novopskovskiy vestnik,Novopskov,Novopskov,Luganmedia,2025-01-01,15,https://luganmedia.ru/wp-content/uploads/2025/03/%D0%9D%D0%BE%D0%B2%D0%BE%D0%BF%D1%81%D0%BA%D0%BE%D0%B2%D1%81%D0%BA%D0%B8%D0%B9-%D0%B2%D0%B5%D1%81%D1%82%D0%BD%D0%B8%D0%BA-%E2%84%968-89.pdf
464,Новопсковский вестник,Novopskovskiy vestnik,Novopskov,Novopskov,Luganmedia,2025-01-17,15,https://luganmedia.ru/wp-content/uploads/2025/01/%D0%9D%D0%BE%D0%B2%D0%BE%D0%BF%D1%81%D0%BA%D0%BE%D0%B2%D1%81%D0%BA%D0%B8%D0%B9-%D0%B2%D0%B5%D1%81%D1%82%D0%BD%D0%B8%D0%BA-%E2%84%961-82.pdf
467,Новопсковский вестник,Novopskovskiy vestnik,Novopskov,Novopskov,Luganmedia,2025-01-24,15,https://luganmedia.ru/wp-content/uploads/2025/02/%D0%9D%D0%BE%D0%B2%D0%BE%D0%BF%D1%81%D0%BA%D0%BE%D0%B2%D1%81%D0%BA%D0%B8%D0%B9-%D0%B2%D0%B5%D1%81%D1%82%D0%BD%D0%B8%D0%BA-%E2%84%962-83.pdf
475,Новопсковский вестник,Novopskovskiy vestnik,Novopskov,Novopskov,Luganmedia,2025-02-07,15,https://luganmedia.ru/wp-content/uploads/2025/02/%D0%9D%D0%BE%D0%B2%D0%BE%D0%BF%D1%81%D0%BA%D0%BE%D0%B2%D1%81%D0%BA%D0%B8%D0%B9-%D0%B2%D0%B5%D1%81%D1%82%D0%BD%D0%B8%D0%BA-%E2%84%964-85.pdf
486,Новопсковский вестник,Novopskovskiy vestnik,Novopskov,Novopskov,Luganmedia,2025-02-14,15,https://luganmedia.ru/wp-content/uploads/2025/02/%D0%9D%D0%BE%D0%B2%D0%BE%D0%BF%D1%81%D0%BA%D0%BE%D0%B2%D1%81%D0%BA%D0%B8%D0%B9-%D0%B2%D0%B5%D1%81%D1%82%D0%BD%D0%B8%D0%BA-%E2%84%965-86.pdf
490,Новопсковский вестник,Novopskovskiy vestnik,Novopskov,Novopskov,Luganmedia,2025-02-28,15,https://luganmedia.ru/wp-content/uploads/2025/03/%D0%9D%D0%BE%D0%B2%D0%BE%D0%BF%D1%81%D0%BA%D0%BE%D0%B2%D1%81%D0%BA%D0%B8%D0%B9-%D0%B2%D0%B5%D1%81%D1%82%D0%BD%D0%B8%D0%BA-%E2%84%967-88.pdf
492,Новопсковский вестник,Novopskovskiy vestnik,Novopskov,Novopskov,Luganmedia,2025-03-14,15,https://luganmedia.ru/wp-content/uploads/2025/04/%D0%9D%D0%BE%D0%B2%D0%BE%D0%BF%D1%81%D0%BA%D0%BE%D0%B2%D1%81%D0%BA%D0%B8%D0%B9-%D0%B2%D0%B5%D1%81%D1%82%D0%BD%D0%B8%D0%BA-%E2%84%969-90.pdf
493,Новопсковский вестник,Novopskovskiy vestnik,Novopskov,Novopskov,Luganmedia,2025-03-21,15,https://luganmedia.ru/wp-content/uploads/2025/04/%D0%9D%D0%BE%D0%B2%D0%BE%D0%BF%D1%81%D0%BA%D0%BE%D0%B2%D1%81%D0%BA%D0%B8%D0%B9_%D0%B2%D0%B5%D1%81%D1%82%D0%BD%D0%B8%D0%BA_%E2%84%9610_91.pdf
465,Новопсковский вестник,Novopskovskiy vestnik,Novopskov,Novopskov,Luganmedia,2025-03-28,15,https://luganmedia.ru/wp-content/uploads/2025/04/%D0%9D%D0%BE%D0%B2%D0%BE%D0%BF%D1%81%D0%BA%D0%BE%D0%B2%D1%81%D0%BA%D0%B8%D0%B9-%D0%B2%D0%B5%D1%81%D1%82%D0%BD%D0%B8%D0%BA-%E2%84%9611-92.pdf
466,Новопсковский вестник,Novopskovskiy vestnik,Novopskov,Novopskov,Luganmedia,2025-04-04,15,https://luganmedia.ru/wp-content/uploads/2025/04/%D0%9D%D0%BE%D0%B2%D0%BE%D0%BF%D1%81%D0%BA%D0%BE%D0%B2%D1%81%D0%BA%D0%B8%D0%B9-%D0%B2%D0%B5%D1%81%D1%82%D0%BD%D0%B8%D0%BA-%E2%84%9612-93.pdf
1053,Новопсковский вестник,Novopskovskiy vestnik,Novopskov,Novopskov,Luganmedia,2026-04-03,15,https://luganmedia.ru/wp-content/uploads/2026/06/Новопсковский-вестник-№1-132-сжатый.pdf
1056,Новопсковский вестник,Novopskovskiy vestnik,Novopskov,Novopskov,Luganmedia,2026-04-08,15,https://luganmedia.ru/wp-content/uploads/2026/06/Новопсковский-вестник-№4-135-сжатый.pdf
1054,Новопсковский вестник,Novopskovskiy vestnik,Novopskov,Novopskov,Luganmedia,2026-04-10,15,https://luganmedia.ru/wp-content/uploads/2026/06/Новопсковский-вестник-№2-133-сжатый.pdf
1055,Новопсковский вестник,Novopskovskiy vestnik,Novopskov,Novopskov,Luganmedia,2026-04-15,15,https://luganmedia.ru/wp-content/uploads/2026/06/Новопсковский-вестник-№3-134-сжатый.pdf
1057,Новопсковский вестник,Novopskovskiy vestnik,Novopskov,Novopskov,Luganmedia,2026-04-29,15,https://luganmedia.ru/wp-content/uploads/2026/06/Новопсковский-вестник-№5-136-сжатый.pdf
575,Наша Народная Трибуна,Nasha Narodnaya Tribuna,Perevalsk,Perevalsk,Luganmedia,2024-08-22,15,https://luganmedia.ru/wp-content/uploads/2024/11/%D0%9F%D0%B5%D1%80%D0%B5%D0%B2%D0%B0%D0%BB%D1%8C%D1%81%D0%BA%D0%B8%D0%B5-%D0%BD%D0%BE%D0%B2%D0%BE%D1%81%D1%82%D0%B8-%E2%84%96-33-59.pdf
576,Наша Народная Трибуна,Nasha Narodnaya Tribuna,Perevalsk,Perevalsk,Luganmedia,2024-08-22,16,https://luganmedia.ru/wp-content/uploads/2024/11/%D0%9F%D0%B5%D1%80%D0%B5%D0%B2%D0%B0%D0%BB%D1%8C%D1%81%D0%BA%D0%B8%D0%B5-%D0%BD%D0%BE%D0%B2%D0%BE%D1%81%D1%82%D0%B8-%E2%84%96-34-60.pdf
577,Наша Народная Трибуна,Nasha Narodnaya Tribuna,Perevalsk,Perevalsk,Luganmedia,2024-09-05,15,https://luganmedia.ru/wp-content/uploads/2024/11/%D0%9F%D0%B5%D1%80%D0%B5%D0%B2%D0%B0%D0%BB%D1%8C%D1%81%D0%BA%D0%B8%D0%B5-%D0%BD%D0%BE%D0%B2%D0%BE%D1%81%D1%82%D0%B8-%E2%84%96-35-61.pdf
578,Наша Народная Трибуна,Nasha Narodnaya Tribuna,Perevalsk,Perevalsk,Luganmedia,2024-09-12,15,https://luganmedia.ru/wp-content/uploads/2024/11/%D0%9F%D0%B5%D1%80%D0%B5%D0%B2%D0%B0%D0%BB%D1%8C%D1%81%D0%BA%D0%B8%D0%B5-%D0%BD%D0%BE%D0%B2%D0%BE%D1%81%D1%82%D0%B8-%E2%84%96-36-62.pdf
579,Наша Народная Трибуна,Nasha Narodnaya Tribuna,Perevalsk,Perevalsk,Luganmedia,2024-09-19,15,https://luganmedia.ru/wp-content/uploads/2024/11/%D0%9F%D0%B5%D1%80%D0%B5%D0%B2%D0%B0%D0%BB%D1%8C%D1%81%D0%BA%D0%B8%D0%B5-%D0%BD%D0%BE%D0%B2%D0%BE%D1%81%D1%82%D0%B8-%E2%84%96-37-63.pdf
580,Наша Народная Трибуна,Nasha Narodnaya Tribuna,Perevalsk,Perevalsk,Luganmedia,2024-09-26,15,https://luganmedia.ru/wp-content/uploads/2024/11/%D0%9F%D0%B5%D1%80%D0%B5%D0%B2%D0%B0%D0%BB%D1%8C%D1%81%D0%BA%D0%B8%D0%B5-%D0%BD%D0%BE%D0%B2%D0%BE%D1%81%D1%82%D0%B8-%E2%84%96-38-64.pdf
581,Наша Народная Трибуна,Nasha Narodnaya Tribuna,Perevalsk,Perevalsk,Luganmedia,2024-10-03,15,https://luganmedia.ru/wp-content/uploads/2024/11/%D0%9F%D0%B5%D1%80%D0%B5%D0%B2%D0%B0%D0%BB%D1%8C%D1%81%D0%BA%D0%B8%D0%B5-%D0%BD%D0%BE%D0%B2%D0%BE%D1%81%D1%82%D0%B8-%E2%84%96-39-65.pdf
582,Наша Народная Трибуна,Nasha Narodnaya Tribuna,Perevalsk,Perevalsk,Luganmedia,2024-10-10,15,https://luganmedia.ru/wp-content/uploads/2024/11/%D0%9F%D0%B5%D1%80%D0%B5%D0%B2%D0%B0%D0%BB%D1%8C%D1%81%D0%BA%D0%B8%D0%B5-%D0%BD%D0%BE%D0%B2%D0%BE%D1%81%D1%82%D0%B8-%E2%84%96-40-66.pdf
583,Наша Народная Трибуна,Nasha Narodnaya Tribuna,Perevalsk,Perevalsk,Luganmedia,2024-10-17,15,https://luganmedia.ru/wp-content/uploads/2024/11/%D0%9F%D0%B5%D1%80%D0%B5%D0%B2%D0%B0%D0%BB%D1%8C%D1%81%D0%BA%D0%B8%D0%B5-%D0%BD%D0%BE%D0%B2%D0%BE%D1%81%D1%82%D0%B8-%E2%84%96-41-67.pdf
584,Наша Народная Трибуна,Nasha Narodnaya Tribuna,Perevalsk,Perevalsk,Luganmedia,2024-10-24,15,https://luganmedia.ru/wp-content/uploads/2024/11/%D0%9F%D0%B5%D1%80%D0%B5%D0%B2%D0%B0%D0%BB%D1%8C%D1%81%D0%BA%D0%B8%D0%B5-%D0%BD%D0%BE%D0%B2%D0%BE%D1%81%D1%82%D0%B8-%E2%84%96-42-68.pdf
585,Наша Народная Трибуна,Nasha Narodnaya Tribuna,Perevalsk,Perevalsk,Luganmedia,2024-10-31,10,https://luganmedia.ru/wp-content/uploads/2024/11/%D0%9F%D0%B5%D1%80%D0%B5%D0%B2%D0%B0%D0%BB%D1%8C%D1%81%D0%BA%D0%B8%D0%B5-%D0%BD%D0%BE%D0%B2%D0%BE%D1%81%D1%82%D0%B8-%E2%84%96-43-69.pdf
586,Наша Народная Трибуна,Nasha Narodnaya Tribuna,Perevalsk,Perevalsk,Luganmedia,2024-11-07,15,https://luganmedia.ru/wp-content/uploads/2024/11/%D0%9F%D0%B5%D1%80%D0%B5%D0%B2%D0%B0%D0%BB%D1%8C%D1%81%D0%BA%D0%B8%D0%B5-%D0%BD%D0%BE%D0%B2%D0%BE%D1%81%D1%82%D0%B8-%E2%84%96-44-70.pdf
587,Наша Народная Трибуна,Nasha Narodnaya Tribuna,Perevalsk,Perevalsk,Luganmedia,2024-11-14,15,https://luganmedia.ru/wp-content/uploads/2024/11/%D0%9F%D0%B5%D1%80%D0%B5%D0%B2%D0%B0%D0%BB%D1%8C%D1%81%D0%BA%D0%B8%D0%B5-%D0%BD%D0%BE%D0%B2%D0%BE%D1%81%D1%82%D0%B8-%E2%84%96-45-71-2.pdf
588,Наша Народная Трибуна,Nasha Narodnaya Tribuna,Perevalsk,Perevalsk,Luganmedia,2024-11-21,15,https://luganmedia.ru/wp-content/uploads/2024/11/%D0%9F%D0%B5%D1%80%D0%B5%D0%B2%D0%B0%D0%BB%D1%8C%D1%81%D0%BA%D0%B8%D0%B5-%D0%BD%D0%BE%D0%B2%D0%BE%D1%81%D1%82%D0%B8-%E2%84%96-46-72.pdf
589,Наша Народная Трибуна,Nasha Narodnaya Tribuna,Perevalsk,Perevalsk,Luganmedia,2024-11-28,15,https://luganmedia.ru/wp-content/uploads/2024/12/%D0%9F%D0%B5%D1%80%D0%B5%D0%B2%D0%B0%D0%BB%D1%8C%D1%81%D0%BA%D0%B8%D0%B5-%D0%BD%D0%BE%D0%B2%D0%BE%D1%81%D1%82%D0%B8-%E2%84%96-47-73.pdf
590,Наша Народная Трибуна,Nasha Narodnaya Tribuna,Perevalsk,Perevalsk,Luganmedia,2024-12-05,15,https://luganmedia.ru/wp-content/uploads/2024/12/%D0%9F%D0%B5%D1%80%D0%B5%D0%B2%D0%B0%D0%BB%D1%8C%D1%81%D0%BA%D0%B8%D0%B5-%D0%BD%D0%BE%D0%B2%D0%BE%D1%81%D1%82%D0%B8-%E2%84%96-48-74.pdf
591,Наша Народная Трибуна,Nasha Narodnaya Tribuna,Perevalsk,Perevalsk,Luganmedia,2024-12-12,16,https://luganmedia.ru/wp-content/uploads/2024/12/%D0%9F%D0%B5%D1%80%D0%B5%D0%B2%D0%B0%D0%BB%D1%8C%D1%81%D0%BA%D0%B8%D0%B5-%D0%BD%D0%BE%D0%B2%D0%BE%D1%81%D1%82%D0%B8-%E2%84%96-49-75.pdf
592,Наша Народная Трибуна,Nasha Narodnaya Tribuna,Perevalsk,Perevalsk,Luganmedia,2024-12-19,15,https://luganmedia.ru/wp-content/uploads/2024/12/%D0%9F%D0%B5%D1%80%D0%B5%D0%B2%D0%B0%D0%BB%D1%8C%D1%81%D0%BA%D0%B8%D0%B5-%D0%BD%D0%BE%D0%B2%D0%BE%D1%81%D1%82%D0%B8-%E2%84%96-50-76.pdf
593,Наша Народная Трибуна,Nasha Narodnaya Tribuna,Perevalsk,Perevalsk,Luganmedia,2024-12-26,16,https://luganmedia.ru/wp-content/uploads/2025/01/%D0%9F%D0%B5%D1%80%D0%B5%D0%B2%D0%B0%D0%BB%D1%8C%D1%81%D0%BA%D0%B8%D0%B5-%D0%BD%D0%BE%D0%B2%D0%BE%D1%81%D1%82%D0%B8-%E2%84%96-51-77.pdf
398,Наша Народная Трибуна,Nasha Narodnaya Tribuna,Perevalsk,Perevalsk,Luganmedia,2025-01-23,15,https://luganmedia.ru/wp-content/uploads/2025/02/%D0%9D%D0%B0%D1%88%D0%B0-%D0%9D%D0%B0%D1%80%D0%BE%D0%B4%D0%BD%D0%B0%D1%8F-%D0%A2%D1%80%D0%B8%D0%B1%D1%83%D0%BD%D0%B0-%E2%84%96-2-79.pdf
399,Наша Народная Трибуна,Nasha Narodnaya Tribuna,Perevalsk,Perevalsk,Luganmedia,2025-01-30,15,https://luganmedia.ru/wp-content/uploads/2025/02/%D0%9D%D0%B0%D1%88%D0%B0-%D0%9D%D0%B0%D1%80%D0%BE%D0%B4%D0%BD%D0%B0%D1%8F-%D0%A2%D1%80%D0%B8%D0%B1%D1%83%D0%BD%D0%B0-%E2%84%96-3-80-1.pdf
400,Наша Народная Трибуна,Nasha Narodnaya Tribuna,Perevalsk,Perevalsk,Luganmedia,2025-02-06,15,https://luganmedia.ru/wp-content/uploads/2025/02/%D0%9D%D0%B0%D1%88%D0%B0-%D0%9D%D0%B0%D1%80%D0%BE%D0%B4%D0%BD%D0%B0%D1%8F-%D0%A2%D1%80%D0%B8%D0%B1%D1%83%D0%BD%D0%B0-%E2%84%96-4-81.pdf
401,Наша Народная Трибуна,Nasha Narodnaya Tribuna,Perevalsk,Perevalsk,Luganmedia,2025-02-13,15,https://luganmedia.ru/wp-content/uploads/2025/02/%D0%9D%D0%B0%D1%88%D0%B0-%D0%9D%D0%B0%D1%80%D0%BE%D0%B4%D0%BD%D0%B0%D1%8F-%D0%A2%D1%80%D0%B8%D0%B1%D1%83%D0%BD%D0%B0-%E2%84%96-5-82.pdf
402,Наша Народная Трибуна,Nasha Narodnaya Tribuna,Perevalsk,Perevalsk,Luganmedia,2025-02-20,15,https://luganmedia.ru/wp-content/uploads/2025/03/%D0%9D%D0%B0%D1%88%D0%B0-%D0%9D%D0%B0%D1%80%D0%BE%D0%B4%D0%BD%D0%B0%D1%8F-%D0%A2%D1%80%D0%B8%D0%B1%D1%83%D0%BD%D0%B0-%E2%84%96-6-6.pdf
403,Наша Народная Трибуна,Nasha Narodnaya Tribuna,Perevalsk,Perevalsk,Luganmedia,2025-02-27,15,https://luganmedia.ru/wp-content/uploads/2025/03/%D0%9D%D0%B0%D1%88%D0%B0-%D0%9D%D0%B0%D1%80%D0%BE%D0%B4%D0%BD%D0%B0%D1%8F-%D0%A2%D1%80%D0%B8%D0%B1%D1%83%D0%BD%D0%B0-%E2%84%96-7-7.pdf
404,Наша Народная Трибуна,Nasha Narodnaya Tribuna,Perevalsk,Perevalsk,Luganmedia,2025-03-06,15,https://luganmedia.ru/wp-content/uploads/2025/03/%D0%9D%D0%B0%D1%88%D0%B0-%D0%9D%D0%B0%D1%80%D0%BE%D0%B4%D0%BD%D0%B0%D1%8F-%D0%A2%D1%80%D0%B8%D0%B1%D1%83%D0%BD%D0%B0-%E2%84%96-8-8.pdf
405,Наша Народная Трибуна,Nasha Narodnaya Tribuna,Perevalsk,Perevalsk,Luganmedia,2025-03-13,15,https://luganmedia.ru/wp-content/uploads/2025/04/%D0%9D%D0%B0%D1%88%D0%B0-%D0%9D%D0%B0%D1%80%D0%BE%D0%B4%D0%BD%D0%B0%D1%8F-%D0%A2%D1%80%D0%B8%D0%B1%D1%83%D0%BD%D0%B0-%E2%84%96-9-9.pdf
395,Наша Народная Трибуна,Nasha Narodnaya Tribuna,Perevalsk,Perevalsk,Luganmedia,2025-03-20,15,https://luganmedia.ru/wp-content/uploads/2025/04/%D0%9D%D0%B0%D1%88%D0%B0-%D0%9D%D0%B0%D1%80%D0%BE%D0%B4%D0%BD%D0%B0%D1%8F-%D0%A2%D1%80%D0%B8%D0%B1%D1%83%D0%BD%D0%B0-%E2%84%96-10-10.pdf
396,Наша Народная Трибуна,Nasha Narodnaya Tribuna,Perevalsk,Perevalsk,Luganmedia,2025-03-27,15,https://luganmedia.ru/wp-content/uploads/2025/04/%D0%9D%D0%B0%D1%88%D0%B0-%D0%9D%D0%B0%D1%80%D0%BE%D0%B4%D0%BD%D0%B0%D1%8F-%D0%A2%D1%80%D0%B8%D0%B1%D1%83%D0%BD%D0%B0-%E2%84%96-11-11.pdf
397,Наша Народная Трибуна,Nasha Narodnaya Tribuna,Perevalsk,Perevalsk,Luganmedia,2025-04-03,15,https://luganmedia.ru/wp-content/uploads/2025/04/%D0%9D%D0%B0%D1%88%D0%B0-%D0%9D%D0%B0%D1%80%D0%BE%D0%B4%D0%BD%D0%B0%D1%8F-%D0%A2%D1%80%D0%B8%D0%B1%D1%83%D0%BD%D0%B0-%E2%84%96-12-12.pdf
1041,Наша Народная Трибуна,Nasha Narodnaya Tribuna,Perevalsk,Perevalsk,Luganmedia,2026-01-01,15,https://luganmedia.ru/wp-content/uploads/2026/06/Наша-Народная-Трибуна-№-4-54-сжатый.pdf
1038,Наша Народная Трибуна,Nasha Narodnaya Tribuna,Perevalsk,Perevalsk,Luganmedia,2026-04-02,15,https://luganmedia.ru/wp-content/uploads/2026/06/Наша-Народная-Трибуна-№-1-51-сжатый.pdf
1039,Наша Народная Трибуна,Nasha Narodnaya Tribuna,Perevalsk,Perevalsk,Luganmedia,2026-04-08,15,https://luganmedia.ru/wp-content/uploads/2026/06/Наша-Народная-Трибуна-№-2-52-сжатый.pdf
1042,Наша Народная Трибуна,Nasha Narodnaya Tribuna,Perevalsk,Perevalsk,Luganmedia,2026-04-30,15,https://luganmedia.ru/wp-content/uploads/2026/06/Наша-Народная-Трибуна-№-5-55-1.pdf
1040,Наша Народная Трибуна,Nasha Narodnaya Tribuna,Perevalsk,Perevalsk,Luganmedia,2026-06-01,15,https://luganmedia.ru/wp-content/uploads/2026/06/Наша-Народная-Трибуна-№-3-53-сжатый.pdf
356,Наш Первомайск,Nash Pervomaisk,Pervomaisk,Pervomaisk,Luganmedia,2024-08-22,15,https://luganmedia.ru/wp-content/uploads/2024/11/%D0%9D%D0%B0%D1%88-%D0%9F%D0%B5%D1%80%D0%B2%D0%BE%D0%BC%D0%B0%D0%B9%D1%81%D0%BA-33-%D0%BE%D1%82-22.08.2024.pdf
357,Наш Первомайск,Nash Pervomaisk,Pervomaisk,Pervomaisk,Luganmedia,2024-08-29,15,https://luganmedia.ru/wp-content/uploads/2024/11/%D0%9D%D0%B0%D1%88-%D0%9F%D0%B5%D1%80%D0%B2%D0%BE%D0%BC%D0%B0%D0%B9%D1%81%D0%BA-34-%D0%BE%D1%82-29.08.2024.pdf
358,Наш Первомайск,Nash Pervomaisk,Pervomaisk,Pervomaisk,Luganmedia,2024-09-05,15,https://luganmedia.ru/wp-content/uploads/2024/11/%D0%9D%D0%B0%D1%88-%D0%9F%D0%B5%D1%80%D0%B2%D0%BE%D0%BC%D0%B0%D0%B9%D1%81%D0%BA-35-%D0%BE%D1%82-05.09.2024.pdf
359,Наш Первомайск,Nash Pervomaisk,Pervomaisk,Pervomaisk,Luganmedia,2024-09-12,15,https://luganmedia.ru/wp-content/uploads/2024/11/%D0%9D%D0%B0%D1%88-%D0%9F%D0%B5%D1%80%D0%B2%D0%BE%D0%BC%D0%B0%D0%B9%D1%81%D0%BA-36-%D0%BE%D1%82-12.09.2024.pdf
360,Наш Первомайск,Nash Pervomaisk,Pervomaisk,Pervomaisk,Luganmedia,2024-09-19,15,https://luganmedia.ru/wp-content/uploads/2024/11/%D0%9D%D0%B0%D1%88-%D0%9F%D0%B5%D1%80%D0%B2%D0%BE%D0%BC%D0%B0%D0%B9%D1%81%D0%BA-37-%D0%BE%D1%82-19.09.2024.pdf
361,Наш Первомайск,Nash Pervomaisk,Pervomaisk,Pervomaisk,Luganmedia,2024-09-26,15,https://luganmedia.ru/wp-content/uploads/2024/11/%D0%9D%D0%B0%D1%88-%D0%9F%D0%B5%D1%80%D0%B2%D0%BE%D0%BC%D0%B0%D0%B9%D1%81%D0%BA-38-%D0%BE%D1%82-26.09.2024.pdf
362,Наш Первомайск,Nash Pervomaisk,Pervomaisk,Pervomaisk,Luganmedia,2024-10-03,15,https://luganmedia.ru/wp-content/uploads/2024/11/%D0%9D%D0%B0%D1%88-%D0%9F%D0%B5%D1%80%D0%B2%D0%BE%D0%BC%D0%B0%D0%B9%D1%81%D0%BA-39-%D0%BE%D1%82-03.10.2024.pdf
363,Наш Первомайск,Nash Pervomaisk,Pervomaisk,Pervomaisk,Luganmedia,2024-10-10,15,https://luganmedia.ru/wp-content/uploads/2024/11/%D0%9D%D0%B0%D1%88-%D0%9F%D0%B5%D1%80%D0%B2%D0%BE%D0%BC%D0%B0%D0%B9%D1%81%D0%BA-40-%D0%BE%D1%82-10.10.2024.pdf
364,Наш Первомайск,Nash Pervomaisk,Pervomaisk,Pervomaisk,Luganmedia,2024-10-17,15,https://luganmedia.ru/wp-content/uploads/2024/11/%D0%9D%D0%B0%D1%88-%D0%9F%D0%B5%D1%80%D0%B2%D0%BE%D0%BC%D0%B0%D0%B9%D1%81%D0%BA-41-%D0%BE%D1%82-17.10.2024.pdf
365,Наш Первомайск,Nash Pervomaisk,Pervomaisk,Pervomaisk,Luganmedia,2024-10-24,15,https://luganmedia.ru/wp-content/uploads/2024/11/%D0%9D%D0%B0%D1%88-%D0%9F%D0%B5%D1%80%D0%B2%D0%BE%D0%BC%D0%B0%D0%B9%D1%81%D0%BA-42-%D0%BE%D1%82-24.10.2024.pdf
366,Наш Первомайск,Nash Pervomaisk,Pervomaisk,Pervomaisk,Luganmedia,2024-10-31,15,https://luganmedia.ru/wp-content/uploads/2024/11/%D0%9D%D0%B0%D1%88-%D0%9F%D0%B5%D1%80%D0%B2%D0%BE%D0%BC%D0%B0%D0%B9%D1%81%D0%BA-43-%D0%BE%D1%82-31.10.2024.pdf
367,Наш Первомайск,Nash Pervomaisk,Pervomaisk,Pervomaisk,Luganmedia,2024-11-07,15,https://luganmedia.ru/wp-content/uploads/2024/11/%D0%9D%D0%B0%D1%88-%D0%9F%D0%B5%D1%80%D0%B2%D0%BE%D0%BC%D0%B0%D0%B9%D1%81%D0%BA-44-%D0%BE%D1%82-07.11.2024.pdf
388,Наш Первомайск,Nash Pervomaisk,Pervomaisk,Pervomaisk,Luganmedia,2024-11-14,15,https://luganmedia.ru/wp-content/uploads/2024/11/%D0%9D%D0%B0%D1%88-%D0%9F%D0%B5%D1%80%D0%B2%D0%BE%D0%BC%D0%B0%D0%B9%D1%81%D0%BA-%E2%84%96-45-75.pdf
389,Наш Первомайск,Nash Pervomaisk,Pervomaisk,Pervomaisk,Luganmedia,2024-11-21,15,https://luganmedia.ru/wp-content/uploads/2024/11/%D0%9D%D0%B0%D1%88-%D0%9F%D0%B5%D1%80%D0%B2%D0%BE%D0%BC%D0%B0%D0%B9%D1%81%D0%BA-%E2%84%96-46-76.pdf
390,Наш Первомайск,Nash Pervomaisk,Pervomaisk,Pervomaisk,Luganmedia,2024-11-28,15,https://luganmedia.ru/wp-content/uploads/2024/12/%D0%9D%D0%B0%D1%88-%D0%9F%D0%B5%D1%80%D0%B2%D0%BE%D0%BC%D0%B0%D0%B9%D1%81%D0%BA-%E2%84%96-47-77.pdf
391,Наш Первомайск,Nash Pervomaisk,Pervomaisk,Pervomaisk,Luganmedia,2024-12-05,15,https://luganmedia.ru/wp-content/uploads/2024/12/%D0%9D%D0%B0%D1%88-%D0%9F%D0%B5%D1%80%D0%B2%D0%BE%D0%BC%D0%B0%D0%B9%D1%81%D0%BA-%E2%84%96-48-78.pdf
392,Наш Первомайск,Nash Pervomaisk,Pervomaisk,Pervomaisk,Luganmedia,2024-12-12,15,https://luganmedia.ru/wp-content/uploads/2024/12/%D0%9D%D0%B0%D1%88-%D0%9F%D0%B5%D1%80%D0%B2%D0%BE%D0%BC%D0%B0%D0%B9%D1%81%D0%BA-%E2%84%96-49-79.pdf
393,Наш Первомайск,Nash Pervomaisk,Pervomaisk,Pervomaisk,Luganmedia,2024-12-19,15,https://luganmedia.ru/wp-content/uploads/2024/12/%D0%9D%D0%B0%D1%88-%D0%9F%D0%B5%D1%80%D0%B2%D0%BE%D0%BC%D0%B0%D0%B9%D1%81%D0%BA-%E2%84%96-50-80.pdf
394,Наш Первомайск,Nash Pervomaisk,Pervomaisk,Pervomaisk,Luganmedia,2024-12-26,15,https://luganmedia.ru/wp-content/uploads/2025/01/%D0%9D%D0%B0%D1%88-%D0%9F%D0%B5%D1%80%D0%B2%D0%BE%D0%BC%D0%B0%D0%B9%D1%81%D0%BA-%E2%84%96-51-81.pdf
368,Наш Первомайск,Nash Pervomaisk,Pervomaisk,Pervomaisk,Luganmedia,2025-01-16,15,https://luganmedia.ru/wp-content/uploads/2025/01/%D0%9D%D0%B0%D1%88-%D0%9F%D0%B5%D1%80%D0%B2%D0%BE%D0%BC%D0%B0%D0%B9%D1%81%D0%BA-%E2%84%96-01-82.pdf
369,Наш Первомайск,Nash Pervomaisk,Pervomaisk,Pervomaisk,Luganmedia,2025-01-23,15,https://luganmedia.ru/wp-content/uploads/2025/02/%D0%9D%D0%B0%D1%88-%D0%9F%D0%B5%D1%80%D0%B2%D0%BE%D0%BC%D0%B0%D0%B9%D1%81%D0%BA-%E2%84%96-02-83.pdf
370,Наш Первомайск,Nash Pervomaisk,Pervomaisk,Pervomaisk,Luganmedia,2025-01-30,15,https://luganmedia.ru/wp-content/uploads/2025/02/%D0%9D%D0%B0%D1%88-%D0%9F%D0%B5%D1%80%D0%B2%D0%BE%D0%BC%D0%B0%D0%B9%D1%81%D0%BA-%E2%84%96-03-84.pdf
371,Наш Первомайск,Nash Pervomaisk,Pervomaisk,Pervomaisk,Luganmedia,2025-02-06,15,https://luganmedia.ru/wp-content/uploads/2025/02/%D0%9D%D0%B0%D1%88-%D0%9F%D0%B5%D1%80%D0%B2%D0%BE%D0%BC%D0%B0%D0%B9%D1%81%D0%BA-%E2%84%96-04-85.pdf
372,Наш Первомайск,Nash Pervomaisk,Pervomaisk,Pervomaisk,Luganmedia,2025-02-13,15,https://luganmedia.ru/wp-content/uploads/2025/02/%D0%9D%D0%B0%D1%88-%D0%9F%D0%B5%D1%80%D0%B2%D0%BE%D0%BC%D0%B0%D0%B9%D1%81%D0%BA-%E2%84%96-05-86.pdf
373,Наш Первомайск,Nash Pervomaisk,Pervomaisk,Pervomaisk,Luganmedia,2025-02-20,15,https://luganmedia.ru/wp-content/uploads/2025/03/%D0%9D%D0%B0%D1%88-%D0%9F%D0%B5%D1%80%D0%B2%D0%BE%D0%BC%D0%B0%D0%B9%D1%81%D0%BA-%E2%84%96-06-87.pdf
374,Наш Первомайск,Nash Pervomaisk,Pervomaisk,Pervomaisk,Luganmedia,2025-02-27,15,https://luganmedia.ru/wp-content/uploads/2025/03/%D0%9D%D0%B0%D1%88-%D0%9F%D0%B5%D1%80%D0%B2%D0%BE%D0%BC%D0%B0%D0%B9%D1%81%D0%BA-%E2%84%96-07-88.pdf
375,Наш Первомайск,Nash Pervomaisk,Pervomaisk,Pervomaisk,Luganmedia,2025-03-06,15,https://luganmedia.ru/wp-content/uploads/2025/03/%D0%9D%D0%B0%D1%88-%D0%9F%D0%B5%D1%80%D0%B2%D0%BE%D0%BC%D0%B0%D0%B9%D1%81%D0%BA-%E2%84%96-08-89.pdf
376,Наш Первомайск,Nash Pervomaisk,Pervomaisk,Pervomaisk,Luganmedia,2025-03-13,15,https://luganmedia.ru/wp-content/uploads/2025/04/%D0%9D%D0%B0%D1%88-%D0%9F%D0%B5%D1%80%D0%B2%D0%BE%D0%BC%D0%B0%D0%B9%D1%81%D0%BA-%E2%84%96-09-90.pdf
377,Наш Первомайск,Nash Pervomaisk,Pervomaisk,Pervomaisk,Luganmedia,2025-03-20,15,https://luganmedia.ru/wp-content/uploads/2025/04/%D0%9D%D0%B0%D1%88-%D0%9F%D0%B5%D1%80%D0%B2%D0%BE%D0%BC%D0%B0%D0%B9%D1%81%D0%BA-%E2%84%96-10-91.pdf
378,Наш Первомайск,Nash Pervomaisk,Pervomaisk,Pervomaisk,Luganmedia,2025-03-27,16,https://luganmedia.ru/wp-content/uploads/2025/04/%D0%9D%D0%B0%D1%88-%D0%9F%D0%B5%D1%80%D0%B2%D0%BE%D0%BC%D0%B0%D0%B9%D1%81%D0%BA-%E2%84%96-11-92.pdf
379,Наш Первомайск,Nash Pervomaisk,Pervomaisk,Pervomaisk,Luganmedia,2025-04-03,15,https://luganmedia.ru/wp-content/uploads/2025/04/%D0%9D%D0%B0%D1%88-%D0%9F%D0%B5%D1%80%D0%B2%D0%BE%D0%BC%D0%B0%D0%B9%D1%81%D0%BA-%E2%84%96-12-93.pdf
380,Наш Первомайск,Nash Pervomaisk,Pervomaisk,Pervomaisk,Luganmedia,2025-05-01,15,https://luganmedia.ru/wp-content/uploads/2025/07/%D0%9D%D0%B0%D1%88-%D0%9F%D0%B5%D1%80%D0%B2%D0%BE%D0%BC%D0%B0%D0%B9%D1%81%D0%BA-%E2%84%96-16-97.pdf
381,Наш Первомайск,Nash Pervomaisk,Pervomaisk,Pervomaisk,Luganmedia,2025-05-08,15,https://luganmedia.ru/wp-content/uploads/2025/07/%D0%9D%D0%B0%D1%88-%D0%9F%D0%B5%D1%80%D0%B2%D0%BE%D0%BC%D0%B0%D0%B9%D1%81%D0%BA-%E2%84%96-17-98.pdf
382,Наш Первомайск,Nash Pervomaisk,Pervomaisk,Pervomaisk,Luganmedia,2025-05-22,15,https://luganmedia.ru/wp-content/uploads/2025/07/%D0%9D%D0%B0%D1%88-%D0%9F%D0%B5%D1%80%D0%B2%D0%BE%D0%BC%D0%B0%D0%B9%D1%81%D0%BA-%E2%84%96-19-100.pdf
383,Наш Первомайск,Nash Pervomaisk,Pervomaisk,Pervomaisk,Luganmedia,2025-06-26,15,https://luganmedia.ru/wp-content/uploads/2025/10/%D0%9D%D0%B0%D1%88-%D0%9F%D0%B5%D1%80%D0%B2%D0%BE%D0%BC%D0%B0%D0%B9%D1%81%D0%BA-%E2%84%96-24-105.pdf
384,Наш Первомайск,Nash Pervomaisk,Pervomaisk,Pervomaisk,Luganmedia,2025-07-03,15,https://luganmedia.ru/wp-content/uploads/2025/10/%D0%9D%D0%B0%D1%88-%D0%9F%D0%B5%D1%80%D0%B2%D0%BE%D0%BC%D0%B0%D0%B9%D1%81%D0%BA-%E2%84%96-25-106.pdf
386,Наш Первомайск,Nash Pervomaisk,Pervomaisk,Pervomaisk,Luganmedia,2025-08-04,15,https://luganmedia.ru/wp-content/uploads/2025/10/%D0%9D%D0%B0%D1%88-%D0%9F%D0%B5%D1%80%D0%B2%D0%BE%D0%BC%D0%B0%D0%B9%D1%81%D0%BA-%E2%84%96-31-112.pdf
385,Наш Первомайск,Nash Pervomaisk,Pervomaisk,Pervomaisk,Luganmedia,2025-08-07,15,https://luganmedia.ru/wp-content/uploads/2025/10/%D0%9D%D0%B0%D1%88-%D0%9F%D0%B5%D1%80%D0%B2%D0%BE%D0%BC%D0%B0%D0%B9%D1%81%D0%BA-%E2%84%96-30-111.pdf
387,Наш Первомайск,Nash Pervomaisk,Pervomaisk,Pervomaisk,Luganmedia,2025-09-04,15,https://luganmedia.ru/wp-content/uploads/2025/10/%D0%9D%D0%B0%D1%88-%D0%9F%D0%B5%D1%80%D0%B2%D0%BE%D0%BC%D0%B0%D0%B9%D1%81%D0%BA-%E2%84%96-34-115.pdf
1033,Наш Первомайск,Nash Pervomaisk,Pervomaisk,Pervomaisk,Luganmedia,2026-04-02,15,https://luganmedia.ru/wp-content/uploads/2026/06/Наш-Первомайск-№-1-132-сжатый.pdf
1034,Наш Первомайск,Nash Pervomaisk,Pervomaisk,Pervomaisk,Luganmedia,2026-04-09,15,https://luganmedia.ru/wp-content/uploads/2026/06/Наш-Первомайск-№-2-133-сжатый.pdf
1035,Наш Первомайск,Nash Pervomaisk,Pervomaisk,Pervomaisk,Luganmedia,2026-04-16,15,https://luganmedia.ru/wp-content/uploads/2026/06/Наш-Первомайск-№-3-134-сжатый.pdf
1036,Наш Первомайск,Nash Pervomaisk,Pervomaisk,Pervomaisk,Luganmedia,2026-04-23,15,https://luganmedia.ru/wp-content/uploads/2026/06/Наш-Первомайск-№-4-135-сжатый.pdf
1037,Наш Первомайск,Nash Pervomaisk,Pervomaisk,Pervomaisk,Luganmedia,2026-04-30,15,https://luganmedia.ru/wp-content/uploads/2026/06/Наш-Первомайск-№-5-136.pdf
196,Вперёд. Ровеньки,Vperyod. Rovenki,Rovenky,Rovenky,Luganmedia,2024-08-22,20,https://luganmedia.ru/wp-content/uploads/2024/11/%D0%92%D0%BF%D0%B5%D1%80%D0%B5%D0%B4.-%D0%A0%D0%BE%D0%B2%D0%B5%D0%BD%D1%8C%D0%BA%D0%B8-%E2%84%9633.pdf
197,Вперёд. Ровеньки,Vperyod. Rovenki,Rovenky,Rovenky,Luganmedia,2024-08-29,23,https://luganmedia.ru/wp-content/uploads/2024/11/%D0%92%D0%BF%D0%B5%D1%80%D0%B5%D0%B4.-%D0%A0%D0%BE%D0%B2%D0%B5%D0%BD%D1%8C%D0%BA%D0%B8-%E2%84%9634-60.pdf
198,Вперёд. Ровеньки,Vperyod. Rovenki,Rovenky,Rovenky,Luganmedia,2024-09-05,23,https://luganmedia.ru/wp-content/uploads/2024/11/%D0%92%D0%BF%D0%B5%D1%80%D0%B5%D0%B4.-%D0%A0%D0%BE%D0%B2%D0%B5%D0%BD%D1%8C%D0%BA%D0%B8-%E2%84%9635-61.pdf
199,Вперёд. Ровеньки,Vperyod. Rovenki,Rovenky,Rovenky,Luganmedia,2024-09-12,23,https://luganmedia.ru/wp-content/uploads/2024/11/%D0%92%D0%BF%D0%B5%D1%80%D0%B5%D0%B4.-%D0%A0%D0%BE%D0%B2%D0%B5%D0%BD%D1%8C%D0%BA%D0%B8-%E2%84%9636-62.pdf
200,Вперёд. Ровеньки,Vperyod. Rovenki,Rovenky,Rovenky,Luganmedia,2024-09-19,23,https://luganmedia.ru/wp-content/uploads/2024/11/%D0%92%D0%BF%D0%B5%D1%80%D0%B5%D0%B4.-%D0%A0%D0%BE%D0%B2%D0%B5%D0%BD%D1%8C%D0%BA%D0%B8-%E2%84%9637-63.pdf
201,Вперёд. Ровеньки,Vperyod. Rovenki,Rovenky,Rovenky,Luganmedia,2024-09-26,23,https://luganmedia.ru/wp-content/uploads/2024/11/%D0%92%D0%BF%D0%B5%D1%80%D0%B5%D0%B4.-%D0%A0%D0%BE%D0%B2%D0%B5%D0%BD%D1%8C%D0%BA%D0%B8-%E2%84%9638-64.pdf
202,Вперёд. Ровеньки,Vperyod. Rovenki,Rovenky,Rovenky,Luganmedia,2024-10-03,23,https://luganmedia.ru/wp-content/uploads/2024/11/%D0%92%D0%BF%D0%B5%D1%80%D0%B5%D0%B4.-%D0%A0%D0%BE%D0%B2%D0%B5%D0%BD%D1%8C%D0%BA%D0%B8-%E2%84%9639-65.pdf
204,Вперёд. Ровеньки,Vperyod. Rovenki,Rovenky,Rovenky,Luganmedia,2024-10-10,23,https://luganmedia.ru/wp-content/uploads/2024/11/%D0%92%D0%BF%D0%B5%D1%80%D0%B5%D0%B4.-%D0%A0%D0%BE%D0%B2%D0%B5%D0%BD%D1%8C%D0%BA%D0%B8-%E2%84%9640-66.pdf
205,Вперёд. Ровеньки,Vperyod. Rovenki,Rovenky,Rovenky,Luganmedia,2024-10-17,23,https://luganmedia.ru/wp-content/uploads/2024/11/%D0%92%D0%BF%D0%B5%D1%80%D0%B5%D0%B4.-%D0%A0%D0%BE%D0%B2%D0%B5%D0%BD%D1%8C%D0%BA%D0%B8-%E2%84%9641-67.pdf
206,Вперёд. Ровеньки,Vperyod. Rovenki,Rovenky,Rovenky,Luganmedia,2024-10-24,23,https://luganmedia.ru/wp-content/uploads/2024/11/%D0%92%D0%BF%D0%B5%D1%80%D0%B5%D0%B4.-%D0%A0%D0%BE%D0%B2%D0%B5%D0%BD%D1%8C%D0%BA%D0%B8-%E2%84%9642-68.pdf
207,Вперёд. Ровеньки,Vperyod. Rovenki,Rovenky,Rovenky,Luganmedia,2024-10-31,23,https://luganmedia.ru/wp-content/uploads/2024/11/%D0%92%D0%BF%D0%B5%D1%80%D0%B5%D0%B4.-%D0%A0%D0%BE%D0%B2%D0%B5%D0%BD%D1%8C%D0%BA%D0%B8-%E2%84%9643-69.pdf
208,Вперёд. Ровеньки,Vperyod. Rovenki,Rovenky,Rovenky,Luganmedia,2024-11-07,23,https://luganmedia.ru/wp-content/uploads/2024/11/%D0%92%D0%BF%D0%B5%D1%80%D0%B5%D0%B4.-%D0%A0%D0%BE%D0%B2%D0%B5%D0%BD%D1%8C%D0%BA%D0%B8-%E2%84%9644-70.pdf
209,Вперёд. Ровеньки,Vperyod. Rovenki,Rovenky,Rovenky,Luganmedia,2024-11-14,23,https://luganmedia.ru/wp-content/uploads/2024/11/%D0%92%D0%BF%D0%B5%D1%80%D0%B5%D0%B4.-%D0%A0%D0%BE%D0%B2%D0%B5%D0%BD%D1%8C%D0%BA%D0%B8-%E2%84%9645-71.pdf
210,Вперёд. Ровеньки,Vperyod. Rovenki,Rovenky,Rovenky,Luganmedia,2024-11-21,24,https://luganmedia.ru/wp-content/uploads/2024/12/%D0%92%D0%BF%D0%B5%D1%80%D0%B5%D0%B4.-%D0%A0%D0%BE%D0%B2%D0%B5%D0%BD%D1%8C%D0%BA%D0%B8-%E2%84%9646-72.pdf
211,Вперёд. Ровеньки,Vperyod. Rovenki,Rovenky,Rovenky,Luganmedia,2024-11-28,23,https://luganmedia.ru/wp-content/uploads/2024/12/%D0%92%D0%BF%D0%B5%D1%80%D0%B5%D0%B4.-%D0%A0%D0%BE%D0%B2%D0%B5%D0%BD%D1%8C%D0%BA%D0%B8-%E2%84%9647-73.pdf
212,Вперёд. Ровеньки,Vperyod. Rovenki,Rovenky,Rovenky,Luganmedia,2024-12-05,23,https://luganmedia.ru/wp-content/uploads/2024/12/%D0%92%D0%BF%D0%B5%D1%80%D0%B5%D0%B4.-%D0%A0%D0%BE%D0%B2%D0%B5%D0%BD%D1%8C%D0%BA%D0%B8-%E2%84%9648-74.pdf
213,Вперёд. Ровеньки,Vperyod. Rovenki,Rovenky,Rovenky,Luganmedia,2024-12-12,23,https://luganmedia.ru/wp-content/uploads/2024/12/%D0%92%D0%BF%D0%B5%D1%80%D0%B5%D0%B4.-%D0%A0%D0%BE%D0%B2%D0%B5%D0%BD%D1%8C%D0%BA%D0%B8-%E2%84%9649-75.pdf
215,Вперёд. Ровеньки,Vperyod. Rovenki,Rovenky,Rovenky,Luganmedia,2024-12-19,23,https://luganmedia.ru/wp-content/uploads/2024/12/%D0%92%D0%BF%D0%B5%D1%80%D0%B5%D0%B4.-%D0%A0%D0%BE%D0%B2%D0%B5%D0%BD%D1%8C%D0%BA%D0%B8-%E2%84%9650-76.pdf
216,Вперёд. Ровеньки,Vperyod. Rovenki,Rovenky,Rovenky,Luganmedia,2024-12-20,24,https://luganmedia.ru/wp-content/uploads/2025/01/%D0%92%D0%BF%D0%B5%D1%80%D0%B5%D0%B4.-%D0%A0%D0%BE%D0%B2%D0%B5%D0%BD%D1%8C%D0%BA%D0%B8-%E2%84%9651-77.pdf
190,Вперёд. Ровеньки,Vperyod. Rovenki,Rovenky,Rovenky,Luganmedia,2025-01-16,23,https://luganmedia.ru/wp-content/uploads/2025/01/%D0%92%D0%BF%D0%B5%D1%80%D0%B5%D0%B4.-%D0%A0%D0%BE%D0%B2%D0%B5%D0%BD%D1%8C%D0%BA%D0%B8-%E2%84%961-78.pdf
194,Вперёд. Ровеньки,Vperyod. Rovenki,Rovenky,Rovenky,Luganmedia,2025-01-23,23,https://luganmedia.ru/wp-content/uploads/2025/02/%D0%92%D0%BF%D0%B5%D1%80%D0%B5%D0%B4.-%D0%A0%D0%BE%D0%B2%D0%B5%D0%BD%D1%8C%D0%BA%D0%B8-%E2%84%962-79.pdf
195,Вперёд. Ровеньки,Vperyod. Rovenki,Rovenky,Rovenky,Luganmedia,2025-01-30,23,https://luganmedia.ru/wp-content/uploads/2025/02/%D0%92%D0%BF%D0%B5%D1%80%D0%B5%D0%B4.-%D0%A0%D0%BE%D0%B2%D0%B5%D0%BD%D1%8C%D0%BA%D0%B8-%E2%84%963-80.pdf
203,Вперёд. Ровеньки,Vperyod. Rovenki,Rovenky,Rovenky,Luganmedia,2025-02-06,23,https://luganmedia.ru/wp-content/uploads/2025/02/%D0%92%D0%BF%D0%B5%D1%80%D0%B5%D0%B4.-%D0%A0%D0%BE%D0%B2%D0%B5%D0%BD%D1%8C%D0%BA%D0%B8-%E2%84%964-81.pdf
214,Вперёд. Ровеньки,Vperyod. Rovenki,Rovenky,Rovenky,Luganmedia,2025-02-13,23,https://luganmedia.ru/wp-content/uploads/2025/02/%D0%92%D0%BF%D0%B5%D1%80%D0%B5%D0%B4.-%D0%A0%D0%BE%D0%B2%D0%B5%D0%BD%D1%8C%D0%BA%D0%B8-%E2%84%965-82.pdf
217,Вперёд. Ровеньки,Vperyod. Rovenki,Rovenky,Rovenky,Luganmedia,2025-02-20,23,https://luganmedia.ru/wp-content/uploads/2025/03/%D0%92%D0%BF%D0%B5%D1%80%D0%B5%D0%B4.-%D0%A0%D0%BE%D0%B2%D0%B5%D0%BD%D1%8C%D0%BA%D0%B8-%E2%84%966-83.pdf
218,Вперёд. Ровеньки,Vperyod. Rovenki,Rovenky,Rovenky,Luganmedia,2025-02-27,23,https://luganmedia.ru/wp-content/uploads/2025/03/%D0%92%D0%BF%D0%B5%D1%80%D0%B5%D0%B4.-%D0%A0%D0%BE%D0%B2%D0%B5%D0%BD%D1%8C%D0%BA%D0%B8-%E2%84%96784.pdf
219,Вперёд. Ровеньки,Vperyod. Rovenki,Rovenky,Rovenky,Luganmedia,2025-03-06,23,https://luganmedia.ru/wp-content/uploads/2025/03/%D0%92%D0%BF%D0%B5%D1%80%D0%B5%D0%B4.-%D0%A0%D0%BE%D0%B2%D0%B5%D0%BD%D1%8C%D0%BA%D0%B8-%E2%84%968-85.pdf
220,Вперёд. Ровеньки,Vperyod. Rovenki,Rovenky,Rovenky,Luganmedia,2025-03-13,23,https://luganmedia.ru/wp-content/uploads/2025/04/%D0%92%D0%BF%D0%B5%D1%80%D0%B5%D0%B4.-%D0%A0%D0%BE%D0%B2%D0%B5%D0%BD%D1%8C%D0%BA%D0%B8-%E2%84%969-86.pdf
191,Вперёд. Ровеньки,Vperyod. Rovenki,Rovenky,Rovenky,Luganmedia,2025-03-20,23,https://luganmedia.ru/wp-content/uploads/2025/04/%D0%92%D0%BF%D0%B5%D1%80%D0%B5%D0%B4.-%D0%A0%D0%BE%D0%B2%D0%B5%D0%BD%D1%8C%D0%BA%D0%B8-%E2%84%9610-87.pdf
192,Вперёд. Ровеньки,Vperyod. Rovenki,Rovenky,Rovenky,Luganmedia,2025-03-27,23,https://luganmedia.ru/wp-content/uploads/2025/04/%D0%92%D0%BF%D0%B5%D1%80%D0%B5%D0%B4.-%D0%A0%D0%BE%D0%B2%D0%B5%D0%BD%D1%8C%D0%BA%D0%B8-%E2%84%9611-88.pdf
193,Вперёд. Ровеньки,Vperyod. Rovenki,Rovenky,Rovenky,Luganmedia,2025-04-03,23,https://luganmedia.ru/wp-content/uploads/2025/04/%D0%92%D0%BF%D0%B5%D1%80%D0%B5%D0%B4.-%D0%A0%D0%BE%D0%B2%D0%B5%D0%BD%D1%8C%D0%BA%D0%B8-%E2%84%9612-89.pdf
1007,Вперёд. Ровеньки,Vperyod. Rovenki,Rovenky,Rovenky,Luganmedia,2026-04-02,15,https://luganmedia.ru/wp-content/uploads/2026/06/Вперед.-Ровеньки-№1-128-сжатый.pdf
1008,Вперёд. Ровеньки,Vperyod. Rovenki,Rovenky,Rovenky,Luganmedia,2026-04-09,15,https://luganmedia.ru/wp-content/uploads/2026/06/Вперед.-Ровеньки-№2-129-сжатый.pdf
1009,Вперёд. Ровеньки,Vperyod. Rovenki,Rovenky,Rovenky,Luganmedia,2026-04-16,15,https://luganmedia.ru/wp-content/uploads/2026/06/Вперед.-Ровеньки-№3-130-сжатый.pdf
1010,Вперёд. Ровеньки,Vperyod. Rovenki,Rovenky,Rovenky,Luganmedia,2026-04-23,15,https://luganmedia.ru/wp-content/uploads/2026/06/Вперед.-Ровеньки-№4-131-сжатый.pdf
1011,Вперёд. Ровеньки,Vperyod. Rovenki,Rovenky,Rovenky,Luganmedia,2026-04-30,15,https://luganmedia.ru/wp-content/uploads/2026/06/Вперед.-Ровеньки-№5-132-сжатый.pdf
138,Вестник Северодонецка,Vestnik Severodonetska,Sievierodonetsk,Sievierodonetsk,Luganmedia,2024-03-01,23,https://luganmedia.ru/wp-content/uploads/2025/03/%D0%92%D0%B5%D1%81%D1%82%D0%BD%D0%B8%D0%BA-%D0%A1%D0%B5%D0%B2%D0%B5%D1%80%D0%BE%D0%B4%D0%BE%D0%BD%D0%B5%D1%86%D0%BA%D0%B0-%E2%84%96-6-87.pdf
117,Вестник Северодонецка,Vestnik Severodonetska,Sievierodonetsk,Sievierodonetsk,Luganmedia,2024-08-21,19,https://luganmedia.ru/wp-content/uploads/2024/11/%D0%92%D0%B5%D1%81%D1%82%D0%BD%D0%B8%D0%BA-%D0%A1%D0%B5%D0%B2%D0%B5%D1%80%D0%BE%D0%B4%D0%BE%D0%BD%D0%B5%D1%86%D0%BA%D0%B0-%E2%84%96-33.pdf
118,Вестник Северодонецка,Vestnik Severodonetska,Sievierodonetsk,Sievierodonetsk,Luganmedia,2024-08-28,19,https://luganmedia.ru/wp-content/uploads/2024/11/%D0%92%D0%B5%D1%81%D1%82%D0%BD%D0%B8%D0%BA-%D0%A1%D0%B5%D0%B2%D0%B5%D1%80%D0%BE%D0%B4%D0%BE%D0%BD%D0%B5%D1%86%D0%BA%D0%B0-%E2%84%96-34-64-3.pdf
119,Вестник Северодонецка,Vestnik Severodonetska,Sievierodonetsk,Sievierodonetsk,Luganmedia,2024-09-04,23,https://luganmedia.ru/wp-content/uploads/2024/11/%D0%92%D0%B5%D1%81%D1%82%D0%BD%D0%B8%D0%BA-%D0%A1%D0%B5%D0%B2%D0%B5%D1%80%D0%BE%D0%B4%D0%BE%D0%BD%D0%B5%D1%86%D0%BA%D0%B0-%E2%84%96-35.pdf
120,Вестник Северодонецка,Vestnik Severodonetska,Sievierodonetsk,Sievierodonetsk,Luganmedia,2024-09-11,23,https://luganmedia.ru/wp-content/uploads/2024/11/%D0%92%D0%B5%D1%81%D1%82%D0%BD%D0%B8%D0%BA-%D0%A1%D0%B5%D0%B2%D0%B5%D1%80%D0%BE%D0%B4%D0%BE%D0%BD%D0%B5%D1%86%D0%BA%D0%B0-%E2%84%96-36-66-6.pdf
121,Вестник Северодонецка,Vestnik Severodonetska,Sievierodonetsk,Sievierodonetsk,Luganmedia,2024-09-18,23,https://luganmedia.ru/wp-content/uploads/2024/11/%D0%92%D0%B5%D1%81%D1%82%D0%BD%D0%B8%D0%BA-%D0%A1%D0%B5%D0%B2%D0%B5%D1%80%D0%BE%D0%B4%D0%BE%D0%BD%D0%B5%D1%86%D0%BA%D0%B0-%E2%84%96-37.pdf
122,Вестник Северодонецка,Vestnik Severodonetska,Sievierodonetsk,Sievierodonetsk,Luganmedia,2024-09-25,23,https://luganmedia.ru/wp-content/uploads/2024/11/%D0%92%D0%B5%D1%81%D1%82%D0%BD%D0%B8%D0%BA-%D0%A1%D0%B5%D0%B2%D0%B5%D1%80%D0%BE%D0%B4%D0%BE%D0%BD%D0%B5%D1%86%D0%BA%D0%B0-%E2%84%96-38-68-5.pdf
123,Вестник Северодонецка,Vestnik Severodonetska,Sievierodonetsk,Sievierodonetsk,Luganmedia,2024-10-02,24,https://luganmedia.ru/wp-content/uploads/2024/11/%D0%92%D0%B5%D1%81%D1%82%D0%BD%D0%B8%D0%BA-%D0%A1%D0%B5%D0%B2%D0%B5%D1%80%D0%BE%D0%B4%D0%BE%D0%BD%D0%B5%D1%86%D0%BA%D0%B0-%E2%84%96-39.pdf
125,Вестник Северодонецка,Vestnik Severodonetska,Sievierodonetsk,Sievierodonetsk,Luganmedia,2024-10-09,23,https://luganmedia.ru/wp-content/uploads/2024/11/%D0%92%D0%B5%D1%81%D1%82%D0%BD%D0%B8%D0%BA-%D0%A1%D0%B5%D0%B2%D0%B5%D1%80%D0%BE%D0%B4%D0%BE%D0%BD%D0%B5%D1%86%D0%BA%D0%B0-%E2%84%96-40.pdf
126,Вестник Северодонецка,Vestnik Severodonetska,Sievierodonetsk,Sievierodonetsk,Luganmedia,2024-10-16,23,https://luganmedia.ru/wp-content/uploads/2024/11/%D0%92%D0%B5%D1%81%D1%82%D0%BD%D0%B8%D0%BA-%D0%A1%D0%B5%D0%B2%D0%B5%D1%80%D0%BE%D0%B4%D0%BE%D0%BD%D0%B5%D1%86%D0%BA%D0%B0-%E2%84%96-41.pdf
127,Вестник Северодонецка,Vestnik Severodonetska,Sievierodonetsk,Sievierodonetsk,Luganmedia,2024-10-23,24,https://luganmedia.ru/wp-content/uploads/2024/11/%D0%92%D0%B5%D1%81%D1%82%D0%BD%D0%B8%D0%BA-%D0%A1%D0%B5%D0%B2%D0%B5%D1%80%D0%BE%D0%B4%D0%BE%D0%BD%D0%B5%D1%86%D0%BA%D0%B0-%E2%84%96-42.pdf
128,Вестник Северодонецка,Vestnik Severodonetska,Sievierodonetsk,Sievierodonetsk,Luganmedia,2024-10-30,23,https://luganmedia.ru/wp-content/uploads/2024/11/%D0%92%D0%B5%D1%81%D1%82%D0%BD%D0%B8%D0%BA-%D0%A1%D0%B5%D0%B2%D0%B5%D1%80%D0%BE%D0%B4%D0%BE%D0%BD%D0%B5%D1%86%D0%BA%D0%B0-%E2%84%96-43.pdf
129,Вестник Северодонецка,Vestnik Severodonetska,Sievierodonetsk,Sievierodonetsk,Luganmedia,2024-11-06,23,https://luganmedia.ru/wp-content/uploads/2024/11/%D0%92%D0%B5%D1%81%D1%82%D0%BD%D0%B8%D0%BA-%D0%A1%D0%B5%D0%B2%D0%B5%D1%80%D0%BE%D0%B4%D0%BE%D0%BD%D0%B5%D1%86%D0%BA%D0%B0-%E2%84%96-44-74.pdf
130,Вестник Северодонецка,Vestnik Severodonetska,Sievierodonetsk,Sievierodonetsk,Luganmedia,2024-11-13,23,https://luganmedia.ru/wp-content/uploads/2024/11/%D0%92%D0%B5%D1%81%D1%82%D0%BD%D0%B8%D0%BA-%D0%A1%D0%B5%D0%B2%D0%B5%D1%80%D0%BE%D0%B4%D0%BE%D0%BD%D0%B5%D1%86%D0%BA%D0%B0-%E2%84%96-45-75.pdf
131,Вестник Северодонецка,Vestnik Severodonetska,Sievierodonetsk,Sievierodonetsk,Luganmedia,2024-11-20,23,https://luganmedia.ru/wp-content/uploads/2024/11/%D0%92%D0%B5%D1%81%D1%82%D0%BD%D0%B8%D0%BA-%D0%A1%D0%B5%D0%B2%D0%B5%D1%80%D0%BE%D0%B4%D0%BE%D0%BD%D0%B5%D1%86%D0%BA%D0%B0-%E2%84%96-46-76.pdf
132,Вестник Северодонецка,Vestnik Severodonetska,Sievierodonetsk,Sievierodonetsk,Luganmedia,2024-11-27,23,https://luganmedia.ru/wp-content/uploads/2024/12/%D0%92%D0%B5%D1%81%D1%82%D0%BD%D0%B8%D0%BA-%D0%A1%D0%B5%D0%B2%D0%B5%D1%80%D0%BE%D0%B4%D0%BE%D0%BD%D0%B5%D1%86%D0%BA%D0%B0-%E2%84%96-47-77.pdf
133,Вестник Северодонецка,Vestnik Severodonetska,Sievierodonetsk,Sievierodonetsk,Luganmedia,2024-12-04,23,https://luganmedia.ru/wp-content/uploads/2024/12/%D0%92%D0%B5%D1%81%D1%82%D0%BD%D0%B8%D0%BA-%D0%A1%D0%B5%D0%B2%D0%B5%D1%80%D0%BE%D0%B4%D0%BE%D0%BD%D0%B5%D1%86%D0%BA%D0%B0-%E2%84%96-48-78.pdf
134,Вестник Северодонецка,Vestnik Severodonetska,Sievierodonetsk,Sievierodonetsk,Luganmedia,2024-12-11,23,https://luganmedia.ru/wp-content/uploads/2024/12/%D0%92%D0%B5%D1%81%D1%82%D0%BD%D0%B8%D0%BA-%D0%A1%D0%B5%D0%B2%D0%B5%D1%80%D0%BE%D0%B4%D0%BE%D0%BD%D0%B5%D1%86%D0%BA%D0%B0-%E2%84%96-49-79.pdf
136,Вестник Северодонецка,Vestnik Severodonetska,Sievierodonetsk,Sievierodonetsk,Luganmedia,2024-12-18,24,https://luganmedia.ru/wp-content/uploads/2024/12/%D0%92%D0%B5%D1%81%D1%82%D0%BD%D0%B8%D0%BA-%D0%A1%D0%B5%D0%B2%D0%B5%D1%80%D0%BE%D0%B4%D0%BE%D0%BD%D0%B5%D1%86%D0%BA%D0%B0-%E2%84%96-50-80.pdf
137,Вестник Северодонецка,Vestnik Severodonetska,Sievierodonetsk,Sievierodonetsk,Luganmedia,2024-12-20,23,https://luganmedia.ru/wp-content/uploads/2025/01/%D0%92%D0%B5%D1%81%D1%82%D0%BD%D0%B8%D0%BA-%D0%A1%D0%B5%D0%B2%D0%B5%D1%80%D0%BE%D0%B4%D0%BE%D0%BD%D0%B5%D1%86%D0%BA%D0%B0-%E2%84%96-51-81.pdf
116,Вестник Северодонецка,Vestnik Severodonetska,Sievierodonetsk,Sievierodonetsk,Luganmedia,2025-01-01,23,https://luganmedia.ru/wp-content/uploads/2025/02/%D0%92%D0%B5%D1%81%D1%82%D0%BD%D0%B8%D0%BA-%D0%A1%D0%B5%D0%B2%D0%B5%D1%80%D0%BE%D0%B4%D0%BE%D0%BD%D0%B5%D1%86%D0%BA%D0%B0-%E2%84%96-3-84.pdf
140,Вестник Северодонецка,Vestnik Severodonetska,Sievierodonetsk,Sievierodonetsk,Luganmedia,2025-01-01,23,https://luganmedia.ru/wp-content/uploads/2025/03/%D0%92%D0%B5%D1%81%D1%82%D0%BD%D0%B8%D0%BA-%D0%A1%D0%B5%D0%B2%D0%B5%D1%80%D0%BE%D0%B4%D0%BE%D0%BD%D0%B5%D1%86%D0%BA%D0%B0-%E2%84%96-8-89.pdf
110,Вестник Северодонецка,Vestnik Severodonetska,Sievierodonetsk,Sievierodonetsk,Luganmedia,2025-01-15,23,https://luganmedia.ru/wp-content/uploads/2025/01/%D0%92%D0%B5%D1%81%D1%82%D0%BD%D0%B8%D0%BA-%D0%A1%D0%B5%D0%B2%D0%B5%D1%80%D0%BE%D0%B4%D0%BE%D0%BD%D0%B5%D1%86%D0%BA%D0%B0-%E2%84%96-1-82.pdf
114,Вестник Северодонецка,Vestnik Severodonetska,Sievierodonetsk,Sievierodonetsk,Luganmedia,2025-01-22,23,https://luganmedia.ru/wp-content/uploads/2025/02/%D0%92%D0%B5%D1%81%D1%82%D0%BD%D0%B8%D0%BA-%D0%A1%D0%B5%D0%B2%D0%B5%D1%80%D0%BE%D0%B4%D0%BE%D0%BD%D0%B5%D1%86%D0%BA%D0%B0-%E2%84%96-2-83.pdf
124,Вестник Северодонецка,Vestnik Severodonetska,Sievierodonetsk,Sievierodonetsk,Luganmedia,2025-02-05,23,https://luganmedia.ru/wp-content/uploads/2025/02/%D0%92%D0%B5%D1%81%D1%82%D0%BD%D0%B8%D0%BA-%D0%A1%D0%B5%D0%B2%D0%B5%D1%80%D0%BE%D0%B4%D0%BE%D0%BD%D0%B5%D1%86%D0%BA%D0%B0-%E2%84%96-4-85.pdf
135,Вестник Северодонецка,Vestnik Severodonetska,Sievierodonetsk,Sievierodonetsk,Luganmedia,2025-02-12,23,https://luganmedia.ru/wp-content/uploads/2025/02/%D0%92%D0%B5%D1%81%D1%82%D0%BD%D0%B8%D0%BA-%D0%A1%D0%B5%D0%B2%D0%B5%D1%80%D0%BE%D0%B4%D0%BE%D0%BD%D0%B5%D1%86%D0%BA%D0%B0-%E2%84%96-5-86.pdf
139,Вестник Северодонецка,Vestnik Severodonetska,Sievierodonetsk,Sievierodonetsk,Luganmedia,2025-02-26,23,https://luganmedia.ru/wp-content/uploads/2025/03/%D0%92%D0%B5%D1%81%D1%82%D0%BD%D0%B8%D0%BA-%D0%A1%D0%B5%D0%B2%D0%B5%D1%80%D0%BE%D0%B4%D0%BE%D0%BD%D0%B5%D1%86%D0%BA%D0%B0-%E2%84%96-7-88.pdf
141,Вестник Северодонецка,Vestnik Severodonetska,Sievierodonetsk,Sievierodonetsk,Luganmedia,2025-03-12,23,https://luganmedia.ru/wp-content/uploads/2025/04/%D0%92%D0%B5%D1%81%D1%82%D0%BD%D0%B8%D0%BA-%D0%A1%D0%B5%D0%B2%D0%B5%D1%80%D0%BE%D0%B4%D0%BE%D0%BD%D0%B5%D1%86%D0%BA%D0%B0-%E2%84%96-9-90.pdf
111,Вестник Северодонецка,Vestnik Severodonetska,Sievierodonetsk,Sievierodonetsk,Luganmedia,2025-03-19,23,https://luganmedia.ru/wp-content/uploads/2025/04/%D0%92%D0%B5%D1%81%D1%82%D0%BD%D0%B8%D0%BA-%D0%A1%D0%B5%D0%B2%D0%B5%D1%80%D0%BE%D0%B4%D0%BE%D0%BD%D0%B5%D1%86%D0%BA%D0%B0-%E2%84%96-10-91.pdf
112,Вестник Северодонецка,Vestnik Severodonetska,Sievierodonetsk,Sievierodonetsk,Luganmedia,2025-03-26,23,https://luganmedia.ru/wp-content/uploads/2025/04/%D0%92%D0%B5%D1%81%D1%82%D0%BD%D0%B8%D0%BA-%D0%A1%D0%B5%D0%B2%D0%B5%D1%80%D0%BE%D0%B4%D0%BE%D0%BD%D0%B5%D1%86%D0%BA%D0%B0-%E2%84%96-11-92.pdf
113,Вестник Северодонецка,Vestnik Severodonetska,Sievierodonetsk,Sievierodonetsk,Luganmedia,2025-04-02,23,https://luganmedia.ru/wp-content/uploads/2025/04/%D0%92%D0%B5%D1%81%D1%82%D0%BD%D0%B8%D0%BA-%D0%A1%D0%B5%D0%B2%D0%B5%D1%80%D0%BE%D0%B4%D0%BE%D0%BD%D0%B5%D1%86%D0%BA%D0%B0-%E2%84%96-12-93.pdf
115,Вестник Северодонецка,Vestnik Severodonetska,Sievierodonetsk,Sievierodonetsk,Luganmedia,2025-07-09,16,https://luganmedia.ru/wp-content/uploads/2025/11/%D0%92%D0%B5%D1%81%D1%82%D0%BD%D0%B8%D0%BA-%D0%A1%D0%B5%D0%B2%D0%B5%D1%80%D0%BE%D0%B4%D0%BE%D0%BD%D0%B5%D1%86%D0%BA%D0%B0-%E2%84%96-26-107.pdf
991,Вестник Северодонецка,Vestnik Severodonetska,Sievierodonetsk,Sievierodonetsk,Luganmedia,2026-04-01,15,https://luganmedia.ru/wp-content/uploads/2026/06/Вестник-Северодонецка-№-1-133-сжатый.pdf
992,Вестник Северодонецка,Vestnik Severodonetska,Sievierodonetsk,Sievierodonetsk,Luganmedia,2026-04-08,15,https://luganmedia.ru/wp-content/uploads/2026/06/Вестник-Северодонецка-№-2-134-сжатый.pdf
993,Вестник Северодонецка,Vestnik Severodonetska,Sievierodonetsk,Sievierodonetsk,Luganmedia,2026-04-15,15,https://luganmedia.ru/wp-content/uploads/2026/06/Вестник-Северодонецка-№-3-135-сжатый.pdf
994,Вестник Северодонецка,Vestnik Severodonetska,Sievierodonetsk,Sievierodonetsk,Luganmedia,2026-04-22,15,https://luganmedia.ru/wp-content/uploads/2026/06/Вестник-Северодонецка-№-4-136-сжатый.pdf
995,Вестник Северодонецка,Vestnik Severodonetska,Sievierodonetsk,Sievierodonetsk,Luganmedia,2026-04-29,15,https://luganmedia.ru/wp-content/uploads/2026/06/Вестник-Северодонецка-№-5-137-сжатый.pdf
691,Славяносербские вести,Slavyanoserbskie vesti,Slovianoserbsk,Slovianoserbsk,Luganmedia,2023-03-01,15,https://luganmedia.ru/wp-content/uploads/2024/11/%D0%A1%D0%BB%D0%B0%D0%B2%D1%8F%D0%BD%D0%BE%D1%81%D0%B5%D1%80%D0%B1%D1%81%D0%BA%D0%B8%D0%B5_%D0%92%D0%B5%D1%81%D1%82%D0%B8-%E2%84%9636-66.pdf
704,Славяносербские вести,Slavyanoserbskie vesti,Slovianoserbsk,Slovianoserbsk,Luganmedia,2024-01-01,15,https://luganmedia.ru/wp-content/uploads/2024/12/%D0%A1%D0%BB%D0%B0%D0%B2%D1%8F%D0%BD%D0%BE%D1%81%D0%B5%D1%80%D0%B1%D1%81%D0%BA%D0%B8%D0%B5_%D0%92%D0%B5%D1%81%D1%82%D0%B8-%E2%84%9648-78.pdf
709,Славяносербские вести,Slavyanoserbskie vesti,Slovianoserbsk,Slovianoserbsk,Luganmedia,2024-03-01,15,https://luganmedia.ru/wp-content/uploads/2025/03/%D0%A1%D0%BB%D0%B0%D0%B2%D1%8F%D0%BD%D0%BE%D1%81%D0%B5%D1%80%D0%B1%D1%81%D0%BA%D0%B8%D0%B5_%D0%92%D0%B5%D1%81%D1%82%D0%B8-%E2%84%966-87.pdf
711,Славяносербские вести,Slavyanoserbskie vesti,Slovianoserbsk,Slovianoserbsk,Luganmedia,2024-03-01,15,https://luganmedia.ru/wp-content/uploads/2025/03/%D0%A1%D0%BB%D0%B0%D0%B2%D1%8F%D0%BD%D0%BE%D1%81%D0%B5%D1%80%D0%B1%D1%81%D0%BA%D0%B8%D0%B5_%D0%92%D0%B5%D1%81%D1%82%D0%B8-%E2%84%968-89.pdf
690,Славяносербские вести,Slavyanoserbskie vesti,Slovianoserbsk,Slovianoserbsk,Luganmedia,2024-07-01,16,https://luganmedia.ru/wp-content/uploads/2024/11/%D0%A1%D0%BB%D0%B0%D0%B2%D1%8F%D0%BD%D0%BE%D1%81%D0%B5%D1%80%D0%B1%D1%81%D0%BA%D0%B8%D0%B5_%D0%92%D0%B5%D1%81%D1%82%D0%B8-%E2%84%9635-65.pdf
688,Славяносербские вести,Slavyanoserbskie vesti,Slovianoserbsk,Slovianoserbsk,Luganmedia,2024-07-10,16,https://luganmedia.ru/wp-content/uploads/2024/11/%D0%A1%D0%BB%D0%B0%D0%B2%D1%8F%D0%BD%D0%BE%D1%81%D0%B5%D1%80%D0%B1%D1%81%D0%BA%D0%B8%D0%B5_%D0%92%D0%B5%D1%81%D1%82%D0%B8-%E2%84%9634-64.pdf
687,Славяносербские вести,Slavyanoserbskie vesti,Slovianoserbsk,Slovianoserbsk,Luganmedia,2024-08-21,15,https://luganmedia.ru/wp-content/uploads/2024/11/%D0%A1%D0%BB%D0%B0%D0%B2%D1%8F%D0%BD%D0%BE%D1%81%D0%B5%D1%80%D0%B1%D1%81%D0%BA%D0%B8%D0%B5_%D0%92%D0%B5%D1%81%D1%82%D0%B8-%E2%84%9633-63.pdf
692,Славяносербские вести,Slavyanoserbskie vesti,Slovianoserbsk,Slovianoserbsk,Luganmedia,2024-09-18,15,https://luganmedia.ru/wp-content/uploads/2024/11/%D0%A1%D0%BB%D0%B0%D0%B2%D1%8F%D0%BD%D0%BE%D1%81%D0%B5%D1%80%D0%B1%D1%81%D0%BA%D0%B8%D0%B5_%D0%92%D0%B5%D1%81%D1%82%D0%B8-%E2%84%9637-67.pdf
696,Славяносербские вести,Slavyanoserbskie vesti,Slovianoserbsk,Slovianoserbsk,Luganmedia,2024-09-18,15,https://luganmedia.ru/wp-content/uploads/2024/11/%D0%A1%D0%BB%D0%B0%D0%B2%D1%8F%D0%BD%D0%BE%D1%81%D0%B5%D1%80%D0%B1%D1%81%D0%BA%D0%B8%D0%B5_%D0%92%D0%B5%D1%81%D1%82%D0%B8-%E2%84%9640-70.pdf
693,Славяносербские вести,Slavyanoserbskie vesti,Slovianoserbsk,Slovianoserbsk,Luganmedia,2024-09-27,15,https://luganmedia.ru/wp-content/uploads/2024/11/%D0%A1%D0%BB%D0%B0%D0%B2%D1%8F%D0%BD%D0%BE%D1%81%D0%B5%D1%80%D0%B1%D1%81%D0%BA%D0%B8%D0%B5_%D0%92%D0%B5%D1%81%D1%82%D0%B8-%E2%84%9638-68.pdf
694,Славяносербские вести,Slavyanoserbskie vesti,Slovianoserbsk,Slovianoserbsk,Luganmedia,2024-10-02,15,https://luganmedia.ru/wp-content/uploads/2024/11/%D0%A1%D0%BB%D0%B0%D0%B2%D1%8F%D0%BD%D0%BE%D1%81%D0%B5%D1%80%D0%B1%D1%81%D0%BA%D0%B8%D0%B5_%D0%92%D0%B5%D1%81%D1%82%D0%B8-%E2%84%9639-69.pdf
697,Славяносербские вести,Slavyanoserbskie vesti,Slovianoserbsk,Slovianoserbsk,Luganmedia,2024-10-04,15,https://luganmedia.ru/wp-content/uploads/2024/11/%D0%A1%D0%BB%D0%B0%D0%B2%D1%8F%D0%BD%D0%BE%D1%81%D0%B5%D1%80%D0%B1%D1%81%D0%BA%D0%B8%D0%B5_%D0%92%D0%B5%D1%81%D1%82%D0%B8-%E2%84%9641-71.pdf
700,Славяносербские вести,Slavyanoserbskie vesti,Slovianoserbsk,Slovianoserbsk,Luganmedia,2024-10-22,16,https://luganmedia.ru/wp-content/uploads/2024/11/%D0%A1%D0%BB%D0%B0%D0%B2%D1%8F%D0%BD%D0%BE%D1%81%D0%B5%D1%80%D0%B1%D1%81%D0%BA%D0%B8%D0%B5_%D0%92%D0%B5%D1%81%D1%82%D0%B8-%E2%84%9644-74.pdf
698,Славяносербские вести,Slavyanoserbskie vesti,Slovianoserbsk,Slovianoserbsk,Luganmedia,2024-10-23,15,https://luganmedia.ru/wp-content/uploads/2024/11/%D0%A1%D0%BB%D0%B0%D0%B2%D1%8F%D0%BD%D0%BE%D1%81%D0%B5%D1%80%D0%B1%D1%81%D0%BA%D0%B8%D0%B5_%D0%92%D0%B5%D1%81%D1%82%D0%B8-%E2%84%9642-72.pdf
699,Славяносербские вести,Slavyanoserbskie vesti,Slovianoserbsk,Slovianoserbsk,Luganmedia,2024-11-13,16,https://luganmedia.ru/wp-content/uploads/2024/11/%D0%A1%D0%BB%D0%B0%D0%B2%D1%8F%D0%BD%D0%BE%D1%81%D0%B5%D1%80%D0%B1%D1%81%D0%BA%D0%B8%D0%B5_%D0%92%D0%B5%D1%81%D1%82%D0%B8-%E2%84%9643-73.pdf
701,Славяносербские вести,Slavyanoserbskie vesti,Slovianoserbsk,Slovianoserbsk,Luganmedia,2024-11-13,16,https://luganmedia.ru/wp-content/uploads/2024/11/%D0%A1%D0%BB%D0%B0%D0%B2%D1%8F%D0%BD%D0%BE%D1%81%D0%B5%D1%80%D0%B1%D1%81%D0%BA%D0%B8%D0%B5_%D0%92%D0%B5%D1%81%D1%82%D0%B8-%E2%84%9645-75.pdf
703,Славяносербские вести,Slavyanoserbskie vesti,Slovianoserbsk,Slovianoserbsk,Luganmedia,2024-11-19,15,https://luganmedia.ru/wp-content/uploads/2024/12/%D0%A1%D0%BB%D0%B0%D0%B2%D1%8F%D0%BD%D0%BE%D1%81%D0%B5%D1%80%D0%B1%D1%81%D0%BA%D0%B8%D0%B5_%D0%92%D0%B5%D1%81%D1%82%D0%B8-%E2%84%9647-77.pdf
702,Славяносербские вести,Slavyanoserbskie vesti,Slovianoserbsk,Slovianoserbsk,Luganmedia,2024-11-20,15,https://luganmedia.ru/wp-content/uploads/2024/11/%D0%A1%D0%BB%D0%B0%D0%B2%D1%8F%D0%BD%D0%BE%D1%81%D0%B5%D1%80%D0%B1%D1%81%D0%BA%D0%B8%D0%B5_%D0%92%D0%B5%D1%81%D1%82%D0%B8-%E2%84%9646-76.pdf
705,Славяносербские вести,Slavyanoserbskie vesti,Slovianoserbsk,Slovianoserbsk,Luganmedia,2024-12-04,15,https://luganmedia.ru/wp-content/uploads/2024/12/%D0%A1%D0%BB%D0%B0%D0%B2%D1%8F%D0%BD%D0%BE%D1%81%D0%B5%D1%80%D0%B1%D1%81%D0%BA%D0%B8%D0%B5_%D0%92%D0%B5%D1%81%D1%82%D0%B8-%E2%84%9649-79.pdf
707,Славяносербские вести,Slavyanoserbskie vesti,Slovianoserbsk,Slovianoserbsk,Luganmedia,2024-12-12,15,https://luganmedia.ru/wp-content/uploads/2024/12/%D0%A1%D0%BB%D0%B0%D0%B2%D1%8F%D0%BD%D0%BE%D1%81%D0%B5%D1%80%D0%B1%D1%81%D0%BA%D0%B8%D0%B5_%D0%92%D0%B5%D1%81%D1%82%D0%B8-%E2%84%9650-80.pdf
708,Славяносербские вести,Slavyanoserbskie vesti,Slovianoserbsk,Slovianoserbsk,Luganmedia,2024-12-20,15,https://luganmedia.ru/wp-content/uploads/2025/01/%D0%A1%D0%BB%D0%B0%D0%B2%D1%8F%D0%BD%D0%BE%D1%81%D0%B5%D1%80%D0%B1%D1%81%D0%BA%D0%B8%D0%B5_%D0%92%D0%B5%D1%81%D1%82%D0%B8-%E2%84%9651-81.pdf
666,Славяносербские вести,Slavyanoserbskie vesti,Slovianoserbsk,Slovianoserbsk,Luganmedia,2024-12-26,16,https://luganmedia.ru/wp-content/uploads/2025/01/%D0%A1%D0%BB%D0%B0%D0%B2%D1%8F%D0%BD%D0%BE%D1%81%D0%B5%D1%80%D0%B1%D1%81%D0%BA%D0%B8%D0%B5_%D0%92%D0%B5%D1%81%D1%82%D0%B8-%E2%84%961-82.pdf
682,Славяносербские вести,Slavyanoserbskie vesti,Slovianoserbsk,Slovianoserbsk,Luganmedia,2025-01-01,15,https://luganmedia.ru/wp-content/uploads/2025/02/%D0%A1%D0%BB%D0%B0%D0%B2%D1%8F%D0%BD%D0%BE%D1%81%D0%B5%D1%80%D0%B1%D1%81%D0%BA%D0%B8%D0%B5_%D0%92%D0%B5%D1%81%D1%82%D0%B8-%E2%84%963-84.pdf
675,Славяносербские вести,Slavyanoserbskie vesti,Slovianoserbsk,Slovianoserbsk,Luganmedia,2025-01-22,15,https://luganmedia.ru/wp-content/uploads/2025/02/%D0%A1%D0%BB%D0%B0%D0%B2%D1%8F%D0%BD%D0%BE%D1%81%D0%B5%D1%80%D0%B1%D1%81%D0%BA%D0%B8%D0%B5_%D0%92%D0%B5%D1%81%D1%82%D0%B8-%E2%84%962-83.pdf
706,Славяносербские вести,Slavyanoserbskie vesti,Slovianoserbsk,Slovianoserbsk,Luganmedia,2025-02-03,15,https://luganmedia.ru/wp-content/uploads/2025/02/%D0%A1%D0%BB%D0%B0%D0%B2%D1%8F%D0%BD%D0%BE%D1%81%D0%B5%D1%80%D0%B1%D1%81%D0%BA%D0%B8%D0%B5_%D0%92%D0%B5%D1%81%D1%82%D0%B8-%E2%84%965-86.pdf
695,Славяносербские вести,Slavyanoserbskie vesti,Slovianoserbsk,Slovianoserbsk,Luganmedia,2025-02-05,15,https://luganmedia.ru/wp-content/uploads/2025/02/%D0%A1%D0%BB%D0%B0%D0%B2%D1%8F%D0%BD%D0%BE%D1%81%D0%B5%D1%80%D0%B1%D1%81%D0%BA%D0%B8%D0%B5_%D0%92%D0%B5%D1%81%D1%82%D0%B8-%E2%84%964-85.pdf
710,Славяносербские вести,Slavyanoserbskie vesti,Slovianoserbsk,Slovianoserbsk,Luganmedia,2025-02-26,15,https://luganmedia.ru/wp-content/uploads/2025/03/%D0%A1%D0%BB%D0%B0%D0%B2%D1%8F%D0%BD%D0%BE%D1%81%D0%B5%D1%80%D0%B1%D1%81%D0%BA%D0%B8%D0%B5_%D0%92%D0%B5%D1%81%D1%82%D0%B8-%E2%84%967-88.pdf
712,Славяносербские вести,Slavyanoserbskie vesti,Slovianoserbsk,Slovianoserbsk,Luganmedia,2025-03-12,15,https://luganmedia.ru/wp-content/uploads/2025/04/%D0%A1%D0%BB%D0%B0%D0%B2%D1%8F%D0%BD%D0%BE%D1%81%D0%B5%D1%80%D0%B1%D1%81%D0%BA%D0%B8%D0%B5_%D0%92%D0%B5%D1%81%D1%82%D0%B8-%E2%84%969-90.pdf
667,Славяносербские вести,Slavyanoserbskie vesti,Slovianoserbsk,Slovianoserbsk,Luganmedia,2025-03-19,15,https://luganmedia.ru/wp-content/uploads/2025/04/%D0%A1%D0%BB%D0%B0%D0%B2%D1%8F%D0%BD%D0%BE%D1%81%D0%B5%D1%80%D0%B1%D1%81%D0%BA%D0%B8%D0%B5_%D0%92%D0%B5%D1%81%D1%82%D0%B8-%E2%84%9610-91.pdf
668,Славяносербские вести,Slavyanoserbskie vesti,Slovianoserbsk,Slovianoserbsk,Luganmedia,2025-03-26,15,https://luganmedia.ru/wp-content/uploads/2025/04/%D0%A1%D0%BB%D0%B0%D0%B2%D1%8F%D0%BD%D0%BE%D1%81%D0%B5%D1%80%D0%B1%D1%81%D0%BA%D0%B8%D0%B5_%D0%92%D0%B5%D1%81%D1%82%D0%B8-%E2%84%9611-92.pdf
669,Славяносербские вести,Slavyanoserbskie vesti,Slovianoserbsk,Slovianoserbsk,Luganmedia,2025-04-02,15,https://luganmedia.ru/wp-content/uploads/2025/04/%D0%A1%D0%BB%D0%B0%D0%B2%D1%8F%D0%BD%D0%BE%D1%81%D0%B5%D1%80%D0%B1%D1%81%D0%BA%D0%B8%D0%B5_%D0%92%D0%B5%D1%81%D1%82%D0%B8-%E2%84%9612-93.pdf
670,Славяносербские вести,Slavyanoserbskie vesti,Slovianoserbsk,Slovianoserbsk,Luganmedia,2025-04-09,15,https://luganmedia.ru/wp-content/uploads/2025/04/%D0%A1%D0%BB%D0%B0%D0%B2%D1%8F%D0%BD%D0%BE%D1%81%D0%B5%D1%80%D0%B1%D1%81%D0%BA%D0%B8%D0%B5_%D0%92%D0%B5%D1%81%D1%82%D0%B8-%E2%84%9613-94.pdf
671,Славяносербские вести,Slavyanoserbskie vesti,Slovianoserbsk,Slovianoserbsk,Luganmedia,2025-04-16,15,https://luganmedia.ru/wp-content/uploads/2025/04/%D0%A1%D0%BB%D0%B0%D0%B2%D1%8F%D0%BD%D0%BE%D1%81%D0%B5%D1%80%D0%B1%D1%81%D0%BA%D0%B8%D0%B5_%D0%92%D0%B5%D1%81%D1%82%D0%B8-%E2%84%9614-95.pdf
672,Славяносербские вести,Slavyanoserbskie vesti,Slovianoserbsk,Slovianoserbsk,Luganmedia,2025-04-30,15,https://luganmedia.ru/wp-content/uploads/2025/08/%D0%A1%D0%BB%D0%B0%D0%B2%D1%8F%D0%BD%D0%BE%D1%81%D0%B5%D1%80%D0%B1%D1%81%D0%BA%D0%B8%D0%B5_%D0%92%D0%B5%D1%81%D1%82%D0%B8-%E2%84%9616-97.pdf
673,Славяносербские вести,Slavyanoserbskie vesti,Slovianoserbsk,Slovianoserbsk,Luganmedia,2025-05-07,15,https://luganmedia.ru/wp-content/uploads/2025/08/%D0%A1%D0%BB%D0%B0%D0%B2%D1%8F%D0%BD%D0%BE%D1%81%D0%B5%D1%80%D0%B1%D1%81%D0%BA%D0%B8%D0%B5_%D0%92%D0%B5%D1%81%D1%82%D0%B8-%E2%84%9617-98.pdf
674,Славяносербские вести,Slavyanoserbskie vesti,Slovianoserbsk,Slovianoserbsk,Luganmedia,2025-05-21,15,https://luganmedia.ru/wp-content/uploads/2025/08/%D0%A1%D0%BB%D0%B0%D0%B2%D1%8F%D0%BD%D0%BE%D1%81%D0%B5%D1%80%D0%B1%D1%81%D0%BA%D0%B8%D0%B5_%D0%92%D0%B5%D1%81%D1%82%D0%B8-%E2%84%9619-100.pdf
676,Славяносербские вести,Slavyanoserbskie vesti,Slovianoserbsk,Slovianoserbsk,Luganmedia,2025-05-28,15,https://luganmedia.ru/wp-content/uploads/2025/08/%D0%A1%D0%BB%D0%B0%D0%B2%D1%8F%D0%BD%D0%BE%D1%81%D0%B5%D1%80%D0%B1%D1%81%D0%BA%D0%B8%D0%B5_%D0%92%D0%B5%D1%81%D1%82%D0%B8-%E2%84%9620-101.pdf
677,Славяносербские вести,Slavyanoserbskie vesti,Slovianoserbsk,Slovianoserbsk,Luganmedia,2025-06-04,15,https://luganmedia.ru/wp-content/uploads/2025/08/%D0%A1%D0%BB%D0%B0%D0%B2%D1%8F%D0%BD%D0%BE%D1%81%D0%B5%D1%80%D0%B1%D1%81%D0%BA%D0%B8%D0%B5_%D0%92%D0%B5%D1%81%D1%82%D0%B8-%E2%84%9621-102.pdf
678,Славяносербские вести,Slavyanoserbskie vesti,Slovianoserbsk,Slovianoserbsk,Luganmedia,2025-06-11,15,https://luganmedia.ru/wp-content/uploads/2025/08/%D0%A1%D0%BB%D0%B0%D0%B2%D1%8F%D0%BD%D0%BE%D1%81%D0%B5%D1%80%D0%B1%D1%81%D0%BA%D0%B8%D0%B5_%D0%92%D0%B5%D1%81%D1%82%D0%B8-%E2%84%9622-103.pdf
679,Славяносербские вести,Slavyanoserbskie vesti,Slovianoserbsk,Slovianoserbsk,Luganmedia,2025-06-25,15,https://luganmedia.ru/wp-content/uploads/2025/10/%D0%A1%D0%BB%D0%B0%D0%B2%D1%8F%D0%BD%D0%BE%D1%81%D0%B5%D1%80%D0%B1%D1%81%D0%BA%D0%B8%D0%B5_%D0%92%D0%B5%D1%81%D1%82%D0%B8-%E2%84%9624-105.pdf
680,Славяносербские вести,Slavyanoserbskie vesti,Slovianoserbsk,Slovianoserbsk,Luganmedia,2025-07-01,15,https://luganmedia.ru/wp-content/uploads/2025/10/%D0%A1%D0%BB%D0%B0%D0%B2%D1%8F%D0%BD%D0%BE%D1%81%D0%B5%D1%80%D0%B1%D1%81%D0%BA%D0%B8%D0%B5_%D0%92%D0%B5%D1%81%D1%82%D0%B8-%E2%84%9625-106.pdf
681,Славяносербские вести,Slavyanoserbskie vesti,Slovianoserbsk,Slovianoserbsk,Luganmedia,2025-07-15,15,https://luganmedia.ru/wp-content/uploads/2025/10/%D0%A1%D0%BB%D0%B0%D0%B2%D1%8F%D0%BD%D0%BE%D1%81%D0%B5%D1%80%D0%B1%D1%81%D0%BA%D0%B8%D0%B5_%D0%92%D0%B5%D1%81%D1%82%D0%B8-%E2%84%9626-107.pdf
683,Славяносербские вести,Slavyanoserbskie vesti,Slovianoserbsk,Slovianoserbsk,Luganmedia,2025-08-01,15,https://luganmedia.ru/wp-content/uploads/2025/10/%D0%A1%D0%BB%D0%B0%D0%B2%D1%8F%D0%BD%D0%BE%D1%81%D0%B5%D1%80%D0%B1%D1%81%D0%BA%D0%B8%D0%B5_%D0%92%D0%B5%D1%81%D1%82%D0%B8-%E2%84%9630-111.pdf
684,Славяносербские вести,Slavyanoserbskie vesti,Slovianoserbsk,Slovianoserbsk,Luganmedia,2025-08-13,15,https://luganmedia.ru/wp-content/uploads/2025/10/%D0%A1%D0%BB%D0%B0%D0%B2%D1%8F%D0%BD%D0%BE%D1%81%D0%B5%D1%80%D0%B1%D1%81%D0%BA%D0%B8%D0%B5_%D0%92%D0%B5%D1%81%D1%82%D0%B8-%E2%84%9631-112.pdf
685,Славяносербские вести,Slavyanoserbskie vesti,Slovianoserbsk,Slovianoserbsk,Luganmedia,2025-08-20,15,https://luganmedia.ru/wp-content/uploads/2025/10/%D0%A1%D0%BB%D0%B0%D0%B2%D1%8F%D0%BD%D0%BE%D1%81%D0%B5%D1%80%D0%B1%D1%81%D0%BA%D0%B8%D0%B5_%D0%92%D0%B5%D1%81%D1%82%D0%B8-%E2%84%9632-113.pdf
686,Славяносербские вести,Slavyanoserbskie vesti,Slovianoserbsk,Slovianoserbsk,Luganmedia,2025-08-27,15,https://luganmedia.ru/wp-content/uploads/2025/10/%D0%A1%D0%BB%D0%B0%D0%B2%D1%8F%D0%BD%D0%BE%D1%81%D0%B5%D1%80%D0%B1%D1%81%D0%BA%D0%B8%D0%B5_%D0%92%D0%B5%D1%81%D1%82%D0%B8-%E2%84%9633-114.pdf
689,Славяносербские вести,Slavyanoserbskie vesti,Slovianoserbsk,Slovianoserbsk,Luganmedia,2025-09-10,15,https://luganmedia.ru/wp-content/uploads/2025/10/%D0%A1%D0%BB%D0%B0%D0%B2%D1%8F%D0%BD%D0%BE%D1%81%D0%B5%D1%80%D0%B1%D1%81%D0%BA%D0%B8%D0%B5_%D0%92%D0%B5%D1%81%D1%82%D0%B8-%E2%84%9635-116.pdf
1073,Славяносербские вести,Slavyanoserbskie vesti,Slovianoserbsk,Slovianoserbsk,Luganmedia,2026-04-01,15,https://luganmedia.ru/wp-content/uploads/2026/06/Славяносербские-вести-№1-133-сжатый.pdf
1074,Славяносербские вести,Slavyanoserbskie vesti,Slovianoserbsk,Slovianoserbsk,Luganmedia,2026-04-08,15,https://luganmedia.ru/wp-content/uploads/2026/06/Славяносербские_Вести-№2-134-сжатый.pdf
1075,Славяносербские вести,Slavyanoserbskie vesti,Slovianoserbsk,Slovianoserbsk,Luganmedia,2026-04-15,15,https://luganmedia.ru/wp-content/uploads/2026/06/Славяносербские_Вести-№3-135-сжатый.pdf
1076,Славяносербские вести,Slavyanoserbskie vesti,Slovianoserbsk,Slovianoserbsk,Luganmedia,2026-04-17,15,https://luganmedia.ru/wp-content/uploads/2026/06/Славяносербские_Вести-№4-136-сжатый.pdf
1077,Славяносербские вести,Slavyanoserbskie vesti,Slovianoserbsk,Slovianoserbsk,Luganmedia,2026-04-29,15,https://luganmedia.ru/wp-content/uploads/2026/06/Славяносербские_Вести-№5_137-сжатый.pdf
653,Слава Краснодона,Slava Krasnodona,Sorokyne,Krasnodon,Luganmedia,2023-09-01,27,https://luganmedia.ru/wp-content/uploads/2024/11/%D0%A1%D0%BB%D0%B0%D0%B2%D0%B0-%D0%9A%D1%80%D0%B0%D1%81%D0%BD%D0%BE%D0%B4%D0%BE%D0%BD%D0%B0-%E2%84%96-44-74.pdf
658,Слава Краснодона,Slava Krasnodona,Sorokyne,Krasnodon,Luganmedia,2023-12-21,27,https://luganmedia.ru/wp-content/uploads/2024/12/%D0%A1%D0%BB%D0%B0%D0%B2%D0%B0-%D0%9A%D1%80%D0%B0%D1%81%D0%BD%D0%BE%D0%B4%D0%BE%D0%BD%D0%B0-%E2%84%96-49-79.pdf
652,Слава Краснодона,Slava Krasnodona,Sorokyne,Krasnodon,Luganmedia,2024-01-01,27,https://luganmedia.ru/wp-content/uploads/2024/11/%D0%A1%D0%BB%D0%B0%D0%B2%D0%B0-%D0%9A%D1%80%D0%B0%D1%81%D0%BD%D0%BE%D0%B4%D0%BE%D0%BD%D0%B0-%E2%84%96-43-73.pdf
627,Слава Краснодона,Slava Krasnodona,Sorokyne,Krasnodon,Luganmedia,2024-02-05,27,https://luganmedia.ru/wp-content/uploads/2025/04/%D0%A1%D0%BB%D0%B0%D0%B2%D0%B0-%D0%9A%D1%80%D0%B0%D1%81%D0%BD%D0%BE%D0%B4%D0%BE%D0%BD%D0%B0-%E2%84%96-11-92.pdf
634,Слава Краснодона,Slava Krasnodona,Sorokyne,Krasnodon,Luganmedia,2024-02-29,23,https://luganmedia.ru/wp-content/uploads/2025/07/%D0%A1%D0%BB%D0%B0%D0%B2%D0%B0-%D0%9A%D1%80%D0%B0%D1%81%D0%BD%D0%BE%D0%B4%D0%BE%D0%BD%D0%B0-%E2%84%96-22-103.pdf
628,Слава Краснодона,Slava Krasnodona,Sorokyne,Krasnodon,Luganmedia,2024-03-18,27,https://luganmedia.ru/wp-content/uploads/2025/04/%D0%A1%D0%BB%D0%B0%D0%B2%D0%B0-%D0%9A%D1%80%D0%B0%D1%81%D0%BD%D0%BE%D0%B4%D0%BE%D0%BD%D0%B0-%E2%84%96-12-93.pdf
655,Слава Краснодона,Slava Krasnodona,Sorokyne,Krasnodon,Luganmedia,2024-04-23,27,https://luganmedia.ru/wp-content/uploads/2024/11/%D0%A1%D0%BB%D0%B0%D0%B2%D0%B0-%D0%9A%D1%80%D0%B0%D1%81%D0%BD%D0%BE%D0%B4%D0%BE%D0%BD%D0%B0-%E2%84%96-46-76.pdf
651,Слава Краснодона,Slava Krasnodona,Sorokyne,Krasnodon,Luganmedia,2024-05-25,27,https://luganmedia.ru/wp-content/uploads/2024/11/%D0%A1%D0%BB%D0%B0%D0%B2%D0%B0-%D0%9A%D1%80%D0%B0%D1%81%D0%BD%D0%BE%D0%B4%D0%BE%D0%BD%D0%B0-%E2%84%96-42-72.pdf
641,Слава Краснодона,Slava Krasnodona,Sorokyne,Krasnodon,Luganmedia,2024-07-15,27,https://luganmedia.ru/wp-content/uploads/2024/11/%D0%A1%D0%BB%D0%B0%D0%B2%D0%B0-%D0%9A%D1%80%D0%B0%D1%81%D0%BD%D0%BE%D0%B4%D0%BE%D0%BD%D0%B0-%E2%84%96-33-63.pdf
649,Слава Краснодона,Slava Krasnodona,Sorokyne,Krasnodon,Luganmedia,2024-08-10,27,https://luganmedia.ru/wp-content/uploads/2024/11/%D0%A1%D0%BB%D0%B0%D0%B2%D0%B0-%D0%9A%D1%80%D0%B0%D1%81%D0%BD%D0%BE%D0%B4%D0%BE%D0%BD%D0%B0-%E2%84%96-40-70.pdf
643,Слава Краснодона,Slava Krasnodona,Sorokyne,Krasnodon,Luganmedia,2024-08-30,27,https://luganmedia.ru/wp-content/uploads/2024/11/%D0%A1%D0%BB%D0%B0%D0%B2%D0%B0-%D0%9A%D1%80%D0%B0%D1%81%D0%BD%D0%BE%D0%B4%D0%BE%D0%BD%D0%B0-%E2%84%96-35-65.pdf
644,Слава Краснодона,Slava Krasnodona,Sorokyne,Krasnodon,Luganmedia,2024-09-01,27,https://luganmedia.ru/wp-content/uploads/2024/11/%D0%A1%D0%BB%D0%B0%D0%B2%D0%B0-%D0%9A%D1%80%D0%B0%D1%81%D0%BD%D0%BE%D0%B4%D0%BE%D0%BD%D0%B0-%E2%84%96-36-66.pdf
647,Слава Краснодона,Slava Krasnodona,Sorokyne,Krasnodon,Luganmedia,2024-09-01,27,https://luganmedia.ru/wp-content/uploads/2024/11/%D0%A1%D0%BB%D0%B0%D0%B2%D0%B0-%D0%9A%D1%80%D0%B0%D1%81%D0%BD%D0%BE%D0%B4%D0%BE%D0%BD%D0%B0-%E2%84%96-39-69.pdf
645,Слава Краснодона,Slava Krasnodona,Sorokyne,Krasnodon,Luganmedia,2024-09-12,27,https://luganmedia.ru/wp-content/uploads/2024/11/%D0%A1%D0%BB%D0%B0%D0%B2%D0%B0-%D0%9A%D1%80%D0%B0%D1%81%D0%BD%D0%BE%D0%B4%D0%BE%D0%BD%D0%B0-%E2%84%96-37-67.pdf
646,Слава Краснодона,Slava Krasnodona,Sorokyne,Krasnodon,Luganmedia,2024-09-27,27,https://luganmedia.ru/wp-content/uploads/2024/11/%D0%A1%D0%BB%D0%B0%D0%B2%D0%B0-%D0%9A%D1%80%D0%B0%D1%81%D0%BD%D0%BE%D0%B4%D0%BE%D0%BD%D0%B0-%E2%84%96-38-68.pdf
650,Слава Краснодона,Slava Krasnodona,Sorokyne,Krasnodon,Luganmedia,2024-10-01,27,https://luganmedia.ru/wp-content/uploads/2024/11/%D0%A1%D0%BB%D0%B0%D0%B2%D0%B0-%D0%9A%D1%80%D0%B0%D1%81%D0%BD%D0%BE%D0%B4%D0%BE%D0%BD%D0%B0-%E2%84%96-41-71.pdf
654,Слава Краснодона,Slava Krasnodona,Sorokyne,Krasnodon,Luganmedia,2024-10-31,28,https://luganmedia.ru/wp-content/uploads/2024/11/%D0%A1%D0%BB%D0%B0%D0%B2%D0%B0-%D0%9A%D1%80%D0%B0%D1%81%D0%BD%D0%BE%D0%B4%D0%BE%D0%BD%D0%B0-%E2%84%96-45-75.pdf
638,Слава Краснодона,Slava Krasnodona,Sorokyne,Krasnodon,Luganmedia,2024-11-21,23,https://luganmedia.ru/wp-content/uploads/2025/10/%D0%A1%D0%BB%D0%B0%D0%B2%D0%B0-%D0%9A%D1%80%D0%B0%D1%81%D0%BD%D0%BE%D0%B4%D0%BE%D0%BD%D0%B0-%E2%84%96-29-110.pdf
642,Слава Краснодона,Slava Krasnodona,Sorokyne,Krasnodon,Luganmedia,2024-11-30,28,https://luganmedia.ru/wp-content/uploads/2024/11/%D0%A1%D0%BB%D0%B0%D0%B2%D0%B0-%D0%9A%D1%80%D0%B0%D1%81%D0%BD%D0%BE%D0%B4%D0%BE%D0%BD%D0%B0-%E2%84%96-34-64.pdf
656,Слава Краснодона,Slava Krasnodona,Sorokyne,Krasnodon,Luganmedia,2024-12-01,27,https://luganmedia.ru/wp-content/uploads/2024/12/%D0%A1%D0%BB%D0%B0%D0%B2%D0%B0-%D0%9A%D1%80%D0%B0%D1%81%D0%BD%D0%BE%D0%B4%D0%BE%D0%BD%D0%B0-%E2%84%96-47-77.pdf
657,Слава Краснодона,Slava Krasnodona,Sorokyne,Krasnodon,Luganmedia,2024-12-01,27,https://luganmedia.ru/wp-content/uploads/2024/12/%D0%A1%D0%BB%D0%B0%D0%B2%D0%B0-%D0%9A%D1%80%D0%B0%D1%81%D0%BD%D0%BE%D0%B4%D0%BE%D0%BD%D0%B0-%E2%84%96-48-78.pdf
660,Слава Краснодона,Slava Krasnodona,Sorokyne,Krasnodon,Luganmedia,2024-12-14,28,https://luganmedia.ru/wp-content/uploads/2024/12/%D0%A1%D0%BB%D0%B0%D0%B2%D0%B0-%D0%9A%D1%80%D0%B0%D1%81%D0%BD%D0%BE%D0%B4%D0%BE%D0%BD%D0%B0-%E2%84%96-50-80.pdf
625,Слава Краснодона,Slava Krasnodona,Sorokyne,Krasnodon,Luganmedia,2025-01-01,27,https://luganmedia.ru/wp-content/uploads/2025/01/%D0%A1%D0%BB%D0%B0%D0%B2%D0%B0-%D0%9A%D1%80%D0%B0%D1%81%D0%BD%D0%BE%D0%B4%D0%BE%D0%BD%D0%B0-%E2%84%96-1-82-1.pdf
639,Слава Краснодона,Slava Krasnodona,Sorokyne,Krasnodon,Luganmedia,2025-01-01,27,https://luganmedia.ru/wp-content/uploads/2025/02/%D0%A1%D0%BB%D0%B0%D0%B2%D0%B0-%D0%9A%D1%80%D0%B0%D1%81%D0%BD%D0%BE%D0%B4%D0%BE%D0%BD%D0%B0-%E2%84%96-3-84.pdf
661,Слава Краснодона,Slava Krasnodona,Sorokyne,Krasnodon,Luganmedia,2025-01-01,28,https://luganmedia.ru/wp-content/uploads/2025/01/%D0%A1%D0%BB%D0%B0%D0%B2%D0%B0-%D0%9A%D1%80%D0%B0%D1%81%D0%BD%D0%BE%D0%B4%D0%BE%D0%BD%D0%B0-%E2%84%96-51-81.pdf
662,Слава Краснодона,Slava Krasnodona,Sorokyne,Krasnodon,Luganmedia,2025-01-01,27,https://luganmedia.ru/wp-content/uploads/2025/03/%D0%A1%D0%BB%D0%B0%D0%B2%D0%B0-%D0%9A%D1%80%D0%B0%D1%81%D0%BD%D0%BE%D0%B4%D0%BE%D0%BD%D0%B0-%E2%84%96-6-87.pdf
664,Слава Краснодона,Slava Krasnodona,Sorokyne,Krasnodon,Luganmedia,2025-01-01,27,https://luganmedia.ru/wp-content/uploads/2025/03/%D0%A1%D0%BB%D0%B0%D0%B2%D0%B0-%D0%9A%D1%80%D0%B0%D1%81%D0%BD%D0%BE%D0%B4%D0%BE%D0%BD%D0%B0-%E2%84%96-8-89.pdf
626,Слава Краснодона,Slava Krasnodona,Sorokyne,Krasnodon,Luganmedia,2025-01-15,27,https://luganmedia.ru/wp-content/uploads/2025/04/%D0%A1%D0%BB%D0%B0%D0%B2%D0%B0-%D0%9A%D1%80%D0%B0%D1%81%D0%BD%D0%BE%D0%B4%D0%BE%D0%BD%D0%B0-%E2%84%96-10-91.pdf
631,Слава Краснодона,Slava Krasnodona,Sorokyne,Krasnodon,Luganmedia,2025-02-01,27,https://luganmedia.ru/wp-content/uploads/2025/02/%D0%A1%D0%BB%D0%B0%D0%B2%D0%B0-%D0%9A%D1%80%D0%B0%D1%81%D0%BD%D0%BE%D0%B4%D0%BE%D0%BD%D0%B0-%E2%84%96-2-83.pdf
659,Слава Краснодона,Slava Krasnodona,Sorokyne,Krasnodon,Luganmedia,2025-02-03,27,https://luganmedia.ru/wp-content/uploads/2025/02/%D0%A1%D0%BB%D0%B0%D0%B2%D0%B0-%D0%9A%D1%80%D0%B0%D1%81%D0%BD%D0%BE%D0%B4%D0%BE%D0%BD%D0%B0-%E2%84%96-5-86.pdf
648,Слава Краснодона,Slava Krasnodona,Sorokyne,Krasnodon,Luganmedia,2025-02-14,27,https://luganmedia.ru/wp-content/uploads/2025/02/%D0%A1%D0%BB%D0%B0%D0%B2%D0%B0-%D0%9A%D1%80%D0%B0%D1%81%D0%BD%D0%BE%D0%B4%D0%BE%D0%BD%D0%B0-%E2%84%96-4-85.pdf
665,Слава Краснодона,Slava Krasnodona,Sorokyne,Krasnodon,Luganmedia,2025-03-06,27,https://luganmedia.ru/wp-content/uploads/2025/04/%D0%A1%D0%BB%D0%B0%D0%B2%D0%B0-%D0%9A%D1%80%D0%B0%D1%81%D0%BD%D0%BE%D0%B4%D0%BE%D0%BD%D0%B0-%E2%84%96-9-90.pdf
663,Слава Краснодона,Slava Krasnodona,Sorokyne,Krasnodon,Luganmedia,2025-03-11,27,https://luganmedia.ru/wp-content/uploads/2025/03/%D0%A1%D0%BB%D0%B0%D0%B2%D0%B0-%D0%9A%D1%80%D0%B0%D1%81%D0%BD%D0%BE%D0%B4%D0%BE%D0%BD%D0%B0-%E2%84%96-7-88.pdf
629,Слава Краснодона,Slava Krasnodona,Sorokyne,Krasnodon,Luganmedia,2025-04-23,27,https://luganmedia.ru/wp-content/uploads/2025/07/%D0%A1%D0%BB%D0%B0%D0%B2%D0%B0-%D0%9A%D1%80%D0%B0%D1%81%D0%BD%D0%BE%D0%B4%D0%BE%D0%BD%D0%B0-%E2%84%96-15-96.pdf
633,Слава Краснодона,Slava Krasnodona,Sorokyne,Krasnodon,Luganmedia,2025-04-29,23,https://luganmedia.ru/wp-content/uploads/2025/07/%D0%A1%D0%BB%D0%B0%D0%B2%D0%B0-%D0%9A%D1%80%D0%B0%D1%81%D0%BD%D0%BE%D0%B4%D0%BE%D0%BD%D0%B0-%E2%84%96-21-102.pdf
630,Слава Краснодона,Slava Krasnodona,Sorokyne,Krasnodon,Luganmedia,2025-05-21,27,https://luganmedia.ru/wp-content/uploads/2025/07/%D0%A1%D0%BB%D0%B0%D0%B2%D0%B0-%D0%9A%D1%80%D0%B0%D1%81%D0%BD%D0%BE%D0%B4%D0%BE%D0%BD%D0%B0-%E2%84%96-19-100.pdf
640,Слава Краснодона,Slava Krasnodona,Sorokyne,Krasnodon,Luganmedia,2025-06-01,23,https://luganmedia.ru/wp-content/uploads/2025/10/%D0%A1%D0%BB%D0%B0%D0%B2%D0%B0-%D0%9A%D1%80%D0%B0%D1%81%D0%BD%D0%BE%D0%B4%D0%BE%D0%BD%D0%B0-%E2%84%96-33-114.pdf
632,Слава Краснодона,Slava Krasnodona,Sorokyne,Krasnodon,Luganmedia,2025-07-01,27,https://luganmedia.ru/wp-content/uploads/2025/07/%D0%A1%D0%BB%D0%B0%D0%B2%D0%B0-%D0%9A%D1%80%D0%B0%D1%81%D0%BD%D0%BE%D0%B4%D0%BE%D0%BD%D0%B0-%E2%84%96-20-102.pdf
635,Слава Краснодона,Slava Krasnodona,Sorokyne,Krasnodon,Luganmedia,2025-07-01,23,https://luganmedia.ru/wp-content/uploads/2025/10/%D0%A1%D0%BB%D0%B0%D0%B2%D0%B0-%D0%9A%D1%80%D0%B0%D1%81%D0%BD%D0%BE%D0%B4%D0%BE%D0%BD%D0%B0-%E2%84%96-26-107.pdf
636,Слава Краснодона,Slava Krasnodona,Sorokyne,Krasnodon,Luganmedia,2025-07-01,23,https://luganmedia.ru/wp-content/uploads/2025/10/%D0%A1%D0%BB%D0%B0%D0%B2%D0%B0-%D0%9A%D1%80%D0%B0%D1%81%D0%BD%D0%BE%D0%B4%D0%BE%D0%BD%D0%B0-%E2%84%96-27-108.pdf
637,Слава Краснодона,Slava Krasnodona,Sorokyne,Krasnodon,Luganmedia,2025-07-23,23,https://luganmedia.ru/wp-content/uploads/2025/10/%D0%A1%D0%BB%D0%B0%D0%B2%D0%B0-%D0%9A%D1%80%D0%B0%D1%81%D0%BD%D0%BE%D0%B4%D0%BE%D0%BD%D0%B0-%E2%84%96-28-109.pdf
1068,Слава Краснодона,Slava Krasnodona,Sorokyne,Krasnodon,Luganmedia,2026-04-01,23,https://luganmedia.ru/wp-content/uploads/2026/06/Слава-Краснодона-№-1-133-сжатый.pdf
1069,Слава Краснодона,Slava Krasnodona,Sorokyne,Krasnodon,Luganmedia,2026-04-08,23,https://luganmedia.ru/wp-content/uploads/2026/06/Слава-Краснодона-№-2-134-сжатый.pdf
1070,Слава Краснодона,Slava Krasnodona,Sorokyne,Krasnodon,Luganmedia,2026-04-15,23,https://luganmedia.ru/wp-content/uploads/2026/06/Слава-Краснодона-№-3-135-сжатый.pdf
1071,Слава Краснодона,Slava Krasnodona,Sorokyne,Krasnodon,Luganmedia,2026-04-22,23,https://luganmedia.ru/wp-content/uploads/2026/06/Слава-Краснодона-№-4-136-сжатый.pdf
1072,Слава Краснодона,Slava Krasnodona,Sorokyne,Krasnodon,Luganmedia,2026-04-29,23,https://luganmedia.ru/wp-content/uploads/2026/06/Слава-Краснодона-№-5-137-сжатый.pdf
793,Станично-Луганский вестник,Stanichno-Luganskiy vestnik,Stanytsia Luhanska,Stanytsia Luhanska,Luganmedia,2024-05-15,15,https://luganmedia.ru/wp-content/uploads/2024/11/%D0%A1%D1%82%D0%B0%D0%BD%D0%B8%D1%87%D0%BD%D0%BE_%D0%9B%D1%83%D0%B3%D0%B0%D0%BD%D1%81%D0%BA%D0%B8%D0%B9_%D0%B2%D0%B5%D1%81%D1%82%D0%BD%D0%B8%D0%BA_%E2%84%9644_74.pdf
781,Станично-Луганский вестник,Stanichno-Luganskiy vestnik,Stanytsia Luhanska,Stanytsia Luhanska,Luganmedia,2024-06-05,15,https://luganmedia.ru/wp-content/uploads/2025/11/%D0%A1%D1%82%D0%B0%D0%BD%D0%B8%D1%87%D0%BD%D0%BE_%D0%9B%D1%83%D0%B3%D0%B0%D0%BD%D1%81%D0%BA%D0%B8%D0%B9_%D0%B2%D0%B5%D1%81%D1%82%D0%BD%D0%B8%D0%BA_%E2%84%9639_120.pdf
770,Станично-Луганский вестник,Stanichno-Luganskiy vestnik,Stanytsia Luhanska,Stanytsia Luhanska,Luganmedia,2024-08-23,15,https://luganmedia.ru/wp-content/uploads/2024/11/%D0%A1%D1%82%D0%B0%D0%BD%D0%B8%D1%87%D0%BD%D0%BE_%D0%9B%D1%83%D0%B3%D0%B0%D0%BD%D1%81%D0%BA%D0%B8%D0%B9_%D0%B2%D0%B5%D1%81%D1%82%D0%BD%D0%B8%D0%BA_%E2%84%9633_63.pdf
772,Станично-Луганский вестник,Stanichno-Luganskiy vestnik,Stanytsia Luhanska,Stanytsia Luhanska,Luganmedia,2024-08-30,15,https://luganmedia.ru/wp-content/uploads/2024/11/%D0%A1%D1%82%D0%B0%D0%BD%D0%B8%D1%87%D0%BD%D0%BE_%D0%9B%D1%83%D0%B3%D0%B0%D0%BD%D1%81%D0%BA%D0%B8%D0%B9_%D0%B2%D0%B5%D1%81%D1%82%D0%BD%D0%B8%D0%BA_%E2%84%9634_64.pdf
791,Станично-Луганский вестник,Stanichno-Luganskiy vestnik,Stanytsia Luhanska,Stanytsia Luhanska,Luganmedia,2024-09-15,15,https://luganmedia.ru/wp-content/uploads/2024/11/%D0%A1%D1%82%D0%B0%D0%BD%D0%B8%D1%87%D0%BD%D0%BE_%D0%9B%D1%83%D0%B3%D0%B0%D0%BD%D1%81%D0%BA%D0%B8%D0%B9_%D0%B2%D0%B5%D1%81%D1%82%D0%BD%D0%B8%D0%BA_%E2%84%9643_73.pdf
785,Станично-Луганский вестник,Stanichno-Luganskiy vestnik,Stanytsia Luhanska,Stanytsia Luhanska,Luganmedia,2024-09-18,15,https://luganmedia.ru/wp-content/uploads/2024/11/%D0%A1%D1%82%D0%B0%D0%BD%D0%B8%D1%87%D0%BD%D0%BE_%D0%9B%D1%83%D0%B3%D0%B0%D0%BD%D1%81%D0%BA%D0%B8%D0%B9_%D0%B2%D0%B5%D1%81%D1%82%D0%BD%D0%B8%D0%BA_%E2%84%9640_70.pdf
780,Станично-Луганский вестник,Stanichno-Luganskiy vestnik,Stanytsia Luhanska,Stanytsia Luhanska,Luganmedia,2024-09-27,15,https://luganmedia.ru/wp-content/uploads/2024/11/%D0%A1%D1%82%D0%B0%D0%BD%D0%B8%D1%87%D0%BD%D0%BE_%D0%9B%D1%83%D0%B3%D0%B0%D0%BD%D1%81%D0%BA%D0%B8%D0%B9_%D0%B2%D0%B5%D1%81%D1%82%D0%BD%D0%B8%D0%BA_%E2%84%9638_68.pdf
786,Станично-Луганский вестник,Stanichno-Luganskiy vestnik,Stanytsia Luhanska,Stanytsia Luhanska,Luganmedia,2024-10-18,15,https://luganmedia.ru/wp-content/uploads/2024/11/%D0%A1%D1%82%D0%B0%D0%BD%D0%B8%D1%87%D0%BD%D0%BE_%D0%9B%D1%83%D0%B3%D0%B0%D0%BD%D1%81%D0%BA%D0%B8%D0%B9_%D0%B2%D0%B5%D1%81%D1%82%D0%BD%D0%B8%D0%BA_%E2%84%964171.pdf
774,Станично-Луганский вестник,Stanichno-Luganskiy vestnik,Stanytsia Luhanska,Stanytsia Luhanska,Luganmedia,2024-11-01,15,https://luganmedia.ru/wp-content/uploads/2024/11/%D0%A1%D1%82%D0%B0%D0%BD%D0%B8%D1%87%D0%BD%D0%BE_%D0%9B%D1%83%D0%B3%D0%B0%D0%BD%D1%81%D0%BA%D0%B8%D0%B9_%D0%B2%D0%B5%D1%81%D1%82%D0%BD%D0%B8%D0%BA_%E2%84%9635_65.pdf
776,Станично-Луганский вестник,Stanichno-Luganskiy vestnik,Stanytsia Luhanska,Stanytsia Luhanska,Luganmedia,2024-11-01,15,https://luganmedia.ru/wp-content/uploads/2024/11/%D0%A1%D1%82%D0%B0%D0%BD%D0%B8%D1%87%D0%BD%D0%BE_%D0%9B%D1%83%D0%B3%D0%B0%D0%BD%D1%81%D0%BA%D0%B8%D0%B9_%D0%B2%D0%B5%D1%81%D1%82%D0%BD%D0%B8%D0%BA_%E2%84%9636_66.pdf
778,Станично-Луганский вестник,Stanichno-Luganskiy vestnik,Stanytsia Luhanska,Stanytsia Luhanska,Luganmedia,2024-11-01,16,https://luganmedia.ru/wp-content/uploads/2024/11/%D0%A1%D1%82%D0%B0%D0%BD%D0%B8%D1%87%D0%BD%D0%BE_%D0%9B%D1%83%D0%B3%D0%B0%D0%BD%D1%81%D0%BA%D0%B8%D0%B9_%D0%B2%D0%B5%D1%81%D1%82%D0%BD%D0%B8%D0%BA_%E2%84%9637_67.pdf
782,Станично-Луганский вестник,Stanichno-Luganskiy vestnik,Stanytsia Luhanska,Stanytsia Luhanska,Luganmedia,2024-11-01,16,https://luganmedia.ru/wp-content/uploads/2024/11/%D0%A1%D1%82%D0%B0%D0%BD%D0%B8%D1%87%D0%BD%D0%BE_%D0%9B%D1%83%D0%B3%D0%B0%D0%BD%D1%81%D0%BA%D0%B8%D0%B9_%D0%B2%D0%B5%D1%81%D1%82%D0%BD%D0%B8%D0%BA_%E2%84%9639_69.pdf
789,Станично-Луганский вестник,Stanichno-Luganskiy vestnik,Stanytsia Luhanska,Stanytsia Luhanska,Luganmedia,2024-11-01,15,https://luganmedia.ru/wp-content/uploads/2024/11/%D0%A1%D1%82%D0%B0%D0%BD%D0%B8%D1%87%D0%BD%D0%BE_%D0%9B%D1%83%D0%B3%D0%B0%D0%BD%D1%81%D0%BA%D0%B8%D0%B9_%D0%B2%D0%B5%D1%81%D1%82%D0%BD%D0%B8%D0%BA_%E2%84%9642_72.pdf
795,Станично-Луганский вестник,Stanichno-Luganskiy vestnik,Stanytsia Luhanska,Stanytsia Luhanska,Luganmedia,2024-11-01,15,https://luganmedia.ru/wp-content/uploads/2024/11/%D0%A1%D1%82%D0%B0%D0%BD%D0%B8%D1%87%D0%BD%D0%BE_%D0%9B%D1%83%D0%B3%D0%B0%D0%BD%D1%81%D0%BA%D0%B8%D0%B9_%D0%B2%D0%B5%D1%81%D1%82%D0%BD%D0%B8%D0%BA_%E2%84%9645_75.pdf
797,Станично-Луганский вестник,Stanichno-Luganskiy vestnik,Stanytsia Luhanska,Stanytsia Luhanska,Luganmedia,2024-11-01,15,https://luganmedia.ru/wp-content/uploads/2024/11/%D0%A1%D1%82%D0%B0%D0%BD%D0%B8%D1%87%D0%BD%D0%BE_%D0%9B%D1%83%D0%B3%D0%B0%D0%BD%D1%81%D0%BA%D0%B8%D0%B9_%D0%B2%D0%B5%D1%81%D1%82%D0%BD%D0%B8%D0%BA_%E2%84%9646_76.pdf
798,Станично-Луганский вестник,Stanichno-Luganskiy vestnik,Stanytsia Luhanska,Stanytsia Luhanska,Luganmedia,2024-12-01,15,https://luganmedia.ru/wp-content/uploads/2024/12/%D0%A1%D1%82%D0%B0%D0%BD%D0%B8%D1%87%D0%BD%D0%BE_%D0%9B%D1%83%D0%B3%D0%B0%D0%BD%D1%81%D0%BA%D0%B8%D0%B9_%D0%B2%D0%B5%D1%81%D1%82%D0%BD%D0%B8%D0%BA_%E2%84%9646_77.pdf
800,Станично-Луганский вестник,Stanichno-Luganskiy vestnik,Stanytsia Luhanska,Stanytsia Luhanska,Luganmedia,2024-12-01,15,https://luganmedia.ru/wp-content/uploads/2024/12/%D0%A1%D1%82%D0%B0%D0%BD%D0%B8%D1%87%D0%BD%D0%BE_%D0%9B%D1%83%D0%B3%D0%B0%D0%BD%D1%81%D0%BA%D0%B8%D0%B9_%D0%B2%D0%B5%D1%81%D1%82%D0%BD%D0%B8%D0%BA_%E2%84%9648_78.pdf
801,Станично-Луганский вестник,Stanichno-Luganskiy vestnik,Stanytsia Luhanska,Stanytsia Luhanska,Luganmedia,2024-12-01,15,https://luganmedia.ru/wp-content/uploads/2024/12/%D0%A1%D1%82%D0%B0%D0%BD%D0%B8%D1%87%D0%BD%D0%BE_%D0%9B%D1%83%D0%B3%D0%B0%D0%BD%D1%81%D0%BA%D0%B8%D0%B9_%D0%B2%D0%B5%D1%81%D1%82%D0%BD%D0%B8%D0%BA_%E2%84%9649_79.pdf
803,Станично-Луганский вестник,Stanichno-Luganskiy vestnik,Stanytsia Luhanska,Stanytsia Luhanska,Luganmedia,2024-12-20,15,https://luganmedia.ru/wp-content/uploads/2024/12/%D0%A1%D1%82%D0%B0%D0%BD%D0%B8%D1%87%D0%BD%D0%BE_%D0%9B%D1%83%D0%B3%D0%B0%D0%BD%D1%81%D0%BA%D0%B8%D0%B9_%D0%B2%D0%B5%D1%81%D1%82%D0%BD%D0%B8%D0%BA_%E2%84%9650_80.pdf
804,Станично-Луганский вестник,Stanichno-Luganskiy vestnik,Stanytsia Luhanska,Stanytsia Luhanska,Luganmedia,2024-12-23,15,https://luganmedia.ru/wp-content/uploads/2025/01/%D0%A1%D1%82%D0%B0%D0%BD%D0%B8%D1%87%D0%BD%D0%BE_%D0%9B%D1%83%D0%B3%D0%B0%D0%BD%D1%81%D0%BA%D0%B8%D0%B9_%D0%B2%D0%B5%D1%81%D1%82%D0%BD%D0%B8%D0%BA_%E2%84%9651_81.pdf
796,Станично-Луганский вестник,Stanichno-Luganskiy vestnik,Stanytsia Luhanska,Stanytsia Luhanska,Luganmedia,2025-01-01,15,https://luganmedia.ru/wp-content/uploads/2025/12/%D0%A1%D1%82%D0%B0%D0%BD%D0%B8%D1%87%D0%BD%D0%BE_%D0%9B%D1%83%D0%B3%D0%B0%D0%BD%D1%81%D0%BA%D0%B8%D0%B9_%D0%B2%D0%B5%D1%81%D1%82%D0%BD%D0%B8%D0%BA_%E2%84%9646_127.pdf
745,Станично-Луганский вестник,Stanichno-Luganskiy vestnik,Stanytsia Luhanska,Stanytsia Luhanska,Luganmedia,2025-01-17,15,https://luganmedia.ru/wp-content/uploads/2025/01/%D0%A1%D1%82%D0%B0%D0%BD%D0%B8%D1%87%D0%BD%D0%BE_%D0%9B%D1%83%D0%B3%D0%B0%D0%BD%D1%81%D0%BA%D0%B8%D0%B9_%D0%B2%D0%B5%D1%81%D1%82%D0%BD%D0%B8%D0%BA_%E2%84%961-82.pdf
756,Станично-Луганский вестник,Stanichno-Luganskiy vestnik,Stanytsia Luhanska,Stanytsia Luhanska,Luganmedia,2025-01-24,15,https://luganmedia.ru/wp-content/uploads/2025/02/%D0%A1%D1%82%D0%B0%D0%BD%D0%B8%D1%87%D0%BD%D0%BE_%D0%9B%D1%83%D0%B3%D0%B0%D0%BD%D1%81%D0%BA%D0%B8%D0%B9_%D0%B2%D0%B5%D1%81%D1%82%D0%BD%D0%B8%D0%BA_%E2%84%962-83.pdf
765,Станично-Луганский вестник,Stanichno-Luganskiy vestnik,Stanytsia Luhanska,Stanytsia Luhanska,Luganmedia,2025-01-31,15,https://luganmedia.ru/wp-content/uploads/2025/02/%D0%A1%D1%82%D0%B0%D0%BD%D0%B8%D1%87%D0%BD%D0%BE_%D0%9B%D1%83%D0%B3%D0%B0%D0%BD%D1%81%D0%BA%D0%B8%D0%B9_%D0%B2%D0%B5%D1%81%D1%82%D0%BD%D0%B8%D0%BA_%E2%84%963-84.pdf
783,Станично-Луганский вестник,Stanichno-Luganskiy vestnik,Stanytsia Luhanska,Stanytsia Luhanska,Luganmedia,2025-02-07,15,https://luganmedia.ru/wp-content/uploads/2025/02/%D0%A1%D1%82%D0%B0%D0%BD%D0%B8%D1%87%D0%BD%D0%BE_%D0%9B%D1%83%D0%B3%D0%B0%D0%BD%D1%81%D0%BA%D0%B8%D0%B9_%D0%B2%D0%B5%D1%81%D1%82%D0%BD%D0%B8%D0%BA_%E2%84%964-85.pdf
802,Станично-Луганский вестник,Stanichno-Luganskiy vestnik,Stanytsia Luhanska,Stanytsia Luhanska,Luganmedia,2025-02-14,15,https://luganmedia.ru/wp-content/uploads/2025/02/%D0%A1%D1%82%D0%B0%D0%BD%D0%B8%D1%87%D0%BD%D0%BE_%D0%9B%D1%83%D0%B3%D0%B0%D0%BD%D1%81%D0%BA%D0%B8%D0%B9_%D0%B2%D0%B5%D1%81%D1%82%D0%BD%D0%B8%D0%BA_%E2%84%965-86.pdf
805,Станично-Луганский вестник,Stanichno-Luganskiy vestnik,Stanytsia Luhanska,Stanytsia Luhanska,Luganmedia,2025-02-21,15,https://luganmedia.ru/wp-content/uploads/2025/03/%D0%A1%D1%82%D0%B0%D0%BD%D0%B8%D1%87%D0%BD%D0%BE_%D0%9B%D1%83%D0%B3%D0%B0%D0%BD%D1%81%D0%BA%D0%B8%D0%B9_%D0%B2%D0%B5%D1%81%D1%82%D0%BD%D0%B8%D0%BA_%E2%84%966-87.pdf
806,Станично-Луганский вестник,Stanichno-Luganskiy vestnik,Stanytsia Luhanska,Stanytsia Luhanska,Luganmedia,2025-02-28,15,https://luganmedia.ru/wp-content/uploads/2025/03/%D0%A1%D1%82%D0%B0%D0%BD%D0%B8%D1%87%D0%BD%D0%BE_%D0%9B%D1%83%D0%B3%D0%B0%D0%BD%D1%81%D0%BA%D0%B8%D0%B9_%D0%B2%D0%B5%D1%81%D1%82%D0%BD%D0%B8%D0%BA_%E2%84%967-88.pdf
807,Станично-Луганский вестник,Stanichno-Luganskiy vestnik,Stanytsia Luhanska,Stanytsia Luhanska,Luganmedia,2025-03-07,15,https://luganmedia.ru/wp-content/uploads/2025/03/%D0%A1%D1%82%D0%B0%D0%BD%D0%B8%D1%87%D0%BD%D0%BE_%D0%9B%D1%83%D0%B3%D0%B0%D0%BD%D1%81%D0%BA%D0%B8%D0%B9_%D0%B2%D0%B5%D1%81%D1%82%D0%BD%D0%B8%D0%BA_%E2%84%968-89.pdf
808,Станично-Луганский вестник,Stanichno-Luganskiy vestnik,Stanytsia Luhanska,Stanytsia Luhanska,Luganmedia,2025-03-14,15,https://luganmedia.ru/wp-content/uploads/2025/04/%D0%A1%D1%82%D0%B0%D0%BD%D0%B8%D1%87%D0%BD%D0%BE_%D0%9B%D1%83%D0%B3%D0%B0%D0%BD%D1%81%D0%BA%D0%B8%D0%B9_%D0%B2%D0%B5%D1%81%D1%82%D0%BD%D0%B8%D0%BA_%E2%84%969-90.pdf
746,Станично-Луганский вестник,Stanichno-Luganskiy vestnik,Stanytsia Luhanska,Stanytsia Luhanska,Luganmedia,2025-03-21,15,https://luganmedia.ru/wp-content/uploads/2025/04/%D0%A1%D1%82%D0%B0%D0%BD%D0%B8%D1%87%D0%BD%D0%BE_%D0%9B%D1%83%D0%B3%D0%B0%D0%BD%D1%81%D0%BA%D0%B8%D0%B9_%D0%B2%D0%B5%D1%81%D1%82%D0%BD%D0%B8%D0%BA_%E2%84%9610_91.pdf
747,Станично-Луганский вестник,Stanichno-Luganskiy vestnik,Stanytsia Luhanska,Stanytsia Luhanska,Luganmedia,2025-03-28,15,https://luganmedia.ru/wp-content/uploads/2025/04/%D0%A1%D1%82%D0%B0%D0%BD%D0%B8%D1%87%D0%BD%D0%BE_%D0%9B%D1%83%D0%B3%D0%B0%D0%BD%D1%81%D0%BA%D0%B8%D0%B9_%D0%B2%D0%B5%D1%81%D1%82%D0%BD%D0%B8%D0%BA_%E2%84%9611_92.pdf
748,Станично-Луганский вестник,Stanichno-Luganskiy vestnik,Stanytsia Luhanska,Stanytsia Luhanska,Luganmedia,2025-04-04,15,https://luganmedia.ru/wp-content/uploads/2025/04/%D0%A1%D1%82%D0%B0%D0%BD%D0%B8%D1%87%D0%BD%D0%BE_%D0%9B%D1%83%D0%B3%D0%B0%D0%BD%D1%81%D0%BA%D0%B8%D0%B9_%D0%B2%D0%B5%D1%81%D1%82%D0%BD%D0%B8%D0%BA_%E2%84%9612_93.pdf
749,Станично-Луганский вестник,Stanichno-Luganskiy vestnik,Stanytsia Luhanska,Stanytsia Luhanska,Luganmedia,2025-04-11,15,https://luganmedia.ru/wp-content/uploads/2025/05/%D0%A1%D1%82%D0%B0%D0%BD%D0%B8%D1%87%D0%BD%D0%BE_%D0%9B%D1%83%D0%B3%D0%B0%D0%BD%D1%81%D0%BA%D0%B8%D0%B9_%D0%B2%D0%B5%D1%81%D1%82%D0%BD%D0%B8%D0%BA_%E2%84%9613_94.pdf
750,Станично-Луганский вестник,Stanichno-Luganskiy vestnik,Stanytsia Luhanska,Stanytsia Luhanska,Luganmedia,2025-04-18,15,https://luganmedia.ru/wp-content/uploads/2025/05/%D0%A1%D1%82%D0%B0%D0%BD%D0%B8%D1%87%D0%BD%D0%BE_%D0%9B%D1%83%D0%B3%D0%B0%D0%BD%D1%81%D0%BA%D0%B8%D0%B9_%D0%B2%D0%B5%D1%81%D1%82%D0%BD%D0%B8%D0%BA_%E2%84%9614_95.pdf
751,Станично-Луганский вестник,Stanichno-Luganskiy vestnik,Stanytsia Luhanska,Stanytsia Luhanska,Luganmedia,2025-04-25,15,https://luganmedia.ru/wp-content/uploads/2025/06/%D0%A1%D1%82%D0%B0%D0%BD%D0%B8%D1%87%D0%BD%D0%BE_%D0%9B%D1%83%D0%B3%D0%B0%D0%BD%D1%81%D0%BA%D0%B8%D0%B9_%D0%B2%D0%B5%D1%81%D1%82%D0%BD%D0%B8%D0%BA_%E2%84%9615_96.pdf
752,Станично-Луганский вестник,Stanichno-Luganskiy vestnik,Stanytsia Luhanska,Stanytsia Luhanska,Luganmedia,2025-05-02,15,https://luganmedia.ru/wp-content/uploads/2025/06/%D0%A1%D1%82%D0%B0%D0%BD%D0%B8%D1%87%D0%BD%D0%BE_%D0%9B%D1%83%D0%B3%D0%B0%D0%BD%D1%81%D0%BA%D0%B8%D0%B9_%D0%B2%D0%B5%D1%81%D1%82%D0%BD%D0%B8%D0%BA_%E2%84%9616_97.pdf
799,Станично-Луганский вестник,Stanichno-Luganskiy vestnik,Stanytsia Luhanska,Stanytsia Luhanska,Luganmedia,2025-05-04,15,https://luganmedia.ru/wp-content/uploads/2025/12/%D0%A1%D1%82%D0%B0%D0%BD%D0%B8%D1%87%D0%BD%D0%BE_%D0%9B%D1%83%D0%B3%D0%B0%D0%BD%D1%81%D0%BA%D0%B8%D0%B9_%D0%B2%D0%B5%D1%81%D1%82%D0%BD%D0%B8%D0%BA_%E2%84%9647_128.pdf
753,Станично-Луганский вестник,Stanichno-Luganskiy vestnik,Stanytsia Luhanska,Stanytsia Luhanska,Luganmedia,2025-05-09,15,https://luganmedia.ru/wp-content/uploads/2025/06/%D0%A1%D1%82%D0%B0%D0%BD%D0%B8%D1%87%D0%BD%D0%BE_%D0%9B%D1%83%D0%B3%D0%B0%D0%BD%D1%81%D0%BA%D0%B8%D0%B9_%D0%B2%D0%B5%D1%81%D1%82%D0%BD%D0%B8%D0%BA_%E2%84%9617_98.pdf
754,Станично-Луганский вестник,Stanichno-Luganskiy vestnik,Stanytsia Luhanska,Stanytsia Luhanska,Luganmedia,2025-05-16,15,https://luganmedia.ru/wp-content/uploads/2025/06/%D0%A1%D1%82%D0%B0%D0%BD%D0%B8%D1%87%D0%BD%D0%BE_%D0%9B%D1%83%D0%B3%D0%B0%D0%BD%D1%81%D0%BA%D0%B8%D0%B9_%D0%B2%D0%B5%D1%81%D1%82%D0%BD%D0%B8%D0%BA_%E2%84%9618_99.pdf
755,Станично-Луганский вестник,Stanichno-Luganskiy vestnik,Stanytsia Luhanska,Stanytsia Luhanska,Luganmedia,2025-05-23,15,https://luganmedia.ru/wp-content/uploads/2025/06/%D0%A1%D1%82%D0%B0%D0%BD%D0%B8%D1%87%D0%BD%D0%BE_%D0%9B%D1%83%D0%B3%D0%B0%D0%BD%D1%81%D0%BA%D0%B8%D0%B9_%D0%B2%D0%B5%D1%81%D1%82%D0%BD%D0%B8%D0%BA_%E2%84%9619_100.pdf
757,Станично-Луганский вестник,Stanichno-Luganskiy vestnik,Stanytsia Luhanska,Stanytsia Luhanska,Luganmedia,2025-05-30,15,https://luganmedia.ru/wp-content/uploads/2025/06/%D0%A1%D1%82%D0%B0%D0%BD%D0%B8%D1%87%D0%BD%D0%BE_%D0%9B%D1%83%D0%B3%D0%B0%D0%BD%D1%81%D0%BA%D0%B8%D0%B9_%D0%B2%D0%B5%D1%81%D1%82%D0%BD%D0%B8%D0%BA_%E2%84%9620_101.pdf
809,Станично-Луганский вестник,Stanichno-Luganskiy vestnik,Stanytsia Luhanska,Stanytsia Luhanska,Luganmedia,2025-06-06,16,https://luganmedia.ru/wp-content/uploads/2025/06/%D0%A1%D1%82%D0%B0%D0%BD%D0%B8%D1%87%D0%BD%D0%BE_%D0%9B%D1%83%D0%B3%D0%B0%D0%BD%D1%81%D0%BA%D0%B8%D0%B9_%D0%B2%D0%B5%D1%81%D1%82%D0%BD%D0%B8%D0%BA_%E2%84%96_21_102.pdf
810,Станично-Луганский вестник,Stanichno-Luganskiy vestnik,Stanytsia Luhanska,Stanytsia Luhanska,Luganmedia,2025-06-13,15,https://luganmedia.ru/wp-content/uploads/2025/06/%D0%A1%D1%82%D0%B0%D0%BD%D0%B8%D1%87%D0%BD%D0%BE_%D0%9B%D1%83%D0%B3%D0%B0%D0%BD%D1%81%D0%BA%D0%B8%D0%B9_%D0%B2%D0%B5%D1%81%D1%82%D0%BD%D0%B8%D0%BA_%E2%84%96_22_103.pdf
758,Станично-Луганский вестник,Stanichno-Luganskiy vestnik,Stanytsia Luhanska,Stanytsia Luhanska,Luganmedia,2025-06-20,16,https://luganmedia.ru/wp-content/uploads/2025/06/%D0%A1%D1%82%D0%B0%D0%BD%D0%B8%D1%87%D0%BD%D0%BE_%D0%9B%D1%83%D0%B3%D0%B0%D0%BD%D1%81%D0%BA%D0%B8%D0%B9_%D0%B2%D0%B5%D1%81%D1%82%D0%BD%D0%B8%D0%BA_%E2%84%9623_104.pdf
759,Станично-Луганский вестник,Stanichno-Luganskiy vestnik,Stanytsia Luhanska,Stanytsia Luhanska,Luganmedia,2025-06-27,15,https://luganmedia.ru/wp-content/uploads/2025/11/%D0%A1%D1%82%D0%B0%D0%BD%D0%B8%D1%87%D0%BD%D0%BE_%D0%9B%D1%83%D0%B3%D0%B0%D0%BD%D1%81%D0%BA%D0%B8%D0%B9_%D0%B2%D0%B5%D1%81%D1%82%D0%BD%D0%B8%D0%BA_%E2%84%9624_105.pdf
760,Станично-Луганский вестник,Stanichno-Luganskiy vestnik,Stanytsia Luhanska,Stanytsia Luhanska,Luganmedia,2025-07-04,15,https://luganmedia.ru/wp-content/uploads/2025/11/%D0%A1%D1%82%D0%B0%D0%BD%D0%B8%D1%87%D0%BD%D0%BE_%D0%9B%D1%83%D0%B3%D0%B0%D0%BD%D1%81%D0%BA%D0%B8%D0%B9_%D0%B2%D0%B5%D1%81%D1%82%D0%BD%D0%B8%D0%BA_%E2%84%9625_106.pdf
761,Станично-Луганский вестник,Stanichno-Luganskiy vestnik,Stanytsia Luhanska,Stanytsia Luhanska,Luganmedia,2025-07-11,15,https://luganmedia.ru/wp-content/uploads/2025/11/%D0%A1%D1%82%D0%B0%D0%BD%D0%B8%D1%87%D0%BD%D0%BE_%D0%9B%D1%83%D0%B3%D0%B0%D0%BD%D1%81%D0%BA%D0%B8%D0%B9_%D0%B2%D0%B5%D1%81%D1%82%D0%BD%D0%B8%D0%BA_%E2%84%9626_107.pdf
762,Станично-Луганский вестник,Stanichno-Luganskiy vestnik,Stanytsia Luhanska,Stanytsia Luhanska,Luganmedia,2025-07-18,15,https://luganmedia.ru/wp-content/uploads/2025/11/%D0%A1%D1%82%D0%B0%D0%BD%D0%B8%D1%87%D0%BD%D0%BE_%D0%9B%D1%83%D0%B3%D0%B0%D0%BD%D1%81%D0%BA%D0%B8%D0%B9_%D0%B2%D0%B5%D1%81%D1%82%D0%BD%D0%B8%D0%BA_%E2%84%9627_108.pdf
763,Станично-Луганский вестник,Stanichno-Luganskiy vestnik,Stanytsia Luhanska,Stanytsia Luhanska,Luganmedia,2025-07-25,15,https://luganmedia.ru/wp-content/uploads/2025/11/%D0%A1%D1%82%D0%B0%D0%BD%D0%B8%D1%87%D0%BD%D0%BE_%D0%9B%D1%83%D0%B3%D0%B0%D0%BD%D1%81%D0%BA%D0%B8%D0%B9_%D0%B2%D0%B5%D1%81%D1%82%D0%BD%D0%B8%D0%BA_%E2%84%9628_109.pdf
790,Станично-Луганский вестник,Stanichno-Luganskiy vestnik,Stanytsia Luhanska,Stanytsia Luhanska,Luganmedia,2025-07-29,15,https://luganmedia.ru/wp-content/uploads/2025/11/%D0%A1%D1%82%D0%B0%D0%BD%D0%B8%D1%87%D0%BD%D0%BE_%D0%9B%D1%83%D0%B3%D0%B0%D0%BD%D1%81%D0%BA%D0%B8%D0%B9_%D0%B2%D0%B5%D1%81%D1%82%D0%BD%D0%B8%D0%BA_%E2%84%9643_124.pdf
764,Станично-Луганский вестник,Stanichno-Luganskiy vestnik,Stanytsia Luhanska,Stanytsia Luhanska,Luganmedia,2025-08-01,15,https://luganmedia.ru/wp-content/uploads/2025/11/%D0%A1%D1%82%D0%B0%D0%BD%D0%B8%D1%87%D0%BD%D0%BE_%D0%9B%D1%83%D0%B3%D0%B0%D0%BD%D1%81%D0%BA%D0%B8%D0%B9_%D0%B2%D0%B5%D1%81%D1%82%D0%BD%D0%B8%D0%BA_%E2%84%9629_110.pdf
766,Станично-Луганский вестник,Stanichno-Luganskiy vestnik,Stanytsia Luhanska,Stanytsia Luhanska,Luganmedia,2025-08-08,15,https://luganmedia.ru/wp-content/uploads/2025/11/%D0%A1%D1%82%D0%B0%D0%BD%D0%B8%D1%87%D0%BD%D0%BE_%D0%9B%D1%83%D0%B3%D0%B0%D0%BD%D1%81%D0%BA%D0%B8%D0%B9_%D0%B2%D0%B5%D1%81%D1%82%D0%BD%D0%B8%D0%BA_%E2%84%9630_111.pdf
767,Станично-Луганский вестник,Stanichno-Luganskiy vestnik,Stanytsia Luhanska,Stanytsia Luhanska,Luganmedia,2025-08-15,15,https://luganmedia.ru/wp-content/uploads/2025/11/%D0%A1%D1%82%D0%B0%D0%BD%D0%B8%D1%87%D0%BD%D0%BE_%D0%9B%D1%83%D0%B3%D0%B0%D0%BD%D1%81%D0%BA%D0%B8%D0%B9_%D0%B2%D0%B5%D1%81%D1%82%D0%BD%D0%B8%D0%BA_%E2%84%9631_112.pdf
768,Станично-Луганский вестник,Stanichno-Luganskiy vestnik,Stanytsia Luhanska,Stanytsia Luhanska,Luganmedia,2025-08-22,15,https://luganmedia.ru/wp-content/uploads/2025/11/%D0%A1%D1%82%D0%B0%D0%BD%D0%B8%D1%87%D0%BD%D0%BE_%D0%9B%D1%83%D0%B3%D0%B0%D0%BD%D1%81%D0%BA%D0%B8%D0%B9_%D0%B2%D0%B5%D1%81%D1%82%D0%BD%D0%B8%D0%BA_%E2%84%9632_113.pdf
769,Станично-Луганский вестник,Stanichno-Luganskiy vestnik,Stanytsia Luhanska,Stanytsia Luhanska,Luganmedia,2025-08-29,15,https://luganmedia.ru/wp-content/uploads/2025/11/%D0%A1%D1%82%D0%B0%D0%BD%D0%B8%D1%87%D0%BD%D0%BE_%D0%9B%D1%83%D0%B3%D0%B0%D0%BD%D1%81%D0%BA%D0%B8%D0%B9_%D0%B2%D0%B5%D1%81%D1%82%D0%BD%D0%B8%D0%BA_%E2%84%9633_114.pdf
777,Станично-Луганский вестник,Stanichno-Luganskiy vestnik,Stanytsia Luhanska,Stanytsia Luhanska,Luganmedia,2025-09-24,15,https://luganmedia.ru/wp-content/uploads/2025/11/%D0%A1%D1%82%D0%B0%D0%BD%D0%B8%D1%87%D0%BD%D0%BE_%D0%9B%D1%83%D0%B3%D0%B0%D0%BD%D1%81%D0%BA%D0%B8%D0%B9_%D0%B2%D0%B5%D1%81%D1%82%D0%BD%D0%B8%D0%BA_%E2%84%9637_118.pdf
771,Станично-Луганский вестник,Stanichno-Luganskiy vestnik,Stanytsia Luhanska,Stanytsia Luhanska,Luganmedia,2025-11-01,15,https://luganmedia.ru/wp-content/uploads/2025/11/%D0%A1%D1%82%D0%B0%D0%BD%D0%B8%D1%87%D0%BD%D0%BE_%D0%9B%D1%83%D0%B3%D0%B0%D0%BD%D1%81%D0%BA%D0%B8%D0%B9_%D0%B2%D0%B5%D1%81%D1%82%D0%BD%D0%B8%D0%BA_%E2%84%9634_115.pdf
773,Станично-Луганский вестник,Stanichno-Luganskiy vestnik,Stanytsia Luhanska,Stanytsia Luhanska,Luganmedia,2025-11-01,15,https://luganmedia.ru/wp-content/uploads/2025/11/%D0%A1%D1%82%D0%B0%D0%BD%D0%B8%D1%87%D0%BD%D0%BE_%D0%9B%D1%83%D0%B3%D0%B0%D0%BD%D1%81%D0%BA%D0%B8%D0%B9_%D0%B2%D0%B5%D1%81%D1%82%D0%BD%D0%B8%D0%BA_%E2%84%9635_116.pdf
775,Станично-Луганский вестник,Stanichno-Luganskiy vestnik,Stanytsia Luhanska,Stanytsia Luhanska,Luganmedia,2025-11-01,15,https://luganmedia.ru/wp-content/uploads/2025/11/%D0%A1%D1%82%D0%B0%D0%BD%D0%B8%D1%87%D0%BD%D0%BE_%D0%9B%D1%83%D0%B3%D0%B0%D0%BD%D1%81%D0%BA%D0%B8%D0%B9_%D0%B2%D0%B5%D1%81%D1%82%D0%BD%D0%B8%D0%BA_%E2%84%9636_117.pdf
779,Станично-Луганский вестник,Stanichno-Luganskiy vestnik,Stanytsia Luhanska,Stanytsia Luhanska,Luganmedia,2025-11-01,15,https://luganmedia.ru/wp-content/uploads/2025/11/%D0%A1%D1%82%D0%B0%D0%BD%D0%B8%D1%87%D0%BD%D0%BE_%D0%9B%D1%83%D0%B3%D0%B0%D0%BD%D1%81%D0%BA%D0%B8%D0%B9_%D0%B2%D0%B5%D1%81%D1%82%D0%BD%D0%B8%D0%BA_%E2%84%9638_119.pdf
784,Станично-Луганский вестник,Stanichno-Luganskiy vestnik,Stanytsia Luhanska,Stanytsia Luhanska,Luganmedia,2025-11-01,15,https://luganmedia.ru/wp-content/uploads/2025/11/%D0%A1%D1%82%D0%B0%D0%BD%D0%B8%D1%87%D0%BD%D0%BE_%D0%9B%D1%83%D0%B3%D0%B0%D0%BD%D1%81%D0%BA%D0%B8%D0%B9_%D0%B2%D0%B5%D1%81%D1%82%D0%BD%D0%B8%D0%BA_%E2%84%9640_121.pdf
787,Станично-Луганский вестник,Stanichno-Luganskiy vestnik,Stanytsia Luhanska,Stanytsia Luhanska,Luganmedia,2025-11-01,15,https://luganmedia.ru/wp-content/uploads/2025/11/%D0%A1%D1%82%D0%B0%D0%BD%D0%B8%D1%87%D0%BD%D0%BE_%D0%9B%D1%83%D0%B3%D0%B0%D0%BD%D1%81%D0%BA%D0%B8%D0%B9_%D0%B2%D0%B5%D1%81%D1%82%D0%BD%D0%B8%D0%BA_%E2%84%9641_122.pdf
788,Станично-Луганский вестник,Stanichno-Luganskiy vestnik,Stanytsia Luhanska,Stanytsia Luhanska,Luganmedia,2025-11-08,15,https://luganmedia.ru/wp-content/uploads/2025/11/%D0%A1%D1%82%D0%B0%D0%BD%D0%B8%D1%87%D0%BD%D0%BE_%D0%9B%D1%83%D0%B3%D0%B0%D0%BD%D1%81%D0%BA%D0%B8%D0%B9_%D0%B2%D0%B5%D1%81%D1%82%D0%BD%D0%B8%D0%BA_%E2%84%9642_123.pdf
792,Станично-Луганский вестник,Stanichno-Luganskiy vestnik,Stanytsia Luhanska,Stanytsia Luhanska,Luganmedia,2025-11-30,15,https://luganmedia.ru/wp-content/uploads/2025/11/%D0%A1%D1%82%D0%B0%D0%BD%D0%B8%D1%87%D0%BD%D0%BE_%D0%9B%D1%83%D0%B3%D0%B0%D0%BD%D1%81%D0%BA%D0%B8%D0%B9_%D0%B2%D0%B5%D1%81%D1%82%D0%BD%D0%B8%D0%BA_%E2%84%9644_125.pdf
794,Станично-Луганский вестник,Stanichno-Luganskiy vestnik,Stanytsia Luhanska,Stanytsia Luhanska,Luganmedia,2025-12-01,15,https://luganmedia.ru/wp-content/uploads/2025/12/%D0%A1%D1%82%D0%B0%D0%BD%D0%B8%D1%87%D0%BD%D0%BE_%D0%9B%D1%83%D0%B3%D0%B0%D0%BD%D1%81%D0%BA%D0%B8%D0%B9_%D0%B2%D0%B5%D1%81%D1%82%D0%BD%D0%B8%D0%BA_%E2%84%9645_126.pdf
1078,Станично-Луганский вестник,Stanichno-Luganskiy vestnik,Stanytsia Luhanska,Stanytsia Luhanska,Luganmedia,2026-04-03,15,https://luganmedia.ru/wp-content/uploads/2026/06/Станично-Луганский-Вестник-№-1-сжатый.pdf
1082,Станично-Луганский вестник,Stanichno-Luganskiy vestnik,Stanytsia Luhanska,Stanytsia Luhanska,Luganmedia,2026-04-10,15,https://luganmedia.ru/wp-content/uploads/2026/06/Станично-Луганский-Вестник-№2-сжатый.pdf
1079,Станично-Луганский вестник,Stanichno-Luganskiy vestnik,Stanytsia Luhanska,Stanytsia Luhanska,Luganmedia,2026-04-17,15,https://luganmedia.ru/wp-content/uploads/2026/06/Станично-Луганский-Вестник-№-3-сжатый.pdf
1080,Станично-Луганский вестник,Stanichno-Luganskiy vestnik,Stanytsia Luhanska,Stanytsia Luhanska,Luganmedia,2026-04-24,15,https://luganmedia.ru/wp-content/uploads/2026/06/Станично-Луганский-Вестник-№-4-сжатый.pdf
1081,Станично-Луганский вестник,Stanichno-Luganskiy vestnik,Stanytsia Luhanska,Stanytsia Luhanska,Luganmedia,2026-05-01,15,https://luganmedia.ru/wp-content/uploads/2026/06/Станично-Луганский-Вестник-№-5-сжатый.pdf
744,Станично-Луганский вестник,Stanichno-Luganskiy vestnik,Stanytsia Luhanska,Stanytsia Luhanska,Luganmedia,2026-05-15,16,https://luganmedia.ru/wp-content/uploads/2026/07/%D0%A1%D1%82%D0%B0%D0%BD%D0%B8%D1%87%D0%BD%D0%BE-%D0%9B%D1%83%D0%B3%D0%B0%D0%BD%D1%81%D0%BA%D0%B8%D0%B9-%D0%92%D0%B5%D1%81%D1%82%D0%BD%D0%B8%D0%BA-%E2%84%96-7-138.pdf
743,Станично-Луганский вестник,Stanichno-Luganskiy vestnik,Stanytsia Luhanska,Stanytsia Luhanska,Luganmedia,2026-06-05,15,https://luganmedia.ru/wp-content/uploads/2026/07/%D0%A1%D1%82%D0%B0%D0%BD%D0%B8%D1%87%D0%BD%D0%BE-%D0%9B%D1%83%D0%B3%D0%B0%D0%BD%D1%81%D0%BA%D0%B8%D0%B9-%D0%92%D0%B5%D1%81%D1%82%D0%BD%D0%B8%D0%BA-%E2%84%96-10-141.pdf
817,Старобельский вестник,Starobelskiy vestnik,Starobilsk,Starobilsk,Luganmedia,2024-08-23,15,https://luganmedia.ru/wp-content/uploads/2024/11/%D0%A1%D1%82%D0%B0%D1%80%D0%BE%D0%B1%D0%B5%D0%BB%D1%8C%D1%81%D0%BA%D0%B8%D0%B9-%D0%B2%D0%B5%D1%81%D1%82%D0%BD%D0%B8%D0%BA-%E2%84%96-33-63.pdf
818,Старобельский вестник,Starobelskiy vestnik,Starobilsk,Starobilsk,Luganmedia,2024-08-30,15,https://luganmedia.ru/wp-content/uploads/2024/11/%D0%A1%D1%82%D0%B0%D1%80%D0%BE%D0%B1%D0%B5%D0%BB%D1%8C%D1%81%D0%BA%D0%B8%D0%B9-%D0%B2%D0%B5%D1%81%D1%82%D0%BD%D0%B8%D0%BA-%E2%84%96-34.pdf
819,Старобельский вестник,Starobelskiy vestnik,Starobilsk,Starobilsk,Luganmedia,2024-09-06,15,https://luganmedia.ru/wp-content/uploads/2024/11/%D0%A1%D1%82%D0%B0%D1%80%D0%BE%D0%B1%D0%B5%D0%BB%D1%8C%D1%81%D0%BA%D0%B8%D0%B9-%D0%B2%D0%B5%D1%81%D1%82%D0%BD%D0%B8%D0%BA-%E2%84%96-35.pdf
820,Старобельский вестник,Starobelskiy vestnik,Starobilsk,Starobilsk,Luganmedia,2024-09-13,15,https://luganmedia.ru/wp-content/uploads/2024/11/%D0%A1%D1%82%D0%B0%D1%80%D0%BE%D0%B1%D0%B5%D0%BB%D1%8C%D1%81%D0%BA%D0%B8%D0%B9-%D0%B2%D0%B5%D1%81%D1%82%D0%BD%D0%B8%D0%BA-%E2%84%96-36.pdf
821,Старобельский вестник,Starobelskiy vestnik,Starobilsk,Starobilsk,Luganmedia,2024-09-20,15,https://luganmedia.ru/wp-content/uploads/2024/11/%D0%A1%D1%82%D0%B0%D1%80%D0%BE%D0%B1%D0%B5%D0%BB%D1%8C%D1%81%D0%BA%D0%B8%D0%B9-%D0%B2%D0%B5%D1%81%D1%82%D0%BD%D0%B8%D0%BA-%E2%84%96-37-67.pdf
822,Старобельский вестник,Starobelskiy vestnik,Starobilsk,Starobilsk,Luganmedia,2024-09-27,12,https://luganmedia.ru/wp-content/uploads/2024/11/%D0%A1%D1%82%D0%B0%D1%80%D0%BE%D0%B1%D0%B5%D0%BB%D1%8C%D1%81%D0%BA%D0%B8%D0%B9-%D0%B2%D0%B5%D1%81%D1%82%D0%BD%D0%B8%D0%BA-%E2%84%96-38.pdf
823,Старобельский вестник,Starobelskiy vestnik,Starobilsk,Starobilsk,Luganmedia,2024-10-04,15,https://luganmedia.ru/wp-content/uploads/2024/11/%D0%A1%D1%82%D0%B0%D1%80%D0%BE%D0%B1%D0%B5%D0%BB%D1%8C%D1%81%D0%BA%D0%B8%D0%B9-%D0%B2%D0%B5%D1%81%D1%82%D0%BD%D0%B8%D0%BA-%E2%84%96-39.pdf
825,Старобельский вестник,Starobelskiy vestnik,Starobilsk,Starobilsk,Luganmedia,2024-10-11,15,https://luganmedia.ru/wp-content/uploads/2024/11/%D0%A1%D1%82%D0%B0%D1%80%D0%BE%D0%B1%D0%B5%D0%BB%D1%8C%D1%81%D0%BA%D0%B8%D0%B9-%D0%B2%D0%B5%D1%81%D1%82%D0%BD%D0%B8%D0%BA-%E2%84%96-40-70.pdf
826,Старобельский вестник,Starobelskiy vestnik,Starobilsk,Starobilsk,Luganmedia,2024-10-18,15,https://luganmedia.ru/wp-content/uploads/2024/11/%D0%A1%D1%82%D0%B0%D1%80%D0%BE%D0%B1%D0%B5%D0%BB%D1%8C%D1%81%D0%BA%D0%B8%D0%B9-%D0%B2%D0%B5%D1%81%D1%82%D0%BD%D0%B8%D0%BA-%E2%84%96-41.pdf
827,Старобельский вестник,Starobelskiy vestnik,Starobilsk,Starobilsk,Luganmedia,2024-10-25,15,https://luganmedia.ru/wp-content/uploads/2024/11/%D0%A1%D1%82%D0%B0%D1%80%D0%BE%D0%B1%D0%B5%D0%BB%D1%8C%D1%81%D0%BA%D0%B8%D0%B9-%D0%B2%D0%B5%D1%81%D1%82%D0%BD%D0%B8%D0%BA-%E2%84%96-42.pdf
828,Старобельский вестник,Starobelskiy vestnik,Starobilsk,Starobilsk,Luganmedia,2024-11-01,16,https://luganmedia.ru/wp-content/uploads/2024/11/%D0%A1%D1%82%D0%B0%D1%80%D0%BE%D0%B1%D0%B5%D0%BB%D1%8C%D1%81%D0%BA%D0%B8%D0%B9-%D0%B2%D0%B5%D1%81%D1%82%D0%BD%D0%B8%D0%BA-%E2%84%96-43.pdf
829,Старобельский вестник,Starobelskiy vestnik,Starobilsk,Starobilsk,Luganmedia,2024-11-08,16,https://luganmedia.ru/wp-content/uploads/2024/11/%D0%A1%D1%82%D0%B0%D1%80%D0%BE%D0%B1%D0%B5%D0%BB%D1%8C%D1%81%D0%BA%D0%B8%D0%B9-%D0%B2%D0%B5%D1%81%D1%82%D0%BD%D0%B8%D0%BA-%E2%84%96-44-74.pdf
830,Старобельский вестник,Starobelskiy vestnik,Starobilsk,Starobilsk,Luganmedia,2024-11-15,15,https://luganmedia.ru/wp-content/uploads/2024/11/%D0%A1%D1%82%D0%B0%D1%80%D0%BE%D0%B1%D0%B5%D0%BB%D1%8C%D1%81%D0%BA%D0%B8%D0%B9-%D0%B2%D0%B5%D1%81%D1%82%D0%BD%D0%B8%D0%BA-%E2%84%96-45-75-2.pdf
831,Старобельский вестник,Starobelskiy vestnik,Starobilsk,Starobilsk,Luganmedia,2024-11-22,15,https://luganmedia.ru/wp-content/uploads/2024/11/%D0%A1%D1%82%D0%B0%D1%80%D0%BE%D0%B1%D0%B5%D0%BB%D1%8C%D1%81%D0%BA%D0%B8%D0%B9-%D0%B2%D0%B5%D1%81%D1%82%D0%BD%D0%B8%D0%BA-%E2%84%96-46-76.pdf
832,Старобельский вестник,Starobelskiy vestnik,Starobilsk,Starobilsk,Luganmedia,2024-11-29,15,https://luganmedia.ru/wp-content/uploads/2024/12/%D0%A1%D1%82%D0%B0%D1%80%D0%BE%D0%B1%D0%B5%D0%BB%D1%8C%D1%81%D0%BA%D0%B8%D0%B9-%D0%B2%D0%B5%D1%81%D1%82%D0%BD%D0%B8%D0%BA-%E2%84%96-47-77.pdf
833,Старобельский вестник,Starobelskiy vestnik,Starobilsk,Starobilsk,Luganmedia,2024-12-06,15,https://luganmedia.ru/wp-content/uploads/2024/12/%D0%A1%D1%82%D0%B0%D1%80%D0%BE%D0%B1%D0%B5%D0%BB%D1%8C%D1%81%D0%BA%D0%B8%D0%B9-%D0%B2%D0%B5%D1%81%D1%82%D0%BD%D0%B8%D0%BA-%E2%84%96-48-78.pdf
834,Старобельский вестник,Starobelskiy vestnik,Starobilsk,Starobilsk,Luganmedia,2024-12-13,15,https://luganmedia.ru/wp-content/uploads/2024/12/%D0%A1%D1%82%D0%B0%D1%80%D0%BE%D0%B1%D0%B5%D0%BB%D1%8C%D1%81%D0%BA%D0%B8%D0%B9-%D0%B2%D0%B5%D1%81%D1%82%D0%BD%D0%B8%D0%BA-%E2%84%96-49-79.pdf
836,Старобельский вестник,Starobelskiy vestnik,Starobilsk,Starobilsk,Luganmedia,2024-12-20,15,https://luganmedia.ru/wp-content/uploads/2024/12/%D0%A1%D1%82%D0%B0%D1%80%D0%BE%D0%B1%D0%B5%D0%BB%D1%8C%D1%81%D0%BA%D0%B8%D0%B9-%D0%B2%D0%B5%D1%81%D1%82%D0%BD%D0%B8%D0%BA-%E2%84%96-50-80.pdf
837,Старобельский вестник,Starobelskiy vestnik,Starobilsk,Starobilsk,Luganmedia,2024-12-27,15,https://luganmedia.ru/wp-content/uploads/2025/01/%D0%A1%D1%82%D0%B0%D1%80%D0%BE%D0%B1%D0%B5%D0%BB%D1%8C%D1%81%D0%BA%D0%B8%D0%B9-%D0%B2%D0%B5%D1%81%D1%82%D0%BD%D0%B8%D0%BA-%E2%84%96-51-81.pdf
811,Старобельский вестник,Starobelskiy vestnik,Starobilsk,Starobilsk,Luganmedia,2025-01-17,15,https://luganmedia.ru/wp-content/uploads/2025/01/%D0%A1%D1%82%D0%B0%D1%80%D0%BE%D0%B1%D0%B5%D0%BB%D1%8C%D1%81%D0%BA%D0%B8%D0%B9-%D0%B2%D0%B5%D1%81%D1%82%D0%BD%D0%B8%D0%BA-%E2%84%96-1-82.pdf
815,Старобельский вестник,Starobelskiy vestnik,Starobilsk,Starobilsk,Luganmedia,2025-01-24,15,https://luganmedia.ru/wp-content/uploads/2025/02/%D0%A1%D1%82%D0%B0%D1%80%D0%BE%D0%B1%D0%B5%D0%BB%D1%8C%D1%81%D0%BA%D0%B8%D0%B9-%D0%B2%D0%B5%D1%81%D1%82%D0%BD%D0%B8%D0%BA-%E2%84%96-2-83.pdf
816,Старобельский вестник,Starobelskiy vestnik,Starobilsk,Starobilsk,Luganmedia,2025-01-31,15,https://luganmedia.ru/wp-content/uploads/2025/02/%D0%A1%D1%82%D0%B0%D1%80%D0%BE%D0%B1%D0%B5%D0%BB%D1%8C%D1%81%D0%BA%D0%B8%D0%B9-%D0%B2%D0%B5%D1%81%D1%82%D0%BD%D0%B8%D0%BA-%E2%84%96-3-84.pdf
824,Старобельский вестник,Starobelskiy vestnik,Starobilsk,Starobilsk,Luganmedia,2025-02-07,15,https://luganmedia.ru/wp-content/uploads/2025/02/%D0%A1%D1%82%D0%B0%D1%80%D0%BE%D0%B1%D0%B5%D0%BB%D1%8C%D1%81%D0%BA%D0%B8%D0%B9-%D0%B2%D0%B5%D1%81%D1%82%D0%BD%D0%B8%D0%BA-%E2%84%96-4-85.pdf
835,Старобельский вестник,Starobelskiy vestnik,Starobilsk,Starobilsk,Luganmedia,2025-02-14,15,https://luganmedia.ru/wp-content/uploads/2025/02/%D0%A1%D1%82%D0%B0%D1%80%D0%BE%D0%B1%D0%B5%D0%BB%D1%8C%D1%81%D0%BA%D0%B8%D0%B9-%D0%B2%D0%B5%D1%81%D1%82%D0%BD%D0%B8%D0%BA-%E2%84%96-5-86.pdf
838,Старобельский вестник,Starobelskiy vestnik,Starobilsk,Starobilsk,Luganmedia,2025-02-21,15,https://luganmedia.ru/wp-content/uploads/2025/03/%D0%A1%D1%82%D0%B0%D1%80%D0%BE%D0%B1%D0%B5%D0%BB%D1%8C%D1%81%D0%BA%D0%B8%D0%B9-%D0%B2%D0%B5%D1%81%D1%82%D0%BD%D0%B8%D0%BA-%E2%84%96-6-87.pdf
839,Старобельский вестник,Starobelskiy vestnik,Starobilsk,Starobilsk,Luganmedia,2025-02-28,15,https://luganmedia.ru/wp-content/uploads/2025/03/%D0%A1%D1%82%D0%B0%D1%80%D0%BE%D0%B1%D0%B5%D0%BB%D1%8C%D1%81%D0%BA%D0%B8%D0%B9-%D0%B2%D0%B5%D1%81%D1%82%D0%BD%D0%B8%D0%BA-%E2%84%96-7-88.pdf
840,Старобельский вестник,Starobelskiy vestnik,Starobilsk,Starobilsk,Luganmedia,2025-03-07,15,https://luganmedia.ru/wp-content/uploads/2025/03/%D0%A1%D1%82%D0%B0%D1%80%D0%BE%D0%B1%D0%B5%D0%BB%D1%8C%D1%81%D0%BA%D0%B8%D0%B9-%D0%B2%D0%B5%D1%81%D1%82%D0%BD%D0%B8%D0%BA-%E2%84%96-8-89.pdf
841,Старобельский вестник,Starobelskiy vestnik,Starobilsk,Starobilsk,Luganmedia,2025-03-14,15,https://luganmedia.ru/wp-content/uploads/2025/04/%D0%A1%D1%82%D0%B0%D1%80%D0%BE%D0%B1%D0%B5%D0%BB%D1%8C%D1%81%D0%BA%D0%B8%D0%B9-%D0%B2%D0%B5%D1%81%D1%82%D0%BD%D0%B8%D0%BA-%E2%84%96-9-90.pdf
812,Старобельский вестник,Starobelskiy vestnik,Starobilsk,Starobilsk,Luganmedia,2025-03-21,15,https://luganmedia.ru/wp-content/uploads/2025/04/%D0%A1%D1%82%D0%B0%D1%80%D0%BE%D0%B1%D0%B5%D0%BB%D1%8C%D1%81%D0%BA%D0%B8%D0%B9-%D0%B2%D0%B5%D1%81%D1%82%D0%BD%D0%B8%D0%BA-%E2%84%96-10-91.pdf
813,Старобельский вестник,Starobelskiy vestnik,Starobilsk,Starobilsk,Luganmedia,2025-03-28,15,https://luganmedia.ru/wp-content/uploads/2025/04/%D0%A1%D1%82%D0%B0%D1%80%D0%BE%D0%B1%D0%B5%D0%BB%D1%8C%D1%81%D0%BA%D0%B8%D0%B9-%D0%B2%D0%B5%D1%81%D1%82%D0%BD%D0%B8%D0%BA-%E2%84%96-11-92.pdf
814,Старобельский вестник,Starobelskiy vestnik,Starobilsk,Starobilsk,Luganmedia,2025-04-04,15,https://luganmedia.ru/wp-content/uploads/2025/04/%D0%A1%D1%82%D0%B0%D1%80%D0%BE%D0%B1%D0%B5%D0%BB%D1%8C%D1%81%D0%BA%D0%B8%D0%B9-%D0%B2%D0%B5%D1%81%D1%82%D0%BD%D0%B8%D0%BA-%E2%84%96-12-93.pdf
1083,Старобельский вестник,Starobelskiy vestnik,Starobilsk,Starobilsk,Luganmedia,2026-04-03,15,https://luganmedia.ru/wp-content/uploads/2026/06/Старобельский-вестник-№-1-132-сжатый.pdf
1084,Старобельский вестник,Starobelskiy vestnik,Starobilsk,Starobilsk,Luganmedia,2026-04-10,15,https://luganmedia.ru/wp-content/uploads/2026/06/Старобельский-вестник-№-2-133-сжатый.pdf
1085,Старобельский вестник,Starobelskiy vestnik,Starobilsk,Starobilsk,Luganmedia,2026-04-17,15,https://luganmedia.ru/wp-content/uploads/2026/06/Старобельский-вестник-№-3-134-сжатый.pdf
1086,Старобельский вестник,Starobelskiy vestnik,Starobilsk,Starobilsk,Luganmedia,2026-04-24,15,https://luganmedia.ru/wp-content/uploads/2026/06/Старобельский-вестник-№-4-135-сжатый.pdf
1087,Старобельский вестник,Starobelskiy vestnik,Starobilsk,Starobilsk,Luganmedia,2026-05-01,15,https://luganmedia.ru/wp-content/uploads/2026/06/Старобельский-вестник-№-5-136-сжатый.pdf
600,Сватовский вестник,Svatovskiy vestnik,Svatove,Svatove,Luganmedia,2024-08-22,15,https://luganmedia.ru/wp-content/uploads/2024/11/%D0%A1%D0%B2%D0%B0%D1%82%D0%BE%D0%B2%D1%81%D0%BA%D0%B8%D0%B9-%D0%B2%D0%B5%D1%81%D1%82%D0%BD%D0%B8%D0%BA-%E2%84%96-33-63.pdf
601,Сватовский вестник,Svatovskiy vestnik,Svatove,Svatove,Luganmedia,2024-08-29,15,https://luganmedia.ru/wp-content/uploads/2024/11/%D0%A1%D0%B2%D0%B0%D1%82%D0%BE%D0%B2%D1%81%D0%BA%D0%B8%D0%B9-%D0%B2%D0%B5%D1%81%D1%82%D0%BD%D0%B8%D0%BA-%E2%84%96-34-64.pdf
602,Сватовский вестник,Svatovskiy vestnik,Svatove,Svatove,Luganmedia,2024-09-05,15,https://luganmedia.ru/wp-content/uploads/2024/11/%D0%A1%D0%B2%D0%B0%D1%82%D0%BE%D0%B2%D1%81%D0%BA%D0%B8%D0%B9-%D0%B2%D0%B5%D1%81%D1%82%D0%BD%D0%B8%D0%BA-%E2%84%96-35-65.pdf
603,Сватовский вестник,Svatovskiy vestnik,Svatove,Svatove,Luganmedia,2024-09-12,15,https://luganmedia.ru/wp-content/uploads/2024/11/%D0%A1%D0%B2%D0%B0%D1%82%D0%BE%D0%B2%D1%81%D0%BA%D0%B8%D0%B9-%D0%B2%D0%B5%D1%81%D1%82%D0%BD%D0%B8%D0%BA-%E2%84%96-36-66.pdf
604,Сватовский вестник,Svatovskiy vestnik,Svatove,Svatove,Luganmedia,2024-09-19,15,https://luganmedia.ru/wp-content/uploads/2024/11/%D0%A1%D0%B2%D0%B0%D1%82%D0%BE%D0%B2%D1%81%D0%BA%D0%B8%D0%B9-%D0%B2%D0%B5%D1%81%D1%82%D0%BD%D0%B8%D0%BA-%E2%84%96-37-67.pdf
605,Сватовский вестник,Svatovskiy vestnik,Svatove,Svatove,Luganmedia,2024-09-26,15,https://luganmedia.ru/wp-content/uploads/2024/11/%D0%A1%D0%B2%D0%B0%D1%82%D0%BE%D0%B2%D1%81%D0%BA%D0%B8%D0%B9-%D0%B2%D0%B5%D1%81%D1%82%D0%BD%D0%B8%D0%BA-%E2%84%96-38-68.pdf
606,Сватовский вестник,Svatovskiy vestnik,Svatove,Svatove,Luganmedia,2024-10-03,15,https://luganmedia.ru/wp-content/uploads/2024/11/%D0%A1%D0%B2%D0%B0%D1%82%D0%BE%D0%B2%D1%81%D0%BA%D0%B8%D0%B9-%D0%B2%D0%B5%D1%81%D1%82%D0%BD%D0%B8%D0%BA-%E2%84%96-39-69.pdf
608,Сватовский вестник,Svatovskiy vestnik,Svatove,Svatove,Luganmedia,2024-10-10,15,https://luganmedia.ru/wp-content/uploads/2024/11/%D0%A1%D0%B2%D0%B0%D1%82%D0%BE%D0%B2%D1%81%D0%BA%D0%B8%D0%B9-%D0%B2%D0%B5%D1%81%D1%82%D0%BD%D0%B8%D0%BA-%E2%84%96-40-2.pdf
609,Сватовский вестник,Svatovskiy vestnik,Svatove,Svatove,Luganmedia,2024-10-17,15,https://luganmedia.ru/wp-content/uploads/2024/11/%D0%A1%D0%B2%D0%B0%D1%82%D0%BE%D0%B2%D1%81%D0%BA%D0%B8%D0%B9-%D0%B2%D0%B5%D1%81%D1%82%D0%BD%D0%B8%D0%BA-%E2%84%96-41-71.pdf
610,Сватовский вестник,Svatovskiy vestnik,Svatove,Svatove,Luganmedia,2024-10-24,15,https://luganmedia.ru/wp-content/uploads/2024/11/%D0%A1%D0%B2%D0%B0%D1%82%D0%BE%D0%B2%D1%81%D0%BA%D0%B8%D0%B9-%D0%B2%D0%B5%D1%81%D1%82%D0%BD%D0%B8%D0%BA-%E2%84%96-42-72.pdf
611,Сватовский вестник,Svatovskiy vestnik,Svatove,Svatove,Luganmedia,2024-10-31,15,https://luganmedia.ru/wp-content/uploads/2024/11/%D0%A1%D0%B2%D0%B0%D1%82%D0%BE%D0%B2%D1%81%D0%BA%D0%B8%D0%B9-%D0%B2%D0%B5%D1%81%D1%82%D0%BD%D0%B8%D0%BA-%E2%84%96-43-73.pdf
612,Сватовский вестник,Svatovskiy vestnik,Svatove,Svatove,Luganmedia,2024-11-07,15,https://luganmedia.ru/wp-content/uploads/2024/11/%D0%A1%D0%B2%D0%B0%D1%82%D0%BE%D0%B2%D1%81%D0%BA%D0%B8%D0%B9-%D0%B2%D0%B5%D1%81%D1%82%D0%BD%D0%B8%D0%BA-%E2%84%96-44-74.pdf
613,Сватовский вестник,Svatovskiy vestnik,Svatove,Svatove,Luganmedia,2024-11-14,15,https://luganmedia.ru/wp-content/uploads/2024/11/%D0%A1%D0%B2%D0%B0%D1%82%D0%BE%D0%B2%D1%81%D0%BA%D0%B8%D0%B9-%D0%B2%D0%B5%D1%81%D1%82%D0%BD%D0%B8%D0%BA-%E2%84%96-45-75-2.pdf
614,Сватовский вестник,Svatovskiy vestnik,Svatove,Svatove,Luganmedia,2024-11-21,16,https://luganmedia.ru/wp-content/uploads/2024/11/%D0%A1%D0%B2%D0%B0%D1%82%D0%BE%D0%B2%D1%81%D0%BA%D0%B8%D0%B9-%D0%B2%D0%B5%D1%81%D1%82%D0%BD%D0%B8%D0%BA-%E2%84%96-46-76.pdf
615,Сватовский вестник,Svatovskiy vestnik,Svatove,Svatove,Luganmedia,2024-11-28,15,https://luganmedia.ru/wp-content/uploads/2024/12/%D0%A1%D0%B2%D0%B0%D1%82%D0%BE%D0%B2%D1%81%D0%BA%D0%B8%D0%B9-%D0%B2%D0%B5%D1%81%D1%82%D0%BD%D0%B8%D0%BA-%E2%84%96-47-77.pdf
616,Сватовский вестник,Svatovskiy vestnik,Svatove,Svatove,Luganmedia,2024-12-05,15,https://luganmedia.ru/wp-content/uploads/2024/12/%D0%A1%D0%B2%D0%B0%D1%82%D0%BE%D0%B2%D1%81%D0%BA%D0%B8%D0%B9-%D0%B2%D0%B5%D1%81%D1%82%D0%BD%D0%B8%D0%BA-%E2%84%96-48-78.pdf
624,Сватовский вестник,Svatovskiy vestnik,Svatove,Svatove,Luganmedia,2024-12-12,15,https://luganmedia.ru/wp-content/uploads/2024/12/%D0%A1%D0%B2%D0%B0%D1%82%D0%BE%D0%B2%D1%81%D0%BA%D0%B8%D0%B9_%D0%B2%D0%B5%D1%81%D1%82%D0%BD%D0%B8%D0%BA_%E2%84%96_49_79_pdf.pdf
618,Сватовский вестник,Svatovskiy vestnik,Svatove,Svatove,Luganmedia,2024-12-19,12,https://luganmedia.ru/wp-content/uploads/2024/12/%D0%A1%D0%B2%D0%B0%D1%82%D0%BE%D0%B2%D1%81%D0%BA%D0%B8%D0%B9-%D0%B2%D0%B5%D1%81%D1%82%D0%BD%D0%B8%D0%BA-%E2%84%96-50-80.pdf
619,Сватовский вестник,Svatovskiy vestnik,Svatove,Svatove,Luganmedia,2024-12-26,15,https://luganmedia.ru/wp-content/uploads/2025/01/%D0%A1%D0%B2%D0%B0%D1%82%D0%BE%D0%B2%D1%81%D0%BA%D0%B8%D0%B9-%D0%B2%D0%B5%D1%81%D1%82%D0%BD%D0%B8%D0%BA-%E2%84%96-51-81.pdf
594,Сватовский вестник,Svatovskiy vestnik,Svatove,Svatove,Luganmedia,2025-01-16,16,https://luganmedia.ru/wp-content/uploads/2025/01/%D0%A1%D0%B2%D0%B0%D1%82%D0%BE%D0%B2%D1%81%D0%BA%D0%B8%D0%B9-%D0%B2%D0%B5%D1%81%D1%82%D0%BD%D0%B8%D0%BA-%E2%84%96-1-82.pdf
598,Сватовский вестник,Svatovskiy vestnik,Svatove,Svatove,Luganmedia,2025-01-23,15,https://luganmedia.ru/wp-content/uploads/2025/02/%D0%A1%D0%B2%D0%B0%D1%82%D0%BE%D0%B2%D1%81%D0%BA%D0%B8%D0%B9-%D0%B2%D0%B5%D1%81%D1%82%D0%BD%D0%B8%D0%BA-%E2%84%96-2-83.pdf
599,Сватовский вестник,Svatovskiy vestnik,Svatove,Svatove,Luganmedia,2025-01-30,15,https://luganmedia.ru/wp-content/uploads/2025/02/%D0%A1%D0%B2%D0%B0%D1%82%D0%BE%D0%B2%D1%81%D0%BA%D0%B8%D0%B9-%D0%B2%D0%B5%D1%81%D1%82%D0%BD%D0%B8%D0%BA-%E2%84%96-3-84.pdf
607,Сватовский вестник,Svatovskiy vestnik,Svatove,Svatove,Luganmedia,2025-02-06,14,https://luganmedia.ru/wp-content/uploads/2025/02/%D0%A1%D0%B2%D0%B0%D1%82%D0%BE%D0%B2%D1%81%D0%BA%D0%B8%D0%B9-%D0%B2%D0%B5%D1%81%D1%82%D0%BD%D0%B8%D0%BA-%E2%84%96-4-85.pdf
617,Сватовский вестник,Svatovskiy vestnik,Svatove,Svatove,Luganmedia,2025-02-13,15,https://luganmedia.ru/wp-content/uploads/2025/02/%D0%A1%D0%B2%D0%B0%D1%82%D0%BE%D0%B2%D1%81%D0%BA%D0%B8%D0%B9-%D0%B2%D0%B5%D1%81%D1%82%D0%BD%D0%B8%D0%BA-%E2%84%96-5-86.pdf
620,Сватовский вестник,Svatovskiy vestnik,Svatove,Svatove,Luganmedia,2025-02-20,15,https://luganmedia.ru/wp-content/uploads/2025/03/%D0%A1%D0%B2%D0%B0%D1%82%D0%BE%D0%B2%D1%81%D0%BA%D0%B8%D0%B9-%D0%B2%D0%B5%D1%81%D1%82%D0%BD%D0%B8%D0%BA-%E2%84%96-6-87.pdf
621,Сватовский вестник,Svatovskiy vestnik,Svatove,Svatove,Luganmedia,2025-02-27,15,https://luganmedia.ru/wp-content/uploads/2025/03/%D0%A1%D0%B2%D0%B0%D1%82%D0%BE%D0%B2%D1%81%D0%BA%D0%B8%D0%B9-%D0%B2%D0%B5%D1%81%D1%82%D0%BD%D0%B8%D0%BA-%E2%84%96-7-88.pdf
622,Сватовский вестник,Svatovskiy vestnik,Svatove,Svatove,Luganmedia,2025-03-06,15,https://luganmedia.ru/wp-content/uploads/2025/03/%D0%A1%D0%B2%D0%B0%D1%82%D0%BE%D0%B2%D1%81%D0%BA%D0%B8%D0%B9-%D0%B2%D0%B5%D1%81%D1%82%D0%BD%D0%B8%D0%BA-%E2%84%96-8-89.pdf
623,Сватовский вестник,Svatovskiy vestnik,Svatove,Svatove,Luganmedia,2025-03-13,15,https://luganmedia.ru/wp-content/uploads/2025/04/%D0%A1%D0%B2%D0%B0%D1%82%D0%BE%D0%B2%D1%81%D0%BA%D0%B8%D0%B9-%D0%B2%D0%B5%D1%81%D1%82%D0%BD%D0%B8%D0%BA-%E2%84%96-9-90.pdf
595,Сватовский вестник,Svatovskiy vestnik,Svatove,Svatove,Luganmedia,2025-03-20,15,https://luganmedia.ru/wp-content/uploads/2025/04/%D0%A1%D0%B2%D0%B0%D1%82%D0%BE%D0%B2%D1%81%D0%BA%D0%B8%D0%B9-%D0%B2%D0%B5%D1%81%D1%82%D0%BD%D0%B8%D0%BA-%E2%84%96-10-91.pdf
596,Сватовский вестник,Svatovskiy vestnik,Svatove,Svatove,Luganmedia,2025-03-27,15,https://luganmedia.ru/wp-content/uploads/2025/04/%D0%A1%D0%B2%D0%B0%D1%82%D0%BE%D0%B2%D1%81%D0%BA%D0%B8%D0%B9-%D0%B2%D0%B5%D1%81%D1%82%D0%BD%D0%B8%D0%BA-%E2%84%96-11-92.pdf
597,Сватовский вестник,Svatovskiy vestnik,Svatove,Svatove,Luganmedia,2025-04-03,15,https://luganmedia.ru/wp-content/uploads/2025/04/%D0%A1%D0%B2%D0%B0%D1%82%D0%BE%D0%B2%D1%81%D0%BA%D0%B8%D0%B9-%D0%B2%D0%B5%D1%81%D1%82%D0%BD%D0%B8%D0%BA-%E2%84%96-12-93.pdf
1063,Сватовский вестник,Svatovskiy vestnik,Svatove,Svatove,Luganmedia,2026-04-02,15,https://luganmedia.ru/wp-content/uploads/2026/06/Сватовский-вестник-№-1-132-сжатый.pdf
1064,Сватовский вестник,Svatovskiy vestnik,Svatove,Svatove,Luganmedia,2026-04-09,15,https://luganmedia.ru/wp-content/uploads/2026/06/Сватовский-вестник-№-2-133-сжатый.pdf
1065,Сватовский вестник,Svatovskiy vestnik,Svatove,Svatove,Luganmedia,2026-04-16,15,https://luganmedia.ru/wp-content/uploads/2026/06/Сватовский-вестник-№-3-134-сжатый.pdf
1066,Сватовский вестник,Svatovskiy vestnik,Svatove,Svatove,Luganmedia,2026-04-23,15,https://luganmedia.ru/wp-content/uploads/2026/06/Сватовский-вестник-№-4-135-сжатый.pdf
1067,Сватовский вестник,Svatovskiy vestnik,Svatove,Svatove,Luganmedia,2026-04-30,15,https://luganmedia.ru/wp-content/uploads/2026/06/Сватовский-вестник-№-5-136-сжатый.pdf
918,Троицкие вести,Troitskie vesti,Troitske,Troitske,Luganmedia,2024-08-23,15,https://luganmedia.ru/wp-content/uploads/2024/11/%D0%A2%D1%80%D0%BE%D0%B8%D1%86%D0%BA%D0%B8%D0%B5-%D0%B2%D0%B5%D1%81%D1%82%D0%B8-%E2%84%96-33-63.pdf
893,Троицкие вести,Troitskie vesti,Troitske,Troitske,Luganmedia,2024-08-30,16,https://luganmedia.ru/wp-content/uploads/2024/11/%D0%A2%D1%80%D0%BE%D0%B8%D1%86%D0%BA%D0%B8%D0%B5-%D0%B2%D0%B5%D1%81%D1%82%D0%B8-34-64.pdf
894,Троицкие вести,Troitskie vesti,Troitske,Troitske,Luganmedia,2024-09-06,16,https://luganmedia.ru/wp-content/uploads/2024/11/%D0%A2%D1%80%D0%BE%D0%B8%D1%86%D0%BA%D0%B8%D0%B5-%D0%B2%D0%B5%D1%81%D1%82%D0%B8-35-65.pdf
895,Троицкие вести,Troitskie vesti,Troitske,Troitske,Luganmedia,2024-09-13,16,https://luganmedia.ru/wp-content/uploads/2024/11/%D0%A2%D1%80%D0%BE%D0%B8%D1%86%D0%BA%D0%B8%D0%B5-%D0%B2%D0%B5%D1%81%D1%82%D0%B8-36-66-%D0%BD%D0%B0-%D0%BF%D0%B5%D1%87%D0%B0%D1%82%D1%8C.pdf
896,Троицкие вести,Troitskie vesti,Troitske,Troitske,Luganmedia,2024-09-20,15,https://luganmedia.ru/wp-content/uploads/2024/11/%D0%A2%D1%80%D0%BE%D0%B8%D1%86%D0%BA%D0%B8%D0%B5-%D0%B2%D0%B5%D1%81%D1%82%D0%B8-37-67.pdf
897,Троицкие вести,Troitskie vesti,Troitske,Troitske,Luganmedia,2024-09-27,15,https://luganmedia.ru/wp-content/uploads/2024/11/%D0%A2%D1%80%D0%BE%D0%B8%D1%86%D0%BA%D0%B8%D0%B5-%D0%B2%D0%B5%D1%81%D1%82%D0%B8-38-68.pdf
898,Троицкие вести,Troitskie vesti,Troitske,Troitske,Luganmedia,2024-10-04,15,https://luganmedia.ru/wp-content/uploads/2024/11/%D0%A2%D1%80%D0%BE%D0%B8%D1%86%D0%BA%D0%B8%D0%B5-%D0%B2%D0%B5%D1%81%D1%82%D0%B8-39-69.pdf
900,Троицкие вести,Troitskie vesti,Troitske,Troitske,Luganmedia,2024-10-11,15,https://luganmedia.ru/wp-content/uploads/2024/11/%D0%A2%D1%80%D0%BE%D0%B8%D1%86%D0%BA%D0%B8%D0%B5-%D0%B2%D0%B5%D1%81%D1%82%D0%B8-40-70.pdf
901,Троицкие вести,Troitskie vesti,Troitske,Troitske,Luganmedia,2024-10-18,15,https://luganmedia.ru/wp-content/uploads/2024/11/%D0%A2%D1%80%D0%BE%D0%B8%D1%86%D0%BA%D0%B8%D0%B5-%D0%B2%D0%B5%D1%81%D1%82%D0%B8-41-71.pdf
902,Троицкие вести,Troitskie vesti,Troitske,Troitske,Luganmedia,2024-10-25,15,https://luganmedia.ru/wp-content/uploads/2024/11/%D0%A2%D1%80%D0%BE%D0%B8%D1%86%D0%BA%D0%B8%D0%B5-%D0%B2%D0%B5%D1%81%D1%82%D0%B8-42-72.pdf
903,Троицкие вести,Troitskie vesti,Troitske,Troitske,Luganmedia,2024-11-01,15,https://luganmedia.ru/wp-content/uploads/2024/11/%D0%A2%D1%80%D0%BE%D0%B8%D1%86%D0%BA%D0%B8%D0%B5-%D0%B2%D0%B5%D1%81%D1%82%D0%B8-43-73.pdf
904,Троицкие вести,Troitskie vesti,Troitske,Troitske,Luganmedia,2024-11-08,16,https://luganmedia.ru/wp-content/uploads/2024/11/%D0%A2%D1%80%D0%BE%D0%B8%D1%86%D0%BA%D0%B8%D0%B5-%D0%B2%D0%B5%D1%81%D1%82%D0%B8-44-74.pdf
919,Троицкие вести,Troitskie vesti,Troitske,Troitske,Luganmedia,2024-11-15,15,https://luganmedia.ru/wp-content/uploads/2024/11/%D0%A2%D1%80%D0%BE%D0%B8%D1%86%D0%BA%D0%B8%D0%B5-%D0%B2%D0%B5%D1%81%D1%82%D0%B8-%E2%84%96-45-75-4.pdf
905,Троицкие вести,Troitskie vesti,Troitske,Troitske,Luganmedia,2024-11-22,15,https://luganmedia.ru/wp-content/uploads/2024/11/%D0%A2%D1%80%D0%BE%D0%B8%D1%86%D0%BA%D0%B8%D0%B5-%D0%B2%D0%B5%D1%81%D1%82%D0%B8-46-76.pdf
906,Троицкие вести,Troitskie vesti,Troitske,Troitske,Luganmedia,2024-11-29,15,https://luganmedia.ru/wp-content/uploads/2024/12/%D0%A2%D1%80%D0%BE%D0%B8%D1%86%D0%BA%D0%B8%D0%B5-%D0%B2%D0%B5%D1%81%D1%82%D0%B8-47-77.pdf
907,Троицкие вести,Troitskie vesti,Troitske,Troitske,Luganmedia,2024-12-06,15,https://luganmedia.ru/wp-content/uploads/2024/12/%D0%A2%D1%80%D0%BE%D0%B8%D1%86%D0%BA%D0%B8%D0%B5-%D0%B2%D0%B5%D1%81%D1%82%D0%B8-48-78.pdf
908,Троицкие вести,Troitskie vesti,Troitske,Troitske,Luganmedia,2024-12-13,15,https://luganmedia.ru/wp-content/uploads/2024/12/%D0%A2%D1%80%D0%BE%D0%B8%D1%86%D0%BA%D0%B8%D0%B5-%D0%B2%D0%B5%D1%81%D1%82%D0%B8-49-79.pdf
910,Троицкие вести,Troitskie vesti,Troitske,Troitske,Luganmedia,2024-12-20,15,https://luganmedia.ru/wp-content/uploads/2024/12/%D0%A2%D1%80%D0%BE%D0%B8%D1%86%D0%BA%D0%B8%D0%B5-%D0%B2%D0%B5%D1%81%D1%82%D0%B8-50-80.pdf
911,Троицкие вести,Troitskie vesti,Troitske,Troitske,Luganmedia,2024-12-27,15,https://luganmedia.ru/wp-content/uploads/2025/01/%D0%A2%D1%80%D0%BE%D0%B8%D1%86%D0%BA%D0%B8%D0%B5-%D0%B2%D0%B5%D1%81%D1%82%D0%B8-51-81.pdf
890,Троицкие вести,Troitskie vesti,Troitske,Troitske,Luganmedia,2025-01-17,15,https://luganmedia.ru/wp-content/uploads/2025/01/%D0%A2%D1%80%D0%BE%D0%B8%D1%86%D0%BA%D0%B8%D0%B5-%D0%B2%D0%B5%D1%81%D1%82%D0%B8-1-82.pdf
891,Троицкие вести,Troitskie vesti,Troitske,Troitske,Luganmedia,2025-01-24,15,https://luganmedia.ru/wp-content/uploads/2025/02/%D0%A2%D1%80%D0%BE%D0%B8%D1%86%D0%BA%D0%B8%D0%B5-%D0%B2%D0%B5%D1%81%D1%82%D0%B8-2-83.pdf
892,Троицкие вести,Troitskie vesti,Troitske,Troitske,Luganmedia,2025-01-31,15,https://luganmedia.ru/wp-content/uploads/2025/02/%D0%A2%D1%80%D0%BE%D0%B8%D1%86%D0%BA%D0%B8%D0%B5-%D0%B2%D0%B5%D1%81%D1%82%D0%B8-3-84.pdf
899,Троицкие вести,Troitskie vesti,Troitske,Troitske,Luganmedia,2025-02-07,15,https://luganmedia.ru/wp-content/uploads/2025/02/%D0%A2%D1%80%D0%BE%D0%B8%D1%86%D0%BA%D0%B8%D0%B5-%D0%B2%D0%B5%D1%81%D1%82%D0%B8-4-85.pdf
909,Троицкие вести,Troitskie vesti,Troitske,Troitske,Luganmedia,2025-02-14,15,https://luganmedia.ru/wp-content/uploads/2025/02/%D0%A2%D1%80%D0%BE%D0%B8%D1%86%D0%BA%D0%B8%D0%B5-%D0%B2%D0%B5%D1%81%D1%82%D0%B8-5-86.pdf
912,Троицкие вести,Troitskie vesti,Troitske,Troitske,Luganmedia,2025-02-21,15,https://luganmedia.ru/wp-content/uploads/2025/03/%D0%A2%D1%80%D0%BE%D0%B8%D1%86%D0%BA%D0%B8%D0%B5-%D0%B2%D0%B5%D1%81%D1%82%D0%B8-6-87.pdf
913,Троицкие вести,Troitskie vesti,Troitske,Troitske,Luganmedia,2025-02-28,15,https://luganmedia.ru/wp-content/uploads/2025/03/%D0%A2%D1%80%D0%BE%D0%B8%D1%86%D0%BA%D0%B8%D0%B5-%D0%B2%D0%B5%D1%81%D1%82%D0%B8-7-88.pdf
920,Троицкие вести,Troitskie vesti,Troitske,Troitske,Luganmedia,2025-03-07,15,https://luganmedia.ru/wp-content/uploads/2025/03/%D0%A2%D1%80%D0%BE%D0%B8%D1%86%D0%BA%D0%B8%D0%B5-%D0%B2%D0%B5%D1%81%D1%82%D0%B8-%E2%84%96-8-89.pdf
914,Троицкие вести,Troitskie vesti,Troitske,Troitske,Luganmedia,2025-03-14,15,https://luganmedia.ru/wp-content/uploads/2025/04/%D0%A2%D1%80%D0%BE%D0%B8%D1%86%D0%BA%D0%B8%D0%B5-%D0%B2%D0%B5%D1%81%D1%82%D0%B8-9-90.pdf
915,Троицкие вести,Troitskie vesti,Troitske,Troitske,Luganmedia,2025-03-21,15,https://luganmedia.ru/wp-content/uploads/2025/04/%D0%A2%D1%80%D0%BE%D0%B8%D1%86%D0%BA%D0%B8%D0%B5-%D0%B2%D0%B5%D1%81%D1%82%D0%B8-%E2%84%96-10-91.pdf
916,Троицкие вести,Troitskie vesti,Troitske,Troitske,Luganmedia,2025-03-28,15,https://luganmedia.ru/wp-content/uploads/2025/04/%D0%A2%D1%80%D0%BE%D0%B8%D1%86%D0%BA%D0%B8%D0%B5-%D0%B2%D0%B5%D1%81%D1%82%D0%B8-%E2%84%96-11-92.pdf
917,Троицкие вести,Troitskie vesti,Troitske,Troitske,Luganmedia,2025-04-04,15,https://luganmedia.ru/wp-content/uploads/2025/04/%D0%A2%D1%80%D0%BE%D0%B8%D1%86%D0%BA%D0%B8%D0%B5-%D0%B2%D0%B5%D1%81%D1%82%D0%B8-%E2%84%96-12-93.pdf
1093,Троицкие вести,Troitskie vesti,Troitske,Troitske,Luganmedia,2026-04-03,15,https://luganmedia.ru/wp-content/uploads/2026/06/Троицкие-вести-№-1-132-сжатый.pdf
1094,Троицкие вести,Troitskie vesti,Troitske,Troitske,Luganmedia,2026-04-10,15,https://luganmedia.ru/wp-content/uploads/2026/06/Троицкие-вести-№-2-133-сжатый.pdf
1095,Троицкие вести,Troitskie vesti,Troitske,Troitske,Luganmedia,2026-04-17,15,https://luganmedia.ru/wp-content/uploads/2026/06/Троицкие-вести-№-3-134-сжатый.pdf
1096,Троицкие вести,Troitskie vesti,Troitske,Troitske,Luganmedia,2026-04-24,15,https://luganmedia.ru/wp-content/uploads/2026/06/Троицкие-вести-№-4-135-сжатый.pdf
1097,Троицкие вести,Troitskie vesti,Troitske,Troitske,Luganmedia,2026-05-01,15,https://luganmedia.ru/wp-content/uploads/2026/06/Троицкие-вести-№-5-136-сжатый.pdf
