issue_id,title,town,issue_date,theme,hits,pages,hits_per_page
1,Восточный Донбасс,Dovzhansk,2024-01-10,recruitment_and_contract_service,1,23,0.043
1,Восточный Донбасс,Dovzhansk,2024-01-10,passportization_and_documents,35,23,1.522
1,Восточный Донбасс,Dovzhansk,2024-01-10,elections_and_administration,11,23,0.478
1,Восточный Донбасс,Dovzhansk,2024-01-10,reconstruction_and_integration,30,23,1.304
1,Восточный Донбасс,Dovzhansk,2024-01-10,ukraine_as_enemy,4,23,0.174
1,Восточный Донбасс,Dovzhansk,2024-01-10,children_and_militarization,8,23,0.348
1,Восточный Донбасс,Dovzhansk,2024-01-10,leadership_and_loyalty,134,23,5.826
2,Восточный Донбасс,Dovzhansk,2024-01-17,recruitment_and_contract_service,3,23,0.13
2,Восточный Донбасс,Dovzhansk,2024-01-17,passportization_and_documents,36,23,1.565
2,Восточный Донбасс,Dovzhansk,2024-01-17,elections_and_administration,7,23,0.304
2,Восточный Донбасс,Dovzhansk,2024-01-17,reconstruction_and_integration,25,23,1.087
2,Восточный Донбасс,Dovzhansk,2024-01-17,ukraine_as_enemy,3,23,0.13
2,Восточный Донбасс,Dovzhansk,2024-01-17,children_and_militarization,13,23,0.565
2,Восточный Донбасс,Dovzhansk,2024-01-17,leadership_and_loyalty,92,23,4.0
3,Восточный Донбасс,Dovzhansk,2024-09-01,recruitment_and_contract_service,5,23,0.217
3,Восточный Донбасс,Dovzhansk,2024-09-01,passportization_and_documents,40,23,1.739
3,Восточный Донбасс,Dovzhansk,2024-09-01,elections_and_administration,11,23,0.478
3,Восточный Донбасс,Dovzhansk,2024-09-01,reconstruction_and_integration,25,23,1.087
3,Восточный Донбасс,Dovzhansk,2024-09-01,ukraine_as_enemy,0,23,0.0
3,Восточный Донбасс,Dovzhansk,2024-09-01,children_and_militarization,12,23,0.522
3,Восточный Донбасс,Dovzhansk,2024-09-01,leadership_and_loyalty,109,23,4.739
4,Восточный Донбасс,Dovzhansk,2024-02-01,recruitment_and_contract_service,1,23,0.043
4,Восточный Донбасс,Dovzhansk,2024-02-01,passportization_and_documents,20,23,0.87
4,Восточный Донбасс,Dovzhansk,2024-02-01,elections_and_administration,1,23,0.043
4,Восточный Донбасс,Dovzhansk,2024-02-01,reconstruction_and_integration,41,23,1.783
4,Восточный Донбасс,Dovzhansk,2024-02-01,ukraine_as_enemy,0,23,0.0
4,Восточный Донбасс,Dovzhansk,2024-02-01,children_and_militarization,15,23,0.652
4,Восточный Донбасс,Dovzhansk,2024-02-01,leadership_and_loyalty,87,23,3.783
5,Восточный Донбасс,Dovzhansk,2024-02-07,recruitment_and_contract_service,7,19,0.368
5,Восточный Донбасс,Dovzhansk,2024-02-07,passportization_and_documents,27,19,1.421
5,Восточный Донбасс,Dovzhansk,2024-02-07,elections_and_administration,17,19,0.895
5,Восточный Донбасс,Dovzhansk,2024-02-07,reconstruction_and_integration,39,19,2.053
5,Восточный Донбасс,Dovzhansk,2024-02-07,ukraine_as_enemy,2,19,0.105
5,Восточный Донбасс,Dovzhansk,2024-02-07,children_and_militarization,13,19,0.684
5,Восточный Донбасс,Dovzhansk,2024-02-07,leadership_and_loyalty,88,19,4.632
6,Восточный Донбасс,Dovzhansk,2024-02-14,recruitment_and_contract_service,1,23,0.043
6,Восточный Донбасс,Dovzhansk,2024-02-14,passportization_and_documents,20,23,0.87
6,Восточный Донбасс,Dovzhansk,2024-02-14,elections_and_administration,72,23,3.13
6,Восточный Донбасс,Dovzhansk,2024-02-14,reconstruction_and_integration,51,23,2.217
6,Восточный Донбасс,Dovzhansk,2024-02-14,ukraine_as_enemy,0,23,0.0
6,Восточный Донбасс,Dovzhansk,2024-02-14,children_and_militarization,11,23,0.478
6,Восточный Донбасс,Dovzhansk,2024-02-14,leadership_and_loyalty,96,23,4.174
7,Восточный Донбасс,Dovzhansk,2024-02-21,recruitment_and_contract_service,4,23,0.174
7,Восточный Донбасс,Dovzhansk,2024-02-21,passportization_and_documents,12,23,0.522
7,Восточный Донбасс,Dovzhansk,2024-02-21,elections_and_administration,87,23,3.783
7,Восточный Донбасс,Dovzhansk,2024-02-21,reconstruction_and_integration,27,23,1.174
7,Восточный Донбасс,Dovzhansk,2024-02-21,ukraine_as_enemy,0,23,0.0
7,Восточный Донбасс,Dovzhansk,2024-02-21,children_and_militarization,17,23,0.739
7,Восточный Донбасс,Dovzhansk,2024-02-21,leadership_and_loyalty,116,23,5.043
8,Восточный Донбасс,Dovzhansk,2024-02-28,recruitment_and_contract_service,0,19,0.0
8,Восточный Донбасс,Dovzhansk,2024-02-28,passportization_and_documents,25,19,1.316
8,Восточный Донбасс,Dovzhansk,2024-02-28,elections_and_administration,103,19,5.421
8,Восточный Донбасс,Dovzhansk,2024-02-28,reconstruction_and_integration,19,19,1.0
8,Восточный Донбасс,Dovzhansk,2024-02-28,ukraine_as_enemy,0,19,0.0
8,Восточный Донбасс,Dovzhansk,2024-02-28,children_and_militarization,9,19,0.474
8,Восточный Донбасс,Dovzhansk,2024-02-28,leadership_and_loyalty,115,19,6.053
9,Восточный Донбасс,Dovzhansk,2024-03-06,recruitment_and_contract_service,6,23,0.261
9,Восточный Донбасс,Dovzhansk,2024-03-06,passportization_and_documents,115,23,5.0
9,Восточный Донбасс,Dovzhansk,2024-03-06,elections_and_administration,9,23,0.391
9,Восточный Донбасс,Dovzhansk,2024-03-06,reconstruction_and_integration,59,23,2.565
9,Восточный Донбасс,Dovzhansk,2024-03-06,ukraine_as_enemy,0,23,0.0
9,Восточный Донбасс,Dovzhansk,2024-03-06,children_and_militarization,4,23,0.174
9,Восточный Донбасс,Dovzhansk,2024-03-06,leadership_and_loyalty,187,23,8.13
10,Восточный Донбасс,Dovzhansk,2024-03-13,recruitment_and_contract_service,4,23,0.174
10,Восточный Донбасс,Dovzhansk,2024-03-13,passportization_and_documents,33,23,1.435
10,Восточный Донбасс,Dovzhansk,2024-03-13,elections_and_administration,28,23,1.217
10,Восточный Донбасс,Dovzhansk,2024-03-13,reconstruction_and_integration,28,23,1.217
10,Восточный Донбасс,Dovzhansk,2024-03-13,ukraine_as_enemy,0,23,0.0
10,Восточный Донбасс,Dovzhansk,2024-03-13,children_and_militarization,7,23,0.304
10,Восточный Донбасс,Dovzhansk,2024-03-13,leadership_and_loyalty,101,23,4.391
11,Восточный Донбасс,Dovzhansk,2024-03-20,recruitment_and_contract_service,0,23,0.0
11,Восточный Донбасс,Dovzhansk,2024-03-20,passportization_and_documents,8,23,0.348
11,Восточный Донбасс,Dovzhansk,2024-03-20,elections_and_administration,79,23,3.435
11,Восточный Донбасс,Dovzhansk,2024-03-20,reconstruction_and_integration,18,23,0.783
11,Восточный Донбасс,Dovzhansk,2024-03-20,ukraine_as_enemy,1,23,0.043
11,Восточный Донбасс,Dovzhansk,2024-03-20,children_and_militarization,9,23,0.391
11,Восточный Донбасс,Dovzhansk,2024-03-20,leadership_and_loyalty,130,23,5.652
12,Восточный Донбасс,Dovzhansk,2024-03-27,recruitment_and_contract_service,0,23,0.0
12,Восточный Донбасс,Dovzhansk,2024-03-27,passportization_and_documents,14,23,0.609
12,Восточный Донбасс,Dovzhansk,2024-03-27,elections_and_administration,6,23,0.261
12,Восточный Донбасс,Dovzhansk,2024-03-27,reconstruction_and_integration,26,23,1.13
12,Восточный Донбасс,Dovzhansk,2024-03-27,ukraine_as_enemy,8,23,0.348
12,Восточный Донбасс,Dovzhansk,2024-03-27,children_and_militarization,5,23,0.217
12,Восточный Донбасс,Dovzhansk,2024-03-27,leadership_and_loyalty,93,23,4.043
13,Восточный Донбасс,Dovzhansk,2024-04-03,recruitment_and_contract_service,6,23,0.261
13,Восточный Донбасс,Dovzhansk,2024-04-03,passportization_and_documents,33,23,1.435
13,Восточный Донбасс,Dovzhansk,2024-04-03,elections_and_administration,3,23,0.13
13,Восточный Донбасс,Dovzhansk,2024-04-03,reconstruction_and_integration,41,23,1.783
13,Восточный Донбасс,Dovzhansk,2024-04-03,ukraine_as_enemy,2,23,0.087
13,Восточный Донбасс,Dovzhansk,2024-04-03,children_and_militarization,10,23,0.435
13,Восточный Донбасс,Dovzhansk,2024-04-03,leadership_and_loyalty,95,23,4.13
14,Восточный Донбасс,Dovzhansk,2024-10-16,recruitment_and_contract_service,1,20,0.05
14,Восточный Донбасс,Dovzhansk,2024-10-16,passportization_and_documents,13,20,0.65
14,Восточный Донбасс,Dovzhansk,2024-10-16,elections_and_administration,5,20,0.25
14,Восточный Донбасс,Dovzhansk,2024-10-16,reconstruction_and_integration,36,20,1.8
14,Восточный Донбасс,Dovzhansk,2024-10-16,ukraine_as_enemy,0,20,0.0
14,Восточный Донбасс,Dovzhansk,2024-10-16,children_and_militarization,15,20,0.75
14,Восточный Донбасс,Dovzhansk,2024-10-16,leadership_and_loyalty,68,20,3.4
15,Восточный Донбасс,Dovzhansk,2024-09-23,recruitment_and_contract_service,0,6,0.0
15,Восточный Донбасс,Dovzhansk,2024-09-23,passportization_and_documents,4,6,0.667
15,Восточный Донбасс,Dovzhansk,2024-09-23,elections_and_administration,0,6,0.0
15,Восточный Донбасс,Dovzhansk,2024-09-23,reconstruction_and_integration,22,6,3.667
15,Восточный Донбасс,Dovzhansk,2024-09-23,ukraine_as_enemy,0,6,0.0
15,Восточный Донбасс,Dovzhansk,2024-09-23,children_and_militarization,0,6,0.0
15,Восточный Донбасс,Dovzhansk,2024-09-23,leadership_and_loyalty,21,6,3.5
16,Антрацитовский вестник,Antratsyt,2025-01-15,recruitment_and_contract_service,3,23,0.13
16,Антрацитовский вестник,Antratsyt,2025-01-15,passportization_and_documents,17,23,0.739
16,Антрацитовский вестник,Antratsyt,2025-01-15,elections_and_administration,3,23,0.13
16,Антрацитовский вестник,Antratsyt,2025-01-15,reconstruction_and_integration,23,23,1.0
16,Антрацитовский вестник,Antratsyt,2025-01-15,ukraine_as_enemy,6,23,0.261
16,Антрацитовский вестник,Antratsyt,2025-01-15,children_and_militarization,5,23,0.217
16,Антрацитовский вестник,Antratsyt,2025-01-15,leadership_and_loyalty,140,23,6.087
17,Антрацитовский вестник,Antratsyt,2025-03-01,recruitment_and_contract_service,9,23,0.391
17,Антрацитовский вестник,Antratsyt,2025-03-01,passportization_and_documents,40,23,1.739
17,Антрацитовский вестник,Antratsyt,2025-03-01,elections_and_administration,2,23,0.087
17,Антрацитовский вестник,Antratsyt,2025-03-01,reconstruction_and_integration,42,23,1.826
17,Антрацитовский вестник,Antratsyt,2025-03-01,ukraine_as_enemy,5,23,0.217
17,Антрацитовский вестник,Antratsyt,2025-03-01,children_and_militarization,8,23,0.348
17,Антрацитовский вестник,Antratsyt,2025-03-01,leadership_and_loyalty,120,23,5.217
18,Антрацитовский вестник,Antratsyt,2025-04-02,recruitment_and_contract_service,3,23,0.13
18,Антрацитовский вестник,Antratsyt,2025-04-02,passportization_and_documents,20,23,0.87
18,Антрацитовский вестник,Antratsyt,2025-04-02,elections_and_administration,8,23,0.348
18,Антрацитовский вестник,Antratsyt,2025-04-02,reconstruction_and_integration,18,23,0.783
18,Антрацитовский вестник,Antratsyt,2025-04-02,ukraine_as_enemy,3,23,0.13
18,Антрацитовский вестник,Antratsyt,2025-04-02,children_and_militarization,5,23,0.217
18,Антрацитовский вестник,Antratsyt,2025-04-02,leadership_and_loyalty,143,23,6.217
19,Антрацитовский вестник,Antratsyt,2025-01-01,recruitment_and_contract_service,3,23,0.13
19,Антрацитовский вестник,Antratsyt,2025-01-01,passportization_and_documents,13,23,0.565
19,Антрацитовский вестник,Antratsyt,2025-01-01,elections_and_administration,1,23,0.043
19,Антрацитовский вестник,Antratsyt,2025-01-01,reconstruction_and_integration,19,23,0.826
19,Антрацитовский вестник,Antratsyt,2025-01-01,ukraine_as_enemy,1,23,0.043
19,Антрацитовский вестник,Antratsyt,2025-01-01,children_and_militarization,14,23,0.609
19,Антрацитовский вестник,Antratsyt,2025-01-01,leadership_and_loyalty,97,23,4.217
20,Антрацитовский вестник,Antratsyt,2025-01-22,recruitment_and_contract_service,1,23,0.043
20,Антрацитовский вестник,Antratsyt,2025-01-22,passportization_and_documents,12,23,0.522
20,Антрацитовский вестник,Antratsyt,2025-01-22,elections_and_administration,1,23,0.043
20,Антрацитовский вестник,Antratsyt,2025-01-22,reconstruction_and_integration,32,23,1.391
20,Антрацитовский вестник,Antratsyt,2025-01-22,ukraine_as_enemy,3,23,0.13
20,Антрацитовский вестник,Antratsyt,2025-01-22,children_and_militarization,7,23,0.304
20,Антрацитовский вестник,Antratsyt,2025-01-22,leadership_and_loyalty,112,23,4.87
21,Антрацитовский вестник,Antratsyt,2025-01-01,recruitment_and_contract_service,3,23,0.13
21,Антрацитовский вестник,Antratsyt,2025-01-01,passportization_and_documents,21,23,0.913
21,Антрацитовский вестник,Antratsyt,2025-01-01,elections_and_administration,2,23,0.087
21,Антрацитовский вестник,Antratsyt,2025-01-01,reconstruction_and_integration,37,23,1.609
21,Антрацитовский вестник,Antratsyt,2025-01-01,ukraine_as_enemy,3,23,0.13
21,Антрацитовский вестник,Antratsyt,2025-01-01,children_and_militarization,11,23,0.478
21,Антрацитовский вестник,Antratsyt,2025-01-01,leadership_and_loyalty,111,23,4.826
22,Антрацитовский вестник,Antratsyt,2023-03-01,recruitment_and_contract_service,4,23,0.174
22,Антрацитовский вестник,Antratsyt,2023-03-01,passportization_and_documents,35,23,1.522
22,Антрацитовский вестник,Antratsyt,2023-03-01,elections_and_administration,5,23,0.217
22,Антрацитовский вестник,Antratsyt,2023-03-01,reconstruction_and_integration,31,23,1.348
22,Антрацитовский вестник,Antratsyt,2023-03-01,ukraine_as_enemy,0,23,0.0
22,Антрацитовский вестник,Antratsyt,2023-03-01,children_and_militarization,17,23,0.739
22,Антрацитовский вестник,Antratsyt,2023-03-01,leadership_and_loyalty,89,23,3.87
23,Антрацитовский вестник,Antratsyt,2024-08-19,recruitment_and_contract_service,20,24,0.833
23,Антрацитовский вестник,Antratsyt,2024-08-19,passportization_and_documents,22,24,0.917
23,Антрацитовский вестник,Antratsyt,2024-08-19,elections_and_administration,13,24,0.542
23,Антрацитовский вестник,Antratsyt,2024-08-19,reconstruction_and_integration,44,24,1.833
23,Антрацитовский вестник,Antratsyt,2024-08-19,ukraine_as_enemy,1,24,0.042
23,Антрацитовский вестник,Antratsyt,2024-08-19,children_and_militarization,12,24,0.5
23,Антрацитовский вестник,Antratsyt,2024-08-19,leadership_and_loyalty,109,24,4.542
24,Антрацитовский вестник,Antratsyt,2024-09-06,recruitment_and_contract_service,4,23,0.174
24,Антрацитовский вестник,Antratsyt,2024-09-06,passportization_and_documents,32,23,1.391
24,Антрацитовский вестник,Antratsyt,2024-09-06,elections_and_administration,20,23,0.87
24,Антрацитовский вестник,Antratsyt,2024-09-06,reconstruction_and_integration,35,23,1.522
24,Антрацитовский вестник,Antratsyt,2024-09-06,ukraine_as_enemy,0,23,0.0
24,Антрацитовский вестник,Antratsyt,2024-09-06,children_and_militarization,13,23,0.565
24,Антрацитовский вестник,Antratsyt,2024-09-06,leadership_and_loyalty,91,23,3.957
25,Антрацитовский вестник,Antratsyt,2024-09-05,recruitment_and_contract_service,5,23,0.217
25,Антрацитовский вестник,Antratsyt,2024-09-05,passportization_and_documents,38,23,1.652
25,Антрацитовский вестник,Antratsyt,2024-09-05,elections_and_administration,8,23,0.348
25,Антрацитовский вестник,Antratsyt,2024-09-05,reconstruction_and_integration,46,23,2.0
25,Антрацитовский вестник,Antratsyt,2024-09-05,ukraine_as_enemy,1,23,0.043
25,Антрацитовский вестник,Antratsyt,2024-09-05,children_and_militarization,9,23,0.391
25,Антрацитовский вестник,Antratsyt,2024-09-05,leadership_and_loyalty,87,23,3.783
26,Антрацитовский вестник,Antratsyt,2024-09-05,recruitment_and_contract_service,0,23,0.0
26,Антрацитовский вестник,Antratsyt,2024-09-05,passportization_and_documents,18,23,0.783
26,Антрацитовский вестник,Antratsyt,2024-09-05,elections_and_administration,7,23,0.304
26,Антрацитовский вестник,Antratsyt,2024-09-05,reconstruction_and_integration,38,23,1.652
26,Антрацитовский вестник,Antratsyt,2024-09-05,ukraine_as_enemy,1,23,0.043
26,Антрацитовский вестник,Antratsyt,2024-09-05,children_and_militarization,12,23,0.522
26,Антрацитовский вестник,Antratsyt,2024-09-05,leadership_and_loyalty,70,23,3.043
27,Антрацитовский вестник,Antratsyt,2023-04-03,recruitment_and_contract_service,0,23,0.0
27,Антрацитовский вестник,Antratsyt,2023-04-03,passportization_and_documents,27,23,1.174
27,Антрацитовский вестник,Antratsyt,2023-04-03,elections_and_administration,6,23,0.261
27,Антрацитовский вестник,Antratsyt,2023-04-03,reconstruction_and_integration,33,23,1.435
27,Антрацитовский вестник,Antratsyt,2023-04-03,ukraine_as_enemy,0,23,0.0
27,Антрацитовский вестник,Antratsyt,2023-04-03,children_and_militarization,7,23,0.304
27,Антрацитовский вестник,Antratsyt,2023-04-03,leadership_and_loyalty,86,23,3.739
28,Антрацитовский вестник,Antratsyt,2024-09-25,recruitment_and_contract_service,0,24,0.0
28,Антрацитовский вестник,Antratsyt,2024-09-25,passportization_and_documents,30,24,1.25
28,Антрацитовский вестник,Antratsyt,2024-09-25,elections_and_administration,7,24,0.292
28,Антрацитовский вестник,Antratsyt,2024-09-25,reconstruction_and_integration,33,24,1.375
28,Антрацитовский вестник,Antratsyt,2024-09-25,ukraine_as_enemy,1,24,0.042
28,Антрацитовский вестник,Antratsyt,2024-09-25,children_and_militarization,20,24,0.833
28,Антрацитовский вестник,Antratsyt,2024-09-25,leadership_and_loyalty,120,24,5.0
29,Антрацитовский вестник,Antratsyt,2025-01-01,recruitment_and_contract_service,5,23,0.217
29,Антрацитовский вестник,Antratsyt,2025-01-01,passportization_and_documents,21,23,0.913
29,Антрацитовский вестник,Antratsyt,2025-01-01,elections_and_administration,0,23,0.0
29,Антрацитовский вестник,Antratsyt,2025-01-01,reconstruction_and_integration,18,23,0.783
29,Антрацитовский вестник,Antratsyt,2025-01-01,ukraine_as_enemy,3,23,0.13
29,Антрацитовский вестник,Antratsyt,2025-01-01,children_and_militarization,9,23,0.391
29,Антрацитовский вестник,Antratsyt,2025-01-01,leadership_and_loyalty,138,23,6.0
30,Антрацитовский вестник,Antratsyt,2024-09-18,recruitment_and_contract_service,0,23,0.0
30,Антрацитовский вестник,Antratsyt,2024-09-18,passportization_and_documents,36,23,1.565
30,Антрацитовский вестник,Antratsyt,2024-09-18,elections_and_administration,9,23,0.391
30,Антрацитовский вестник,Antratsyt,2024-09-18,reconstruction_and_integration,36,23,1.565
30,Антрацитовский вестник,Antratsyt,2024-09-18,ukraine_as_enemy,1,23,0.043
30,Антрацитовский вестник,Antratsyt,2024-09-18,children_and_militarization,8,23,0.348
30,Антрацитовский вестник,Antratsyt,2024-09-18,leadership_and_loyalty,91,23,3.957
31,Антрацитовский вестник,Antratsyt,2024-11-01,recruitment_and_contract_service,1,23,0.043
31,Антрацитовский вестник,Antratsyt,2024-11-01,passportization_and_documents,26,23,1.13
31,Антрацитовский вестник,Antratsyt,2024-11-01,elections_and_administration,21,23,0.913
31,Антрацитовский вестник,Antratsyt,2024-11-01,reconstruction_and_integration,40,23,1.739
31,Антрацитовский вестник,Antratsyt,2024-11-01,ukraine_as_enemy,0,23,0.0
31,Антрацитовский вестник,Antratsyt,2024-11-01,children_and_militarization,12,23,0.522
31,Антрацитовский вестник,Antratsyt,2024-11-01,leadership_and_loyalty,111,23,4.826
32,Антрацитовский вестник,Antratsyt,2024-10-17,recruitment_and_contract_service,1,23,0.043
32,Антрацитовский вестник,Antratsyt,2024-10-17,passportization_and_documents,33,23,1.435
32,Антрацитовский вестник,Antratsyt,2024-10-17,elections_and_administration,1,23,0.043
32,Антрацитовский вестник,Antratsyt,2024-10-17,reconstruction_and_integration,31,23,1.348
32,Антрацитовский вестник,Antratsyt,2024-10-17,ukraine_as_enemy,2,23,0.087
32,Антрацитовский вестник,Antratsyt,2024-10-17,children_and_militarization,8,23,0.348
32,Антрацитовский вестник,Antratsyt,2024-10-17,leadership_and_loyalty,72,23,3.13
33,Антрацитовский вестник,Antratsyt,2024-11-13,recruitment_and_contract_service,1,23,0.043
33,Антрацитовский вестник,Antratsyt,2024-11-13,passportization_and_documents,19,23,0.826
33,Антрацитовский вестник,Antratsyt,2024-11-13,elections_and_administration,15,23,0.652
33,Антрацитовский вестник,Antratsyt,2024-11-13,reconstruction_and_integration,25,23,1.087
33,Антрацитовский вестник,Antratsyt,2024-11-13,ukraine_as_enemy,0,23,0.0
33,Антрацитовский вестник,Antratsyt,2024-11-13,children_and_militarization,15,23,0.652
33,Антрацитовский вестник,Antratsyt,2024-11-13,leadership_and_loyalty,88,23,3.826
34,Антрацитовский вестник,Antratsyt,2024-11-01,recruitment_and_contract_service,0,23,0.0
34,Антрацитовский вестник,Antratsyt,2024-11-01,passportization_and_documents,24,23,1.043
34,Антрацитовский вестник,Antratsyt,2024-11-01,elections_and_administration,3,23,0.13
34,Антрацитовский вестник,Antratsyt,2024-11-01,reconstruction_and_integration,32,23,1.391
34,Антрацитовский вестник,Antratsyt,2024-11-01,ukraine_as_enemy,1,23,0.043
34,Антрацитовский вестник,Antratsyt,2024-11-01,children_and_militarization,13,23,0.565
34,Антрацитовский вестник,Antratsyt,2024-11-01,leadership_and_loyalty,96,23,4.174
35,Антрацитовский вестник,Antratsyt,2024-11-07,recruitment_and_contract_service,2,23,0.087
35,Антрацитовский вестник,Antratsyt,2024-11-07,passportization_and_documents,29,23,1.261
35,Антрацитовский вестник,Antratsyt,2024-11-07,elections_and_administration,2,23,0.087
35,Антрацитовский вестник,Antratsyt,2024-11-07,reconstruction_and_integration,35,23,1.522
35,Антрацитовский вестник,Antratsyt,2024-11-07,ukraine_as_enemy,0,23,0.0
35,Антрацитовский вестник,Antratsyt,2024-11-07,children_and_militarization,9,23,0.391
35,Антрацитовский вестник,Antratsyt,2024-11-07,leadership_and_loyalty,97,23,4.217
36,Антрацитовский вестник,Antratsyt,2024-11-15,recruitment_and_contract_service,1,23,0.043
36,Антрацитовский вестник,Antratsyt,2024-11-15,passportization_and_documents,22,23,0.957
36,Антрацитовский вестник,Antratsyt,2024-11-15,elections_and_administration,20,23,0.87
36,Антрацитовский вестник,Antratsyt,2024-11-15,reconstruction_and_integration,26,23,1.13
36,Антрацитовский вестник,Antratsyt,2024-11-15,ukraine_as_enemy,0,23,0.0
36,Антрацитовский вестник,Antratsyt,2024-11-15,children_and_militarization,14,23,0.609
36,Антрацитовский вестник,Antratsyt,2024-11-15,leadership_and_loyalty,101,23,4.391
37,Антрацитовский вестник,Antratsyt,2023-03-08,recruitment_and_contract_service,2,23,0.087
37,Антрацитовский вестник,Antratsyt,2023-03-08,passportization_and_documents,21,23,0.913
37,Антрацитовский вестник,Antratsyt,2023-03-08,elections_and_administration,2,23,0.087
37,Антрацитовский вестник,Antratsyt,2023-03-08,reconstruction_and_integration,14,23,0.609
37,Антрацитовский вестник,Antratsyt,2023-03-08,ukraine_as_enemy,2,23,0.087
37,Антрацитовский вестник,Antratsyt,2023-03-08,children_and_militarization,15,23,0.652
37,Антрацитовский вестник,Antratsyt,2023-03-08,leadership_and_loyalty,107,23,4.652
38,Антрацитовский вестник,Antratsyt,2024-11-21,recruitment_and_contract_service,3,23,0.13
38,Антрацитовский вестник,Antratsyt,2024-11-21,passportization_and_documents,32,23,1.391
38,Антрацитовский вестник,Antratsyt,2024-11-21,elections_and_administration,0,23,0.0
38,Антрацитовский вестник,Antratsyt,2024-11-21,reconstruction_and_integration,31,23,1.348
38,Антрацитовский вестник,Antratsyt,2024-11-21,ukraine_as_enemy,0,23,0.0
38,Антрацитовский вестник,Antratsyt,2024-11-21,children_and_militarization,12,23,0.522
38,Антрацитовский вестник,Antratsyt,2024-11-21,leadership_and_loyalty,85,23,3.696
39,Антрацитовский вестник,Antratsyt,2024-11-01,recruitment_and_contract_service,5,23,0.217
39,Антрацитовский вестник,Antratsyt,2024-11-01,passportization_and_documents,30,23,1.304
39,Антрацитовский вестник,Antratsyt,2024-11-01,elections_and_administration,0,23,0.0
39,Антрацитовский вестник,Antratsyt,2024-11-01,reconstruction_and_integration,47,23,2.043
39,Антрацитовский вестник,Antratsyt,2024-11-01,ukraine_as_enemy,1,23,0.043
39,Антрацитовский вестник,Antratsyt,2024-11-01,children_and_militarization,14,23,0.609
39,Антрацитовский вестник,Antratsyt,2024-11-01,leadership_and_loyalty,105,23,4.565
40,Антрацитовский вестник,Antratsyt,2025-02-01,recruitment_and_contract_service,3,23,0.13
40,Антрацитовский вестник,Antratsyt,2025-02-01,passportization_and_documents,27,23,1.174
40,Антрацитовский вестник,Antratsyt,2025-02-01,elections_and_administration,8,23,0.348
40,Антрацитовский вестник,Antratsyt,2025-02-01,reconstruction_and_integration,21,23,0.913
40,Антрацитовский вестник,Antratsyt,2025-02-01,ukraine_as_enemy,1,23,0.043
40,Антрацитовский вестник,Antratsyt,2025-02-01,children_and_militarization,8,23,0.348
40,Антрацитовский вестник,Antratsyt,2025-02-01,leadership_and_loyalty,117,23,5.087
41,Антрацитовский вестник,Antratsyt,2024-12-11,recruitment_and_contract_service,3,23,0.13
41,Антрацитовский вестник,Antratsyt,2024-12-11,passportization_and_documents,22,23,0.957
41,Антрацитовский вестник,Antratsyt,2024-12-11,elections_and_administration,5,23,0.217
41,Антрацитовский вестник,Antratsyt,2024-12-11,reconstruction_and_integration,23,23,1.0
41,Антрацитовский вестник,Antratsyt,2024-12-11,ukraine_as_enemy,3,23,0.13
41,Антрацитовский вестник,Antratsyt,2024-12-11,children_and_militarization,9,23,0.391
41,Антрацитовский вестник,Antratsyt,2024-12-11,leadership_and_loyalty,103,23,4.478
42,Антрацитовский вестник,Antratsyt,2025-01-01,recruitment_and_contract_service,3,23,0.13
42,Антрацитовский вестник,Antratsyt,2025-01-01,passportization_and_documents,37,23,1.609
42,Антрацитовский вестник,Antratsyt,2025-01-01,elections_and_administration,1,23,0.043
42,Антрацитовский вестник,Antratsyt,2025-01-01,reconstruction_and_integration,32,23,1.391
42,Антрацитовский вестник,Antratsyt,2025-01-01,ukraine_as_enemy,5,23,0.217
42,Антрацитовский вестник,Antratsyt,2025-01-01,children_and_militarization,8,23,0.348
42,Антрацитовский вестник,Antratsyt,2025-01-01,leadership_and_loyalty,164,23,7.13
43,Антрацитовский вестник,Antratsyt,2024-03-01,recruitment_and_contract_service,8,23,0.348
43,Антрацитовский вестник,Antratsyt,2024-03-01,passportization_and_documents,20,23,0.87
43,Антрацитовский вестник,Antratsyt,2024-03-01,elections_and_administration,4,23,0.174
43,Антрацитовский вестник,Antratsyt,2024-03-01,reconstruction_and_integration,37,23,1.609
43,Антрацитовский вестник,Antratsyt,2024-03-01,ukraine_as_enemy,12,23,0.522
43,Антрацитовский вестник,Antratsyt,2024-03-01,children_and_militarization,9,23,0.391
43,Антрацитовский вестник,Antratsyt,2024-03-01,leadership_and_loyalty,129,23,5.609
44,Антрацитовский вестник,Antratsyt,2025-03-11,recruitment_and_contract_service,5,23,0.217
44,Антрацитовский вестник,Antratsyt,2025-03-11,passportization_and_documents,15,23,0.652
44,Антрацитовский вестник,Antratsyt,2025-03-11,elections_and_administration,7,23,0.304
44,Антрацитовский вестник,Antratsyt,2025-03-11,reconstruction_and_integration,16,23,0.696
44,Антрацитовский вестник,Antratsyt,2025-03-11,ukraine_as_enemy,6,23,0.261
44,Антрацитовский вестник,Antratsyt,2025-03-11,children_and_militarization,11,23,0.478
44,Антрацитовский вестник,Antratsyt,2025-03-11,leadership_and_loyalty,135,23,5.87
45,Антрацитовский вестник,Antratsyt,2025-03-23,recruitment_and_contract_service,2,23,0.087
45,Антрацитовский вестник,Antratsyt,2025-03-23,passportization_and_documents,22,23,0.957
45,Антрацитовский вестник,Antratsyt,2025-03-23,elections_and_administration,8,23,0.348
45,Антрацитовский вестник,Antratsyt,2025-03-23,reconstruction_and_integration,26,23,1.13
45,Антрацитовский вестник,Antratsyt,2025-03-23,ukraine_as_enemy,1,23,0.043
45,Антрацитовский вестник,Antratsyt,2025-03-23,children_and_militarization,7,23,0.304
45,Антрацитовский вестник,Antratsyt,2025-03-23,leadership_and_loyalty,123,23,5.348
46,Антрацитовский вестник,Antratsyt,2025-03-06,recruitment_and_contract_service,8,23,0.348
46,Антрацитовский вестник,Antratsyt,2025-03-06,passportization_and_documents,19,23,0.826
46,Антрацитовский вестник,Antratsyt,2025-03-06,elections_and_administration,16,23,0.696
46,Антрацитовский вестник,Antratsyt,2025-03-06,reconstruction_and_integration,19,23,0.826
46,Антрацитовский вестник,Antratsyt,2025-03-06,ukraine_as_enemy,0,23,0.0
46,Антрацитовский вестник,Antratsyt,2025-03-06,children_and_militarization,6,23,0.261
46,Антрацитовский вестник,Antratsyt,2025-03-06,leadership_and_loyalty,146,23,6.348
47,Беловодский вестник,Bilovodsk,2025-01-17,recruitment_and_contract_service,20,15,1.333
47,Беловодский вестник,Bilovodsk,2025-01-17,passportization_and_documents,17,15,1.133
47,Беловодский вестник,Bilovodsk,2025-01-17,elections_and_administration,5,15,0.333
47,Беловодский вестник,Bilovodsk,2025-01-17,reconstruction_and_integration,6,15,0.4
47,Беловодский вестник,Bilovodsk,2025-01-17,ukraine_as_enemy,3,15,0.2
47,Беловодский вестник,Bilovodsk,2025-01-17,children_and_militarization,4,15,0.267
47,Беловодский вестник,Bilovodsk,2025-01-17,leadership_and_loyalty,77,15,5.133
48,Беловодский вестник,Bilovodsk,2025-03-21,recruitment_and_contract_service,15,15,1.0
48,Беловодский вестник,Bilovodsk,2025-03-21,passportization_and_documents,27,15,1.8
48,Беловодский вестник,Bilovodsk,2025-03-21,elections_and_administration,3,15,0.2
48,Беловодский вестник,Bilovodsk,2025-03-21,reconstruction_and_integration,16,15,1.067
48,Беловодский вестник,Bilovodsk,2025-03-21,ukraine_as_enemy,10,15,0.667
48,Беловодский вестник,Bilovodsk,2025-03-21,children_and_militarization,4,15,0.267
48,Беловодский вестник,Bilovodsk,2025-03-21,leadership_and_loyalty,103,15,6.867
49,Беловодский вестник,Bilovodsk,2025-03-28,recruitment_and_contract_service,1,15,0.067
49,Беловодский вестник,Bilovodsk,2025-03-28,passportization_and_documents,13,15,0.867
49,Беловодский вестник,Bilovodsk,2025-03-28,elections_and_administration,1,15,0.067
49,Беловодский вестник,Bilovodsk,2025-03-28,reconstruction_and_integration,10,15,0.667
49,Беловодский вестник,Bilovodsk,2025-03-28,ukraine_as_enemy,5,15,0.333
49,Беловодский вестник,Bilovodsk,2025-03-28,children_and_militarization,11,15,0.733
49,Беловодский вестник,Bilovodsk,2025-03-28,leadership_and_loyalty,108,15,7.2
50,Беловодский вестник,Bilovodsk,2025-04-04,recruitment_and_contract_service,1,15,0.067
50,Беловодский вестник,Bilovodsk,2025-04-04,passportization_and_documents,8,15,0.533
50,Беловодский вестник,Bilovodsk,2025-04-04,elections_and_administration,2,15,0.133
50,Беловодский вестник,Bilovodsk,2025-04-04,reconstruction_and_integration,9,15,0.6
50,Беловодский вестник,Bilovodsk,2025-04-04,ukraine_as_enemy,1,15,0.067
50,Беловодский вестник,Bilovodsk,2025-04-04,children_and_militarization,9,15,0.6
50,Беловодский вестник,Bilovodsk,2025-04-04,leadership_and_loyalty,91,15,6.067
51,Беловодский вестник,Bilovodsk,2025-01-24,recruitment_and_contract_service,0,15,0.0
51,Беловодский вестник,Bilovodsk,2025-01-24,passportization_and_documents,18,15,1.2
51,Беловодский вестник,Bilovodsk,2025-01-24,elections_and_administration,3,15,0.2
51,Беловодский вестник,Bilovodsk,2025-01-24,reconstruction_and_integration,11,15,0.733
51,Беловодский вестник,Bilovodsk,2025-01-24,ukraine_as_enemy,2,15,0.133
51,Беловодский вестник,Bilovodsk,2025-01-24,children_and_militarization,5,15,0.333
51,Беловодский вестник,Bilovodsk,2025-01-24,leadership_and_loyalty,100,15,6.667
52,Беловодский вестник,Bilovodsk,2025-01-31,recruitment_and_contract_service,3,15,0.2
52,Беловодский вестник,Bilovodsk,2025-01-31,passportization_and_documents,22,15,1.467
52,Беловодский вестник,Bilovodsk,2025-01-31,elections_and_administration,2,15,0.133
52,Беловодский вестник,Bilovodsk,2025-01-31,reconstruction_and_integration,7,15,0.467
52,Беловодский вестник,Bilovodsk,2025-01-31,ukraine_as_enemy,1,15,0.067
52,Беловодский вестник,Bilovodsk,2025-01-31,children_and_militarization,8,15,0.533
52,Беловодский вестник,Bilovodsk,2025-01-31,leadership_and_loyalty,79,15,5.267
53,Беловодский вестник,Bilovodsk,2024-08-23,recruitment_and_contract_service,0,15,0.0
53,Беловодский вестник,Bilovodsk,2024-08-23,passportization_and_documents,16,15,1.067
53,Беловодский вестник,Bilovodsk,2024-08-23,elections_and_administration,6,15,0.4
53,Беловодский вестник,Bilovodsk,2024-08-23,reconstruction_and_integration,7,15,0.467
53,Беловодский вестник,Bilovodsk,2024-08-23,ukraine_as_enemy,0,15,0.0
53,Беловодский вестник,Bilovodsk,2024-08-23,children_and_militarization,6,15,0.4
53,Беловодский вестник,Bilovodsk,2024-08-23,leadership_and_loyalty,63,15,4.2
54,Беловодский вестник,Bilovodsk,2024-09-13,recruitment_and_contract_service,8,15,0.533
54,Беловодский вестник,Bilovodsk,2024-09-13,passportization_and_documents,24,15,1.6
54,Беловодский вестник,Bilovodsk,2024-09-13,elections_and_administration,7,15,0.467
54,Беловодский вестник,Bilovodsk,2024-09-13,reconstruction_and_integration,26,15,1.733
54,Беловодский вестник,Bilovodsk,2024-09-13,ukraine_as_enemy,0,15,0.0
54,Беловодский вестник,Bilovodsk,2024-09-13,children_and_militarization,1,15,0.067
54,Беловодский вестник,Bilovodsk,2024-09-13,leadership_and_loyalty,69,15,4.6
55,Беловодский вестник,Bilovodsk,2025-02-07,recruitment_and_contract_service,4,15,0.267
55,Беловодский вестник,Bilovodsk,2025-02-07,passportization_and_documents,31,15,2.067
55,Беловодский вестник,Bilovodsk,2025-02-07,elections_and_administration,6,15,0.4
55,Беловодский вестник,Bilovodsk,2025-02-07,reconstruction_and_integration,21,15,1.4
55,Беловодский вестник,Bilovodsk,2025-02-07,ukraine_as_enemy,6,15,0.4
55,Беловодский вестник,Bilovodsk,2025-02-07,children_and_militarization,6,15,0.4
55,Беловодский вестник,Bilovodsk,2025-02-07,leadership_and_loyalty,104,15,6.933
56,Беловодский вестник,Bilovodsk,2024-10-18,recruitment_and_contract_service,0,15,0.0
56,Беловодский вестник,Bilovodsk,2024-10-18,passportization_and_documents,18,15,1.2
56,Беловодский вестник,Bilovodsk,2024-10-18,elections_and_administration,2,15,0.133
56,Беловодский вестник,Bilovodsk,2024-10-18,reconstruction_and_integration,13,15,0.867
56,Беловодский вестник,Bilovodsk,2024-10-18,ukraine_as_enemy,2,15,0.133
56,Беловодский вестник,Bilovodsk,2024-10-18,children_and_militarization,4,15,0.267
56,Беловодский вестник,Bilovodsk,2024-10-18,leadership_and_loyalty,88,15,5.867
57,Беловодский вестник,Bilovodsk,2024-10-25,recruitment_and_contract_service,1,15,0.067
57,Беловодский вестник,Bilovodsk,2024-10-25,passportization_and_documents,36,15,2.4
57,Беловодский вестник,Bilovodsk,2024-10-25,elections_and_administration,9,15,0.6
57,Беловодский вестник,Bilovodsk,2024-10-25,reconstruction_and_integration,11,15,0.733
57,Беловодский вестник,Bilovodsk,2024-10-25,ukraine_as_enemy,1,15,0.067
57,Беловодский вестник,Bilovodsk,2024-10-25,children_and_militarization,5,15,0.333
57,Беловодский вестник,Bilovodsk,2024-10-25,leadership_and_loyalty,65,15,4.333
58,Беловодский вестник,Bilovodsk,2024-11-01,recruitment_and_contract_service,0,15,0.0
58,Беловодский вестник,Bilovodsk,2024-11-01,passportization_and_documents,6,15,0.4
58,Беловодский вестник,Bilovodsk,2024-11-01,elections_and_administration,4,15,0.267
58,Беловодский вестник,Bilovodsk,2024-11-01,reconstruction_and_integration,10,15,0.667
58,Беловодский вестник,Bilovodsk,2024-11-01,ukraine_as_enemy,1,15,0.067
58,Беловодский вестник,Bilovodsk,2024-11-01,children_and_militarization,3,15,0.2
58,Беловодский вестник,Bilovodsk,2024-11-01,leadership_and_loyalty,70,15,4.667
59,Беловодский вестник,Bilovodsk,2024-11-08,recruitment_and_contract_service,1,15,0.067
59,Беловодский вестник,Bilovodsk,2024-11-08,passportization_and_documents,35,15,2.333
59,Беловодский вестник,Bilovodsk,2024-11-08,elections_and_administration,2,15,0.133
59,Беловодский вестник,Bilovodsk,2024-11-08,reconstruction_and_integration,16,15,1.067
59,Беловодский вестник,Bilovodsk,2024-11-08,ukraine_as_enemy,0,15,0.0
59,Беловодский вестник,Bilovodsk,2024-11-08,children_and_militarization,4,15,0.267
59,Беловодский вестник,Bilovodsk,2024-11-08,leadership_and_loyalty,94,15,6.267
60,Белокуракинский вестник,Bilokurakyne,2024-11-15,recruitment_and_contract_service,6,16,0.375
60,Белокуракинский вестник,Bilokurakyne,2024-11-15,passportization_and_documents,74,16,4.625
60,Белокуракинский вестник,Bilokurakyne,2024-11-15,elections_and_administration,87,16,5.438
60,Белокуракинский вестник,Bilokurakyne,2024-11-15,reconstruction_and_integration,162,16,10.125
60,Белокуракинский вестник,Bilokurakyne,2024-11-15,ukraine_as_enemy,1,16,0.062
60,Белокуракинский вестник,Bilokurakyne,2024-11-15,children_and_militarization,10,16,0.625
60,Белокуракинский вестник,Bilokurakyne,2024-11-15,leadership_and_loyalty,139,16,8.688
61,Беловодский вестник,Bilovodsk,2024-11-22,recruitment_and_contract_service,1,15,0.067
61,Беловодский вестник,Bilovodsk,2024-11-22,passportization_and_documents,20,15,1.333
61,Беловодский вестник,Bilovodsk,2024-11-22,elections_and_administration,5,15,0.333
61,Беловодский вестник,Bilovodsk,2024-11-22,reconstruction_and_integration,17,15,1.133
61,Беловодский вестник,Bilovodsk,2024-11-22,ukraine_as_enemy,3,15,0.2
61,Беловодский вестник,Bilovodsk,2024-11-22,children_and_militarization,10,15,0.667
61,Беловодский вестник,Bilovodsk,2024-11-22,leadership_and_loyalty,98,15,6.533
62,Беловодский вестник,Bilovodsk,2024-11-29,recruitment_and_contract_service,5,15,0.333
62,Беловодский вестник,Bilovodsk,2024-11-29,passportization_and_documents,26,15,1.733
62,Беловодский вестник,Bilovodsk,2024-11-29,elections_and_administration,8,15,0.533
62,Беловодский вестник,Bilovodsk,2024-11-29,reconstruction_and_integration,9,15,0.6
62,Беловодский вестник,Bilovodsk,2024-11-29,ukraine_as_enemy,3,15,0.2
62,Беловодский вестник,Bilovodsk,2024-11-29,children_and_militarization,7,15,0.467
62,Беловодский вестник,Bilovodsk,2024-11-29,leadership_and_loyalty,56,15,3.733
63,Беловодский вестник,Bilovodsk,2024-12-06,recruitment_and_contract_service,4,15,0.267
63,Беловодский вестник,Bilovodsk,2024-12-06,passportization_and_documents,11,15,0.733
63,Беловодский вестник,Bilovodsk,2024-12-06,elections_and_administration,6,15,0.4
63,Беловодский вестник,Bilovodsk,2024-12-06,reconstruction_and_integration,18,15,1.2
63,Беловодский вестник,Bilovodsk,2024-12-06,ukraine_as_enemy,2,15,0.133
63,Беловодский вестник,Bilovodsk,2024-12-06,children_and_militarization,3,15,0.2
63,Беловодский вестник,Bilovodsk,2024-12-06,leadership_and_loyalty,72,15,4.8
64,Беловодский вестник,Bilovodsk,2024-12-13,recruitment_and_contract_service,3,15,0.2
64,Беловодский вестник,Bilovodsk,2024-12-13,passportization_and_documents,24,15,1.6
64,Беловодский вестник,Bilovodsk,2024-12-13,elections_and_administration,1,15,0.067
64,Беловодский вестник,Bilovodsk,2024-12-13,reconstruction_and_integration,7,15,0.467
64,Беловодский вестник,Bilovodsk,2024-12-13,ukraine_as_enemy,5,15,0.333
64,Беловодский вестник,Bilovodsk,2024-12-13,children_and_militarization,2,15,0.133
64,Беловодский вестник,Bilovodsk,2024-12-13,leadership_and_loyalty,69,15,4.6
65,Беловодский вестник,Bilovodsk,2025-02-03,recruitment_and_contract_service,2,15,0.133
65,Беловодский вестник,Bilovodsk,2025-02-03,passportization_and_documents,28,15,1.867
65,Беловодский вестник,Bilovodsk,2025-02-03,elections_and_administration,3,15,0.2
65,Беловодский вестник,Bilovodsk,2025-02-03,reconstruction_and_integration,10,15,0.667
65,Беловодский вестник,Bilovodsk,2025-02-03,ukraine_as_enemy,2,15,0.133
65,Беловодский вестник,Bilovodsk,2025-02-03,children_and_militarization,4,15,0.267
65,Беловодский вестник,Bilovodsk,2025-02-03,leadership_and_loyalty,91,15,6.067
66,Беловодский вестник,Bilovodsk,2024-12-20,recruitment_and_contract_service,4,15,0.267
66,Беловодский вестник,Bilovodsk,2024-12-20,passportization_and_documents,31,15,2.067
66,Беловодский вестник,Bilovodsk,2024-12-20,elections_and_administration,3,15,0.2
66,Беловодский вестник,Bilovodsk,2024-12-20,reconstruction_and_integration,11,15,0.733
66,Беловодский вестник,Bilovodsk,2024-12-20,ukraine_as_enemy,3,15,0.2
66,Беловодский вестник,Bilovodsk,2024-12-20,children_and_militarization,2,15,0.133
66,Беловодский вестник,Bilovodsk,2024-12-20,leadership_and_loyalty,113,15,7.533
67,Беловодский вестник,Bilovodsk,2024-12-27,recruitment_and_contract_service,0,15,0.0
67,Беловодский вестник,Bilovodsk,2024-12-27,passportization_and_documents,9,15,0.6
67,Беловодский вестник,Bilovodsk,2024-12-27,elections_and_administration,4,15,0.267
67,Беловодский вестник,Bilovodsk,2024-12-27,reconstruction_and_integration,10,15,0.667
67,Беловодский вестник,Bilovodsk,2024-12-27,ukraine_as_enemy,6,15,0.4
67,Беловодский вестник,Bilovodsk,2024-12-27,children_and_militarization,4,15,0.267
67,Беловодский вестник,Bilovodsk,2024-12-27,leadership_and_loyalty,82,15,5.467
68,Беловодский вестник,Bilovodsk,2024-03-01,recruitment_and_contract_service,3,15,0.2
68,Беловодский вестник,Bilovodsk,2024-03-01,passportization_and_documents,4,15,0.267
68,Беловодский вестник,Bilovodsk,2024-03-01,elections_and_administration,3,15,0.2
68,Беловодский вестник,Bilovodsk,2024-03-01,reconstruction_and_integration,13,15,0.867
68,Беловодский вестник,Bilovodsk,2024-03-01,ukraine_as_enemy,10,15,0.667
68,Беловодский вестник,Bilovodsk,2024-03-01,children_and_militarization,2,15,0.133
68,Беловодский вестник,Bilovodsk,2024-03-01,leadership_and_loyalty,108,15,7.2
69,Беловодский вестник,Bilovodsk,2025-02-26,recruitment_and_contract_service,4,15,0.267
69,Беловодский вестник,Bilovodsk,2025-02-26,passportization_and_documents,17,15,1.133
69,Беловодский вестник,Bilovodsk,2025-02-26,elections_and_administration,5,15,0.333
69,Беловодский вестник,Bilovodsk,2025-02-26,reconstruction_and_integration,6,15,0.4
69,Беловодский вестник,Bilovodsk,2025-02-26,ukraine_as_enemy,8,15,0.533
69,Беловодский вестник,Bilovodsk,2025-02-26,children_and_militarization,13,15,0.867
69,Беловодский вестник,Bilovodsk,2025-02-26,leadership_and_loyalty,127,15,8.467
70,Беловодский вестник,Bilovodsk,2025-01-01,recruitment_and_contract_service,3,15,0.2
70,Беловодский вестник,Bilovodsk,2025-01-01,passportization_and_documents,21,15,1.4
70,Беловодский вестник,Bilovodsk,2025-01-01,elections_and_administration,8,15,0.533
70,Беловодский вестник,Bilovodsk,2025-01-01,reconstruction_and_integration,3,15,0.2
70,Беловодский вестник,Bilovodsk,2025-01-01,ukraine_as_enemy,3,15,0.2
70,Беловодский вестник,Bilovodsk,2025-01-01,children_and_militarization,1,15,0.067
70,Беловодский вестник,Bilovodsk,2025-01-01,leadership_and_loyalty,96,15,6.4
71,Беловодский вестник,Bilovodsk,2025-03-14,recruitment_and_contract_service,7,15,0.467
71,Беловодский вестник,Bilovodsk,2025-03-14,passportization_and_documents,12,15,0.8
71,Беловодский вестник,Bilovodsk,2025-03-14,elections_and_administration,6,15,0.4
71,Беловодский вестник,Bilovodsk,2025-03-14,reconstruction_and_integration,2,15,0.133
71,Беловодский вестник,Bilovodsk,2025-03-14,ukraine_as_enemy,1,15,0.067
71,Беловодский вестник,Bilovodsk,2025-03-14,children_and_militarization,10,15,0.667
71,Беловодский вестник,Bilovodsk,2025-03-14,leadership_and_loyalty,120,15,8.0
72,Беловодский вестник,Bilovodsk,2024-08-30,recruitment_and_contract_service,10,15,0.667
72,Беловодский вестник,Bilovodsk,2024-08-30,passportization_and_documents,76,15,5.067
72,Беловодский вестник,Bilovodsk,2024-08-30,elections_and_administration,147,15,9.8
72,Беловодский вестник,Bilovodsk,2024-08-30,reconstruction_and_integration,130,15,8.667
72,Беловодский вестник,Bilovodsk,2024-08-30,ukraine_as_enemy,0,15,0.0
72,Беловодский вестник,Bilovodsk,2024-08-30,children_and_militarization,8,15,0.533
72,Беловодский вестник,Bilovodsk,2024-08-30,leadership_and_loyalty,103,15,6.867
73,Беловодский вестник,Bilovodsk,2024-09-06,recruitment_and_contract_service,21,15,1.4
73,Беловодский вестник,Bilovodsk,2024-09-06,passportization_and_documents,48,15,3.2
73,Беловодский вестник,Bilovodsk,2024-09-06,elections_and_administration,9,15,0.6
73,Беловодский вестник,Bilovodsk,2024-09-06,reconstruction_and_integration,12,15,0.8
73,Беловодский вестник,Bilovodsk,2024-09-06,ukraine_as_enemy,1,15,0.067
73,Беловодский вестник,Bilovodsk,2024-09-06,children_and_militarization,7,15,0.467
73,Беловодский вестник,Bilovodsk,2024-09-06,leadership_and_loyalty,139,15,9.267
74,Беловодский вестник,Bilovodsk,2024-09-20,recruitment_and_contract_service,17,15,1.133
74,Беловодский вестник,Bilovodsk,2024-09-20,passportization_and_documents,137,15,9.133
74,Беловодский вестник,Bilovodsk,2024-09-20,elections_and_administration,2,15,0.133
74,Беловодский вестник,Bilovodsk,2024-09-20,reconstruction_and_integration,13,15,0.867
74,Беловодский вестник,Bilovodsk,2024-09-20,ukraine_as_enemy,5,15,0.333
74,Беловодский вестник,Bilovodsk,2024-09-20,children_and_militarization,5,15,0.333
74,Беловодский вестник,Bilovodsk,2024-09-20,leadership_and_loyalty,44,15,2.933
75,Беловодский вестник,Bilovodsk,2024-09-27,recruitment_and_contract_service,5,15,0.333
75,Беловодский вестник,Bilovodsk,2024-09-27,passportization_and_documents,26,15,1.733
75,Беловодский вестник,Bilovodsk,2024-09-27,elections_and_administration,1,15,0.067
75,Беловодский вестник,Bilovodsk,2024-09-27,reconstruction_and_integration,19,15,1.267
75,Беловодский вестник,Bilovodsk,2024-09-27,ukraine_as_enemy,3,15,0.2
75,Беловодский вестник,Bilovodsk,2024-09-27,children_and_militarization,6,15,0.4
75,Беловодский вестник,Bilovodsk,2024-09-27,leadership_and_loyalty,70,15,4.667
76,Беловодский вестник,Bilovodsk,2024-10-04,recruitment_and_contract_service,0,15,0.0
76,Беловодский вестник,Bilovodsk,2024-10-04,passportization_and_documents,7,15,0.467
76,Беловодский вестник,Bilovodsk,2024-10-04,elections_and_administration,3,15,0.2
76,Беловодский вестник,Bilovodsk,2024-10-04,reconstruction_and_integration,7,15,0.467
76,Беловодский вестник,Bilovodsk,2024-10-04,ukraine_as_enemy,2,15,0.133
76,Беловодский вестник,Bilovodsk,2024-10-04,children_and_militarization,4,15,0.267
76,Беловодский вестник,Bilovodsk,2024-10-04,leadership_and_loyalty,80,15,5.333
77,Беловодский вестник,Bilovodsk,2024-10-11,recruitment_and_contract_service,0,15,0.0
77,Беловодский вестник,Bilovodsk,2024-10-11,passportization_and_documents,7,15,0.467
77,Беловодский вестник,Bilovodsk,2024-10-11,elections_and_administration,18,15,1.2
77,Беловодский вестник,Bilovodsk,2024-10-11,reconstruction_and_integration,9,15,0.6
77,Беловодский вестник,Bilovodsk,2024-10-11,ukraine_as_enemy,1,15,0.067
77,Беловодский вестник,Bilovodsk,2024-10-11,children_and_militarization,6,15,0.4
77,Беловодский вестник,Bilovodsk,2024-10-11,leadership_and_loyalty,53,15,3.533
78,Белокуракинский вестник,Bilokurakyne,2025-01-17,recruitment_and_contract_service,2,15,0.133
78,Белокуракинский вестник,Bilokurakyne,2025-01-17,passportization_and_documents,33,15,2.2
78,Белокуракинский вестник,Bilokurakyne,2025-01-17,elections_and_administration,0,15,0.0
78,Белокуракинский вестник,Bilokurakyne,2025-01-17,reconstruction_and_integration,11,15,0.733
78,Белокуракинский вестник,Bilokurakyne,2025-01-17,ukraine_as_enemy,0,15,0.0
78,Белокуракинский вестник,Bilokurakyne,2025-01-17,children_and_militarization,1,15,0.067
78,Белокуракинский вестник,Bilokurakyne,2025-01-17,leadership_and_loyalty,68,15,4.533
79,Белокуракинский вестник,Bilokurakyne,2025-01-24,recruitment_and_contract_service,0,15,0.0
79,Белокуракинский вестник,Bilokurakyne,2025-01-24,passportization_and_documents,42,15,2.8
79,Белокуракинский вестник,Bilokurakyne,2025-01-24,elections_and_administration,1,15,0.067
79,Белокуракинский вестник,Bilokurakyne,2025-01-24,reconstruction_and_integration,17,15,1.133
79,Белокуракинский вестник,Bilokurakyne,2025-01-24,ukraine_as_enemy,2,15,0.133
79,Белокуракинский вестник,Bilokurakyne,2025-01-24,children_and_militarization,11,15,0.733
79,Белокуракинский вестник,Bilokurakyne,2025-01-24,leadership_and_loyalty,106,15,7.067
80,Белокуракинский вестник,Bilokurakyne,2025-01-31,recruitment_and_contract_service,3,15,0.2
80,Белокуракинский вестник,Bilokurakyne,2025-01-31,passportization_and_documents,18,15,1.2
80,Белокуракинский вестник,Bilokurakyne,2025-01-31,elections_and_administration,3,15,0.2
80,Белокуракинский вестник,Bilokurakyne,2025-01-31,reconstruction_and_integration,3,15,0.2
80,Белокуракинский вестник,Bilokurakyne,2025-01-31,ukraine_as_enemy,1,15,0.067
80,Белокуракинский вестник,Bilokurakyne,2025-01-31,children_and_militarization,9,15,0.6
80,Белокуракинский вестник,Bilokurakyne,2025-01-31,leadership_and_loyalty,72,15,4.8
81,Белокуракинский вестник,Bilokurakyne,2025-02-07,recruitment_and_contract_service,4,15,0.267
81,Белокуракинский вестник,Bilokurakyne,2025-02-07,passportization_and_documents,11,15,0.733
81,Белокуракинский вестник,Bilokurakyne,2025-02-07,elections_and_administration,0,15,0.0
81,Белокуракинский вестник,Bilokurakyne,2025-02-07,reconstruction_and_integration,6,15,0.4
81,Белокуракинский вестник,Bilokurakyne,2025-02-07,ukraine_as_enemy,3,15,0.2
81,Белокуракинский вестник,Bilokurakyne,2025-02-07,children_and_militarization,2,15,0.133
81,Белокуракинский вестник,Bilokurakyne,2025-02-07,leadership_and_loyalty,108,15,7.2
82,Белокуракинский вестник,Bilokurakyne,2025-02-14,recruitment_and_contract_service,2,15,0.133
82,Белокуракинский вестник,Bilokurakyne,2025-02-14,passportization_and_documents,24,15,1.6
82,Белокуракинский вестник,Bilokurakyne,2025-02-14,elections_and_administration,2,15,0.133
82,Белокуракинский вестник,Bilokurakyne,2025-02-14,reconstruction_and_integration,7,15,0.467
82,Белокуракинский вестник,Bilokurakyne,2025-02-14,ukraine_as_enemy,3,15,0.2
82,Белокуракинский вестник,Bilokurakyne,2025-02-14,children_and_militarization,4,15,0.267
82,Белокуракинский вестник,Bilokurakyne,2025-02-14,leadership_and_loyalty,93,15,6.2
83,Белокуракинский вестник,Bilokurakyne,2025-02-21,recruitment_and_contract_service,3,15,0.2
83,Белокуракинский вестник,Bilokurakyne,2025-02-21,passportization_and_documents,16,15,1.067
83,Белокуракинский вестник,Bilokurakyne,2025-02-21,elections_and_administration,1,15,0.067
83,Белокуракинский вестник,Bilokurakyne,2025-02-21,reconstruction_and_integration,11,15,0.733
83,Белокуракинский вестник,Bilokurakyne,2025-02-21,ukraine_as_enemy,9,15,0.6
83,Белокуракинский вестник,Bilokurakyne,2025-02-21,children_and_militarization,1,15,0.067
83,Белокуракинский вестник,Bilokurakyne,2025-02-21,leadership_and_loyalty,92,15,6.133
84,Белокуракинский вестник,Bilokurakyne,2025-02-28,recruitment_and_contract_service,5,15,0.333
84,Белокуракинский вестник,Bilokurakyne,2025-02-28,passportization_and_documents,14,15,0.933
84,Белокуракинский вестник,Bilokurakyne,2025-02-28,elections_and_administration,2,15,0.133
84,Белокуракинский вестник,Bilokurakyne,2025-02-28,reconstruction_and_integration,1,15,0.067
84,Белокуракинский вестник,Bilokurakyne,2025-02-28,ukraine_as_enemy,6,15,0.4
84,Белокуракинский вестник,Bilokurakyne,2025-02-28,children_and_militarization,2,15,0.133
84,Белокуракинский вестник,Bilokurakyne,2025-02-28,leadership_and_loyalty,96,15,6.4
85,Белокуракинский вестник,Bilokurakyne,2025-03-07,recruitment_and_contract_service,4,15,0.267
85,Белокуракинский вестник,Bilokurakyne,2025-03-07,passportization_and_documents,25,15,1.667
85,Белокуракинский вестник,Bilokurakyne,2025-03-07,elections_and_administration,1,15,0.067
85,Белокуракинский вестник,Bilokurakyne,2025-03-07,reconstruction_and_integration,5,15,0.333
85,Белокуракинский вестник,Bilokurakyne,2025-03-07,ukraine_as_enemy,1,15,0.067
85,Белокуракинский вестник,Bilokurakyne,2025-03-07,children_and_militarization,5,15,0.333
85,Белокуракинский вестник,Bilokurakyne,2025-03-07,leadership_and_loyalty,95,15,6.333
86,Белокуракинский вестник,Bilokurakyne,2025-03-14,recruitment_and_contract_service,7,15,0.467
86,Белокуракинский вестник,Bilokurakyne,2025-03-14,passportization_and_documents,12,15,0.8
86,Белокуракинский вестник,Bilokurakyne,2025-03-14,elections_and_administration,3,15,0.2
86,Белокуракинский вестник,Bilokurakyne,2025-03-14,reconstruction_and_integration,5,15,0.333
86,Белокуракинский вестник,Bilokurakyne,2025-03-14,ukraine_as_enemy,0,15,0.0
86,Белокуракинский вестник,Bilokurakyne,2025-03-14,children_and_militarization,3,15,0.2
86,Белокуракинский вестник,Bilokurakyne,2025-03-14,leadership_and_loyalty,108,15,7.2
87,Белокуракинский вестник,Bilokurakyne,2025-03-21,recruitment_and_contract_service,5,15,0.333
87,Белокуракинский вестник,Bilokurakyne,2025-03-21,passportization_and_documents,9,15,0.6
87,Белокуракинский вестник,Bilokurakyne,2025-03-21,elections_and_administration,2,15,0.133
87,Белокуракинский вестник,Bilokurakyne,2025-03-21,reconstruction_and_integration,12,15,0.8
87,Белокуракинский вестник,Bilokurakyne,2025-03-21,ukraine_as_enemy,10,15,0.667
87,Белокуракинский вестник,Bilokurakyne,2025-03-21,children_and_militarization,6,15,0.4
87,Белокуракинский вестник,Bilokurakyne,2025-03-21,leadership_and_loyalty,109,15,7.267
88,Белокуракинский вестник,Bilokurakyne,2025-03-28,recruitment_and_contract_service,1,15,0.067
88,Белокуракинский вестник,Bilokurakyne,2025-03-28,passportization_and_documents,8,15,0.533
88,Белокуракинский вестник,Bilokurakyne,2025-03-28,elections_and_administration,0,15,0.0
88,Белокуракинский вестник,Bilokurakyne,2025-03-28,reconstruction_and_integration,9,15,0.6
88,Белокуракинский вестник,Bilokurakyne,2025-03-28,ukraine_as_enemy,5,15,0.333
88,Белокуракинский вестник,Bilokurakyne,2025-03-28,children_and_militarization,2,15,0.133
88,Белокуракинский вестник,Bilokurakyne,2025-03-28,leadership_and_loyalty,87,15,5.8
89,Белокуракинский вестник,Bilokurakyne,2025-04-04,recruitment_and_contract_service,1,15,0.067
89,Белокуракинский вестник,Bilokurakyne,2025-04-04,passportization_and_documents,5,15,0.333
89,Белокуракинский вестник,Bilokurakyne,2025-04-04,elections_and_administration,1,15,0.067
89,Белокуракинский вестник,Bilokurakyne,2025-04-04,reconstruction_and_integration,5,15,0.333
89,Белокуракинский вестник,Bilokurakyne,2025-04-04,ukraine_as_enemy,2,15,0.133
89,Белокуракинский вестник,Bilokurakyne,2025-04-04,children_and_militarization,3,15,0.2
89,Белокуракинский вестник,Bilokurakyne,2025-04-04,leadership_and_loyalty,97,15,6.467
90,Белокуракинский вестник,Bilokurakyne,2024-08-23,recruitment_and_contract_service,5,15,0.333
90,Белокуракинский вестник,Bilokurakyne,2024-08-23,passportization_and_documents,14,15,0.933
90,Белокуракинский вестник,Bilokurakyne,2024-08-23,elections_and_administration,2,15,0.133
90,Белокуракинский вестник,Bilokurakyne,2024-08-23,reconstruction_and_integration,9,15,0.6
90,Белокуракинский вестник,Bilokurakyne,2024-08-23,ukraine_as_enemy,0,15,0.0
90,Белокуракинский вестник,Bilokurakyne,2024-08-23,children_and_militarization,6,15,0.4
90,Белокуракинский вестник,Bilokurakyne,2024-08-23,leadership_and_loyalty,70,15,4.667
91,Белокуракинский вестник,Bilokurakyne,2024-08-30,recruitment_and_contract_service,17,15,1.133
91,Белокуракинский вестник,Bilokurakyne,2024-08-30,passportization_and_documents,33,15,2.2
91,Белокуракинский вестник,Bilokurakyne,2024-08-30,elections_and_administration,1,15,0.067
91,Белокуракинский вестник,Bilokurakyne,2024-08-30,reconstruction_and_integration,16,15,1.067
91,Белокуракинский вестник,Bilokurakyne,2024-08-30,ukraine_as_enemy,1,15,0.067
91,Белокуракинский вестник,Bilokurakyne,2024-08-30,children_and_militarization,15,15,1.0
91,Белокуракинский вестник,Bilokurakyne,2024-08-30,leadership_and_loyalty,66,15,4.4
92,Белокуракинский вестник,Bilokurakyne,2024-09-06,recruitment_and_contract_service,0,15,0.0
92,Белокуракинский вестник,Bilokurakyne,2024-09-06,passportization_and_documents,26,15,1.733
92,Белокуракинский вестник,Bilokurakyne,2024-09-06,elections_and_administration,2,15,0.133
92,Белокуракинский вестник,Bilokurakyne,2024-09-06,reconstruction_and_integration,23,15,1.533
92,Белокуракинский вестник,Bilokurakyne,2024-09-06,ukraine_as_enemy,2,15,0.133
92,Белокуракинский вестник,Bilokurakyne,2024-09-06,children_and_militarization,11,15,0.733
92,Белокуракинский вестник,Bilokurakyne,2024-09-06,leadership_and_loyalty,59,15,3.933
93,Белокуракинский вестник,Bilokurakyne,2024-09-13,recruitment_and_contract_service,0,15,0.0
93,Белокуракинский вестник,Bilokurakyne,2024-09-13,passportization_and_documents,13,15,0.867
93,Белокуракинский вестник,Bilokurakyne,2024-09-13,elections_and_administration,1,15,0.067
93,Белокуракинский вестник,Bilokurakyne,2024-09-13,reconstruction_and_integration,10,15,0.667
93,Белокуракинский вестник,Bilokurakyne,2024-09-13,ukraine_as_enemy,0,15,0.0
93,Белокуракинский вестник,Bilokurakyne,2024-09-13,children_and_militarization,3,15,0.2
93,Белокуракинский вестник,Bilokurakyne,2024-09-13,leadership_and_loyalty,46,15,3.067
94,Белокуракинский вестник,Bilokurakyne,2024-09-20,recruitment_and_contract_service,2,15,0.133
94,Белокуракинский вестник,Bilokurakyne,2024-09-20,passportization_and_documents,16,15,1.067
94,Белокуракинский вестник,Bilokurakyne,2024-09-20,elections_and_administration,0,15,0.0
94,Белокуракинский вестник,Bilokurakyne,2024-09-20,reconstruction_and_integration,12,15,0.8
94,Белокуракинский вестник,Bilokurakyne,2024-09-20,ukraine_as_enemy,1,15,0.067
94,Белокуракинский вестник,Bilokurakyne,2024-09-20,children_and_militarization,6,15,0.4
94,Белокуракинский вестник,Bilokurakyne,2024-09-20,leadership_and_loyalty,51,15,3.4
95,Белокуракинский вестник,Bilokurakyne,2024-09-27,recruitment_and_contract_service,1,15,0.067
95,Белокуракинский вестник,Bilokurakyne,2024-09-27,passportization_and_documents,9,15,0.6
95,Белокуракинский вестник,Bilokurakyne,2024-09-27,elections_and_administration,7,15,0.467
95,Белокуракинский вестник,Bilokurakyne,2024-09-27,reconstruction_and_integration,29,15,1.933
95,Белокуракинский вестник,Bilokurakyne,2024-09-27,ukraine_as_enemy,3,15,0.2
95,Белокуракинский вестник,Bilokurakyne,2024-09-27,children_and_militarization,7,15,0.467
95,Белокуракинский вестник,Bilokurakyne,2024-09-27,leadership_and_loyalty,60,15,4.0
96,Белокуракинский вестник,Bilokurakyne,2024-10-04,recruitment_and_contract_service,0,15,0.0
96,Белокуракинский вестник,Bilokurakyne,2024-10-04,passportization_and_documents,18,15,1.2
96,Белокуракинский вестник,Bilokurakyne,2024-10-04,elections_and_administration,2,15,0.133
96,Белокуракинский вестник,Bilokurakyne,2024-10-04,reconstruction_and_integration,17,15,1.133
96,Белокуракинский вестник,Bilokurakyne,2024-10-04,ukraine_as_enemy,1,15,0.067
96,Белокуракинский вестник,Bilokurakyne,2024-10-04,children_and_militarization,4,15,0.267
96,Белокуракинский вестник,Bilokurakyne,2024-10-04,leadership_and_loyalty,81,15,5.4
97,Белокуракинский вестник,Bilokurakyne,2024-10-11,recruitment_and_contract_service,2,15,0.133
97,Белокуракинский вестник,Bilokurakyne,2024-10-11,passportization_and_documents,17,15,1.133
97,Белокуракинский вестник,Bilokurakyne,2024-10-11,elections_and_administration,2,15,0.133
97,Белокуракинский вестник,Bilokurakyne,2024-10-11,reconstruction_and_integration,17,15,1.133
97,Белокуракинский вестник,Bilokurakyne,2024-10-11,ukraine_as_enemy,1,15,0.067
97,Белокуракинский вестник,Bilokurakyne,2024-10-11,children_and_militarization,9,15,0.6
97,Белокуракинский вестник,Bilokurakyne,2024-10-11,leadership_and_loyalty,71,15,4.733
98,Белокуракинский вестник,Bilokurakyne,2024-10-18,recruitment_and_contract_service,4,15,0.267
98,Белокуракинский вестник,Bilokurakyne,2024-10-18,passportization_and_documents,30,15,2.0
98,Белокуракинский вестник,Bilokurakyne,2024-10-18,elections_and_administration,34,15,2.267
98,Белокуракинский вестник,Bilokurakyne,2024-10-18,reconstruction_and_integration,17,15,1.133
98,Белокуракинский вестник,Bilokurakyne,2024-10-18,ukraine_as_enemy,0,15,0.0
98,Белокуракинский вестник,Bilokurakyne,2024-10-18,children_and_militarization,3,15,0.2
98,Белокуракинский вестник,Bilokurakyne,2024-10-18,leadership_and_loyalty,77,15,5.133
99,Белокуракинский вестник,Bilokurakyne,2024-10-25,recruitment_and_contract_service,0,15,0.0
99,Белокуракинский вестник,Bilokurakyne,2024-10-25,passportization_and_documents,15,15,1.0
99,Белокуракинский вестник,Bilokurakyne,2024-10-25,elections_and_administration,0,15,0.0
99,Белокуракинский вестник,Bilokurakyne,2024-10-25,reconstruction_and_integration,11,15,0.733
99,Белокуракинский вестник,Bilokurakyne,2024-10-25,ukraine_as_enemy,0,15,0.0
99,Белокуракинский вестник,Bilokurakyne,2024-10-25,children_and_militarization,6,15,0.4
99,Белокуракинский вестник,Bilokurakyne,2024-10-25,leadership_and_loyalty,53,15,3.533
100,Белокуракинский вестник,Bilokurakyne,2024-11-01,recruitment_and_contract_service,0,15,0.0
100,Белокуракинский вестник,Bilokurakyne,2024-11-01,passportization_and_documents,14,15,0.933
100,Белокуракинский вестник,Bilokurakyne,2024-11-01,elections_and_administration,1,15,0.067
100,Белокуракинский вестник,Bilokurakyne,2024-11-01,reconstruction_and_integration,15,15,1.0
100,Белокуракинский вестник,Bilokurakyne,2024-11-01,ukraine_as_enemy,0,15,0.0
100,Белокуракинский вестник,Bilokurakyne,2024-11-01,children_and_militarization,5,15,0.333
100,Белокуракинский вестник,Bilokurakyne,2024-11-01,leadership_and_loyalty,62,15,4.133
101,Труд горняка,Bryanka,2024-11-08,recruitment_and_contract_service,1,15,0.067
101,Труд горняка,Bryanka,2024-11-08,passportization_and_documents,23,15,1.533
101,Труд горняка,Bryanka,2024-11-08,elections_and_administration,0,15,0.0
101,Труд горняка,Bryanka,2024-11-08,reconstruction_and_integration,6,15,0.4
101,Труд горняка,Bryanka,2024-11-08,ukraine_as_enemy,0,15,0.0
101,Труд горняка,Bryanka,2024-11-08,children_and_militarization,2,15,0.133
101,Труд горняка,Bryanka,2024-11-08,leadership_and_loyalty,80,15,5.333
102,Белокуракинский вестник,Bilokurakyne,2024-11-08,recruitment_and_contract_service,1,15,0.067
102,Белокуракинский вестник,Bilokurakyne,2024-11-08,passportization_and_documents,23,15,1.533
102,Белокуракинский вестник,Bilokurakyne,2024-11-08,elections_and_administration,0,15,0.0
102,Белокуракинский вестник,Bilokurakyne,2024-11-08,reconstruction_and_integration,6,15,0.4
102,Белокуракинский вестник,Bilokurakyne,2024-11-08,ukraine_as_enemy,0,15,0.0
102,Белокуракинский вестник,Bilokurakyne,2024-11-08,children_and_militarization,2,15,0.133
102,Белокуракинский вестник,Bilokurakyne,2024-11-08,leadership_and_loyalty,80,15,5.333
103,Труд горняка,Bryanka,2024-11-15,recruitment_and_contract_service,1,15,0.067
103,Труд горняка,Bryanka,2024-11-15,passportization_and_documents,15,15,1.0
103,Труд горняка,Bryanka,2024-11-15,elections_and_administration,0,15,0.0
103,Труд горняка,Bryanka,2024-11-15,reconstruction_and_integration,10,15,0.667
103,Труд горняка,Bryanka,2024-11-15,ukraine_as_enemy,0,15,0.0
103,Труд горняка,Bryanka,2024-11-15,children_and_militarization,2,15,0.133
103,Труд горняка,Bryanka,2024-11-15,leadership_and_loyalty,67,15,4.467
104,Белокуракинский вестник,Bilokurakyne,2024-11-22,recruitment_and_contract_service,3,15,0.2
104,Белокуракинский вестник,Bilokurakyne,2024-11-22,passportization_and_documents,21,15,1.4
104,Белокуракинский вестник,Bilokurakyne,2024-11-22,elections_and_administration,18,15,1.2
104,Белокуракинский вестник,Bilokurakyne,2024-11-22,reconstruction_and_integration,4,15,0.267
104,Белокуракинский вестник,Bilokurakyne,2024-11-22,ukraine_as_enemy,0,15,0.0
104,Белокуракинский вестник,Bilokurakyne,2024-11-22,children_and_militarization,5,15,0.333
104,Белокуракинский вестник,Bilokurakyne,2024-11-22,leadership_and_loyalty,76,15,5.067
105,Белокуракинский вестник,Bilokurakyne,2024-11-29,recruitment_and_contract_service,12,15,0.8
105,Белокуракинский вестник,Bilokurakyne,2024-11-29,passportization_and_documents,20,15,1.333
105,Белокуракинский вестник,Bilokurakyne,2024-11-29,elections_and_administration,33,15,2.2
105,Белокуракинский вестник,Bilokurakyne,2024-11-29,reconstruction_and_integration,15,15,1.0
105,Белокуракинский вестник,Bilokurakyne,2024-11-29,ukraine_as_enemy,1,15,0.067
105,Белокуракинский вестник,Bilokurakyne,2024-11-29,children_and_militarization,4,15,0.267
105,Белокуракинский вестник,Bilokurakyne,2024-11-29,leadership_and_loyalty,73,15,4.867
106,Белокуракинский вестник,Bilokurakyne,2024-12-06,recruitment_and_contract_service,5,15,0.333
106,Белокуракинский вестник,Bilokurakyne,2024-12-06,passportization_and_documents,17,15,1.133
106,Белокуракинский вестник,Bilokurakyne,2024-12-06,elections_and_administration,0,15,0.0
106,Белокуракинский вестник,Bilokurakyne,2024-12-06,reconstruction_and_integration,23,15,1.533
106,Белокуракинский вестник,Bilokurakyne,2024-12-06,ukraine_as_enemy,0,15,0.0
106,Белокуракинский вестник,Bilokurakyne,2024-12-06,children_and_militarization,3,15,0.2
106,Белокуракинский вестник,Bilokurakyne,2024-12-06,leadership_and_loyalty,54,15,3.6
107,Белокуракинский вестник,Bilokurakyne,2024-12-13,recruitment_and_contract_service,7,15,0.467
107,Белокуракинский вестник,Bilokurakyne,2024-12-13,passportization_and_documents,15,15,1.0
107,Белокуракинский вестник,Bilokurakyne,2024-12-13,elections_and_administration,1,15,0.067
107,Белокуракинский вестник,Bilokurakyne,2024-12-13,reconstruction_and_integration,13,15,0.867
107,Белокуракинский вестник,Bilokurakyne,2024-12-13,ukraine_as_enemy,2,15,0.133
107,Белокуракинский вестник,Bilokurakyne,2024-12-13,children_and_militarization,3,15,0.2
107,Белокуракинский вестник,Bilokurakyne,2024-12-13,leadership_and_loyalty,55,15,3.667
108,Белокуракинский вестник,Bilokurakyne,2024-12-31,recruitment_and_contract_service,4,15,0.267
108,Белокуракинский вестник,Bilokurakyne,2024-12-31,passportization_and_documents,27,15,1.8
108,Белокуракинский вестник,Bilokurakyne,2024-12-31,elections_and_administration,1,15,0.067
108,Белокуракинский вестник,Bilokurakyne,2024-12-31,reconstruction_and_integration,14,15,0.933
108,Белокуракинский вестник,Bilokurakyne,2024-12-31,ukraine_as_enemy,3,15,0.2
108,Белокуракинский вестник,Bilokurakyne,2024-12-31,children_and_militarization,1,15,0.067
108,Белокуракинский вестник,Bilokurakyne,2024-12-31,leadership_and_loyalty,118,15,7.867
109,Белокуракинский вестник,Bilokurakyne,2024-12-27,recruitment_and_contract_service,6,15,0.4
109,Белокуракинский вестник,Bilokurakyne,2024-12-27,passportization_and_documents,30,15,2.0
109,Белокуракинский вестник,Bilokurakyne,2024-12-27,elections_and_administration,23,15,1.533
109,Белокуракинский вестник,Bilokurakyne,2024-12-27,reconstruction_and_integration,12,15,0.8
109,Белокуракинский вестник,Bilokurakyne,2024-12-27,ukraine_as_enemy,4,15,0.267
109,Белокуракинский вестник,Bilokurakyne,2024-12-27,children_and_militarization,6,15,0.4
109,Белокуракинский вестник,Bilokurakyne,2024-12-27,leadership_and_loyalty,130,15,8.667
110,Вестник Северодонецка,Sievierodonetsk,2025-01-15,recruitment_and_contract_service,17,23,0.739
110,Вестник Северодонецка,Sievierodonetsk,2025-01-15,passportization_and_documents,12,23,0.522
110,Вестник Северодонецка,Sievierodonetsk,2025-01-15,elections_and_administration,3,23,0.13
110,Вестник Северодонецка,Sievierodonetsk,2025-01-15,reconstruction_and_integration,26,23,1.13
110,Вестник Северодонецка,Sievierodonetsk,2025-01-15,ukraine_as_enemy,6,23,0.261
110,Вестник Северодонецка,Sievierodonetsk,2025-01-15,children_and_militarization,8,23,0.348
110,Вестник Северодонецка,Sievierodonetsk,2025-01-15,leadership_and_loyalty,111,23,4.826
111,Вестник Северодонецка,Sievierodonetsk,2025-03-19,recruitment_and_contract_service,21,23,0.913
111,Вестник Северодонецка,Sievierodonetsk,2025-03-19,passportization_and_documents,46,23,2.0
111,Вестник Северодонецка,Sievierodonetsk,2025-03-19,elections_and_administration,5,23,0.217
111,Вестник Северодонецка,Sievierodonetsk,2025-03-19,reconstruction_and_integration,27,23,1.174
111,Вестник Северодонецка,Sievierodonetsk,2025-03-19,ukraine_as_enemy,15,23,0.652
111,Вестник Северодонецка,Sievierodonetsk,2025-03-19,children_and_militarization,6,23,0.261
111,Вестник Северодонецка,Sievierodonetsk,2025-03-19,leadership_and_loyalty,134,23,5.826
112,Вестник Северодонецка,Sievierodonetsk,2025-03-26,recruitment_and_contract_service,7,23,0.304
112,Вестник Северодонецка,Sievierodonetsk,2025-03-26,passportization_and_documents,41,23,1.783
112,Вестник Северодонецка,Sievierodonetsk,2025-03-26,elections_and_administration,0,23,0.0
112,Вестник Северодонецка,Sievierodonetsk,2025-03-26,reconstruction_and_integration,109,23,4.739
112,Вестник Северодонецка,Sievierodonetsk,2025-03-26,ukraine_as_enemy,11,23,0.478
112,Вестник Северодонецка,Sievierodonetsk,2025-03-26,children_and_militarization,12,23,0.522
112,Вестник Северодонецка,Sievierodonetsk,2025-03-26,leadership_and_loyalty,129,23,5.609
113,Вестник Северодонецка,Sievierodonetsk,2025-04-02,recruitment_and_contract_service,1,23,0.043
113,Вестник Северодонецка,Sievierodonetsk,2025-04-02,passportization_and_documents,15,23,0.652
113,Вестник Северодонецка,Sievierodonetsk,2025-04-02,elections_and_administration,2,23,0.087
113,Вестник Северодонецка,Sievierodonetsk,2025-04-02,reconstruction_and_integration,19,23,0.826
113,Вестник Северодонецка,Sievierodonetsk,2025-04-02,ukraine_as_enemy,2,23,0.087
113,Вестник Северодонецка,Sievierodonetsk,2025-04-02,children_and_militarization,6,23,0.261
113,Вестник Северодонецка,Sievierodonetsk,2025-04-02,leadership_and_loyalty,128,23,5.565
114,Вестник Северодонецка,Sievierodonetsk,2025-01-22,recruitment_and_contract_service,0,23,0.0
114,Вестник Северодонецка,Sievierodonetsk,2025-01-22,passportization_and_documents,18,23,0.783
114,Вестник Северодонецка,Sievierodonetsk,2025-01-22,elections_and_administration,39,23,1.696
114,Вестник Северодонецка,Sievierodonetsk,2025-01-22,reconstruction_and_integration,30,23,1.304
114,Вестник Северодонецка,Sievierodonetsk,2025-01-22,ukraine_as_enemy,6,23,0.261
114,Вестник Северодонецка,Sievierodonetsk,2025-01-22,children_and_militarization,27,23,1.174
114,Вестник Северодонецка,Sievierodonetsk,2025-01-22,leadership_and_loyalty,144,23,6.261
115,Вестник Северодонецка,Sievierodonetsk,2025-07-09,recruitment_and_contract_service,2,16,0.125
115,Вестник Северодонецка,Sievierodonetsk,2025-07-09,passportization_and_documents,15,16,0.938
115,Вестник Северодонецка,Sievierodonetsk,2025-07-09,elections_and_administration,9,16,0.562
115,Вестник Северодонецка,Sievierodonetsk,2025-07-09,reconstruction_and_integration,22,16,1.375
115,Вестник Северодонецка,Sievierodonetsk,2025-07-09,ukraine_as_enemy,7,16,0.438
115,Вестник Северодонецка,Sievierodonetsk,2025-07-09,children_and_militarization,1,16,0.062
115,Вестник Северодонецка,Sievierodonetsk,2025-07-09,leadership_and_loyalty,85,16,5.312
116,Вестник Северодонецка,Sievierodonetsk,2025-01-01,recruitment_and_contract_service,3,23,0.13
116,Вестник Северодонецка,Sievierodonetsk,2025-01-01,passportization_and_documents,23,23,1.0
116,Вестник Северодонецка,Sievierodonetsk,2025-01-01,elections_and_administration,9,23,0.391
116,Вестник Северодонецка,Sievierodonetsk,2025-01-01,reconstruction_and_integration,20,23,0.87
116,Вестник Северодонецка,Sievierodonetsk,2025-01-01,ukraine_as_enemy,4,23,0.174
116,Вестник Северодонецка,Sievierodonetsk,2025-01-01,children_and_militarization,10,23,0.435
116,Вестник Северодонецка,Sievierodonetsk,2025-01-01,leadership_and_loyalty,104,23,4.522
117,Вестник Северодонецка,Sievierodonetsk,2024-08-21,recruitment_and_contract_service,10,19,0.526
117,Вестник Северодонецка,Sievierodonetsk,2024-08-21,passportization_and_documents,74,19,3.895
117,Вестник Северодонецка,Sievierodonetsk,2024-08-21,elections_and_administration,12,19,0.632
117,Вестник Северодонецка,Sievierodonetsk,2024-08-21,reconstruction_and_integration,38,19,2.0
117,Вестник Северодонецка,Sievierodonetsk,2024-08-21,ukraine_as_enemy,3,19,0.158
117,Вестник Северодонецка,Sievierodonetsk,2024-08-21,children_and_militarization,12,19,0.632
117,Вестник Северодонецка,Sievierodonetsk,2024-08-21,leadership_and_loyalty,143,19,7.526
118,Вестник Северодонецка,Sievierodonetsk,2024-08-28,recruitment_and_contract_service,24,19,1.263
118,Вестник Северодонецка,Sievierodonetsk,2024-08-28,passportization_and_documents,33,19,1.737
118,Вестник Северодонецка,Sievierodonetsk,2024-08-28,elections_and_administration,65,19,3.421
118,Вестник Северодонецка,Sievierodonetsk,2024-08-28,reconstruction_and_integration,44,19,2.316
118,Вестник Северодонецка,Sievierodonetsk,2024-08-28,ukraine_as_enemy,2,19,0.105
118,Вестник Северодонецка,Sievierodonetsk,2024-08-28,children_and_militarization,13,19,0.684
118,Вестник Северодонецка,Sievierodonetsk,2024-08-28,leadership_and_loyalty,78,19,4.105
119,Вестник Северодонецка,Sievierodonetsk,2024-09-04,recruitment_and_contract_service,12,23,0.522
119,Вестник Северодонецка,Sievierodonetsk,2024-09-04,passportization_and_documents,138,23,6.0
119,Вестник Северодонецка,Sievierodonetsk,2024-09-04,elections_and_administration,39,23,1.696
119,Вестник Северодонецка,Sievierodonetsk,2024-09-04,reconstruction_and_integration,61,23,2.652
119,Вестник Северодонецка,Sievierodonetsk,2024-09-04,ukraine_as_enemy,5,23,0.217
119,Вестник Северодонецка,Sievierodonetsk,2024-09-04,children_and_militarization,17,23,0.739
119,Вестник Северодонецка,Sievierodonetsk,2024-09-04,leadership_and_loyalty,107,23,4.652
120,Вестник Северодонецка,Sievierodonetsk,2024-09-11,recruitment_and_contract_service,25,23,1.087
120,Вестник Северодонецка,Sievierodonetsk,2024-09-11,passportization_and_documents,78,23,3.391
120,Вестник Северодонецка,Sievierodonetsk,2024-09-11,elections_and_administration,19,23,0.826
120,Вестник Северодонецка,Sievierodonetsk,2024-09-11,reconstruction_and_integration,64,23,2.783
120,Вестник Северодонецка,Sievierodonetsk,2024-09-11,ukraine_as_enemy,1,23,0.043
120,Вестник Северодонецка,Sievierodonetsk,2024-09-11,children_and_militarization,4,23,0.174
120,Вестник Северодонецка,Sievierodonetsk,2024-09-11,leadership_and_loyalty,96,23,4.174
121,Вестник Северодонецка,Sievierodonetsk,2024-09-18,recruitment_and_contract_service,13,23,0.565
121,Вестник Северодонецка,Sievierodonetsk,2024-09-18,passportization_and_documents,68,23,2.957
121,Вестник Северодонецка,Sievierodonetsk,2024-09-18,elections_and_administration,7,23,0.304
121,Вестник Северодонецка,Sievierodonetsk,2024-09-18,reconstruction_and_integration,38,23,1.652
121,Вестник Северодонецка,Sievierodonetsk,2024-09-18,ukraine_as_enemy,7,23,0.304
121,Вестник Северодонецка,Sievierodonetsk,2024-09-18,children_and_militarization,12,23,0.522
121,Вестник Северодонецка,Sievierodonetsk,2024-09-18,leadership_and_loyalty,117,23,5.087
122,Вестник Северодонецка,Sievierodonetsk,2024-09-25,recruitment_and_contract_service,3,23,0.13
122,Вестник Северодонецка,Sievierodonetsk,2024-09-25,passportization_and_documents,25,23,1.087
122,Вестник Северодонецка,Sievierodonetsk,2024-09-25,elections_and_administration,43,23,1.87
122,Вестник Северодонецка,Sievierodonetsk,2024-09-25,reconstruction_and_integration,24,23,1.043
122,Вестник Северодонецка,Sievierodonetsk,2024-09-25,ukraine_as_enemy,5,23,0.217
122,Вестник Северодонецка,Sievierodonetsk,2024-09-25,children_and_militarization,7,23,0.304
122,Вестник Северодонецка,Sievierodonetsk,2024-09-25,leadership_and_loyalty,80,23,3.478
123,Вестник Северодонецка,Sievierodonetsk,2024-10-02,recruitment_and_contract_service,13,24,0.542
123,Вестник Северодонецка,Sievierodonetsk,2024-10-02,passportization_and_documents,40,24,1.667
123,Вестник Северодонецка,Sievierodonetsk,2024-10-02,elections_and_administration,5,24,0.208
123,Вестник Северодонецка,Sievierodonetsk,2024-10-02,reconstruction_and_integration,52,24,2.167
123,Вестник Северодонецка,Sievierodonetsk,2024-10-02,ukraine_as_enemy,2,24,0.083
123,Вестник Северодонецка,Sievierodonetsk,2024-10-02,children_and_militarization,4,24,0.167
123,Вестник Северодонецка,Sievierodonetsk,2024-10-02,leadership_and_loyalty,100,24,4.167
124,Вестник Северодонецка,Sievierodonetsk,2025-02-05,recruitment_and_contract_service,5,23,0.217
124,Вестник Северодонецка,Sievierodonetsk,2025-02-05,passportization_and_documents,24,23,1.043
124,Вестник Северодонецка,Sievierodonetsk,2025-02-05,elections_and_administration,7,23,0.304
124,Вестник Северодонецка,Sievierodonetsk,2025-02-05,reconstruction_and_integration,34,23,1.478
124,Вестник Северодонецка,Sievierodonetsk,2025-02-05,ukraine_as_enemy,11,23,0.478
124,Вестник Северодонецка,Sievierodonetsk,2025-02-05,children_and_militarization,10,23,0.435
124,Вестник Северодонецка,Sievierodonetsk,2025-02-05,leadership_and_loyalty,145,23,6.304
125,Вестник Северодонецка,Sievierodonetsk,2024-10-09,recruitment_and_contract_service,3,23,0.13
125,Вестник Северодонецка,Sievierodonetsk,2024-10-09,passportization_and_documents,45,23,1.957
125,Вестник Северодонецка,Sievierodonetsk,2024-10-09,elections_and_administration,7,23,0.304
125,Вестник Северодонецка,Sievierodonetsk,2024-10-09,reconstruction_and_integration,21,23,0.913
125,Вестник Северодонецка,Sievierodonetsk,2024-10-09,ukraine_as_enemy,4,23,0.174
125,Вестник Северодонецка,Sievierodonetsk,2024-10-09,children_and_militarization,2,23,0.087
125,Вестник Северодонецка,Sievierodonetsk,2024-10-09,leadership_and_loyalty,113,23,4.913
126,Вестник Северодонецка,Sievierodonetsk,2024-10-16,recruitment_and_contract_service,1,23,0.043
126,Вестник Северодонецка,Sievierodonetsk,2024-10-16,passportization_and_documents,45,23,1.957
126,Вестник Северодонецка,Sievierodonetsk,2024-10-16,elections_and_administration,20,23,0.87
126,Вестник Северодонецка,Sievierodonetsk,2024-10-16,reconstruction_and_integration,20,23,0.87
126,Вестник Северодонецка,Sievierodonetsk,2024-10-16,ukraine_as_enemy,4,23,0.174
126,Вестник Северодонецка,Sievierodonetsk,2024-10-16,children_and_militarization,4,23,0.174
126,Вестник Северодонецка,Sievierodonetsk,2024-10-16,leadership_and_loyalty,78,23,3.391
127,Вестник Северодонецка,Sievierodonetsk,2024-10-23,recruitment_and_contract_service,6,24,0.25
127,Вестник Северодонецка,Sievierodonetsk,2024-10-23,passportization_and_documents,27,24,1.125
127,Вестник Северодонецка,Sievierodonetsk,2024-10-23,elections_and_administration,32,24,1.333
127,Вестник Северодонецка,Sievierodonetsk,2024-10-23,reconstruction_and_integration,75,24,3.125
127,Вестник Северодонецка,Sievierodonetsk,2024-10-23,ukraine_as_enemy,1,24,0.042
127,Вестник Северодонецка,Sievierodonetsk,2024-10-23,children_and_militarization,5,24,0.208
127,Вестник Северодонецка,Sievierodonetsk,2024-10-23,leadership_and_loyalty,96,24,4.0
128,Вестник Северодонецка,Sievierodonetsk,2024-10-30,recruitment_and_contract_service,2,23,0.087
128,Вестник Северодонецка,Sievierodonetsk,2024-10-30,passportization_and_documents,51,23,2.217
128,Вестник Северодонецка,Sievierodonetsk,2024-10-30,elections_and_administration,7,23,0.304
128,Вестник Северодонецка,Sievierodonetsk,2024-10-30,reconstruction_and_integration,126,23,5.478
128,Вестник Северодонецка,Sievierodonetsk,2024-10-30,ukraine_as_enemy,6,23,0.261
128,Вестник Северодонецка,Sievierodonetsk,2024-10-30,children_and_militarization,18,23,0.783
128,Вестник Северодонецка,Sievierodonetsk,2024-10-30,leadership_and_loyalty,108,23,4.696
129,Вестник Северодонецка,Sievierodonetsk,2024-11-06,recruitment_and_contract_service,0,23,0.0
129,Вестник Северодонецка,Sievierodonetsk,2024-11-06,passportization_and_documents,145,23,6.304
129,Вестник Северодонецка,Sievierodonetsk,2024-11-06,elections_and_administration,145,23,6.304
129,Вестник Северодонецка,Sievierodonetsk,2024-11-06,reconstruction_and_integration,31,23,1.348
129,Вестник Северодонецка,Sievierodonetsk,2024-11-06,ukraine_as_enemy,6,23,0.261
129,Вестник Северодонецка,Sievierodonetsk,2024-11-06,children_and_militarization,6,23,0.261
129,Вестник Северодонецка,Sievierodonetsk,2024-11-06,leadership_and_loyalty,118,23,5.13
130,Вестник Северодонецка,Sievierodonetsk,2024-11-13,recruitment_and_contract_service,0,23,0.0
130,Вестник Северодонецка,Sievierodonetsk,2024-11-13,passportization_and_documents,41,23,1.783
130,Вестник Северодонецка,Sievierodonetsk,2024-11-13,elections_and_administration,63,23,2.739
130,Вестник Северодонецка,Sievierodonetsk,2024-11-13,reconstruction_and_integration,33,23,1.435
130,Вестник Северодонецка,Sievierodonetsk,2024-11-13,ukraine_as_enemy,5,23,0.217
130,Вестник Северодонецка,Sievierodonetsk,2024-11-13,children_and_militarization,8,23,0.348
130,Вестник Северодонецка,Sievierodonetsk,2024-11-13,leadership_and_loyalty,100,23,4.348
131,Вестник Северодонецка,Sievierodonetsk,2024-11-20,recruitment_and_contract_service,2,23,0.087
131,Вестник Северодонецка,Sievierodonetsk,2024-11-20,passportization_and_documents,32,23,1.391
131,Вестник Северодонецка,Sievierodonetsk,2024-11-20,elections_and_administration,34,23,1.478
131,Вестник Северодонецка,Sievierodonetsk,2024-11-20,reconstruction_and_integration,46,23,2.0
131,Вестник Северодонецка,Sievierodonetsk,2024-11-20,ukraine_as_enemy,5,23,0.217
131,Вестник Северодонецка,Sievierodonetsk,2024-11-20,children_and_militarization,13,23,0.565
131,Вестник Северодонецка,Sievierodonetsk,2024-11-20,leadership_and_loyalty,110,23,4.783
132,Вестник Северодонецка,Sievierodonetsk,2024-11-27,recruitment_and_contract_service,1,23,0.043
132,Вестник Северодонецка,Sievierodonetsk,2024-11-27,passportization_and_documents,45,23,1.957
132,Вестник Северодонецка,Sievierodonetsk,2024-11-27,elections_and_administration,29,23,1.261
132,Вестник Северодонецка,Sievierodonetsk,2024-11-27,reconstruction_and_integration,30,23,1.304
132,Вестник Северодонецка,Sievierodonetsk,2024-11-27,ukraine_as_enemy,5,23,0.217
132,Вестник Северодонецка,Sievierodonetsk,2024-11-27,children_and_militarization,2,23,0.087
132,Вестник Северодонецка,Sievierodonetsk,2024-11-27,leadership_and_loyalty,108,23,4.696
133,Вестник Северодонецка,Sievierodonetsk,2024-12-04,recruitment_and_contract_service,30,23,1.304
133,Вестник Северодонецка,Sievierodonetsk,2024-12-04,passportization_and_documents,44,23,1.913
133,Вестник Северодонецка,Sievierodonetsk,2024-12-04,elections_and_administration,2,23,0.087
133,Вестник Северодонецка,Sievierodonetsk,2024-12-04,reconstruction_and_integration,117,23,5.087
133,Вестник Северодонецка,Sievierodonetsk,2024-12-04,ukraine_as_enemy,5,23,0.217
133,Вестник Северодонецка,Sievierodonetsk,2024-12-04,children_and_militarization,8,23,0.348
133,Вестник Северодонецка,Sievierodonetsk,2024-12-04,leadership_and_loyalty,72,23,3.13
134,Вестник Северодонецка,Sievierodonetsk,2024-12-11,recruitment_and_contract_service,4,23,0.174
134,Вестник Северодонецка,Sievierodonetsk,2024-12-11,passportization_and_documents,30,23,1.304
134,Вестник Северодонецка,Sievierodonetsk,2024-12-11,elections_and_administration,33,23,1.435
134,Вестник Северодонецка,Sievierodonetsk,2024-12-11,reconstruction_and_integration,53,23,2.304
134,Вестник Северодонецка,Sievierodonetsk,2024-12-11,ukraine_as_enemy,5,23,0.217
134,Вестник Северодонецка,Sievierodonetsk,2024-12-11,children_and_militarization,4,23,0.174
134,Вестник Северодонецка,Sievierodonetsk,2024-12-11,leadership_and_loyalty,95,23,4.13
135,Вестник Северодонецка,Sievierodonetsk,2025-02-12,recruitment_and_contract_service,2,23,0.087
135,Вестник Северодонецка,Sievierodonetsk,2025-02-12,passportization_and_documents,15,23,0.652
135,Вестник Северодонецка,Sievierodonetsk,2025-02-12,elections_and_administration,1,23,0.043
135,Вестник Северодонецка,Sievierodonetsk,2025-02-12,reconstruction_and_integration,20,23,0.87
135,Вестник Северодонецка,Sievierodonetsk,2025-02-12,ukraine_as_enemy,5,23,0.217
135,Вестник Северодонецка,Sievierodonetsk,2025-02-12,children_and_militarization,6,23,0.261
135,Вестник Северодонецка,Sievierodonetsk,2025-02-12,leadership_and_loyalty,97,23,4.217
136,Вестник Северодонецка,Sievierodonetsk,2024-12-18,recruitment_and_contract_service,5,24,0.208
136,Вестник Северодонецка,Sievierodonetsk,2024-12-18,passportization_and_documents,39,24,1.625
136,Вестник Северодонецка,Sievierodonetsk,2024-12-18,elections_and_administration,16,24,0.667
136,Вестник Северодонецка,Sievierodonetsk,2024-12-18,reconstruction_and_integration,28,24,1.167
136,Вестник Северодонецка,Sievierodonetsk,2024-12-18,ukraine_as_enemy,5,24,0.208
136,Вестник Северодонецка,Sievierodonetsk,2024-12-18,children_and_militarization,1,24,0.042
136,Вестник Северодонецка,Sievierodonetsk,2024-12-18,leadership_and_loyalty,64,24,2.667
137,Вестник Северодонецка,Sievierodonetsk,2024-12-20,recruitment_and_contract_service,6,23,0.261
137,Вестник Северодонецка,Sievierodonetsk,2024-12-20,passportization_and_documents,47,23,2.043
137,Вестник Северодонецка,Sievierodonetsk,2024-12-20,elections_and_administration,24,23,1.043
137,Вестник Северодонецка,Sievierodonetsk,2024-12-20,reconstruction_and_integration,36,23,1.565
137,Вестник Северодонецка,Sievierodonetsk,2024-12-20,ukraine_as_enemy,9,23,0.391
137,Вестник Северодонецка,Sievierodonetsk,2024-12-20,children_and_militarization,12,23,0.522
137,Вестник Северодонецка,Sievierodonetsk,2024-12-20,leadership_and_loyalty,253,23,11.0
138,Вестник Северодонецка,Sievierodonetsk,2024-03-01,recruitment_and_contract_service,3,23,0.13
138,Вестник Северодонецка,Sievierodonetsk,2024-03-01,passportization_and_documents,4,23,0.174
138,Вестник Северодонецка,Sievierodonetsk,2024-03-01,elections_and_administration,0,23,0.0
138,Вестник Северодонецка,Sievierodonetsk,2024-03-01,reconstruction_and_integration,23,23,1.0
138,Вестник Северодонецка,Sievierodonetsk,2024-03-01,ukraine_as_enemy,19,23,0.826
138,Вестник Северодонецка,Sievierodonetsk,2024-03-01,children_and_militarization,8,23,0.348
138,Вестник Северодонецка,Sievierodonetsk,2024-03-01,leadership_and_loyalty,157,23,6.826
139,Вестник Северодонецка,Sievierodonetsk,2025-02-26,recruitment_and_contract_service,5,23,0.217
139,Вестник Северодонецка,Sievierodonetsk,2025-02-26,passportization_and_documents,13,23,0.565
139,Вестник Северодонецка,Sievierodonetsk,2025-02-26,elections_and_administration,6,23,0.261
139,Вестник Северодонецка,Sievierodonetsk,2025-02-26,reconstruction_and_integration,12,23,0.522
139,Вестник Северодонецка,Sievierodonetsk,2025-02-26,ukraine_as_enemy,10,23,0.435
139,Вестник Северодонецка,Sievierodonetsk,2025-02-26,children_and_militarization,9,23,0.391
139,Вестник Северодонецка,Sievierodonetsk,2025-02-26,leadership_and_loyalty,154,23,6.696
140,Вестник Северодонецка,Sievierodonetsk,2025-01-01,recruitment_and_contract_service,1,23,0.043
140,Вестник Северодонецка,Sievierodonetsk,2025-01-01,passportization_and_documents,24,23,1.043
140,Вестник Северодонецка,Sievierodonetsk,2025-01-01,elections_and_administration,0,23,0.0
140,Вестник Северодонецка,Sievierodonetsk,2025-01-01,reconstruction_and_integration,8,23,0.348
140,Вестник Северодонецка,Sievierodonetsk,2025-01-01,ukraine_as_enemy,3,23,0.13
140,Вестник Северодонецка,Sievierodonetsk,2025-01-01,children_and_militarization,20,23,0.87
140,Вестник Северодонецка,Sievierodonetsk,2025-01-01,leadership_and_loyalty,124,23,5.391
141,Вестник Северодонецка,Sievierodonetsk,2025-03-12,recruitment_and_contract_service,10,23,0.435
141,Вестник Северодонецка,Sievierodonetsk,2025-03-12,passportization_and_documents,23,23,1.0
141,Вестник Северодонецка,Sievierodonetsk,2025-03-12,elections_and_administration,39,23,1.696
141,Вестник Северодонецка,Sievierodonetsk,2025-03-12,reconstruction_and_integration,12,23,0.522
141,Вестник Северодонецка,Sievierodonetsk,2025-03-12,ukraine_as_enemy,6,23,0.261
141,Вестник Северодонецка,Sievierodonetsk,2025-03-12,children_and_militarization,14,23,0.609
141,Вестник Северодонецка,Sievierodonetsk,2025-03-12,leadership_and_loyalty,162,23,7.043
142,Восточный Донбасс,Dovzhansk,2025-01-15,recruitment_and_contract_service,2,23,0.087
142,Восточный Донбасс,Dovzhansk,2025-01-15,passportization_and_documents,13,23,0.565
142,Восточный Донбасс,Dovzhansk,2025-01-15,elections_and_administration,8,23,0.348
142,Восточный Донбасс,Dovzhansk,2025-01-15,reconstruction_and_integration,43,23,1.87
142,Восточный Донбасс,Dovzhansk,2025-01-15,ukraine_as_enemy,2,23,0.087
142,Восточный Донбасс,Dovzhansk,2025-01-15,children_and_militarization,6,23,0.261
142,Восточный Донбасс,Dovzhansk,2025-01-15,leadership_and_loyalty,88,23,3.826
143,Восточный Донбасс,Dovzhansk,2025-03-19,recruitment_and_contract_service,3,23,0.13
143,Восточный Донбасс,Dovzhansk,2025-03-19,passportization_and_documents,11,23,0.478
143,Восточный Донбасс,Dovzhansk,2025-03-19,elections_and_administration,2,23,0.087
143,Восточный Донбасс,Dovzhansk,2025-03-19,reconstruction_and_integration,23,23,1.0
143,Восточный Донбасс,Dovzhansk,2025-03-19,ukraine_as_enemy,6,23,0.261
143,Восточный Донбасс,Dovzhansk,2025-03-19,children_and_militarization,3,23,0.13
143,Восточный Донбасс,Dovzhansk,2025-03-19,leadership_and_loyalty,114,23,4.957
144,Восточный Донбасс,Dovzhansk,2025-03-26,recruitment_and_contract_service,3,23,0.13
144,Восточный Донбасс,Dovzhansk,2025-03-26,passportization_and_documents,22,23,0.957
144,Восточный Донбасс,Dovzhansk,2025-03-26,elections_and_administration,2,23,0.087
144,Восточный Донбасс,Dovzhansk,2025-03-26,reconstruction_and_integration,28,23,1.217
144,Восточный Донбасс,Dovzhansk,2025-03-26,ukraine_as_enemy,7,23,0.304
144,Восточный Донбасс,Dovzhansk,2025-03-26,children_and_militarization,13,23,0.565
144,Восточный Донбасс,Dovzhansk,2025-03-26,leadership_and_loyalty,106,23,4.609
145,Восточный Донбасс,Dovzhansk,2025-04-02,recruitment_and_contract_service,2,23,0.087
145,Восточный Донбасс,Dovzhansk,2025-04-02,passportization_and_documents,13,23,0.565
145,Восточный Донбасс,Dovzhansk,2025-04-02,elections_and_administration,8,23,0.348
145,Восточный Донбасс,Dovzhansk,2025-04-02,reconstruction_and_integration,36,23,1.565
145,Восточный Донбасс,Dovzhansk,2025-04-02,ukraine_as_enemy,1,23,0.043
145,Восточный Донбасс,Dovzhansk,2025-04-02,children_and_militarization,18,23,0.783
145,Восточный Донбасс,Dovzhansk,2025-04-02,leadership_and_loyalty,128,23,5.565
146,Восточный Донбасс,Dovzhansk,2024-04-10,recruitment_and_contract_service,8,23,0.348
146,Восточный Донбасс,Dovzhansk,2024-04-10,passportization_and_documents,54,23,2.348
146,Восточный Донбасс,Dovzhansk,2024-04-10,elections_and_administration,62,23,2.696
146,Восточный Донбасс,Dovzhansk,2024-04-10,reconstruction_and_integration,90,23,3.913
146,Восточный Донбасс,Dovzhansk,2024-04-10,ukraine_as_enemy,3,23,0.13
146,Восточный Донбасс,Dovzhansk,2024-04-10,children_and_militarization,12,23,0.522
146,Восточный Донбасс,Dovzhansk,2024-04-10,leadership_and_loyalty,113,23,4.913
147,Восточный Донбасс,Dovzhansk,2024-04-17,recruitment_and_contract_service,2,23,0.087
147,Восточный Донбасс,Dovzhansk,2024-04-17,passportization_and_documents,32,23,1.391
147,Восточный Донбасс,Dovzhansk,2024-04-17,elections_and_administration,15,23,0.652
147,Восточный Донбасс,Dovzhansk,2024-04-17,reconstruction_and_integration,58,23,2.522
147,Восточный Донбасс,Dovzhansk,2024-04-17,ukraine_as_enemy,2,23,0.087
147,Восточный Донбасс,Dovzhansk,2024-04-17,children_and_militarization,7,23,0.304
147,Восточный Донбасс,Dovzhansk,2024-04-17,leadership_and_loyalty,83,23,3.609
148,Восточный Донбасс,Dovzhansk,2024-04-24,recruitment_and_contract_service,3,23,0.13
148,Восточный Донбасс,Dovzhansk,2024-04-24,passportization_and_documents,17,23,0.739
148,Восточный Донбасс,Dovzhansk,2024-04-24,elections_and_administration,3,23,0.13
148,Восточный Донбасс,Dovzhansk,2024-04-24,reconstruction_and_integration,36,23,1.565
148,Восточный Донбасс,Dovzhansk,2024-04-24,ukraine_as_enemy,2,23,0.087
148,Восточный Донбасс,Dovzhansk,2024-04-24,children_and_militarization,4,23,0.174
148,Восточный Донбасс,Dovzhansk,2024-04-24,leadership_and_loyalty,86,23,3.739
149,Восточный Донбасс,Dovzhansk,2024-05-01,recruitment_and_contract_service,3,24,0.125
149,Восточный Донбасс,Dovzhansk,2024-05-01,passportization_and_documents,20,24,0.833
149,Восточный Донбасс,Dovzhansk,2024-05-01,elections_and_administration,3,24,0.125
149,Восточный Донбасс,Dovzhansk,2024-05-01,reconstruction_and_integration,23,24,0.958
149,Восточный Донбасс,Dovzhansk,2024-05-01,ukraine_as_enemy,8,24,0.333
149,Восточный Донбасс,Dovzhansk,2024-05-01,children_and_militarization,8,24,0.333
149,Восточный Донбасс,Dovzhansk,2024-05-01,leadership_and_loyalty,117,24,4.875
150,Восточный Донбасс,Dovzhansk,2024-05-08,recruitment_and_contract_service,1,23,0.043
150,Восточный Донбасс,Dovzhansk,2024-05-08,passportization_and_documents,114,23,4.957
150,Восточный Донбасс,Dovzhansk,2024-05-08,elections_and_administration,6,23,0.261
150,Восточный Донбасс,Dovzhansk,2024-05-08,reconstruction_and_integration,49,23,2.13
150,Восточный Донбасс,Dovzhansk,2024-05-08,ukraine_as_enemy,0,23,0.0
150,Восточный Донбасс,Dovzhansk,2024-05-08,children_and_militarization,16,23,0.696
150,Восточный Донбасс,Dovzhansk,2024-05-08,leadership_and_loyalty,185,23,8.043
151,Восточный Донбасс,Dovzhansk,2024-05-15,recruitment_and_contract_service,0,23,0.0
151,Восточный Донбасс,Dovzhansk,2024-05-15,passportization_and_documents,23,23,1.0
151,Восточный Донбасс,Dovzhansk,2024-05-15,elections_and_administration,14,23,0.609
151,Восточный Донбасс,Dovzhansk,2024-05-15,reconstruction_and_integration,26,23,1.13
151,Восточный Донбасс,Dovzhansk,2024-05-15,ukraine_as_enemy,3,23,0.13
151,Восточный Донбасс,Dovzhansk,2024-05-15,children_and_militarization,13,23,0.565
151,Восточный Донбасс,Dovzhansk,2024-05-15,leadership_and_loyalty,85,23,3.696
152,Восточный Донбасс,Dovzhansk,2025-01-22,recruitment_and_contract_service,0,23,0.0
152,Восточный Донбасс,Dovzhansk,2025-01-22,passportization_and_documents,39,23,1.696
152,Восточный Донбасс,Dovzhansk,2025-01-22,elections_and_administration,0,23,0.0
152,Восточный Донбасс,Dovzhansk,2025-01-22,reconstruction_and_integration,88,23,3.826
152,Восточный Донбасс,Dovzhansk,2025-01-22,ukraine_as_enemy,2,23,0.087
152,Восточный Донбасс,Dovzhansk,2025-01-22,children_and_militarization,7,23,0.304
152,Восточный Донбасс,Dovzhansk,2025-01-22,leadership_and_loyalty,104,23,4.522
153,Восточный Донбасс,Dovzhansk,2024-05-22,recruitment_and_contract_service,2,23,0.087
153,Восточный Донбасс,Dovzhansk,2024-05-22,passportization_and_documents,41,23,1.783
153,Восточный Донбасс,Dovzhansk,2024-05-22,elections_and_administration,5,23,0.217
153,Восточный Донбасс,Dovzhansk,2024-05-22,reconstruction_and_integration,49,23,2.13
153,Восточный Донбасс,Dovzhansk,2024-05-22,ukraine_as_enemy,8,23,0.348
153,Восточный Донбасс,Dovzhansk,2024-05-22,children_and_militarization,7,23,0.304
153,Восточный Донбасс,Dovzhansk,2024-05-22,leadership_and_loyalty,76,23,3.304
154,Восточный Донбасс,Dovzhansk,2024-05-29,recruitment_and_contract_service,4,24,0.167
154,Восточный Донбасс,Dovzhansk,2024-05-29,passportization_and_documents,54,24,2.25
154,Восточный Донбасс,Dovzhansk,2024-05-29,elections_and_administration,3,24,0.125
154,Восточный Донбасс,Dovzhansk,2024-05-29,reconstruction_and_integration,31,24,1.292
154,Восточный Донбасс,Dovzhansk,2024-05-29,ukraine_as_enemy,2,24,0.083
154,Восточный Донбасс,Dovzhansk,2024-05-29,children_and_militarization,8,24,0.333
154,Восточный Донбасс,Dovzhansk,2024-05-29,leadership_and_loyalty,115,24,4.792
155,Восточный Донбасс,Dovzhansk,2024-06-05,recruitment_and_contract_service,2,24,0.083
155,Восточный Донбасс,Dovzhansk,2024-06-05,passportization_and_documents,21,24,0.875
155,Восточный Донбасс,Dovzhansk,2024-06-05,elections_and_administration,5,24,0.208
155,Восточный Донбасс,Dovzhansk,2024-06-05,reconstruction_and_integration,29,24,1.208
155,Восточный Донбасс,Dovzhansk,2024-06-05,ukraine_as_enemy,0,24,0.0
155,Восточный Донбасс,Dovzhansk,2024-06-05,children_and_militarization,22,24,0.917
155,Восточный Донбасс,Dovzhansk,2024-06-05,leadership_and_loyalty,91,24,3.792
156,Восточный Донбасс,Dovzhansk,2024-06-12,recruitment_and_contract_service,3,24,0.125
156,Восточный Донбасс,Dovzhansk,2024-06-12,passportization_and_documents,66,24,2.75
156,Восточный Донбасс,Dovzhansk,2024-06-12,elections_and_administration,11,24,0.458
156,Восточный Донбасс,Dovzhansk,2024-06-12,reconstruction_and_integration,28,24,1.167
156,Восточный Донбасс,Dovzhansk,2024-06-12,ukraine_as_enemy,7,24,0.292
156,Восточный Донбасс,Dovzhansk,2024-06-12,children_and_militarization,9,24,0.375
156,Восточный Донбасс,Dovzhansk,2024-06-12,leadership_and_loyalty,121,24,5.042
157,Восточный Донбасс,Dovzhansk,2024-06-19,recruitment_and_contract_service,23,24,0.958
157,Восточный Донбасс,Dovzhansk,2024-06-19,passportization_and_documents,44,24,1.833
157,Восточный Донбасс,Dovzhansk,2024-06-19,elections_and_administration,25,24,1.042
157,Восточный Донбасс,Dovzhansk,2024-06-19,reconstruction_and_integration,55,24,2.292
157,Восточный Донбасс,Dovzhansk,2024-06-19,ukraine_as_enemy,3,24,0.125
157,Восточный Донбасс,Dovzhansk,2024-06-19,children_and_militarization,7,24,0.292
157,Восточный Донбасс,Dovzhansk,2024-06-19,leadership_and_loyalty,72,24,3.0
158,Восточный Донбасс,Dovzhansk,2024-06-26,recruitment_and_contract_service,2,23,0.087
158,Восточный Донбасс,Dovzhansk,2024-06-26,passportization_and_documents,59,23,2.565
158,Восточный Донбасс,Dovzhansk,2024-06-26,elections_and_administration,2,23,0.087
158,Восточный Донбасс,Dovzhansk,2024-06-26,reconstruction_and_integration,45,23,1.957
158,Восточный Донбасс,Dovzhansk,2024-06-26,ukraine_as_enemy,1,23,0.043
158,Восточный Донбасс,Dovzhansk,2024-06-26,children_and_militarization,9,23,0.391
158,Восточный Донбасс,Dovzhansk,2024-06-26,leadership_and_loyalty,83,23,3.609
159,Восточный Донбасс,Dovzhansk,2024-07-03,recruitment_and_contract_service,1,23,0.043
159,Восточный Донбасс,Dovzhansk,2024-07-03,passportization_and_documents,113,23,4.913
159,Восточный Донбасс,Dovzhansk,2024-07-03,elections_and_administration,0,23,0.0
159,Восточный Донбасс,Dovzhansk,2024-07-03,reconstruction_and_integration,57,23,2.478
159,Восточный Донбасс,Dovzhansk,2024-07-03,ukraine_as_enemy,0,23,0.0
159,Восточный Донбасс,Dovzhansk,2024-07-03,children_and_militarization,3,23,0.13
159,Восточный Донбасс,Dovzhansk,2024-07-03,leadership_and_loyalty,94,23,4.087
160,Восточный Донбасс,Dovzhansk,2024-07-10,recruitment_and_contract_service,19,19,1.0
160,Восточный Донбасс,Dovzhansk,2024-07-10,passportization_and_documents,78,19,4.105
160,Восточный Донбасс,Dovzhansk,2024-07-10,elections_and_administration,0,19,0.0
160,Восточный Донбасс,Dovzhansk,2024-07-10,reconstruction_and_integration,53,19,2.789
160,Восточный Донбасс,Dovzhansk,2024-07-10,ukraine_as_enemy,9,19,0.474
160,Восточный Донбасс,Dovzhansk,2024-07-10,children_and_militarization,9,19,0.474
160,Восточный Донбасс,Dovzhansk,2024-07-10,leadership_and_loyalty,87,19,4.579
161,Восточный Донбасс,Dovzhansk,2024-07-17,recruitment_and_contract_service,15,19,0.789
161,Восточный Донбасс,Dovzhansk,2024-07-17,passportization_and_documents,8,19,0.421
161,Восточный Донбасс,Dovzhansk,2024-07-17,elections_and_administration,5,19,0.263
161,Восточный Донбасс,Dovzhansk,2024-07-17,reconstruction_and_integration,36,19,1.895
161,Восточный Донбасс,Dovzhansk,2024-07-17,ukraine_as_enemy,6,19,0.316
161,Восточный Донбасс,Dovzhansk,2024-07-17,children_and_militarization,8,19,0.421
161,Восточный Донбасс,Dovzhansk,2024-07-17,leadership_and_loyalty,65,19,3.421
162,Восточный Донбасс,Dovzhansk,2024-07-24,recruitment_and_contract_service,0,23,0.0
162,Восточный Донбасс,Dovzhansk,2024-07-24,passportization_and_documents,195,23,8.478
162,Восточный Донбасс,Dovzhansk,2024-07-24,elections_and_administration,5,23,0.217
162,Восточный Донбасс,Dovzhansk,2024-07-24,reconstruction_and_integration,82,23,3.565
162,Восточный Донбасс,Dovzhansk,2024-07-24,ukraine_as_enemy,6,23,0.261
162,Восточный Донбасс,Dovzhansk,2024-07-24,children_and_militarization,15,23,0.652
162,Восточный Донбасс,Dovzhansk,2024-07-24,leadership_and_loyalty,146,23,6.348
163,Восточный Донбасс,Dovzhansk,2025-01-29,recruitment_and_contract_service,8,23,0.348
163,Восточный Донбасс,Dovzhansk,2025-01-29,passportization_and_documents,20,23,0.87
163,Восточный Донбасс,Dovzhansk,2025-01-29,elections_and_administration,9,23,0.391
163,Восточный Донбасс,Dovzhansk,2025-01-29,reconstruction_and_integration,23,23,1.0
163,Восточный Донбасс,Dovzhansk,2025-01-29,ukraine_as_enemy,1,23,0.043
163,Восточный Донбасс,Dovzhansk,2025-01-29,children_and_militarization,9,23,0.391
163,Восточный Донбасс,Dovzhansk,2025-01-29,leadership_and_loyalty,92,23,4.0
164,Восточный Донбасс,Dovzhansk,2024-07-31,recruitment_and_contract_service,1,23,0.043
164,Восточный Донбасс,Dovzhansk,2024-07-31,passportization_and_documents,31,23,1.348
164,Восточный Донбасс,Dovzhansk,2024-07-31,elections_and_administration,8,23,0.348
164,Восточный Донбасс,Dovzhansk,2024-07-31,reconstruction_and_integration,47,23,2.043
164,Восточный Донбасс,Dovzhansk,2024-07-31,ukraine_as_enemy,11,23,0.478
164,Восточный Донбасс,Dovzhansk,2024-07-31,children_and_militarization,2,23,0.087
164,Восточный Донбасс,Dovzhansk,2024-07-31,leadership_and_loyalty,95,23,4.13
165,Восточный Донбасс,Dovzhansk,2024-08-07,recruitment_and_contract_service,1,23,0.043
165,Восточный Донбасс,Dovzhansk,2024-08-07,passportization_and_documents,85,23,3.696
165,Восточный Донбасс,Dovzhansk,2024-08-07,elections_and_administration,0,23,0.0
165,Восточный Донбасс,Dovzhansk,2024-08-07,reconstruction_and_integration,60,23,2.609
165,Восточный Донбасс,Dovzhansk,2024-08-07,ukraine_as_enemy,0,23,0.0
165,Восточный Донбасс,Dovzhansk,2024-08-07,children_and_militarization,9,23,0.391
165,Восточный Донбасс,Dovzhansk,2024-08-07,leadership_and_loyalty,61,23,2.652
166,Восточный Донбасс,Dovzhansk,2024-08-14,recruitment_and_contract_service,1,23,0.043
166,Восточный Донбасс,Dovzhansk,2024-08-14,passportization_and_documents,37,23,1.609
166,Восточный Донбасс,Dovzhansk,2024-08-14,elections_and_administration,6,23,0.261
166,Восточный Донбасс,Dovzhansk,2024-08-14,reconstruction_and_integration,41,23,1.783
166,Восточный Донбасс,Dovzhansk,2024-08-14,ukraine_as_enemy,3,23,0.13
166,Восточный Донбасс,Dovzhansk,2024-08-14,children_and_militarization,10,23,0.435
166,Восточный Донбасс,Dovzhansk,2024-08-14,leadership_and_loyalty,79,23,3.435
167,Восточный Донбасс,Dovzhansk,2024-08-21,recruitment_and_contract_service,9,23,0.391
167,Восточный Донбасс,Dovzhansk,2024-08-21,passportization_and_documents,26,23,1.13
167,Восточный Донбасс,Dovzhansk,2024-08-21,elections_and_administration,8,23,0.348
167,Восточный Донбасс,Dovzhansk,2024-08-21,reconstruction_and_integration,28,23,1.217
167,Восточный Донбасс,Dovzhansk,2024-08-21,ukraine_as_enemy,0,23,0.0
167,Восточный Донбасс,Dovzhansk,2024-08-21,children_and_militarization,13,23,0.565
167,Восточный Донбасс,Dovzhansk,2024-08-21,leadership_and_loyalty,91,23,3.957
168,Восточный Донбасс,Dovzhansk,2024-08-28,recruitment_and_contract_service,18,23,0.783
168,Восточный Донбасс,Dovzhansk,2024-08-28,passportization_and_documents,162,23,7.043
168,Восточный Донбасс,Dovzhansk,2024-08-28,elections_and_administration,2,23,0.087
168,Восточный Донбасс,Dovzhansk,2024-08-28,reconstruction_and_integration,52,23,2.261
168,Восточный Донбасс,Dovzhansk,2024-08-28,ukraine_as_enemy,0,23,0.0
168,Восточный Донбасс,Dovzhansk,2024-08-28,children_and_militarization,5,23,0.217
168,Восточный Донбасс,Dovzhansk,2024-08-28,leadership_and_loyalty,87,23,3.783
169,Восточный Донбасс,Dovzhansk,2024-09-04,recruitment_and_contract_service,5,24,0.208
169,Восточный Донбасс,Dovzhansk,2024-09-04,passportization_and_documents,29,24,1.208
169,Восточный Донбасс,Dovzhansk,2024-09-04,elections_and_administration,5,24,0.208
169,Восточный Донбасс,Dovzhansk,2024-09-04,reconstruction_and_integration,50,24,2.083
169,Восточный Донбасс,Dovzhansk,2024-09-04,ukraine_as_enemy,1,24,0.042
169,Восточный Донбасс,Dovzhansk,2024-09-04,children_and_militarization,13,24,0.542
169,Восточный Донбасс,Dovzhansk,2024-09-04,leadership_and_loyalty,80,24,3.333
170,Восточный Донбасс,Dovzhansk,2024-09-11,recruitment_and_contract_service,19,24,0.792
170,Восточный Донбасс,Dovzhansk,2024-09-11,passportization_and_documents,54,24,2.25
170,Восточный Донбасс,Dovzhansk,2024-09-11,elections_and_administration,0,24,0.0
170,Восточный Донбасс,Dovzhansk,2024-09-11,reconstruction_and_integration,43,24,1.792
170,Восточный Донбасс,Dovzhansk,2024-09-11,ukraine_as_enemy,0,24,0.0
170,Восточный Донбасс,Dovzhansk,2024-09-11,children_and_militarization,11,24,0.458
170,Восточный Донбасс,Dovzhansk,2024-09-11,leadership_and_loyalty,93,24,3.875
171,Восточный Донбасс,Dovzhansk,2024-09-18,recruitment_and_contract_service,1,24,0.042
171,Восточный Донбасс,Dovzhansk,2024-09-18,passportization_and_documents,76,24,3.167
171,Восточный Донбасс,Dovzhansk,2024-09-18,elections_and_administration,35,24,1.458
171,Восточный Донбасс,Dovzhansk,2024-09-18,reconstruction_and_integration,43,24,1.792
171,Восточный Донбасс,Dovzhansk,2024-09-18,ukraine_as_enemy,0,24,0.0
171,Восточный Донбасс,Dovzhansk,2024-09-18,children_and_militarization,5,24,0.208
171,Восточный Донбасс,Dovzhansk,2024-09-18,leadership_and_loyalty,70,24,2.917
172,Восточный Донбасс,Dovzhansk,2024-09-25,recruitment_and_contract_service,5,20,0.25
172,Восточный Донбасс,Dovzhansk,2024-09-25,passportization_and_documents,42,20,2.1
172,Восточный Донбасс,Dovzhansk,2024-09-25,elections_and_administration,3,20,0.15
172,Восточный Донбасс,Dovzhansk,2024-09-25,reconstruction_and_integration,39,20,1.95
172,Восточный Донбасс,Dovzhansk,2024-09-25,ukraine_as_enemy,0,20,0.0
172,Восточный Донбасс,Dovzhansk,2024-09-25,children_and_militarization,14,20,0.7
172,Восточный Донбасс,Dovzhansk,2024-09-25,leadership_and_loyalty,62,20,3.1
173,Восточный Донбасс,Dovzhansk,2024-10-02,recruitment_and_contract_service,6,23,0.261
173,Восточный Донбасс,Dovzhansk,2024-10-02,passportization_and_documents,32,23,1.391
173,Восточный Донбасс,Dovzhansk,2024-10-02,elections_and_administration,2,23,0.087
173,Восточный Донбасс,Dovzhansk,2024-10-02,reconstruction_and_integration,31,23,1.348
173,Восточный Донбасс,Dovzhansk,2024-10-02,ukraine_as_enemy,1,23,0.043
173,Восточный Донбасс,Dovzhansk,2024-10-02,children_and_militarization,10,23,0.435
173,Восточный Донбасс,Dovzhansk,2024-10-02,leadership_and_loyalty,67,23,2.913
174,Восточный Донбасс,Dovzhansk,2025-02-05,recruitment_and_contract_service,8,23,0.348
174,Восточный Донбасс,Dovzhansk,2025-02-05,passportization_and_documents,31,23,1.348
174,Восточный Донбасс,Dovzhansk,2025-02-05,elections_and_administration,4,23,0.174
174,Восточный Донбасс,Dovzhansk,2025-02-05,reconstruction_and_integration,35,23,1.522
174,Восточный Донбасс,Dovzhansk,2025-02-05,ukraine_as_enemy,6,23,0.261
174,Восточный Донбасс,Dovzhansk,2025-02-05,children_and_militarization,6,23,0.261
174,Восточный Донбасс,Dovzhansk,2025-02-05,leadership_and_loyalty,119,23,5.174
175,Восточный Донбасс,Dovzhansk,2024-10-09,recruitment_and_contract_service,2,24,0.083
175,Восточный Донбасс,Dovzhansk,2024-10-09,passportization_and_documents,21,24,0.875
175,Восточный Донбасс,Dovzhansk,2024-10-09,elections_and_administration,0,24,0.0
175,Восточный Донбасс,Dovzhansk,2024-10-09,reconstruction_and_integration,27,24,1.125
175,Восточный Донбасс,Dovzhansk,2024-10-09,ukraine_as_enemy,0,24,0.0
175,Восточный Донбасс,Dovzhansk,2024-10-09,children_and_militarization,11,24,0.458
175,Восточный Донбасс,Dovzhansk,2024-10-09,leadership_and_loyalty,64,24,2.667
176,Восточный Донбасс,Dovzhansk,2024-10-30,recruitment_and_contract_service,1,23,0.043
176,Восточный Донбасс,Dovzhansk,2024-10-30,passportization_and_documents,10,23,0.435
176,Восточный Донбасс,Dovzhansk,2024-10-30,elections_and_administration,1,23,0.043
176,Восточный Донбасс,Dovzhansk,2024-10-30,reconstruction_and_integration,33,23,1.435
176,Восточный Донбасс,Dovzhansk,2024-10-30,ukraine_as_enemy,3,23,0.13
176,Восточный Донбасс,Dovzhansk,2024-10-30,children_and_militarization,9,23,0.391
176,Восточный Донбасс,Dovzhansk,2024-10-30,leadership_and_loyalty,99,23,4.304
177,Восточный Донбасс,Dovzhansk,2024-11-06,recruitment_and_contract_service,3,24,0.125
177,Восточный Донбасс,Dovzhansk,2024-11-06,passportization_and_documents,29,24,1.208
177,Восточный Донбасс,Dovzhansk,2024-11-06,elections_and_administration,0,24,0.0
177,Восточный Донбасс,Dovzhansk,2024-11-06,reconstruction_and_integration,55,24,2.292
177,Восточный Донбасс,Dovzhansk,2024-11-06,ukraine_as_enemy,0,24,0.0
177,Восточный Донбасс,Dovzhansk,2024-11-06,children_and_militarization,16,24,0.667
177,Восточный Донбасс,Dovzhansk,2024-11-06,leadership_and_loyalty,74,24,3.083
178,Восточный Донбасс,Dovzhansk,2024-11-13,recruitment_and_contract_service,2,24,0.083
178,Восточный Донбасс,Dovzhansk,2024-11-13,passportization_and_documents,17,24,0.708
178,Восточный Донбасс,Dovzhansk,2024-11-13,elections_and_administration,1,24,0.042
178,Восточный Донбасс,Dovzhansk,2024-11-13,reconstruction_and_integration,43,24,1.792
178,Восточный Донбасс,Dovzhansk,2024-11-13,ukraine_as_enemy,1,24,0.042
178,Восточный Донбасс,Dovzhansk,2024-11-13,children_and_militarization,9,24,0.375
178,Восточный Донбасс,Dovzhansk,2024-11-13,leadership_and_loyalty,79,24,3.292
179,Восточный Донбасс,Dovzhansk,2024-11-20,recruitment_and_contract_service,3,24,0.125
179,Восточный Донбасс,Dovzhansk,2024-11-20,passportization_and_documents,64,24,2.667
179,Восточный Донбасс,Dovzhansk,2024-11-20,elections_and_administration,6,24,0.25
179,Восточный Донбасс,Dovzhansk,2024-11-20,reconstruction_and_integration,87,24,3.625
179,Восточный Донбасс,Dovzhansk,2024-11-20,ukraine_as_enemy,1,24,0.042
179,Восточный Донбасс,Dovzhansk,2024-11-20,children_and_militarization,11,24,0.458
179,Восточный Донбасс,Dovzhansk,2024-11-20,leadership_and_loyalty,97,24,4.042
180,Восточный Донбасс,Dovzhansk,2024-11-27,recruitment_and_contract_service,2,24,0.083
180,Восточный Донбасс,Dovzhansk,2024-11-27,passportization_and_documents,43,24,1.792
180,Восточный Донбасс,Dovzhansk,2024-11-27,elections_and_administration,11,24,0.458
180,Восточный Донбасс,Dovzhansk,2024-11-27,reconstruction_and_integration,28,24,1.167
180,Восточный Донбасс,Dovzhansk,2024-11-27,ukraine_as_enemy,4,24,0.167
180,Восточный Донбасс,Dovzhansk,2024-11-27,children_and_militarization,16,24,0.667
180,Восточный Донбасс,Dovzhansk,2024-11-27,leadership_and_loyalty,122,24,5.083
181,Восточный Донбасс,Dovzhansk,2024-12-04,recruitment_and_contract_service,2,24,0.083
181,Восточный Донбасс,Dovzhansk,2024-12-04,passportization_and_documents,47,24,1.958
181,Восточный Донбасс,Dovzhansk,2024-12-04,elections_and_administration,9,24,0.375
181,Восточный Донбасс,Dovzhansk,2024-12-04,reconstruction_and_integration,33,24,1.375
181,Восточный Донбасс,Dovzhansk,2024-12-04,ukraine_as_enemy,1,24,0.042
181,Восточный Донбасс,Dovzhansk,2024-12-04,children_and_militarization,10,24,0.417
181,Восточный Донбасс,Dovzhansk,2024-12-04,leadership_and_loyalty,82,24,3.417
182,Восточный Донбасс,Dovzhansk,2024-12-11,recruitment_and_contract_service,8,23,0.348
182,Восточный Донбасс,Dovzhansk,2024-12-11,passportization_and_documents,13,23,0.565
182,Восточный Донбасс,Dovzhansk,2024-12-11,elections_and_administration,1,23,0.043
182,Восточный Донбасс,Dovzhansk,2024-12-11,reconstruction_and_integration,45,23,1.957
182,Восточный Донбасс,Dovzhansk,2024-12-11,ukraine_as_enemy,1,23,0.043
182,Восточный Донбасс,Dovzhansk,2024-12-11,children_and_militarization,6,23,0.261
182,Восточный Донбасс,Dovzhansk,2024-12-11,leadership_and_loyalty,96,23,4.174
183,Восточный Донбасс,Dovzhansk,2025-02-12,recruitment_and_contract_service,4,23,0.174
183,Восточный Донбасс,Dovzhansk,2025-02-12,passportization_and_documents,23,23,1.0
183,Восточный Донбасс,Dovzhansk,2025-02-12,elections_and_administration,8,23,0.348
183,Восточный Донбасс,Dovzhansk,2025-02-12,reconstruction_and_integration,34,23,1.478
183,Восточный Донбасс,Dovzhansk,2025-02-12,ukraine_as_enemy,4,23,0.174
183,Восточный Донбасс,Dovzhansk,2025-02-12,children_and_militarization,10,23,0.435
183,Восточный Донбасс,Dovzhansk,2025-02-12,leadership_and_loyalty,136,23,5.913
184,Восточный Донбасс,Dovzhansk,2024-12-18,recruitment_and_contract_service,5,24,0.208
184,Восточный Донбасс,Dovzhansk,2024-12-18,passportization_and_documents,45,24,1.875
184,Восточный Донбасс,Dovzhansk,2024-12-18,elections_and_administration,46,24,1.917
184,Восточный Донбасс,Dovzhansk,2024-12-18,reconstruction_and_integration,25,24,1.042
184,Восточный Донбасс,Dovzhansk,2024-12-18,ukraine_as_enemy,4,24,0.167
184,Восточный Донбасс,Dovzhansk,2024-12-18,children_and_militarization,9,24,0.375
184,Восточный Донбасс,Dovzhansk,2024-12-18,leadership_and_loyalty,76,24,3.167
185,Восточный Донбасс,Dovzhansk,2024-12-25,recruitment_and_contract_service,2,23,0.087
185,Восточный Донбасс,Dovzhansk,2024-12-25,passportization_and_documents,18,23,0.783
185,Восточный Донбасс,Dovzhansk,2024-12-25,elections_and_administration,3,23,0.13
185,Восточный Донбасс,Dovzhansk,2024-12-25,reconstruction_and_integration,34,23,1.478
185,Восточный Донбасс,Dovzhansk,2024-12-25,ukraine_as_enemy,8,23,0.348
185,Восточный Донбасс,Dovzhansk,2024-12-25,children_and_militarization,7,23,0.304
185,Восточный Донбасс,Dovzhansk,2024-12-25,leadership_and_loyalty,226,23,9.826
186,Восточный Донбасс,Dovzhansk,2025-02-19,recruitment_and_contract_service,11,23,0.478
186,Восточный Донбасс,Dovzhansk,2025-02-19,passportization_and_documents,9,23,0.391
186,Восточный Донбасс,Dovzhansk,2025-02-19,elections_and_administration,3,23,0.13
186,Восточный Донбасс,Dovzhansk,2025-02-19,reconstruction_and_integration,35,23,1.522
186,Восточный Донбасс,Dovzhansk,2025-02-19,ukraine_as_enemy,11,23,0.478
186,Восточный Донбасс,Dovzhansk,2025-02-19,children_and_militarization,6,23,0.261
186,Восточный Донбасс,Dovzhansk,2025-02-19,leadership_and_loyalty,122,23,5.304
187,Восточный Донбасс,Dovzhansk,2025-02-26,recruitment_and_contract_service,5,23,0.217
187,Восточный Донбасс,Dovzhansk,2025-02-26,passportization_and_documents,14,23,0.609
187,Восточный Донбасс,Dovzhansk,2025-02-26,elections_and_administration,6,23,0.261
187,Восточный Донбасс,Dovzhansk,2025-02-26,reconstruction_and_integration,21,23,0.913
187,Восточный Донбасс,Dovzhansk,2025-02-26,ukraine_as_enemy,6,23,0.261
187,Восточный Донбасс,Dovzhansk,2025-02-26,children_and_militarization,12,23,0.522
187,Восточный Донбасс,Dovzhansk,2025-02-26,leadership_and_loyalty,136,23,5.913
188,Восточный Донбасс,Dovzhansk,2025-03-05,recruitment_and_contract_service,1,23,0.043
188,Восточный Донбасс,Dovzhansk,2025-03-05,passportization_and_documents,24,23,1.043
188,Восточный Донбасс,Dovzhansk,2025-03-05,elections_and_administration,2,23,0.087
188,Восточный Донбасс,Dovzhansk,2025-03-05,reconstruction_and_integration,28,23,1.217
188,Восточный Донбасс,Dovzhansk,2025-03-05,ukraine_as_enemy,1,23,0.043
188,Восточный Донбасс,Dovzhansk,2025-03-05,children_and_militarization,5,23,0.217
188,Восточный Донбасс,Dovzhansk,2025-03-05,leadership_and_loyalty,108,23,4.696
189,Восточный Донбасс,Dovzhansk,2025-03-12,recruitment_and_contract_service,8,23,0.348
189,Восточный Донбасс,Dovzhansk,2025-03-12,passportization_and_documents,17,23,0.739
189,Восточный Донбасс,Dovzhansk,2025-03-12,elections_and_administration,8,23,0.348
189,Восточный Донбасс,Dovzhansk,2025-03-12,reconstruction_and_integration,62,23,2.696
189,Восточный Донбасс,Dovzhansk,2025-03-12,ukraine_as_enemy,0,23,0.0
189,Восточный Донбасс,Dovzhansk,2025-03-12,children_and_militarization,8,23,0.348
189,Восточный Донбасс,Dovzhansk,2025-03-12,leadership_and_loyalty,135,23,5.87
190,Вперёд. Ровеньки,Rovenky,2025-01-16,recruitment_and_contract_service,3,23,0.13
190,Вперёд. Ровеньки,Rovenky,2025-01-16,passportization_and_documents,32,23,1.391
190,Вперёд. Ровеньки,Rovenky,2025-01-16,elections_and_administration,3,23,0.13
190,Вперёд. Ровеньки,Rovenky,2025-01-16,reconstruction_and_integration,19,23,0.826
190,Вперёд. Ровеньки,Rovenky,2025-01-16,ukraine_as_enemy,0,23,0.0
190,Вперёд. Ровеньки,Rovenky,2025-01-16,children_and_militarization,11,23,0.478
190,Вперёд. Ровеньки,Rovenky,2025-01-16,leadership_and_loyalty,122,23,5.304
191,Вперёд. Ровеньки,Rovenky,2025-03-20,recruitment_and_contract_service,6,23,0.261
191,Вперёд. Ровеньки,Rovenky,2025-03-20,passportization_and_documents,26,23,1.13
191,Вперёд. Ровеньки,Rovenky,2025-03-20,elections_and_administration,2,23,0.087
191,Вперёд. Ровеньки,Rovenky,2025-03-20,reconstruction_and_integration,26,23,1.13
191,Вперёд. Ровеньки,Rovenky,2025-03-20,ukraine_as_enemy,10,23,0.435
191,Вперёд. Ровеньки,Rovenky,2025-03-20,children_and_militarization,6,23,0.261
191,Вперёд. Ровеньки,Rovenky,2025-03-20,leadership_and_loyalty,143,23,6.217
192,Вперёд. Ровеньки,Rovenky,2025-03-27,recruitment_and_contract_service,3,23,0.13
192,Вперёд. Ровеньки,Rovenky,2025-03-27,passportization_and_documents,44,23,1.913
192,Вперёд. Ровеньки,Rovenky,2025-03-27,elections_and_administration,6,23,0.261
192,Вперёд. Ровеньки,Rovenky,2025-03-27,reconstruction_and_integration,12,23,0.522
192,Вперёд. Ровеньки,Rovenky,2025-03-27,ukraine_as_enemy,5,23,0.217
192,Вперёд. Ровеньки,Rovenky,2025-03-27,children_and_militarization,19,23,0.826
192,Вперёд. Ровеньки,Rovenky,2025-03-27,leadership_and_loyalty,122,23,5.304
193,Вперёд. Ровеньки,Rovenky,2025-04-03,recruitment_and_contract_service,10,23,0.435
193,Вперёд. Ровеньки,Rovenky,2025-04-03,passportization_and_documents,22,23,0.957
193,Вперёд. Ровеньки,Rovenky,2025-04-03,elections_and_administration,8,23,0.348
193,Вперёд. Ровеньки,Rovenky,2025-04-03,reconstruction_and_integration,7,23,0.304
193,Вперёд. Ровеньки,Rovenky,2025-04-03,ukraine_as_enemy,1,23,0.043
193,Вперёд. Ровеньки,Rovenky,2025-04-03,children_and_militarization,9,23,0.391
193,Вперёд. Ровеньки,Rovenky,2025-04-03,leadership_and_loyalty,141,23,6.13
194,Вперёд. Ровеньки,Rovenky,2025-01-23,recruitment_and_contract_service,0,23,0.0
194,Вперёд. Ровеньки,Rovenky,2025-01-23,passportization_and_documents,19,23,0.826
194,Вперёд. Ровеньки,Rovenky,2025-01-23,elections_and_administration,3,23,0.13
194,Вперёд. Ровеньки,Rovenky,2025-01-23,reconstruction_and_integration,29,23,1.261
194,Вперёд. Ровеньки,Rovenky,2025-01-23,ukraine_as_enemy,2,23,0.087
194,Вперёд. Ровеньки,Rovenky,2025-01-23,children_and_militarization,14,23,0.609
194,Вперёд. Ровеньки,Rovenky,2025-01-23,leadership_and_loyalty,133,23,5.783
195,Вперёд. Ровеньки,Rovenky,2025-01-30,recruitment_and_contract_service,2,23,0.087
195,Вперёд. Ровеньки,Rovenky,2025-01-30,passportization_and_documents,19,23,0.826
195,Вперёд. Ровеньки,Rovenky,2025-01-30,elections_and_administration,14,23,0.609
195,Вперёд. Ровеньки,Rovenky,2025-01-30,reconstruction_and_integration,5,23,0.217
195,Вперёд. Ровеньки,Rovenky,2025-01-30,ukraine_as_enemy,2,23,0.087
195,Вперёд. Ровеньки,Rovenky,2025-01-30,children_and_militarization,18,23,0.783
195,Вперёд. Ровеньки,Rovenky,2025-01-30,leadership_and_loyalty,105,23,4.565
196,Вперёд. Ровеньки,Rovenky,2024-08-22,recruitment_and_contract_service,21,20,1.05
196,Вперёд. Ровеньки,Rovenky,2024-08-22,passportization_and_documents,208,20,10.4
196,Вперёд. Ровеньки,Rovenky,2024-08-22,elections_and_administration,14,20,0.7
196,Вперёд. Ровеньки,Rovenky,2024-08-22,reconstruction_and_integration,49,20,2.45
196,Вперёд. Ровеньки,Rovenky,2024-08-22,ukraine_as_enemy,0,20,0.0
196,Вперёд. Ровеньки,Rovenky,2024-08-22,children_and_militarization,8,20,0.4
196,Вперёд. Ровеньки,Rovenky,2024-08-22,leadership_and_loyalty,100,20,5.0
197,Вперёд. Ровеньки,Rovenky,2024-08-29,recruitment_and_contract_service,44,23,1.913
197,Вперёд. Ровеньки,Rovenky,2024-08-29,passportization_and_documents,75,23,3.261
197,Вперёд. Ровеньки,Rovenky,2024-08-29,elections_and_administration,4,23,0.174
197,Вперёд. Ровеньки,Rovenky,2024-08-29,reconstruction_and_integration,26,23,1.13
197,Вперёд. Ровеньки,Rovenky,2024-08-29,ukraine_as_enemy,1,23,0.043
197,Вперёд. Ровеньки,Rovenky,2024-08-29,children_and_militarization,17,23,0.739
197,Вперёд. Ровеньки,Rovenky,2024-08-29,leadership_and_loyalty,90,23,3.913
198,Вперёд. Ровеньки,Rovenky,2024-09-05,recruitment_and_contract_service,14,23,0.609
198,Вперёд. Ровеньки,Rovenky,2024-09-05,passportization_and_documents,38,23,1.652
198,Вперёд. Ровеньки,Rovenky,2024-09-05,elections_and_administration,19,23,0.826
198,Вперёд. Ровеньки,Rovenky,2024-09-05,reconstruction_and_integration,54,23,2.348
198,Вперёд. Ровеньки,Rovenky,2024-09-05,ukraine_as_enemy,2,23,0.087
198,Вперёд. Ровеньки,Rovenky,2024-09-05,children_and_militarization,11,23,0.478
198,Вперёд. Ровеньки,Rovenky,2024-09-05,leadership_and_loyalty,139,23,6.043
199,Вперёд. Ровеньки,Rovenky,2024-09-12,recruitment_and_contract_service,5,23,0.217
199,Вперёд. Ровеньки,Rovenky,2024-09-12,passportization_and_documents,178,23,7.739
199,Вперёд. Ровеньки,Rovenky,2024-09-12,elections_and_administration,1,23,0.043
199,Вперёд. Ровеньки,Rovenky,2024-09-12,reconstruction_and_integration,33,23,1.435
199,Вперёд. Ровеньки,Rovenky,2024-09-12,ukraine_as_enemy,1,23,0.043
199,Вперёд. Ровеньки,Rovenky,2024-09-12,children_and_militarization,7,23,0.304
199,Вперёд. Ровеньки,Rovenky,2024-09-12,leadership_and_loyalty,93,23,4.043
200,Вперёд. Ровеньки,Rovenky,2024-09-19,recruitment_and_contract_service,16,23,0.696
200,Вперёд. Ровеньки,Rovenky,2024-09-19,passportization_and_documents,35,23,1.522
200,Вперёд. Ровеньки,Rovenky,2024-09-19,elections_and_administration,6,23,0.261
200,Вперёд. Ровеньки,Rovenky,2024-09-19,reconstruction_and_integration,111,23,4.826
200,Вперёд. Ровеньки,Rovenky,2024-09-19,ukraine_as_enemy,1,23,0.043
200,Вперёд. Ровеньки,Rovenky,2024-09-19,children_and_militarization,21,23,0.913
200,Вперёд. Ровеньки,Rovenky,2024-09-19,leadership_and_loyalty,88,23,3.826
201,Вперёд. Ровеньки,Rovenky,2024-09-26,recruitment_and_contract_service,0,23,0.0
201,Вперёд. Ровеньки,Rovenky,2024-09-26,passportization_and_documents,49,23,2.13
201,Вперёд. Ровеньки,Rovenky,2024-09-26,elections_and_administration,7,23,0.304
201,Вперёд. Ровеньки,Rovenky,2024-09-26,reconstruction_and_integration,43,23,1.87
201,Вперёд. Ровеньки,Rovenky,2024-09-26,ukraine_as_enemy,2,23,0.087
201,Вперёд. Ровеньки,Rovenky,2024-09-26,children_and_militarization,22,23,0.957
201,Вперёд. Ровеньки,Rovenky,2024-09-26,leadership_and_loyalty,126,23,5.478
202,Вперёд. Ровеньки,Rovenky,2024-10-03,recruitment_and_contract_service,38,23,1.652
202,Вперёд. Ровеньки,Rovenky,2024-10-03,passportization_and_documents,51,23,2.217
202,Вперёд. Ровеньки,Rovenky,2024-10-03,elections_and_administration,9,23,0.391
202,Вперёд. Ровеньки,Rovenky,2024-10-03,reconstruction_and_integration,37,23,1.609
202,Вперёд. Ровеньки,Rovenky,2024-10-03,ukraine_as_enemy,3,23,0.13
202,Вперёд. Ровеньки,Rovenky,2024-10-03,children_and_militarization,8,23,0.348
202,Вперёд. Ровеньки,Rovenky,2024-10-03,leadership_and_loyalty,111,23,4.826
203,Вперёд. Ровеньки,Rovenky,2025-02-06,recruitment_and_contract_service,4,23,0.174
203,Вперёд. Ровеньки,Rovenky,2025-02-06,passportization_and_documents,32,23,1.391
203,Вперёд. Ровеньки,Rovenky,2025-02-06,elections_and_administration,4,23,0.174
203,Вперёд. Ровеньки,Rovenky,2025-02-06,reconstruction_and_integration,15,23,0.652
203,Вперёд. Ровеньки,Rovenky,2025-02-06,ukraine_as_enemy,4,23,0.174
203,Вперёд. Ровеньки,Rovenky,2025-02-06,children_and_militarization,24,23,1.043
203,Вперёд. Ровеньки,Rovenky,2025-02-06,leadership_and_loyalty,145,23,6.304
204,Вперёд. Ровеньки,Rovenky,2024-10-10,recruitment_and_contract_service,5,23,0.217
204,Вперёд. Ровеньки,Rovenky,2024-10-10,passportization_and_documents,36,23,1.565
204,Вперёд. Ровеньки,Rovenky,2024-10-10,elections_and_administration,1,23,0.043
204,Вперёд. Ровеньки,Rovenky,2024-10-10,reconstruction_and_integration,31,23,1.348
204,Вперёд. Ровеньки,Rovenky,2024-10-10,ukraine_as_enemy,1,23,0.043
204,Вперёд. Ровеньки,Rovenky,2024-10-10,children_and_militarization,10,23,0.435
204,Вперёд. Ровеньки,Rovenky,2024-10-10,leadership_and_loyalty,94,23,4.087
205,Вперёд. Ровеньки,Rovenky,2024-10-17,recruitment_and_contract_service,8,23,0.348
205,Вперёд. Ровеньки,Rovenky,2024-10-17,passportization_and_documents,51,23,2.217
205,Вперёд. Ровеньки,Rovenky,2024-10-17,elections_and_administration,9,23,0.391
205,Вперёд. Ровеньки,Rovenky,2024-10-17,reconstruction_and_integration,19,23,0.826
205,Вперёд. Ровеньки,Rovenky,2024-10-17,ukraine_as_enemy,0,23,0.0
205,Вперёд. Ровеньки,Rovenky,2024-10-17,children_and_militarization,10,23,0.435
205,Вперёд. Ровеньки,Rovenky,2024-10-17,leadership_and_loyalty,110,23,4.783
206,Вперёд. Ровеньки,Rovenky,2024-10-24,recruitment_and_contract_service,1,23,0.043
206,Вперёд. Ровеньки,Rovenky,2024-10-24,passportization_and_documents,70,23,3.043
206,Вперёд. Ровеньки,Rovenky,2024-10-24,elections_and_administration,0,23,0.0
206,Вперёд. Ровеньки,Rovenky,2024-10-24,reconstruction_and_integration,26,23,1.13
206,Вперёд. Ровеньки,Rovenky,2024-10-24,ukraine_as_enemy,5,23,0.217
206,Вперёд. Ровеньки,Rovenky,2024-10-24,children_and_militarization,8,23,0.348
206,Вперёд. Ровеньки,Rovenky,2024-10-24,leadership_and_loyalty,93,23,4.043
207,Вперёд. Ровеньки,Rovenky,2024-10-31,recruitment_and_contract_service,2,23,0.087
207,Вперёд. Ровеньки,Rovenky,2024-10-31,passportization_and_documents,42,23,1.826
207,Вперёд. Ровеньки,Rovenky,2024-10-31,elections_and_administration,21,23,0.913
207,Вперёд. Ровеньки,Rovenky,2024-10-31,reconstruction_and_integration,24,23,1.043
207,Вперёд. Ровеньки,Rovenky,2024-10-31,ukraine_as_enemy,0,23,0.0
207,Вперёд. Ровеньки,Rovenky,2024-10-31,children_and_militarization,11,23,0.478
207,Вперёд. Ровеньки,Rovenky,2024-10-31,leadership_and_loyalty,110,23,4.783
208,Вперёд. Ровеньки,Rovenky,2024-11-07,recruitment_and_contract_service,6,23,0.261
208,Вперёд. Ровеньки,Rovenky,2024-11-07,passportization_and_documents,61,23,2.652
208,Вперёд. Ровеньки,Rovenky,2024-11-07,elections_and_administration,2,23,0.087
208,Вперёд. Ровеньки,Rovenky,2024-11-07,reconstruction_and_integration,69,23,3.0
208,Вперёд. Ровеньки,Rovenky,2024-11-07,ukraine_as_enemy,1,23,0.043
208,Вперёд. Ровеньки,Rovenky,2024-11-07,children_and_militarization,4,23,0.174
208,Вперёд. Ровеньки,Rovenky,2024-11-07,leadership_and_loyalty,108,23,4.696
209,Вперёд. Ровеньки,Rovenky,2024-11-14,recruitment_and_contract_service,1,23,0.043
209,Вперёд. Ровеньки,Rovenky,2024-11-14,passportization_and_documents,50,23,2.174
209,Вперёд. Ровеньки,Rovenky,2024-11-14,elections_and_administration,0,23,0.0
209,Вперёд. Ровеньки,Rovenky,2024-11-14,reconstruction_and_integration,23,23,1.0
209,Вперёд. Ровеньки,Rovenky,2024-11-14,ukraine_as_enemy,1,23,0.043
209,Вперёд. Ровеньки,Rovenky,2024-11-14,children_and_militarization,8,23,0.348
209,Вперёд. Ровеньки,Rovenky,2024-11-14,leadership_and_loyalty,108,23,4.696
210,Вперёд. Ровеньки,Rovenky,2024-11-21,recruitment_and_contract_service,9,24,0.375
210,Вперёд. Ровеньки,Rovenky,2024-11-21,passportization_and_documents,78,24,3.25
210,Вперёд. Ровеньки,Rovenky,2024-11-21,elections_and_administration,1,24,0.042
210,Вперёд. Ровеньки,Rovenky,2024-11-21,reconstruction_and_integration,12,24,0.5
210,Вперёд. Ровеньки,Rovenky,2024-11-21,ukraine_as_enemy,2,24,0.083
210,Вперёд. Ровеньки,Rovenky,2024-11-21,children_and_militarization,11,24,0.458
210,Вперёд. Ровеньки,Rovenky,2024-11-21,leadership_and_loyalty,105,24,4.375
211,Вперёд. Ровеньки,Rovenky,2024-11-28,recruitment_and_contract_service,5,23,0.217
211,Вперёд. Ровеньки,Rovenky,2024-11-28,passportization_and_documents,44,23,1.913
211,Вперёд. Ровеньки,Rovenky,2024-11-28,elections_and_administration,4,23,0.174
211,Вперёд. Ровеньки,Rovenky,2024-11-28,reconstruction_and_integration,18,23,0.783
211,Вперёд. Ровеньки,Rovenky,2024-11-28,ukraine_as_enemy,3,23,0.13
211,Вперёд. Ровеньки,Rovenky,2024-11-28,children_and_militarization,12,23,0.522
211,Вперёд. Ровеньки,Rovenky,2024-11-28,leadership_and_loyalty,82,23,3.565
212,Вперёд. Ровеньки,Rovenky,2024-12-05,recruitment_and_contract_service,11,23,0.478
212,Вперёд. Ровеньки,Rovenky,2024-12-05,passportization_and_documents,68,23,2.957
212,Вперёд. Ровеньки,Rovenky,2024-12-05,elections_and_administration,6,23,0.261
212,Вперёд. Ровеньки,Rovenky,2024-12-05,reconstruction_and_integration,28,23,1.217
212,Вперёд. Ровеньки,Rovenky,2024-12-05,ukraine_as_enemy,0,23,0.0
212,Вперёд. Ровеньки,Rovenky,2024-12-05,children_and_militarization,4,23,0.174
212,Вперёд. Ровеньки,Rovenky,2024-12-05,leadership_and_loyalty,97,23,4.217
213,Вперёд. Ровеньки,Rovenky,2024-12-12,recruitment_and_contract_service,7,23,0.304
213,Вперёд. Ровеньки,Rovenky,2024-12-12,passportization_and_documents,48,23,2.087
213,Вперёд. Ровеньки,Rovenky,2024-12-12,elections_and_administration,3,23,0.13
213,Вперёд. Ровеньки,Rovenky,2024-12-12,reconstruction_and_integration,21,23,0.913
213,Вперёд. Ровеньки,Rovenky,2024-12-12,ukraine_as_enemy,2,23,0.087
213,Вперёд. Ровеньки,Rovenky,2024-12-12,children_and_militarization,9,23,0.391
213,Вперёд. Ровеньки,Rovenky,2024-12-12,leadership_and_loyalty,98,23,4.261
214,Вперёд. Ровеньки,Rovenky,2025-02-13,recruitment_and_contract_service,2,23,0.087
214,Вперёд. Ровеньки,Rovenky,2025-02-13,passportization_and_documents,14,23,0.609
214,Вперёд. Ровеньки,Rovenky,2025-02-13,elections_and_administration,5,23,0.217
214,Вперёд. Ровеньки,Rovenky,2025-02-13,reconstruction_and_integration,12,23,0.522
214,Вперёд. Ровеньки,Rovenky,2025-02-13,ukraine_as_enemy,2,23,0.087
214,Вперёд. Ровеньки,Rovenky,2025-02-13,children_and_militarization,10,23,0.435
214,Вперёд. Ровеньки,Rovenky,2025-02-13,leadership_and_loyalty,145,23,6.304
215,Вперёд. Ровеньки,Rovenky,2024-12-19,recruitment_and_contract_service,25,23,1.087
215,Вперёд. Ровеньки,Rovenky,2024-12-19,passportization_and_documents,66,23,2.87
215,Вперёд. Ровеньки,Rovenky,2024-12-19,elections_and_administration,4,23,0.174
215,Вперёд. Ровеньки,Rovenky,2024-12-19,reconstruction_and_integration,12,23,0.522
215,Вперёд. Ровеньки,Rovenky,2024-12-19,ukraine_as_enemy,2,23,0.087
215,Вперёд. Ровеньки,Rovenky,2024-12-19,children_and_militarization,13,23,0.565
215,Вперёд. Ровеньки,Rovenky,2024-12-19,leadership_and_loyalty,96,23,4.174
216,Вперёд. Ровеньки,Rovenky,2024-12-20,recruitment_and_contract_service,1,24,0.042
216,Вперёд. Ровеньки,Rovenky,2024-12-20,passportization_and_documents,47,24,1.958
216,Вперёд. Ровеньки,Rovenky,2024-12-20,elections_and_administration,87,24,3.625
216,Вперёд. Ровеньки,Rovenky,2024-12-20,reconstruction_and_integration,34,24,1.417
216,Вперёд. Ровеньки,Rovenky,2024-12-20,ukraine_as_enemy,5,24,0.208
216,Вперёд. Ровеньки,Rovenky,2024-12-20,children_and_militarization,12,24,0.5
216,Вперёд. Ровеньки,Rovenky,2024-12-20,leadership_and_loyalty,170,24,7.083
217,Вперёд. Ровеньки,Rovenky,2025-02-20,recruitment_and_contract_service,2,23,0.087
217,Вперёд. Ровеньки,Rovenky,2025-02-20,passportization_and_documents,24,23,1.043
217,Вперёд. Ровеньки,Rovenky,2025-02-20,elections_and_administration,2,23,0.087
217,Вперёд. Ровеньки,Rovenky,2025-02-20,reconstruction_and_integration,12,23,0.522
217,Вперёд. Ровеньки,Rovenky,2025-02-20,ukraine_as_enemy,9,23,0.391
217,Вперёд. Ровеньки,Rovenky,2025-02-20,children_and_militarization,11,23,0.478
217,Вперёд. Ровеньки,Rovenky,2025-02-20,leadership_and_loyalty,135,23,5.87
218,Вперёд. Ровеньки,Rovenky,2025-02-27,recruitment_and_contract_service,5,23,0.217
218,Вперёд. Ровеньки,Rovenky,2025-02-27,passportization_and_documents,12,23,0.522
218,Вперёд. Ровеньки,Rovenky,2025-02-27,elections_and_administration,8,23,0.348
218,Вперёд. Ровеньки,Rovenky,2025-02-27,reconstruction_and_integration,8,23,0.348
218,Вперёд. Ровеньки,Rovenky,2025-02-27,ukraine_as_enemy,6,23,0.261
218,Вперёд. Ровеньки,Rovenky,2025-02-27,children_and_militarization,23,23,1.0
218,Вперёд. Ровеньки,Rovenky,2025-02-27,leadership_and_loyalty,158,23,6.87
219,Вперёд. Ровеньки,Rovenky,2025-03-06,recruitment_and_contract_service,1,23,0.043
219,Вперёд. Ровеньки,Rovenky,2025-03-06,passportization_and_documents,44,23,1.913
219,Вперёд. Ровеньки,Rovenky,2025-03-06,elections_and_administration,4,23,0.174
219,Вперёд. Ровеньки,Rovenky,2025-03-06,reconstruction_and_integration,9,23,0.391
219,Вперёд. Ровеньки,Rovenky,2025-03-06,ukraine_as_enemy,1,23,0.043
219,Вперёд. Ровеньки,Rovenky,2025-03-06,children_and_militarization,11,23,0.478
219,Вперёд. Ровеньки,Rovenky,2025-03-06,leadership_and_loyalty,122,23,5.304
220,Вперёд. Ровеньки,Rovenky,2025-03-13,recruitment_and_contract_service,15,23,0.652
220,Вперёд. Ровеньки,Rovenky,2025-03-13,passportization_and_documents,33,23,1.435
220,Вперёд. Ровеньки,Rovenky,2025-03-13,elections_and_administration,10,23,0.435
220,Вперёд. Ровеньки,Rovenky,2025-03-13,reconstruction_and_integration,16,23,0.696
220,Вперёд. Ровеньки,Rovenky,2025-03-13,ukraine_as_enemy,0,23,0.0
220,Вперёд. Ровеньки,Rovenky,2025-03-13,children_and_militarization,2,23,0.087
220,Вперёд. Ровеньки,Rovenky,2025-03-13,leadership_and_loyalty,136,23,5.913
221,Кировск сегодня,Kadiivka,2024-08-22,recruitment_and_contract_service,12,16,0.75
221,Кировск сегодня,Kadiivka,2024-08-22,passportization_and_documents,26,16,1.625
221,Кировск сегодня,Kadiivka,2024-08-22,elections_and_administration,7,16,0.438
221,Кировск сегодня,Kadiivka,2024-08-22,reconstruction_and_integration,36,16,2.25
221,Кировск сегодня,Kadiivka,2024-08-22,ukraine_as_enemy,0,16,0.0
221,Кировск сегодня,Kadiivka,2024-08-22,children_and_militarization,5,16,0.312
221,Кировск сегодня,Kadiivka,2024-08-22,leadership_and_loyalty,84,16,5.25
222,Кировск сегодня,Kadiivka,2024-08-29,recruitment_and_contract_service,32,16,2.0
222,Кировск сегодня,Kadiivka,2024-08-29,passportization_and_documents,50,16,3.125
222,Кировск сегодня,Kadiivka,2024-08-29,elections_and_administration,6,16,0.375
222,Кировск сегодня,Kadiivka,2024-08-29,reconstruction_and_integration,15,16,0.938
222,Кировск сегодня,Kadiivka,2024-08-29,ukraine_as_enemy,1,16,0.062
222,Кировск сегодня,Kadiivka,2024-08-29,children_and_militarization,6,16,0.375
222,Кировск сегодня,Kadiivka,2024-08-29,leadership_and_loyalty,82,16,5.125
223,Кировск сегодня,Kadiivka,2024-09-05,recruitment_and_contract_service,8,16,0.5
223,Кировск сегодня,Kadiivka,2024-09-05,passportization_and_documents,69,16,4.312
223,Кировск сегодня,Kadiivka,2024-09-05,elections_and_administration,3,16,0.188
223,Кировск сегодня,Kadiivka,2024-09-05,reconstruction_and_integration,37,16,2.312
223,Кировск сегодня,Kadiivka,2024-09-05,ukraine_as_enemy,0,16,0.0
223,Кировск сегодня,Kadiivka,2024-09-05,children_and_militarization,7,16,0.438
223,Кировск сегодня,Kadiivka,2024-09-05,leadership_and_loyalty,90,16,5.625
224,Кировск сегодня,Kadiivka,2024-09-12,recruitment_and_contract_service,5,15,0.333
224,Кировск сегодня,Kadiivka,2024-09-12,passportization_and_documents,26,15,1.733
224,Кировск сегодня,Kadiivka,2024-09-12,elections_and_administration,19,15,1.267
224,Кировск сегодня,Kadiivka,2024-09-12,reconstruction_and_integration,15,15,1.0
224,Кировск сегодня,Kadiivka,2024-09-12,ukraine_as_enemy,0,15,0.0
224,Кировск сегодня,Kadiivka,2024-09-12,children_and_militarization,4,15,0.267
224,Кировск сегодня,Kadiivka,2024-09-12,leadership_and_loyalty,51,15,3.4
225,Кировск сегодня,Kadiivka,2024-09-19,recruitment_and_contract_service,1,15,0.067
225,Кировск сегодня,Kadiivka,2024-09-19,passportization_and_documents,23,15,1.533
225,Кировск сегодня,Kadiivka,2024-09-19,elections_and_administration,5,15,0.333
225,Кировск сегодня,Kadiivka,2024-09-19,reconstruction_and_integration,15,15,1.0
225,Кировск сегодня,Kadiivka,2024-09-19,ukraine_as_enemy,1,15,0.067
225,Кировск сегодня,Kadiivka,2024-09-19,children_and_militarization,12,15,0.8
225,Кировск сегодня,Kadiivka,2024-09-19,leadership_and_loyalty,62,15,4.133
226,Кировск сегодня,Kadiivka,2024-09-26,recruitment_and_contract_service,0,16,0.0
226,Кировск сегодня,Kadiivka,2024-09-26,passportization_and_documents,34,16,2.125
226,Кировск сегодня,Kadiivka,2024-09-26,elections_and_administration,0,16,0.0
226,Кировск сегодня,Kadiivka,2024-09-26,reconstruction_and_integration,17,16,1.062
226,Кировск сегодня,Kadiivka,2024-09-26,ukraine_as_enemy,1,16,0.062
226,Кировск сегодня,Kadiivka,2024-09-26,children_and_militarization,10,16,0.625
226,Кировск сегодня,Kadiivka,2024-09-26,leadership_and_loyalty,70,16,4.375
227,Кировск сегодня,Kadiivka,2024-10-03,recruitment_and_contract_service,37,15,2.467
227,Кировск сегодня,Kadiivka,2024-10-03,passportization_and_documents,36,15,2.4
227,Кировск сегодня,Kadiivka,2024-10-03,elections_and_administration,2,15,0.133
227,Кировск сегодня,Kadiivka,2024-10-03,reconstruction_and_integration,7,15,0.467
227,Кировск сегодня,Kadiivka,2024-10-03,ukraine_as_enemy,1,15,0.067
227,Кировск сегодня,Kadiivka,2024-10-03,children_and_militarization,5,15,0.333
227,Кировск сегодня,Kadiivka,2024-10-03,leadership_and_loyalty,66,15,4.4
228,Кировск сегодня,Kadiivka,2024-10-10,recruitment_and_contract_service,0,15,0.0
228,Кировск сегодня,Kadiivka,2024-10-10,passportization_and_documents,19,15,1.267
228,Кировск сегодня,Kadiivka,2024-10-10,elections_and_administration,1,15,0.067
228,Кировск сегодня,Kadiivka,2024-10-10,reconstruction_and_integration,19,15,1.267
228,Кировск сегодня,Kadiivka,2024-10-10,ukraine_as_enemy,3,15,0.2
228,Кировск сегодня,Kadiivka,2024-10-10,children_and_militarization,8,15,0.533
228,Кировск сегодня,Kadiivka,2024-10-10,leadership_and_loyalty,65,15,4.333
229,Кировск сегодня,Kadiivka,2024-10-17,recruitment_and_contract_service,1,16,0.062
229,Кировск сегодня,Kadiivka,2024-10-17,passportization_and_documents,39,16,2.438
229,Кировск сегодня,Kadiivka,2024-10-17,elections_and_administration,3,16,0.188
229,Кировск сегодня,Kadiivka,2024-10-17,reconstruction_and_integration,33,16,2.062
229,Кировск сегодня,Kadiivka,2024-10-17,ukraine_as_enemy,0,16,0.0
229,Кировск сегодня,Kadiivka,2024-10-17,children_and_militarization,9,16,0.562
229,Кировск сегодня,Kadiivka,2024-10-17,leadership_and_loyalty,54,16,3.375
230,Кировск сегодня,Kadiivka,2024-10-24,recruitment_and_contract_service,0,16,0.0
230,Кировск сегодня,Kadiivka,2024-10-24,passportization_and_documents,76,16,4.75
230,Кировск сегодня,Kadiivka,2024-10-24,elections_and_administration,12,16,0.75
230,Кировск сегодня,Kadiivka,2024-10-24,reconstruction_and_integration,27,16,1.688
230,Кировск сегодня,Kadiivka,2024-10-24,ukraine_as_enemy,2,16,0.125
230,Кировск сегодня,Kadiivka,2024-10-24,children_and_militarization,8,16,0.5
230,Кировск сегодня,Kadiivka,2024-10-24,leadership_and_loyalty,56,16,3.5
231,Кировск сегодня,Kadiivka,2024-10-31,recruitment_and_contract_service,0,15,0.0
231,Кировск сегодня,Kadiivka,2024-10-31,passportization_and_documents,26,15,1.733
231,Кировск сегодня,Kadiivka,2024-10-31,elections_and_administration,3,15,0.2
231,Кировск сегодня,Kadiivka,2024-10-31,reconstruction_and_integration,84,15,5.6
231,Кировск сегодня,Kadiivka,2024-10-31,ukraine_as_enemy,5,15,0.333
231,Кировск сегодня,Kadiivka,2024-10-31,children_and_militarization,1,15,0.067
231,Кировск сегодня,Kadiivka,2024-10-31,leadership_and_loyalty,81,15,5.4
232,Кировск сегодня,Kadiivka,2025-01-16,recruitment_and_contract_service,2,15,0.133
232,Кировск сегодня,Kadiivka,2025-01-16,passportization_and_documents,19,15,1.267
232,Кировск сегодня,Kadiivka,2025-01-16,elections_and_administration,2,15,0.133
232,Кировск сегодня,Kadiivka,2025-01-16,reconstruction_and_integration,16,15,1.067
232,Кировск сегодня,Kadiivka,2025-01-16,ukraine_as_enemy,0,15,0.0
232,Кировск сегодня,Kadiivka,2025-01-16,children_and_militarization,12,15,0.8
232,Кировск сегодня,Kadiivka,2025-01-16,leadership_and_loyalty,65,15,4.333
233,Кировск сегодня,Kadiivka,2025-03-20,recruitment_and_contract_service,4,15,0.267
233,Кировск сегодня,Kadiivka,2025-03-20,passportization_and_documents,7,15,0.467
233,Кировск сегодня,Kadiivka,2025-03-20,elections_and_administration,3,15,0.2
233,Кировск сегодня,Kadiivka,2025-03-20,reconstruction_and_integration,18,15,1.2
233,Кировск сегодня,Kadiivka,2025-03-20,ukraine_as_enemy,10,15,0.667
233,Кировск сегодня,Kadiivka,2025-03-20,children_and_militarization,9,15,0.6
233,Кировск сегодня,Kadiivka,2025-03-20,leadership_and_loyalty,116,15,7.733
234,Кировск сегодня,Kadiivka,2025-03-27,recruitment_and_contract_service,1,15,0.067
234,Кировск сегодня,Kadiivka,2025-03-27,passportization_and_documents,20,15,1.333
234,Кировск сегодня,Kadiivka,2025-03-27,elections_and_administration,0,15,0.0
234,Кировск сегодня,Kadiivka,2025-03-27,reconstruction_and_integration,20,15,1.333
234,Кировск сегодня,Kadiivka,2025-03-27,ukraine_as_enemy,5,15,0.333
234,Кировск сегодня,Kadiivka,2025-03-27,children_and_militarization,12,15,0.8
234,Кировск сегодня,Kadiivka,2025-03-27,leadership_and_loyalty,96,15,6.4
235,Кировск сегодня,Kadiivka,2025-04-03,recruitment_and_contract_service,1,15,0.067
235,Кировск сегодня,Kadiivka,2025-04-03,passportization_and_documents,13,15,0.867
235,Кировск сегодня,Kadiivka,2025-04-03,elections_and_administration,1,15,0.067
235,Кировск сегодня,Kadiivka,2025-04-03,reconstruction_and_integration,16,15,1.067
235,Кировск сегодня,Kadiivka,2025-04-03,ukraine_as_enemy,1,15,0.067
235,Кировск сегодня,Kadiivka,2025-04-03,children_and_militarization,7,15,0.467
235,Кировск сегодня,Kadiivka,2025-04-03,leadership_and_loyalty,109,15,7.267
236,Кировск сегодня,Kadiivka,2025-01-23,recruitment_and_contract_service,9,15,0.6
236,Кировск сегодня,Kadiivka,2025-01-23,passportization_and_documents,42,15,2.8
236,Кировск сегодня,Kadiivka,2025-01-23,elections_and_administration,4,15,0.267
236,Кировск сегодня,Kadiivka,2025-01-23,reconstruction_and_integration,15,15,1.0
236,Кировск сегодня,Kadiivka,2025-01-23,ukraine_as_enemy,2,15,0.133
236,Кировск сегодня,Kadiivka,2025-01-23,children_and_militarization,3,15,0.2
236,Кировск сегодня,Kadiivka,2025-01-23,leadership_and_loyalty,112,15,7.467
237,Кировск сегодня,Kadiivka,2025-01-30,recruitment_and_contract_service,2,15,0.133
237,Кировск сегодня,Kadiivka,2025-01-30,passportization_and_documents,17,15,1.133
237,Кировск сегодня,Kadiivka,2025-01-30,elections_and_administration,3,15,0.2
237,Кировск сегодня,Kadiivka,2025-01-30,reconstruction_and_integration,2,15,0.133
237,Кировск сегодня,Kadiivka,2025-01-30,ukraine_as_enemy,2,15,0.133
237,Кировск сегодня,Kadiivka,2025-01-30,children_and_militarization,15,15,1.0
237,Кировск сегодня,Kadiivka,2025-01-30,leadership_and_loyalty,84,15,5.6
238,Кировск сегодня,Kadiivka,2025-02-06,recruitment_and_contract_service,4,15,0.267
238,Кировск сегодня,Kadiivka,2025-02-06,passportization_and_documents,49,15,3.267
238,Кировск сегодня,Kadiivka,2025-02-06,elections_and_administration,0,15,0.0
238,Кировск сегодня,Kadiivka,2025-02-06,reconstruction_and_integration,11,15,0.733
238,Кировск сегодня,Kadiivka,2025-02-06,ukraine_as_enemy,3,15,0.2
238,Кировск сегодня,Kadiivka,2025-02-06,children_and_militarization,7,15,0.467
238,Кировск сегодня,Kadiivka,2025-02-06,leadership_and_loyalty,126,15,8.4
239,Кировск сегодня,Kadiivka,2024-11-07,recruitment_and_contract_service,0,15,0.0
239,Кировск сегодня,Kadiivka,2024-11-07,passportization_and_documents,15,15,1.0
239,Кировск сегодня,Kadiivka,2024-11-07,elections_and_administration,2,15,0.133
239,Кировск сегодня,Kadiivka,2024-11-07,reconstruction_and_integration,14,15,0.933
239,Кировск сегодня,Kadiivka,2024-11-07,ukraine_as_enemy,0,15,0.0
239,Кировск сегодня,Kadiivka,2024-11-07,children_and_militarization,8,15,0.533
239,Кировск сегодня,Kadiivka,2024-11-07,leadership_and_loyalty,71,15,4.733
240,Кировск сегодня,Kadiivka,2024-11-14,recruitment_and_contract_service,1,16,0.062
240,Кировск сегодня,Kadiivka,2024-11-14,passportization_and_documents,9,16,0.562
240,Кировск сегодня,Kadiivka,2024-11-14,elections_and_administration,1,16,0.062
240,Кировск сегодня,Kadiivka,2024-11-14,reconstruction_and_integration,13,16,0.812
240,Кировск сегодня,Kadiivka,2024-11-14,ukraine_as_enemy,0,16,0.0
240,Кировск сегодня,Kadiivka,2024-11-14,children_and_militarization,15,16,0.938
240,Кировск сегодня,Kadiivka,2024-11-14,leadership_and_loyalty,70,16,4.375
241,Кировск сегодня,Kadiivka,2024-11-21,recruitment_and_contract_service,12,15,0.8
241,Кировск сегодня,Kadiivka,2024-11-21,passportization_and_documents,16,15,1.067
241,Кировск сегодня,Kadiivka,2024-11-21,elections_and_administration,4,15,0.267
241,Кировск сегодня,Kadiivka,2024-11-21,reconstruction_and_integration,24,15,1.6
241,Кировск сегодня,Kadiivka,2024-11-21,ukraine_as_enemy,0,15,0.0
241,Кировск сегодня,Kadiivka,2024-11-21,children_and_militarization,5,15,0.333
241,Кировск сегодня,Kadiivka,2024-11-21,leadership_and_loyalty,78,15,5.2
242,Кировск сегодня,Kadiivka,2024-11-28,recruitment_and_contract_service,34,15,2.267
242,Кировск сегодня,Kadiivka,2024-11-28,passportization_and_documents,19,15,1.267
242,Кировск сегодня,Kadiivka,2024-11-28,elections_and_administration,1,15,0.067
242,Кировск сегодня,Kadiivka,2024-11-28,reconstruction_and_integration,29,15,1.933
242,Кировск сегодня,Kadiivka,2024-11-28,ukraine_as_enemy,1,15,0.067
242,Кировск сегодня,Kadiivka,2024-11-28,children_and_militarization,4,15,0.267
242,Кировск сегодня,Kadiivka,2024-11-28,leadership_and_loyalty,103,15,6.867
243,Кировск сегодня,Kadiivka,2024-12-05,recruitment_and_contract_service,4,15,0.267
243,Кировск сегодня,Kadiivka,2024-12-05,passportization_and_documents,11,15,0.733
243,Кировск сегодня,Kadiivka,2024-12-05,elections_and_administration,2,15,0.133
243,Кировск сегодня,Kadiivka,2024-12-05,reconstruction_and_integration,32,15,2.133
243,Кировск сегодня,Kadiivka,2024-12-05,ukraine_as_enemy,0,15,0.0
243,Кировск сегодня,Kadiivka,2024-12-05,children_and_militarization,8,15,0.533
243,Кировск сегодня,Kadiivka,2024-12-05,leadership_and_loyalty,58,15,3.867
244,Кировск сегодня,Kadiivka,2024-12-12,recruitment_and_contract_service,36,15,2.4
244,Кировск сегодня,Kadiivka,2024-12-12,passportization_and_documents,70,15,4.667
244,Кировск сегодня,Kadiivka,2024-12-12,elections_and_administration,2,15,0.133
244,Кировск сегодня,Kadiivka,2024-12-12,reconstruction_and_integration,20,15,1.333
244,Кировск сегодня,Kadiivka,2024-12-12,ukraine_as_enemy,1,15,0.067
244,Кировск сегодня,Kadiivka,2024-12-12,children_and_militarization,8,15,0.533
244,Кировск сегодня,Kadiivka,2024-12-12,leadership_and_loyalty,78,15,5.2
245,Кировск сегодня,Kadiivka,2025-02-13,recruitment_and_contract_service,2,15,0.133
245,Кировск сегодня,Kadiivka,2025-02-13,passportization_and_documents,16,15,1.067
245,Кировск сегодня,Kadiivka,2025-02-13,elections_and_administration,4,15,0.267
245,Кировск сегодня,Kadiivka,2025-02-13,reconstruction_and_integration,7,15,0.467
245,Кировск сегодня,Kadiivka,2025-02-13,ukraine_as_enemy,1,15,0.067
245,Кировск сегодня,Kadiivka,2025-02-13,children_and_militarization,14,15,0.933
245,Кировск сегодня,Kadiivka,2025-02-13,leadership_and_loyalty,95,15,6.333
246,Кировск сегодня,Kadiivka,2024-12-19,recruitment_and_contract_service,2,16,0.125
246,Кировск сегодня,Kadiivka,2024-12-19,passportization_and_documents,75,16,4.688
246,Кировск сегодня,Kadiivka,2024-12-19,elections_and_administration,3,16,0.188
246,Кировск сегодня,Kadiivka,2024-12-19,reconstruction_and_integration,6,16,0.375
246,Кировск сегодня,Kadiivka,2024-12-19,ukraine_as_enemy,2,16,0.125
246,Кировск сегодня,Kadiivka,2024-12-19,children_and_militarization,3,16,0.188
246,Кировск сегодня,Kadiivka,2024-12-19,leadership_and_loyalty,144,16,9.0
247,Кировск сегодня,Kadiivka,2024-12-26,recruitment_and_contract_service,7,16,0.438
247,Кировск сегодня,Kadiivka,2024-12-26,passportization_and_documents,30,16,1.875
247,Кировск сегодня,Kadiivka,2024-12-26,elections_and_administration,11,16,0.688
247,Кировск сегодня,Kadiivka,2024-12-26,reconstruction_and_integration,19,16,1.188
247,Кировск сегодня,Kadiivka,2024-12-26,ukraine_as_enemy,6,16,0.375
247,Кировск сегодня,Kadiivka,2024-12-26,children_and_militarization,4,16,0.25
247,Кировск сегодня,Kadiivka,2024-12-26,leadership_and_loyalty,168,16,10.5
248,Кировск сегодня,Kadiivka,2024-03-01,recruitment_and_contract_service,4,15,0.267
248,Кировск сегодня,Kadiivka,2024-03-01,passportization_and_documents,11,15,0.733
248,Кировск сегодня,Kadiivka,2024-03-01,elections_and_administration,1,15,0.067
248,Кировск сегодня,Kadiivka,2024-03-01,reconstruction_and_integration,12,15,0.8
248,Кировск сегодня,Kadiivka,2024-03-01,ukraine_as_enemy,11,15,0.733
248,Кировск сегодня,Kadiivka,2024-03-01,children_and_militarization,5,15,0.333
248,Кировск сегодня,Kadiivka,2024-03-01,leadership_and_loyalty,116,15,7.733
249,Кировск сегодня,Kadiivka,2025-02-27,recruitment_and_contract_service,4,15,0.267
249,Кировск сегодня,Kadiivka,2025-02-27,passportization_and_documents,9,15,0.6
249,Кировск сегодня,Kadiivka,2025-02-27,elections_and_administration,8,15,0.533
249,Кировск сегодня,Kadiivka,2025-02-27,reconstruction_and_integration,0,15,0.0
249,Кировск сегодня,Kadiivka,2025-02-27,ukraine_as_enemy,9,15,0.6
249,Кировск сегодня,Kadiivka,2025-02-27,children_and_militarization,16,15,1.067
249,Кировск сегодня,Kadiivka,2025-02-27,leadership_and_loyalty,120,15,8.0
250,Кировск сегодня,Kadiivka,2025-03-06,recruitment_and_contract_service,1,15,0.067
250,Кировск сегодня,Kadiivka,2025-03-06,passportization_and_documents,22,15,1.467
250,Кировск сегодня,Kadiivka,2025-03-06,elections_and_administration,6,15,0.4
250,Кировск сегодня,Kadiivka,2025-03-06,reconstruction_and_integration,6,15,0.4
250,Кировск сегодня,Kadiivka,2025-03-06,ukraine_as_enemy,1,15,0.067
250,Кировск сегодня,Kadiivka,2025-03-06,children_and_militarization,8,15,0.533
250,Кировск сегодня,Kadiivka,2025-03-06,leadership_and_loyalty,110,15,7.333
251,Кировск сегодня,Kadiivka,2025-03-13,recruitment_and_contract_service,7,15,0.467
251,Кировск сегодня,Kadiivka,2025-03-13,passportization_and_documents,20,15,1.333
251,Кировск сегодня,Kadiivka,2025-03-13,elections_and_administration,4,15,0.267
251,Кировск сегодня,Kadiivka,2025-03-13,reconstruction_and_integration,7,15,0.467
251,Кировск сегодня,Kadiivka,2025-03-13,ukraine_as_enemy,0,15,0.0
251,Кировск сегодня,Kadiivka,2025-03-13,children_and_militarization,4,15,0.267
251,Кировск сегодня,Kadiivka,2025-03-13,leadership_and_loyalty,112,15,7.467
252,Красный Луч,Khrustalnyi,2025-01-16,recruitment_and_contract_service,2,23,0.087
252,Красный Луч,Khrustalnyi,2025-01-16,passportization_and_documents,33,23,1.435
252,Красный Луч,Khrustalnyi,2025-01-16,elections_and_administration,0,23,0.0
252,Красный Луч,Khrustalnyi,2025-01-16,reconstruction_and_integration,35,23,1.522
252,Красный Луч,Khrustalnyi,2025-01-16,ukraine_as_enemy,2,23,0.087
252,Красный Луч,Khrustalnyi,2025-01-16,children_and_militarization,1,23,0.043
252,Красный Луч,Khrustalnyi,2025-01-16,leadership_and_loyalty,81,23,3.522
253,Красный Луч,Khrustalnyi,2025-03-20,recruitment_and_contract_service,4,23,0.174
253,Красный Луч,Khrustalnyi,2025-03-20,passportization_and_documents,30,23,1.304
253,Красный Луч,Khrustalnyi,2025-03-20,elections_and_administration,1,23,0.043
253,Красный Луч,Khrustalnyi,2025-03-20,reconstruction_and_integration,37,23,1.609
253,Красный Луч,Khrustalnyi,2025-03-20,ukraine_as_enemy,11,23,0.478
253,Красный Луч,Khrustalnyi,2025-03-20,children_and_militarization,10,23,0.435
253,Красный Луч,Khrustalnyi,2025-03-20,leadership_and_loyalty,118,23,5.13
254,Красный Луч,Khrustalnyi,2025-03-27,recruitment_and_contract_service,9,23,0.391
254,Красный Луч,Khrustalnyi,2025-03-27,passportization_and_documents,21,23,0.913
254,Красный Луч,Khrustalnyi,2025-03-27,elections_and_administration,1,23,0.043
254,Красный Луч,Khrustalnyi,2025-03-27,reconstruction_and_integration,52,23,2.261
254,Красный Луч,Khrustalnyi,2025-03-27,ukraine_as_enemy,6,23,0.261
254,Красный Луч,Khrustalnyi,2025-03-27,children_and_militarization,3,23,0.13
254,Красный Луч,Khrustalnyi,2025-03-27,leadership_and_loyalty,111,23,4.826
255,Красный Луч,Khrustalnyi,2025-04-03,recruitment_and_contract_service,2,23,0.087
255,Красный Луч,Khrustalnyi,2025-04-03,passportization_and_documents,30,23,1.304
255,Красный Луч,Khrustalnyi,2025-04-03,elections_and_administration,6,23,0.261
255,Красный Луч,Khrustalnyi,2025-04-03,reconstruction_and_integration,38,23,1.652
255,Красный Луч,Khrustalnyi,2025-04-03,ukraine_as_enemy,1,23,0.043
255,Красный Луч,Khrustalnyi,2025-04-03,children_and_militarization,6,23,0.261
255,Красный Луч,Khrustalnyi,2025-04-03,leadership_and_loyalty,129,23,5.609
256,Красный Луч,Khrustalnyi,2025-01-23,recruitment_and_contract_service,1,23,0.043
256,Красный Луч,Khrustalnyi,2025-01-23,passportization_and_documents,21,23,0.913
256,Красный Луч,Khrustalnyi,2025-01-23,elections_and_administration,7,23,0.304
256,Красный Луч,Khrustalnyi,2025-01-23,reconstruction_and_integration,39,23,1.696
256,Красный Луч,Khrustalnyi,2025-01-23,ukraine_as_enemy,2,23,0.087
256,Красный Луч,Khrustalnyi,2025-01-23,children_and_militarization,9,23,0.391
256,Красный Луч,Khrustalnyi,2025-01-23,leadership_and_loyalty,108,23,4.696
257,Красный Луч,Khrustalnyi,2025-01-30,recruitment_and_contract_service,9,23,0.391
257,Красный Луч,Khrustalnyi,2025-01-30,passportization_and_documents,18,23,0.783
257,Красный Луч,Khrustalnyi,2025-01-30,elections_and_administration,5,23,0.217
257,Красный Луч,Khrustalnyi,2025-01-30,reconstruction_and_integration,26,23,1.13
257,Красный Луч,Khrustalnyi,2025-01-30,ukraine_as_enemy,3,23,0.13
257,Красный Луч,Khrustalnyi,2025-01-30,children_and_militarization,12,23,0.522
257,Красный Луч,Khrustalnyi,2025-01-30,leadership_and_loyalty,76,23,3.304
258,Красный Луч,Khrustalnyi,2024-08-22,recruitment_and_contract_service,33,23,1.435
258,Красный Луч,Khrustalnyi,2024-08-22,passportization_and_documents,35,23,1.522
258,Красный Луч,Khrustalnyi,2024-08-22,elections_and_administration,2,23,0.087
258,Красный Луч,Khrustalnyi,2024-08-22,reconstruction_and_integration,41,23,1.783
258,Красный Луч,Khrustalnyi,2024-08-22,ukraine_as_enemy,0,23,0.0
258,Красный Луч,Khrustalnyi,2024-08-22,children_and_militarization,3,23,0.13
258,Красный Луч,Khrustalnyi,2024-08-22,leadership_and_loyalty,77,23,3.348
259,Красный Луч,Khrustalnyi,2024-08-29,recruitment_and_contract_service,23,23,1.0
259,Красный Луч,Khrustalnyi,2024-08-29,passportization_and_documents,43,23,1.87
259,Красный Луч,Khrustalnyi,2024-08-29,elections_and_administration,10,23,0.435
259,Красный Луч,Khrustalnyi,2024-08-29,reconstruction_and_integration,40,23,1.739
259,Красный Луч,Khrustalnyi,2024-08-29,ukraine_as_enemy,1,23,0.043
259,Красный Луч,Khrustalnyi,2024-08-29,children_and_militarization,15,23,0.652
259,Красный Луч,Khrustalnyi,2024-08-29,leadership_and_loyalty,91,23,3.957
260,Красный Луч,Khrustalnyi,2024-09-05,recruitment_and_contract_service,13,23,0.565
260,Красный Луч,Khrustalnyi,2024-09-05,passportization_and_documents,37,23,1.609
260,Красный Луч,Khrustalnyi,2024-09-05,elections_and_administration,2,23,0.087
260,Красный Луч,Khrustalnyi,2024-09-05,reconstruction_and_integration,40,23,1.739
260,Красный Луч,Khrustalnyi,2024-09-05,ukraine_as_enemy,1,23,0.043
260,Красный Луч,Khrustalnyi,2024-09-05,children_and_militarization,2,23,0.087
260,Красный Луч,Khrustalnyi,2024-09-05,leadership_and_loyalty,87,23,3.783
261,Красный Луч,Khrustalnyi,2024-09-12,recruitment_and_contract_service,26,24,1.083
261,Красный Луч,Khrustalnyi,2024-09-12,passportization_and_documents,93,24,3.875
261,Красный Луч,Khrustalnyi,2024-09-12,elections_and_administration,8,24,0.333
261,Красный Луч,Khrustalnyi,2024-09-12,reconstruction_and_integration,75,24,3.125
261,Красный Луч,Khrustalnyi,2024-09-12,ukraine_as_enemy,4,24,0.167
261,Красный Луч,Khrustalnyi,2024-09-12,children_and_militarization,7,24,0.292
261,Красный Луч,Khrustalnyi,2024-09-12,leadership_and_loyalty,89,24,3.708
262,Красный Луч,Khrustalnyi,2024-09-19,recruitment_and_contract_service,8,23,0.348
262,Красный Луч,Khrustalnyi,2024-09-19,passportization_and_documents,60,23,2.609
262,Красный Луч,Khrustalnyi,2024-09-19,elections_and_administration,0,23,0.0
262,Красный Луч,Khrustalnyi,2024-09-19,reconstruction_and_integration,67,23,2.913
262,Красный Луч,Khrustalnyi,2024-09-19,ukraine_as_enemy,1,23,0.043
262,Красный Луч,Khrustalnyi,2024-09-19,children_and_militarization,10,23,0.435
262,Красный Луч,Khrustalnyi,2024-09-19,leadership_and_loyalty,57,23,2.478
263,Красный Луч,Khrustalnyi,2024-09-26,recruitment_and_contract_service,4,24,0.167
263,Красный Луч,Khrustalnyi,2024-09-26,passportization_and_documents,56,24,2.333
263,Красный Луч,Khrustalnyi,2024-09-26,elections_and_administration,47,24,1.958
263,Красный Луч,Khrustalnyi,2024-09-26,reconstruction_and_integration,174,24,7.25
263,Красный Луч,Khrustalnyi,2024-09-26,ukraine_as_enemy,1,24,0.042
263,Красный Луч,Khrustalnyi,2024-09-26,children_and_militarization,19,24,0.792
263,Красный Луч,Khrustalnyi,2024-09-26,leadership_and_loyalty,112,24,4.667
264,Красный Луч,Khrustalnyi,2024-10-03,recruitment_and_contract_service,5,23,0.217
264,Красный Луч,Khrustalnyi,2024-10-03,passportization_and_documents,73,23,3.174
264,Красный Луч,Khrustalnyi,2024-10-03,elections_and_administration,16,23,0.696
264,Красный Луч,Khrustalnyi,2024-10-03,reconstruction_and_integration,71,23,3.087
264,Красный Луч,Khrustalnyi,2024-10-03,ukraine_as_enemy,1,23,0.043
264,Красный Луч,Khrustalnyi,2024-10-03,children_and_militarization,8,23,0.348
264,Красный Луч,Khrustalnyi,2024-10-03,leadership_and_loyalty,107,23,4.652
265,Красный Луч,Khrustalnyi,2025-02-06,recruitment_and_contract_service,4,23,0.174
265,Красный Луч,Khrustalnyi,2025-02-06,passportization_and_documents,25,23,1.087
265,Красный Луч,Khrustalnyi,2025-02-06,elections_and_administration,4,23,0.174
265,Красный Луч,Khrustalnyi,2025-02-06,reconstruction_and_integration,32,23,1.391
265,Красный Луч,Khrustalnyi,2025-02-06,ukraine_as_enemy,6,23,0.261
265,Красный Луч,Khrustalnyi,2025-02-06,children_and_militarization,1,23,0.043
265,Красный Луч,Khrustalnyi,2025-02-06,leadership_and_loyalty,145,23,6.304
266,Красный Луч,Khrustalnyi,2024-10-10,recruitment_and_contract_service,1,23,0.043
266,Красный Луч,Khrustalnyi,2024-10-10,passportization_and_documents,42,23,1.826
266,Красный Луч,Khrustalnyi,2024-10-10,elections_and_administration,4,23,0.174
266,Красный Луч,Khrustalnyi,2024-10-10,reconstruction_and_integration,62,23,2.696
266,Красный Луч,Khrustalnyi,2024-10-10,ukraine_as_enemy,1,23,0.043
266,Красный Луч,Khrustalnyi,2024-10-10,children_and_militarization,8,23,0.348
266,Красный Луч,Khrustalnyi,2024-10-10,leadership_and_loyalty,69,23,3.0
267,Красный Луч,Khrustalnyi,2024-10-17,recruitment_and_contract_service,1,23,0.043
267,Красный Луч,Khrustalnyi,2024-10-17,passportization_and_documents,113,23,4.913
267,Красный Луч,Khrustalnyi,2024-10-17,elections_and_administration,8,23,0.348
267,Красный Луч,Khrustalnyi,2024-10-17,reconstruction_and_integration,41,23,1.783
267,Красный Луч,Khrustalnyi,2024-10-17,ukraine_as_enemy,0,23,0.0
267,Красный Луч,Khrustalnyi,2024-10-17,children_and_militarization,10,23,0.435
267,Красный Луч,Khrustalnyi,2024-10-17,leadership_and_loyalty,87,23,3.783
268,Красный Луч,Khrustalnyi,2024-10-24,recruitment_and_contract_service,0,23,0.0
268,Красный Луч,Khrustalnyi,2024-10-24,passportization_and_documents,117,23,5.087
268,Красный Луч,Khrustalnyi,2024-10-24,elections_and_administration,3,23,0.13
268,Красный Луч,Khrustalnyi,2024-10-24,reconstruction_and_integration,47,23,2.043
268,Красный Луч,Khrustalnyi,2024-10-24,ukraine_as_enemy,1,23,0.043
268,Красный Луч,Khrustalnyi,2024-10-24,children_and_militarization,11,23,0.478
268,Красный Луч,Khrustalnyi,2024-10-24,leadership_and_loyalty,55,23,2.391
269,Красный Луч,Khrustalnyi,2024-10-31,recruitment_and_contract_service,4,24,0.167
269,Красный Луч,Khrustalnyi,2024-10-31,passportization_and_documents,36,24,1.5
269,Красный Луч,Khrustalnyi,2024-10-31,elections_and_administration,3,24,0.125
269,Красный Луч,Khrustalnyi,2024-10-31,reconstruction_and_integration,36,24,1.5
269,Красный Луч,Khrustalnyi,2024-10-31,ukraine_as_enemy,1,24,0.042
269,Красный Луч,Khrustalnyi,2024-10-31,children_and_militarization,3,24,0.125
269,Красный Луч,Khrustalnyi,2024-10-31,leadership_and_loyalty,70,24,2.917
270,Красный Луч,Khrustalnyi,2024-11-07,recruitment_and_contract_service,0,23,0.0
270,Красный Луч,Khrustalnyi,2024-11-07,passportization_and_documents,33,23,1.435
270,Красный Луч,Khrustalnyi,2024-11-07,elections_and_administration,2,23,0.087
270,Красный Луч,Khrustalnyi,2024-11-07,reconstruction_and_integration,26,23,1.13
270,Красный Луч,Khrustalnyi,2024-11-07,ukraine_as_enemy,0,23,0.0
270,Красный Луч,Khrustalnyi,2024-11-07,children_and_militarization,5,23,0.217
270,Красный Луч,Khrustalnyi,2024-11-07,leadership_and_loyalty,93,23,4.043
271,Красный Луч,Khrustalnyi,2024-11-14,recruitment_and_contract_service,2,23,0.087
271,Красный Луч,Khrustalnyi,2024-11-14,passportization_and_documents,43,23,1.87
271,Красный Луч,Khrustalnyi,2024-11-14,elections_and_administration,10,23,0.435
271,Красный Луч,Khrustalnyi,2024-11-14,reconstruction_and_integration,36,23,1.565
271,Красный Луч,Khrustalnyi,2024-11-14,ukraine_as_enemy,1,23,0.043
271,Красный Луч,Khrustalnyi,2024-11-14,children_and_militarization,7,23,0.304
271,Красный Луч,Khrustalnyi,2024-11-14,leadership_and_loyalty,76,23,3.304
272,Красный Луч,Khrustalnyi,2024-11-21,recruitment_and_contract_service,0,23,0.0
272,Красный Луч,Khrustalnyi,2024-11-21,passportization_and_documents,36,23,1.565
272,Красный Луч,Khrustalnyi,2024-11-21,elections_and_administration,1,23,0.043
272,Красный Луч,Khrustalnyi,2024-11-21,reconstruction_and_integration,49,23,2.13
272,Красный Луч,Khrustalnyi,2024-11-21,ukraine_as_enemy,0,23,0.0
272,Красный Луч,Khrustalnyi,2024-11-21,children_and_militarization,2,23,0.087
272,Красный Луч,Khrustalnyi,2024-11-21,leadership_and_loyalty,60,23,2.609
273,Красный Луч,Khrustalnyi,2024-11-28,recruitment_and_contract_service,3,23,0.13
273,Красный Луч,Khrustalnyi,2024-11-28,passportization_and_documents,32,23,1.391
273,Красный Луч,Khrustalnyi,2024-11-28,elections_and_administration,4,23,0.174
273,Красный Луч,Khrustalnyi,2024-11-28,reconstruction_and_integration,35,23,1.522
273,Красный Луч,Khrustalnyi,2024-11-28,ukraine_as_enemy,1,23,0.043
273,Красный Луч,Khrustalnyi,2024-11-28,children_and_militarization,4,23,0.174
273,Красный Луч,Khrustalnyi,2024-11-28,leadership_and_loyalty,80,23,3.478
274,Красный Луч,Khrustalnyi,2024-12-05,recruitment_and_contract_service,3,23,0.13
274,Красный Луч,Khrustalnyi,2024-12-05,passportization_and_documents,63,23,2.739
274,Красный Луч,Khrustalnyi,2024-12-05,elections_and_administration,3,23,0.13
274,Красный Луч,Khrustalnyi,2024-12-05,reconstruction_and_integration,54,23,2.348
274,Красный Луч,Khrustalnyi,2024-12-05,ukraine_as_enemy,2,23,0.087
274,Красный Луч,Khrustalnyi,2024-12-05,children_and_militarization,3,23,0.13
274,Красный Луч,Khrustalnyi,2024-12-05,leadership_and_loyalty,75,23,3.261
275,Красный Луч,Khrustalnyi,2024-12-12,recruitment_and_contract_service,2,23,0.087
275,Красный Луч,Khrustalnyi,2024-12-12,passportization_and_documents,26,23,1.13
275,Красный Луч,Khrustalnyi,2024-12-12,elections_and_administration,1,23,0.043
275,Красный Луч,Khrustalnyi,2024-12-12,reconstruction_and_integration,52,23,2.261
275,Красный Луч,Khrustalnyi,2024-12-12,ukraine_as_enemy,2,23,0.087
275,Красный Луч,Khrustalnyi,2024-12-12,children_and_militarization,5,23,0.217
275,Красный Луч,Khrustalnyi,2024-12-12,leadership_and_loyalty,77,23,3.348
276,Красный Луч,Khrustalnyi,2025-02-13,recruitment_and_contract_service,2,23,0.087
276,Красный Луч,Khrustalnyi,2025-02-13,passportization_and_documents,13,23,0.565
276,Красный Луч,Khrustalnyi,2025-02-13,elections_and_administration,9,23,0.391
276,Красный Луч,Khrustalnyi,2025-02-13,reconstruction_and_integration,29,23,1.261
276,Красный Луч,Khrustalnyi,2025-02-13,ukraine_as_enemy,3,23,0.13
276,Красный Луч,Khrustalnyi,2025-02-13,children_and_militarization,6,23,0.261
276,Красный Луч,Khrustalnyi,2025-02-13,leadership_and_loyalty,128,23,5.565
277,Красный Луч,Khrustalnyi,2024-12-19,recruitment_and_contract_service,16,24,0.667
277,Красный Луч,Khrustalnyi,2024-12-19,passportization_and_documents,78,24,3.25
277,Красный Луч,Khrustalnyi,2024-12-19,elections_and_administration,8,24,0.333
277,Красный Луч,Khrustalnyi,2024-12-19,reconstruction_and_integration,47,24,1.958
277,Красный Луч,Khrustalnyi,2024-12-19,ukraine_as_enemy,2,24,0.083
277,Красный Луч,Khrustalnyi,2024-12-19,children_and_militarization,5,24,0.208
277,Красный Луч,Khrustalnyi,2024-12-19,leadership_and_loyalty,83,24,3.458
278,Красный Луч,Khrustalnyi,2024-12-20,recruitment_and_contract_service,0,23,0.0
278,Красный Луч,Khrustalnyi,2024-12-20,passportization_and_documents,24,23,1.043
278,Красный Луч,Khrustalnyi,2024-12-20,elections_and_administration,1,23,0.043
278,Красный Луч,Khrustalnyi,2024-12-20,reconstruction_and_integration,37,23,1.609
278,Красный Луч,Khrustalnyi,2024-12-20,ukraine_as_enemy,9,23,0.391
278,Красный Луч,Khrustalnyi,2024-12-20,children_and_militarization,3,23,0.13
278,Красный Луч,Khrustalnyi,2024-12-20,leadership_and_loyalty,208,23,9.043
279,Красный Луч,Khrustalnyi,2025-02-20,recruitment_and_contract_service,3,23,0.13
279,Красный Луч,Khrustalnyi,2025-02-20,passportization_and_documents,31,23,1.348
279,Красный Луч,Khrustalnyi,2025-02-20,elections_and_administration,6,23,0.261
279,Красный Луч,Khrustalnyi,2025-02-20,reconstruction_and_integration,26,23,1.13
279,Красный Луч,Khrustalnyi,2025-02-20,ukraine_as_enemy,12,23,0.522
279,Красный Луч,Khrustalnyi,2025-02-20,children_and_militarization,8,23,0.348
279,Красный Луч,Khrustalnyi,2025-02-20,leadership_and_loyalty,134,23,5.826
280,Красный Луч,Khrustalnyi,2025-02-27,recruitment_and_contract_service,8,23,0.348
280,Красный Луч,Khrustalnyi,2025-02-27,passportization_and_documents,17,23,0.739
280,Красный Луч,Khrustalnyi,2025-02-27,elections_and_administration,2,23,0.087
280,Красный Луч,Khrustalnyi,2025-02-27,reconstruction_and_integration,22,23,0.957
280,Красный Луч,Khrustalnyi,2025-02-27,ukraine_as_enemy,13,23,0.565
280,Красный Луч,Khrustalnyi,2025-02-27,children_and_militarization,3,23,0.13
280,Красный Луч,Khrustalnyi,2025-02-27,leadership_and_loyalty,119,23,5.174
281,Красный Луч,Khrustalnyi,2025-03-06,recruitment_and_contract_service,5,23,0.217
281,Красный Луч,Khrustalnyi,2025-03-06,passportization_and_documents,22,23,0.957
281,Красный Луч,Khrustalnyi,2025-03-06,elections_and_administration,4,23,0.174
281,Красный Луч,Khrustalnyi,2025-03-06,reconstruction_and_integration,30,23,1.304
281,Красный Луч,Khrustalnyi,2025-03-06,ukraine_as_enemy,1,23,0.043
281,Красный Луч,Khrustalnyi,2025-03-06,children_and_militarization,4,23,0.174
281,Красный Луч,Khrustalnyi,2025-03-06,leadership_and_loyalty,114,23,4.957
282,Красный Луч,Khrustalnyi,2025-03-13,recruitment_and_contract_service,7,23,0.304
282,Красный Луч,Khrustalnyi,2025-03-13,passportization_and_documents,18,23,0.783
282,Красный Луч,Khrustalnyi,2025-03-13,elections_and_administration,11,23,0.478
282,Красный Луч,Khrustalnyi,2025-03-13,reconstruction_and_integration,57,23,2.478
282,Красный Луч,Khrustalnyi,2025-03-13,ukraine_as_enemy,1,23,0.043
282,Красный Луч,Khrustalnyi,2025-03-13,children_and_militarization,7,23,0.304
282,Красный Луч,Khrustalnyi,2025-03-13,leadership_and_loyalty,116,23,5.043
283,Марковский вестник,Markivka,2025-03-21,recruitment_and_contract_service,4,15,0.267
283,Марковский вестник,Markivka,2025-03-21,passportization_and_documents,14,15,0.933
283,Марковский вестник,Markivka,2025-03-21,elections_and_administration,1,15,0.067
283,Марковский вестник,Markivka,2025-03-21,reconstruction_and_integration,11,15,0.733
283,Марковский вестник,Markivka,2025-03-21,ukraine_as_enemy,10,15,0.667
283,Марковский вестник,Markivka,2025-03-21,children_and_militarization,6,15,0.4
283,Марковский вестник,Markivka,2025-03-21,leadership_and_loyalty,112,15,7.467
284,Марковский вестник,Markivka,2025-03-28,recruitment_and_contract_service,12,15,0.8
284,Марковский вестник,Markivka,2025-03-28,passportization_and_documents,9,15,0.6
284,Марковский вестник,Markivka,2025-03-28,elections_and_administration,5,15,0.333
284,Марковский вестник,Markivka,2025-03-28,reconstruction_and_integration,15,15,1.0
284,Марковский вестник,Markivka,2025-03-28,ukraine_as_enemy,7,15,0.467
284,Марковский вестник,Markivka,2025-03-28,children_and_militarization,2,15,0.133
284,Марковский вестник,Markivka,2025-03-28,leadership_and_loyalty,96,15,6.4
285,Марковский вестник,Markivka,2025-02-21,recruitment_and_contract_service,4,15,0.267
285,Марковский вестник,Markivka,2025-02-21,passportization_and_documents,6,15,0.4
285,Марковский вестник,Markivka,2025-02-21,elections_and_administration,3,15,0.2
285,Марковский вестник,Markivka,2025-02-21,reconstruction_and_integration,9,15,0.6
285,Марковский вестник,Markivka,2025-02-21,ukraine_as_enemy,9,15,0.6
285,Марковский вестник,Markivka,2025-02-21,children_and_militarization,5,15,0.333
285,Марковский вестник,Markivka,2025-02-21,leadership_and_loyalty,118,15,7.867
286,Марковский вестник,Markivka,2025-02-28,recruitment_and_contract_service,5,15,0.333
286,Марковский вестник,Markivka,2025-02-28,passportization_and_documents,13,15,0.867
286,Марковский вестник,Markivka,2025-02-28,elections_and_administration,2,15,0.133
286,Марковский вестник,Markivka,2025-02-28,reconstruction_and_integration,1,15,0.067
286,Марковский вестник,Markivka,2025-02-28,ukraine_as_enemy,6,15,0.4
286,Марковский вестник,Markivka,2025-02-28,children_and_militarization,16,15,1.067
286,Марковский вестник,Markivka,2025-02-28,leadership_and_loyalty,105,15,7.0
287,Марковский вестник,Markivka,2025-03-07,recruitment_and_contract_service,1,15,0.067
287,Марковский вестник,Markivka,2025-03-07,passportization_and_documents,9,15,0.6
287,Марковский вестник,Markivka,2025-03-07,elections_and_administration,2,15,0.133
287,Марковский вестник,Markivka,2025-03-07,reconstruction_and_integration,11,15,0.733
287,Марковский вестник,Markivka,2025-03-07,ukraine_as_enemy,1,15,0.067
287,Марковский вестник,Markivka,2025-03-07,children_and_militarization,3,15,0.2
287,Марковский вестник,Markivka,2025-03-07,leadership_and_loyalty,88,15,5.867
288,Марковский вестник,Markivka,2025-03-14,recruitment_and_contract_service,7,15,0.467
288,Марковский вестник,Markivka,2025-03-14,passportization_and_documents,16,15,1.067
288,Марковский вестник,Markivka,2025-03-14,elections_and_administration,3,15,0.2
288,Марковский вестник,Markivka,2025-03-14,reconstruction_and_integration,5,15,0.333
288,Марковский вестник,Markivka,2025-03-14,ukraine_as_enemy,1,15,0.067
288,Марковский вестник,Markivka,2025-03-14,children_and_militarization,7,15,0.467
288,Марковский вестник,Markivka,2025-03-14,leadership_and_loyalty,99,15,6.6
289,Марковский вестник,Markivka,2025-01-17,recruitment_and_contract_service,2,15,0.133
289,Марковский вестник,Markivka,2025-01-17,passportization_and_documents,34,15,2.267
289,Марковский вестник,Markivka,2025-01-17,elections_and_administration,1,15,0.067
289,Марковский вестник,Markivka,2025-01-17,reconstruction_and_integration,5,15,0.333
289,Марковский вестник,Markivka,2025-01-17,ukraine_as_enemy,0,15,0.0
289,Марковский вестник,Markivka,2025-01-17,children_and_militarization,10,15,0.667
289,Марковский вестник,Markivka,2025-01-17,leadership_and_loyalty,78,15,5.2
290,Марковский вестник,Markivka,2025-04-04,recruitment_and_contract_service,1,15,0.067
290,Марковский вестник,Markivka,2025-04-04,passportization_and_documents,13,15,0.867
290,Марковский вестник,Markivka,2025-04-04,elections_and_administration,6,15,0.4
290,Марковский вестник,Markivka,2025-04-04,reconstruction_and_integration,5,15,0.333
290,Марковский вестник,Markivka,2025-04-04,ukraine_as_enemy,1,15,0.067
290,Марковский вестник,Markivka,2025-04-04,children_and_militarization,9,15,0.6
290,Марковский вестник,Markivka,2025-04-04,leadership_and_loyalty,103,15,6.867
291,Марковский вестник,Markivka,2025-04-25,recruitment_and_contract_service,3,15,0.2
291,Марковский вестник,Markivka,2025-04-25,passportization_and_documents,18,15,1.2
291,Марковский вестник,Markivka,2025-04-25,elections_and_administration,13,15,0.867
291,Марковский вестник,Markivka,2025-04-25,reconstruction_and_integration,5,15,0.333
291,Марковский вестник,Markivka,2025-04-25,ukraine_as_enemy,5,15,0.333
291,Марковский вестник,Markivka,2025-04-25,children_and_militarization,5,15,0.333
291,Марковский вестник,Markivka,2025-04-25,leadership_and_loyalty,96,15,6.4
292,Марковский вестник,Markivka,2025-01-24,recruitment_and_contract_service,2,15,0.133
292,Марковский вестник,Markivka,2025-01-24,passportization_and_documents,13,15,0.867
292,Марковский вестник,Markivka,2025-01-24,elections_and_administration,2,15,0.133
292,Марковский вестник,Markivka,2025-01-24,reconstruction_and_integration,17,15,1.133
292,Марковский вестник,Markivka,2025-01-24,ukraine_as_enemy,2,15,0.133
292,Марковский вестник,Markivka,2025-01-24,children_and_militarization,12,15,0.8
292,Марковский вестник,Markivka,2025-01-24,leadership_and_loyalty,87,15,5.8
293,Марковский вестник,Markivka,2025-06-13,recruitment_and_contract_service,1,15,0.067
293,Марковский вестник,Markivka,2025-06-13,passportization_and_documents,25,15,1.667
293,Марковский вестник,Markivka,2025-06-13,elections_and_administration,0,15,0.0
293,Марковский вестник,Markivka,2025-06-13,reconstruction_and_integration,13,15,0.867
293,Марковский вестник,Markivka,2025-06-13,ukraine_as_enemy,0,15,0.0
293,Марковский вестник,Markivka,2025-06-13,children_and_militarization,1,15,0.067
293,Марковский вестник,Markivka,2025-06-13,leadership_and_loyalty,96,15,6.4
294,Марковский вестник,Markivka,2025-07-04,recruitment_and_contract_service,1,15,0.067
294,Марковский вестник,Markivka,2025-07-04,passportization_and_documents,19,15,1.267
294,Марковский вестник,Markivka,2025-07-04,elections_and_administration,6,15,0.4
294,Марковский вестник,Markivka,2025-07-04,reconstruction_and_integration,9,15,0.6
294,Марковский вестник,Markivka,2025-07-04,ukraine_as_enemy,8,15,0.533
294,Марковский вестник,Markivka,2025-07-04,children_and_militarization,0,15,0.0
294,Марковский вестник,Markivka,2025-07-04,leadership_and_loyalty,89,15,5.933
295,Марковский вестник,Markivka,2025-07-25,recruitment_and_contract_service,1,15,0.067
295,Марковский вестник,Markivka,2025-07-25,passportization_and_documents,6,15,0.4
295,Марковский вестник,Markivka,2025-07-25,elections_and_administration,1,15,0.067
295,Марковский вестник,Markivka,2025-07-25,reconstruction_and_integration,3,15,0.2
295,Марковский вестник,Markivka,2025-07-25,ukraine_as_enemy,0,15,0.0
295,Марковский вестник,Markivka,2025-07-25,children_and_militarization,7,15,0.467
295,Марковский вестник,Markivka,2025-07-25,leadership_and_loyalty,76,15,5.067
296,Марковский вестник,Markivka,2025-01-31,recruitment_and_contract_service,8,15,0.533
296,Марковский вестник,Markivka,2025-01-31,passportization_and_documents,8,15,0.533
296,Марковский вестник,Markivka,2025-01-31,elections_and_administration,20,15,1.333
296,Марковский вестник,Markivka,2025-01-31,reconstruction_and_integration,2,15,0.133
296,Марковский вестник,Markivka,2025-01-31,ukraine_as_enemy,1,15,0.067
296,Марковский вестник,Markivka,2025-01-31,children_and_militarization,8,15,0.533
296,Марковский вестник,Markivka,2025-01-31,leadership_and_loyalty,69,15,4.6
297,Марковский вестник,Markivka,2025-08-08,recruitment_and_contract_service,3,15,0.2
297,Марковский вестник,Markivka,2025-08-08,passportization_and_documents,16,15,1.067
297,Марковский вестник,Markivka,2025-08-08,elections_and_administration,1,15,0.067
297,Марковский вестник,Markivka,2025-08-08,reconstruction_and_integration,9,15,0.6
297,Марковский вестник,Markivka,2025-08-08,ukraine_as_enemy,0,15,0.0
297,Марковский вестник,Markivka,2025-08-08,children_and_militarization,11,15,0.733
297,Марковский вестник,Markivka,2025-08-08,leadership_and_loyalty,72,15,4.8
298,Марковский вестник,Markivka,2024-08-23,recruitment_and_contract_service,7,15,0.467
298,Марковский вестник,Markivka,2024-08-23,passportization_and_documents,34,15,2.267
298,Марковский вестник,Markivka,2024-08-23,elections_and_administration,3,15,0.2
298,Марковский вестник,Markivka,2024-08-23,reconstruction_and_integration,7,15,0.467
298,Марковский вестник,Markivka,2024-08-23,ukraine_as_enemy,0,15,0.0
298,Марковский вестник,Markivka,2024-08-23,children_and_militarization,3,15,0.2
298,Марковский вестник,Markivka,2024-08-23,leadership_and_loyalty,62,15,4.133
299,Марковский вестник,Markivka,2024-08-30,recruitment_and_contract_service,33,15,2.2
299,Марковский вестник,Markivka,2024-08-30,passportization_and_documents,13,15,0.867
299,Марковский вестник,Markivka,2024-08-30,elections_and_administration,0,15,0.0
299,Марковский вестник,Markivka,2024-08-30,reconstruction_and_integration,6,15,0.4
299,Марковский вестник,Markivka,2024-08-30,ukraine_as_enemy,0,15,0.0
299,Марковский вестник,Markivka,2024-08-30,children_and_militarization,6,15,0.4
299,Марковский вестник,Markivka,2024-08-30,leadership_and_loyalty,63,15,4.2
300,Марковский вестник,Markivka,2025-09-12,recruitment_and_contract_service,2,15,0.133
300,Марковский вестник,Markivka,2025-09-12,passportization_and_documents,11,15,0.733
300,Марковский вестник,Markivka,2025-09-12,elections_and_administration,2,15,0.133
300,Марковский вестник,Markivka,2025-09-12,reconstruction_and_integration,7,15,0.467
300,Марковский вестник,Markivka,2025-09-12,ukraine_as_enemy,2,15,0.133
300,Марковский вестник,Markivka,2025-09-12,children_and_militarization,6,15,0.4
300,Марковский вестник,Markivka,2025-09-12,leadership_and_loyalty,82,15,5.467
301,Марковский вестник,Markivka,2024-09-06,recruitment_and_contract_service,9,16,0.562
301,Марковский вестник,Markivka,2024-09-06,passportization_and_documents,38,16,2.375
301,Марковский вестник,Markivka,2024-09-06,elections_and_administration,17,16,1.062
301,Марковский вестник,Markivka,2024-09-06,reconstruction_and_integration,95,16,5.938
301,Марковский вестник,Markivka,2024-09-06,ukraine_as_enemy,0,16,0.0
301,Марковский вестник,Markivka,2024-09-06,children_and_militarization,11,16,0.688
301,Марковский вестник,Markivka,2024-09-06,leadership_and_loyalty,84,16,5.25
302,Марковский вестник,Markivka,2025-09-19,recruitment_and_contract_service,4,15,0.267
302,Марковский вестник,Markivka,2025-09-19,passportization_and_documents,21,15,1.4
302,Марковский вестник,Markivka,2025-09-19,elections_and_administration,1,15,0.067
302,Марковский вестник,Markivka,2025-09-19,reconstruction_and_integration,17,15,1.133
302,Марковский вестник,Markivka,2025-09-19,ukraine_as_enemy,1,15,0.067
302,Марковский вестник,Markivka,2025-09-19,children_and_militarization,12,15,0.8
302,Марковский вестник,Markivka,2025-09-19,leadership_and_loyalty,49,15,3.267
303,Марковский вестник,Markivka,2024-09-13,recruitment_and_contract_service,5,15,0.333
303,Марковский вестник,Markivka,2024-09-13,passportization_and_documents,22,15,1.467
303,Марковский вестник,Markivka,2024-09-13,elections_and_administration,13,15,0.867
303,Марковский вестник,Markivka,2024-09-13,reconstruction_and_integration,19,15,1.267
303,Марковский вестник,Markivka,2024-09-13,ukraine_as_enemy,0,15,0.0
303,Марковский вестник,Markivka,2024-09-13,children_and_militarization,2,15,0.133
303,Марковский вестник,Markivka,2024-09-13,leadership_and_loyalty,77,15,5.133
304,Марковский вестник,Markivka,2024-09-20,recruitment_and_contract_service,0,15,0.0
304,Марковский вестник,Markivka,2024-09-20,passportization_and_documents,20,15,1.333
304,Марковский вестник,Markivka,2024-09-20,elections_and_administration,3,15,0.2
304,Марковский вестник,Markivka,2024-09-20,reconstruction_and_integration,3,15,0.2
304,Марковский вестник,Markivka,2024-09-20,ukraine_as_enemy,1,15,0.067
304,Марковский вестник,Markivka,2024-09-20,children_and_militarization,6,15,0.4
304,Марковский вестник,Markivka,2024-09-20,leadership_and_loyalty,53,15,3.533
305,Марковский вестник,Markivka,2025-10-03,recruitment_and_contract_service,2,15,0.133
305,Марковский вестник,Markivka,2025-10-03,passportization_and_documents,14,15,0.933
305,Марковский вестник,Markivka,2025-10-03,elections_and_administration,3,15,0.2
305,Марковский вестник,Markivka,2025-10-03,reconstruction_and_integration,25,15,1.667
305,Марковский вестник,Markivka,2025-10-03,ukraine_as_enemy,2,15,0.133
305,Марковский вестник,Markivka,2025-10-03,children_and_militarization,10,15,0.667
305,Марковский вестник,Markivka,2025-10-03,leadership_and_loyalty,82,15,5.467
306,Марковский вестник,Markivka,2024-09-27,recruitment_and_contract_service,17,15,1.133
306,Марковский вестник,Markivka,2024-09-27,passportization_and_documents,36,15,2.4
306,Марковский вестник,Markivka,2024-09-27,elections_and_administration,4,15,0.267
306,Марковский вестник,Markivka,2024-09-27,reconstruction_and_integration,13,15,0.867
306,Марковский вестник,Markivka,2024-09-27,ukraine_as_enemy,1,15,0.067
306,Марковский вестник,Markivka,2024-09-27,children_and_militarization,8,15,0.533
306,Марковский вестник,Markivka,2024-09-27,leadership_and_loyalty,71,15,4.733
307,Марковский вестник,Markivka,2024-10-04,recruitment_and_contract_service,1,15,0.067
307,Марковский вестник,Markivka,2024-10-04,passportization_and_documents,32,15,2.133
307,Марковский вестник,Markivka,2024-10-04,elections_and_administration,13,15,0.867
307,Марковский вестник,Markivka,2024-10-04,reconstruction_and_integration,18,15,1.2
307,Марковский вестник,Markivka,2024-10-04,ukraine_as_enemy,0,15,0.0
307,Марковский вестник,Markivka,2024-10-04,children_and_militarization,4,15,0.267
307,Марковский вестник,Markivka,2024-10-04,leadership_and_loyalty,60,15,4.0
308,Марковский вестник,Markivka,2025-02-07,recruitment_and_contract_service,7,15,0.467
308,Марковский вестник,Markivka,2025-02-07,passportization_and_documents,26,15,1.733
308,Марковский вестник,Markivka,2025-02-07,elections_and_administration,0,15,0.0
308,Марковский вестник,Markivka,2025-02-07,reconstruction_and_integration,5,15,0.333
308,Марковский вестник,Markivka,2025-02-07,ukraine_as_enemy,4,15,0.267
308,Марковский вестник,Markivka,2025-02-07,children_and_militarization,4,15,0.267
308,Марковский вестник,Markivka,2025-02-07,leadership_and_loyalty,100,15,6.667
309,Марковский вестник,Markivka,2024-10-11,recruitment_and_contract_service,0,15,0.0
309,Марковский вестник,Markivka,2024-10-11,passportization_and_documents,31,15,2.067
309,Марковский вестник,Markivka,2024-10-11,elections_and_administration,26,15,1.733
309,Марковский вестник,Markivka,2024-10-11,reconstruction_and_integration,11,15,0.733
309,Марковский вестник,Markivka,2024-10-11,ukraine_as_enemy,3,15,0.2
309,Марковский вестник,Markivka,2024-10-11,children_and_militarization,5,15,0.333
309,Марковский вестник,Markivka,2024-10-11,leadership_and_loyalty,69,15,4.6
310,Марковский вестник,Markivka,2024-10-18,recruitment_and_contract_service,1,15,0.067
310,Марковский вестник,Markivka,2024-10-18,passportization_and_documents,27,15,1.8
310,Марковский вестник,Markivka,2024-10-18,elections_and_administration,47,15,3.133
310,Марковский вестник,Markivka,2024-10-18,reconstruction_and_integration,16,15,1.067
310,Марковский вестник,Markivka,2024-10-18,ukraine_as_enemy,0,15,0.0
310,Марковский вестник,Markivka,2024-10-18,children_and_militarization,5,15,0.333
310,Марковский вестник,Markivka,2024-10-18,leadership_and_loyalty,95,15,6.333
311,Марковский вестник,Markivka,2025-10-31,recruitment_and_contract_service,8,15,0.533
311,Марковский вестник,Markivka,2025-10-31,passportization_and_documents,11,15,0.733
311,Марковский вестник,Markivka,2025-10-31,elections_and_administration,2,15,0.133
311,Марковский вестник,Markivka,2025-10-31,reconstruction_and_integration,7,15,0.467
311,Марковский вестник,Markivka,2025-10-31,ukraine_as_enemy,0,15,0.0
311,Марковский вестник,Markivka,2025-10-31,children_and_militarization,10,15,0.667
311,Марковский вестник,Markivka,2025-10-31,leadership_and_loyalty,71,15,4.733
312,Марковский вестник,Markivka,2024-10-25,recruitment_and_contract_service,2,15,0.133
312,Марковский вестник,Markivka,2024-10-25,passportization_and_documents,44,15,2.933
312,Марковский вестник,Markivka,2024-10-25,elections_and_administration,4,15,0.267
312,Марковский вестник,Markivka,2024-10-25,reconstruction_and_integration,10,15,0.667
312,Марковский вестник,Markivka,2024-10-25,ukraine_as_enemy,1,15,0.067
312,Марковский вестник,Markivka,2024-10-25,children_and_militarization,7,15,0.467
312,Марковский вестник,Markivka,2024-10-25,leadership_and_loyalty,49,15,3.267
313,Марковский вестник,Markivka,2024-11-01,recruitment_and_contract_service,0,15,0.0
313,Марковский вестник,Markivka,2024-11-01,passportization_and_documents,30,15,2.0
313,Марковский вестник,Markivka,2024-11-01,elections_and_administration,5,15,0.333
313,Марковский вестник,Markivka,2024-11-01,reconstruction_and_integration,18,15,1.2
313,Марковский вестник,Markivka,2024-11-01,ukraine_as_enemy,0,15,0.0
313,Марковский вестник,Markivka,2024-11-01,children_and_militarization,4,15,0.267
313,Марковский вестник,Markivka,2024-11-01,leadership_and_loyalty,66,15,4.4
314,Марковский вестник,Markivka,2024-11-08,recruitment_and_contract_service,1,15,0.067
314,Марковский вестник,Markivka,2024-11-08,passportization_and_documents,31,15,2.067
314,Марковский вестник,Markivka,2024-11-08,elections_and_administration,2,15,0.133
314,Марковский вестник,Markivka,2024-11-08,reconstruction_and_integration,18,15,1.2
314,Марковский вестник,Markivka,2024-11-08,ukraine_as_enemy,0,15,0.0
314,Марковский вестник,Markivka,2024-11-08,children_and_militarization,10,15,0.667
314,Марковский вестник,Markivka,2024-11-08,leadership_and_loyalty,78,15,5.2
315,Марковский вестник,Markivka,2024-11-22,recruitment_and_contract_service,1,15,0.067
315,Марковский вестник,Markivka,2024-11-22,passportization_and_documents,27,15,1.8
315,Марковский вестник,Markivka,2024-11-22,elections_and_administration,4,15,0.267
315,Марковский вестник,Markivka,2024-11-22,reconstruction_and_integration,3,15,0.2
315,Марковский вестник,Markivka,2024-11-22,ukraine_as_enemy,0,15,0.0
315,Марковский вестник,Markivka,2024-11-22,children_and_militarization,7,15,0.467
315,Марковский вестник,Markivka,2024-11-22,leadership_and_loyalty,58,15,3.867
316,Марковский вестник,Markivka,2024-11-29,recruitment_and_contract_service,3,15,0.2
316,Марковский вестник,Markivka,2024-11-29,passportization_and_documents,33,15,2.2
316,Марковский вестник,Markivka,2024-11-29,elections_and_administration,6,15,0.4
316,Марковский вестник,Markivka,2024-11-29,reconstruction_and_integration,7,15,0.467
316,Марковский вестник,Markivka,2024-11-29,ukraine_as_enemy,1,15,0.067
316,Марковский вестник,Markivka,2024-11-29,children_and_militarization,7,15,0.467
316,Марковский вестник,Markivka,2024-11-29,leadership_and_loyalty,65,15,4.333
317,Марковский вестник,Markivka,2024-12-06,recruitment_and_contract_service,6,15,0.4
317,Марковский вестник,Markivka,2024-12-06,passportization_and_documents,5,15,0.333
317,Марковский вестник,Markivka,2024-12-06,elections_and_administration,3,15,0.2
317,Марковский вестник,Markivka,2024-12-06,reconstruction_and_integration,25,15,1.667
317,Марковский вестник,Markivka,2024-12-06,ukraine_as_enemy,0,15,0.0
317,Марковский вестник,Markivka,2024-12-06,children_and_militarization,10,15,0.667
317,Марковский вестник,Markivka,2024-12-06,leadership_and_loyalty,59,15,3.933
318,Марковский вестник,Markivka,2024-12-13,recruitment_and_contract_service,6,15,0.4
318,Марковский вестник,Markivka,2024-12-13,passportization_and_documents,37,15,2.467
318,Марковский вестник,Markivka,2024-12-13,elections_and_administration,4,15,0.267
318,Марковский вестник,Markivka,2024-12-13,reconstruction_and_integration,13,15,0.867
318,Марковский вестник,Markivka,2024-12-13,ukraine_as_enemy,4,15,0.267
318,Марковский вестник,Markivka,2024-12-13,children_and_militarization,11,15,0.733
318,Марковский вестник,Markivka,2024-12-13,leadership_and_loyalty,66,15,4.4
319,Марковский вестник,Markivka,2025-02-14,recruitment_and_contract_service,2,15,0.133
319,Марковский вестник,Markivka,2025-02-14,passportization_and_documents,11,15,0.733
319,Марковский вестник,Markivka,2025-02-14,elections_and_administration,6,15,0.4
319,Марковский вестник,Markivka,2025-02-14,reconstruction_and_integration,2,15,0.133
319,Марковский вестник,Markivka,2025-02-14,ukraine_as_enemy,1,15,0.067
319,Марковский вестник,Markivka,2025-02-14,children_and_militarization,10,15,0.667
319,Марковский вестник,Markivka,2025-02-14,leadership_and_loyalty,108,15,7.2
320,Марковский вестник,Markivka,2024-12-20,recruitment_and_contract_service,4,15,0.267
320,Марковский вестник,Markivka,2024-12-20,passportization_and_documents,36,15,2.4
320,Марковский вестник,Markivka,2024-12-20,elections_and_administration,1,15,0.067
320,Марковский вестник,Markivka,2024-12-20,reconstruction_and_integration,14,15,0.933
320,Марковский вестник,Markivka,2024-12-20,ukraine_as_enemy,4,15,0.267
320,Марковский вестник,Markivka,2024-12-20,children_and_militarization,1,15,0.067
320,Марковский вестник,Markivka,2024-12-20,leadership_and_loyalty,124,15,8.267
321,Марковский вестник,Markivka,2024-12-27,recruitment_and_contract_service,6,15,0.4
321,Марковский вестник,Markivka,2024-12-27,passportization_and_documents,3,15,0.2
321,Марковский вестник,Markivka,2024-12-27,elections_and_administration,2,15,0.133
321,Марковский вестник,Markivka,2024-12-27,reconstruction_and_integration,9,15,0.6
321,Марковский вестник,Markivka,2024-12-27,ukraine_as_enemy,3,15,0.2
321,Марковский вестник,Markivka,2024-12-27,children_and_militarization,6,15,0.4
321,Марковский вестник,Markivka,2024-12-27,leadership_and_loyalty,99,15,6.6
322,Меловской вестник,Milove,2025-01-17,recruitment_and_contract_service,6,15,0.4
322,Меловской вестник,Milove,2025-01-17,passportization_and_documents,65,15,4.333
322,Меловской вестник,Milove,2025-01-17,elections_and_administration,2,15,0.133
322,Меловской вестник,Milove,2025-01-17,reconstruction_and_integration,158,15,10.533
322,Меловской вестник,Milove,2025-01-17,ukraine_as_enemy,0,15,0.0
322,Меловской вестник,Milove,2025-01-17,children_and_militarization,3,15,0.2
322,Меловской вестник,Milove,2025-01-17,leadership_and_loyalty,86,15,5.733
323,Меловской вестник,Milove,2025-03-21,recruitment_and_contract_service,3,15,0.2
323,Меловской вестник,Milove,2025-03-21,passportization_and_documents,29,15,1.933
323,Меловской вестник,Milove,2025-03-21,elections_and_administration,285,15,19.0
323,Меловской вестник,Milove,2025-03-21,reconstruction_and_integration,10,15,0.667
323,Меловской вестник,Milove,2025-03-21,ukraine_as_enemy,7,15,0.467
323,Меловской вестник,Milove,2025-03-21,children_and_militarization,9,15,0.6
323,Меловской вестник,Milove,2025-03-21,leadership_and_loyalty,124,15,8.267
324,Меловской вестник,Milove,2025-03-28,recruitment_and_contract_service,7,15,0.467
324,Меловской вестник,Milove,2025-03-28,passportization_and_documents,49,15,3.267
324,Меловской вестник,Milove,2025-03-28,elections_and_administration,1,15,0.067
324,Меловской вестник,Milove,2025-03-28,reconstruction_and_integration,17,15,1.133
324,Меловской вестник,Milove,2025-03-28,ukraine_as_enemy,5,15,0.333
324,Меловской вестник,Milove,2025-03-28,children_and_militarization,4,15,0.267
324,Меловской вестник,Milove,2025-03-28,leadership_and_loyalty,84,15,5.6
325,Меловской вестник,Milove,2025-04-04,recruitment_and_contract_service,12,15,0.8
325,Меловской вестник,Milove,2025-04-04,passportization_and_documents,64,15,4.267
325,Меловской вестник,Milove,2025-04-04,elections_and_administration,39,15,2.6
325,Меловской вестник,Milove,2025-04-04,reconstruction_and_integration,2,15,0.133
325,Меловской вестник,Milove,2025-04-04,ukraine_as_enemy,1,15,0.067
325,Меловской вестник,Milove,2025-04-04,children_and_militarization,3,15,0.2
325,Меловской вестник,Milove,2025-04-04,leadership_and_loyalty,96,15,6.4
326,Меловской вестник,Milove,2025-01-24,recruitment_and_contract_service,2,15,0.133
326,Меловской вестник,Milove,2025-01-24,passportization_and_documents,18,15,1.2
326,Меловской вестник,Milove,2025-01-24,elections_and_administration,3,15,0.2
326,Меловской вестник,Milove,2025-01-24,reconstruction_and_integration,12,15,0.8
326,Меловской вестник,Milove,2025-01-24,ukraine_as_enemy,3,15,0.2
326,Меловской вестник,Milove,2025-01-24,children_and_militarization,8,15,0.533
326,Меловской вестник,Milove,2025-01-24,leadership_and_loyalty,92,15,6.133
327,Меловской вестник,Milove,2025-01-31,recruitment_and_contract_service,4,15,0.267
327,Меловской вестник,Milove,2025-01-31,passportization_and_documents,17,15,1.133
327,Меловской вестник,Milove,2025-01-31,elections_and_administration,3,15,0.2
327,Меловской вестник,Milove,2025-01-31,reconstruction_and_integration,2,15,0.133
327,Меловской вестник,Milove,2025-01-31,ukraine_as_enemy,3,15,0.2
327,Меловской вестник,Milove,2025-01-31,children_and_militarization,5,15,0.333
327,Меловской вестник,Milove,2025-01-31,leadership_and_loyalty,64,15,4.267
328,Меловской вестник,Milove,2025-09-19,recruitment_and_contract_service,3,15,0.2
328,Меловской вестник,Milove,2025-09-19,passportization_and_documents,29,15,1.933
328,Меловской вестник,Milove,2025-09-19,elections_and_administration,5,15,0.333
328,Меловской вестник,Milove,2025-09-19,reconstruction_and_integration,15,15,1.0
328,Меловской вестник,Milove,2025-09-19,ukraine_as_enemy,2,15,0.133
328,Меловской вестник,Milove,2025-09-19,children_and_militarization,14,15,0.933
328,Меловской вестник,Milove,2025-09-19,leadership_and_loyalty,50,15,3.333
329,Меловской вестник,Milove,2025-02-07,recruitment_and_contract_service,8,15,0.533
329,Меловской вестник,Milove,2025-02-07,passportization_and_documents,6,15,0.4
329,Меловской вестник,Milove,2025-02-07,elections_and_administration,85,15,5.667
329,Меловской вестник,Milove,2025-02-07,reconstruction_and_integration,9,15,0.6
329,Меловской вестник,Milove,2025-02-07,ukraine_as_enemy,3,15,0.2
329,Меловской вестник,Milove,2025-02-07,children_and_militarization,5,15,0.333
329,Меловской вестник,Milove,2025-02-07,leadership_and_loyalty,93,15,6.2
330,Меловской вестник,Milove,2025-10-24,recruitment_and_contract_service,4,15,0.267
330,Меловской вестник,Milove,2025-10-24,passportization_and_documents,12,15,0.8
330,Меловской вестник,Milove,2025-10-24,elections_and_administration,3,15,0.2
330,Меловской вестник,Milove,2025-10-24,reconstruction_and_integration,16,15,1.067
330,Меловской вестник,Milove,2025-10-24,ukraine_as_enemy,0,15,0.0
330,Меловской вестник,Milove,2025-10-24,children_and_militarization,7,15,0.467
330,Меловской вестник,Milove,2025-10-24,leadership_and_loyalty,89,15,5.933
331,Меловской вестник,Milove,2025-11-28,recruitment_and_contract_service,2,15,0.133
331,Меловской вестник,Milove,2025-11-28,passportization_and_documents,14,15,0.933
331,Меловской вестник,Milove,2025-11-28,elections_and_administration,0,15,0.0
331,Меловской вестник,Milove,2025-11-28,reconstruction_and_integration,2,15,0.133
331,Меловской вестник,Milove,2025-11-28,ukraine_as_enemy,2,15,0.133
331,Меловской вестник,Milove,2025-11-28,children_and_militarization,9,15,0.6
331,Меловской вестник,Milove,2025-11-28,leadership_and_loyalty,85,15,5.667
332,Меловской вестник,Milove,2025-02-14,recruitment_and_contract_service,2,15,0.133
332,Меловской вестник,Milove,2025-02-14,passportization_and_documents,81,15,5.4
332,Меловской вестник,Milove,2025-02-14,elections_and_administration,3,15,0.2
332,Меловской вестник,Milove,2025-02-14,reconstruction_and_integration,1,15,0.067
332,Меловской вестник,Milove,2025-02-14,ukraine_as_enemy,3,15,0.2
332,Меловской вестник,Milove,2025-02-14,children_and_militarization,12,15,0.8
332,Меловской вестник,Milove,2025-02-14,leadership_and_loyalty,91,15,6.067
333,Меловской вестник,Milove,2025-02-21,recruitment_and_contract_service,3,15,0.2
333,Меловской вестник,Milove,2025-02-21,passportization_and_documents,8,15,0.533
333,Меловской вестник,Milove,2025-02-21,elections_and_administration,5,15,0.333
333,Меловской вестник,Milove,2025-02-21,reconstruction_and_integration,11,15,0.733
333,Меловской вестник,Milove,2025-02-21,ukraine_as_enemy,8,15,0.533
333,Меловской вестник,Milove,2025-02-21,children_and_militarization,4,15,0.267
333,Меловской вестник,Milove,2025-02-21,leadership_and_loyalty,84,15,5.6
334,Меловской вестник,Milove,2025-02-28,recruitment_and_contract_service,5,15,0.333
334,Меловской вестник,Milove,2025-02-28,passportization_and_documents,5,15,0.333
334,Меловской вестник,Milove,2025-02-28,elections_and_administration,6,15,0.4
334,Меловской вестник,Milove,2025-02-28,reconstruction_and_integration,4,15,0.267
334,Меловской вестник,Milove,2025-02-28,ukraine_as_enemy,6,15,0.4
334,Меловской вестник,Milove,2025-02-28,children_and_militarization,7,15,0.467
334,Меловской вестник,Milove,2025-02-28,leadership_and_loyalty,103,15,6.867
335,Меловской вестник,Milove,2025-03-07,recruitment_and_contract_service,2,15,0.133
335,Меловской вестник,Milove,2025-03-07,passportization_and_documents,18,15,1.2
335,Меловской вестник,Milove,2025-03-07,elections_and_administration,12,15,0.8
335,Меловской вестник,Milove,2025-03-07,reconstruction_and_integration,5,15,0.333
335,Меловской вестник,Milove,2025-03-07,ukraine_as_enemy,1,15,0.067
335,Меловской вестник,Milove,2025-03-07,children_and_militarization,5,15,0.333
335,Меловской вестник,Milove,2025-03-07,leadership_and_loyalty,89,15,5.933
336,Меловской вестник,Milove,2025-03-14,recruitment_and_contract_service,6,15,0.4
336,Меловской вестник,Milove,2025-03-14,passportization_and_documents,8,15,0.533
336,Меловской вестник,Milove,2025-03-14,elections_and_administration,4,15,0.267
336,Меловской вестник,Milove,2025-03-14,reconstruction_and_integration,5,15,0.333
336,Меловской вестник,Milove,2025-03-14,ukraine_as_enemy,0,15,0.0
336,Меловской вестник,Milove,2025-03-14,children_and_militarization,3,15,0.2
336,Меловской вестник,Milove,2025-03-14,leadership_and_loyalty,103,15,6.867
337,Меловской вестник,Milove,2024-08-23,recruitment_and_contract_service,6,15,0.4
337,Меловской вестник,Milove,2024-08-23,passportization_and_documents,28,15,1.867
337,Меловской вестник,Milove,2024-08-23,elections_and_administration,10,15,0.667
337,Меловской вестник,Milove,2024-08-23,reconstruction_and_integration,13,15,0.867
337,Меловской вестник,Milove,2024-08-23,ukraine_as_enemy,0,15,0.0
337,Меловской вестник,Milove,2024-08-23,children_and_militarization,8,15,0.533
337,Меловской вестник,Milove,2024-08-23,leadership_and_loyalty,67,15,4.467
338,Меловской вестник,Milove,2024-08-30,recruitment_and_contract_service,22,16,1.375
338,Меловской вестник,Milove,2024-08-30,passportization_and_documents,27,16,1.688
338,Меловской вестник,Milove,2024-08-30,elections_and_administration,71,16,4.438
338,Меловской вестник,Milove,2024-08-30,reconstruction_and_integration,22,16,1.375
338,Меловской вестник,Milove,2024-08-30,ukraine_as_enemy,1,16,0.062
338,Меловской вестник,Milove,2024-08-30,children_and_militarization,5,16,0.312
338,Меловской вестник,Milove,2024-08-30,leadership_and_loyalty,94,16,5.875
339,Меловской вестник,Milove,2024-09-06,recruitment_and_contract_service,17,15,1.133
339,Меловской вестник,Milove,2024-09-06,passportization_and_documents,51,15,3.4
339,Меловской вестник,Milove,2024-09-06,elections_and_administration,1,15,0.067
339,Меловской вестник,Milove,2024-09-06,reconstruction_and_integration,15,15,1.0
339,Меловской вестник,Milove,2024-09-06,ukraine_as_enemy,0,15,0.0
339,Меловской вестник,Milove,2024-09-06,children_and_militarization,4,15,0.267
339,Меловской вестник,Milove,2024-09-06,leadership_and_loyalty,60,15,4.0
340,Меловской вестник,Milove,2024-09-13,recruitment_and_contract_service,10,15,0.667
340,Меловской вестник,Milove,2024-09-13,passportization_and_documents,44,15,2.933
340,Меловской вестник,Milove,2024-09-13,elections_and_administration,5,15,0.333
340,Меловской вестник,Milove,2024-09-13,reconstruction_and_integration,11,15,0.733
340,Меловской вестник,Milove,2024-09-13,ukraine_as_enemy,0,15,0.0
340,Меловской вестник,Milove,2024-09-13,children_and_militarization,1,15,0.067
340,Меловской вестник,Milove,2024-09-13,leadership_and_loyalty,57,15,3.8
341,Меловской вестник,Milove,2024-09-20,recruitment_and_contract_service,19,15,1.267
341,Меловской вестник,Milove,2024-09-20,passportization_and_documents,23,15,1.533
341,Меловской вестник,Milove,2024-09-20,elections_and_administration,18,15,1.2
341,Меловской вестник,Milove,2024-09-20,reconstruction_and_integration,13,15,0.867
341,Меловской вестник,Milove,2024-09-20,ukraine_as_enemy,3,15,0.2
341,Меловской вестник,Milove,2024-09-20,children_and_militarization,11,15,0.733
341,Меловской вестник,Milove,2024-09-20,leadership_and_loyalty,74,15,4.933
342,Меловской вестник,Milove,2024-09-27,recruitment_and_contract_service,0,15,0.0
342,Меловской вестник,Milove,2024-09-27,passportization_and_documents,8,15,0.533
342,Меловской вестник,Milove,2024-09-27,elections_and_administration,29,15,1.933
342,Меловской вестник,Milove,2024-09-27,reconstruction_and_integration,13,15,0.867
342,Меловской вестник,Milove,2024-09-27,ukraine_as_enemy,1,15,0.067
342,Меловской вестник,Milove,2024-09-27,children_and_militarization,9,15,0.6
342,Меловской вестник,Milove,2024-09-27,leadership_and_loyalty,56,15,3.733
343,Меловской вестник,Milove,2024-10-04,recruitment_and_contract_service,0,15,0.0
343,Меловской вестник,Milove,2024-10-04,passportization_and_documents,11,15,0.733
343,Меловской вестник,Milove,2024-10-04,elections_and_administration,2,15,0.133
343,Меловской вестник,Milove,2024-10-04,reconstruction_and_integration,16,15,1.067
343,Меловской вестник,Milove,2024-10-04,ukraine_as_enemy,1,15,0.067
343,Меловской вестник,Milove,2024-10-04,children_and_militarization,7,15,0.467
343,Меловской вестник,Milove,2024-10-04,leadership_and_loyalty,70,15,4.667
344,Меловской вестник,Milove,2024-10-11,recruitment_and_contract_service,0,15,0.0
344,Меловской вестник,Milove,2024-10-11,passportization_and_documents,9,15,0.6
344,Меловской вестник,Milove,2024-10-11,elections_and_administration,2,15,0.133
344,Меловской вестник,Milove,2024-10-11,reconstruction_and_integration,4,15,0.267
344,Меловской вестник,Milove,2024-10-11,ukraine_as_enemy,1,15,0.067
344,Меловской вестник,Milove,2024-10-11,children_and_militarization,4,15,0.267
344,Меловской вестник,Milove,2024-10-11,leadership_and_loyalty,76,15,5.067
345,Меловской вестник,Milove,2024-10-18,recruitment_and_contract_service,3,15,0.2
345,Меловской вестник,Milove,2024-10-18,passportization_and_documents,38,15,2.533
345,Меловской вестник,Milove,2024-10-18,elections_and_administration,13,15,0.867
345,Меловской вестник,Milove,2024-10-18,reconstruction_and_integration,54,15,3.6
345,Меловской вестник,Milove,2024-10-18,ukraine_as_enemy,0,15,0.0
345,Меловской вестник,Milove,2024-10-18,children_and_militarization,9,15,0.6
345,Меловской вестник,Milove,2024-10-18,leadership_and_loyalty,90,15,6.0
346,Меловской вестник,Milove,2024-10-25,recruitment_and_contract_service,2,15,0.133
346,Меловской вестник,Milove,2024-10-25,passportization_and_documents,61,15,4.067
346,Меловской вестник,Milove,2024-10-25,elections_and_administration,1,15,0.067
346,Меловской вестник,Milove,2024-10-25,reconstruction_and_integration,121,15,8.067
346,Меловской вестник,Milove,2024-10-25,ukraine_as_enemy,1,15,0.067
346,Меловской вестник,Milove,2024-10-25,children_and_militarization,3,15,0.2
346,Меловской вестник,Milove,2024-10-25,leadership_and_loyalty,59,15,3.933
347,Меловской вестник,Milove,2024-11-01,recruitment_and_contract_service,10,15,0.667
347,Меловской вестник,Milove,2024-11-01,passportization_and_documents,17,15,1.133
347,Меловской вестник,Milove,2024-11-01,elections_and_administration,7,15,0.467
347,Меловской вестник,Milove,2024-11-01,reconstruction_and_integration,12,15,0.8
347,Меловской вестник,Milove,2024-11-01,ukraine_as_enemy,0,15,0.0
347,Меловской вестник,Milove,2024-11-01,children_and_militarization,4,15,0.267
347,Меловской вестник,Milove,2024-11-01,leadership_and_loyalty,90,15,6.0
348,Меловской вестник,Milove,2024-11-08,recruitment_and_contract_service,0,15,0.0
348,Меловской вестник,Milove,2024-11-08,passportization_and_documents,36,15,2.4
348,Меловской вестник,Milove,2024-11-08,elections_and_administration,0,15,0.0
348,Меловской вестник,Milove,2024-11-08,reconstruction_and_integration,25,15,1.667
348,Меловской вестник,Milove,2024-11-08,ukraine_as_enemy,0,15,0.0
348,Меловской вестник,Milove,2024-11-08,children_and_militarization,4,15,0.267
348,Меловской вестник,Milove,2024-11-08,leadership_and_loyalty,75,15,5.0
349,Меловской вестник,Milove,2024-11-15,recruitment_and_contract_service,3,15,0.2
349,Меловской вестник,Milove,2024-11-15,passportization_and_documents,91,15,6.067
349,Меловской вестник,Milove,2024-11-15,elections_and_administration,2,15,0.133
349,Меловской вестник,Milove,2024-11-15,reconstruction_and_integration,17,15,1.133
349,Меловской вестник,Milove,2024-11-15,ukraine_as_enemy,0,15,0.0
349,Меловской вестник,Milove,2024-11-15,children_and_militarization,10,15,0.667
349,Меловской вестник,Milove,2024-11-15,leadership_and_loyalty,73,15,4.867
350,Меловской вестник,Milove,2024-11-22,recruitment_and_contract_service,6,15,0.4
350,Меловской вестник,Milove,2024-11-22,passportization_and_documents,18,15,1.2
350,Меловской вестник,Milove,2024-11-22,elections_and_administration,31,15,2.067
350,Меловской вестник,Milove,2024-11-22,reconstruction_and_integration,12,15,0.8
350,Меловской вестник,Milove,2024-11-22,ukraine_as_enemy,0,15,0.0
350,Меловской вестник,Milove,2024-11-22,children_and_militarization,8,15,0.533
350,Меловской вестник,Milove,2024-11-22,leadership_and_loyalty,84,15,5.6
351,Меловской вестник,Milove,2024-11-29,recruitment_and_contract_service,34,15,2.267
351,Меловской вестник,Milove,2024-11-29,passportization_and_documents,12,15,0.8
351,Меловской вестник,Milove,2024-11-29,elections_and_administration,1,15,0.067
351,Меловской вестник,Milove,2024-11-29,reconstruction_and_integration,67,15,4.467
351,Меловской вестник,Milove,2024-11-29,ukraine_as_enemy,1,15,0.067
351,Меловской вестник,Milove,2024-11-29,children_and_militarization,3,15,0.2
351,Меловской вестник,Milove,2024-11-29,leadership_and_loyalty,64,15,4.267
352,Меловской вестник,Milove,2024-12-06,recruitment_and_contract_service,3,15,0.2
352,Меловской вестник,Milove,2024-12-06,passportization_and_documents,18,15,1.2
352,Меловской вестник,Milove,2024-12-06,elections_and_administration,0,15,0.0
352,Меловской вестник,Milove,2024-12-06,reconstruction_and_integration,24,15,1.6
352,Меловской вестник,Milove,2024-12-06,ukraine_as_enemy,0,15,0.0
352,Меловской вестник,Milove,2024-12-06,children_and_militarization,4,15,0.267
352,Меловской вестник,Milove,2024-12-06,leadership_and_loyalty,46,15,3.067
353,Меловской вестник,Milove,2024-12-13,recruitment_and_contract_service,11,15,0.733
353,Меловской вестник,Milove,2024-12-13,passportization_and_documents,22,15,1.467
353,Меловской вестник,Milove,2024-12-13,elections_and_administration,15,15,1.0
353,Меловской вестник,Milove,2024-12-13,reconstruction_and_integration,19,15,1.267
353,Меловской вестник,Milove,2024-12-13,ukraine_as_enemy,4,15,0.267
353,Меловской вестник,Milove,2024-12-13,children_and_militarization,9,15,0.6
353,Меловской вестник,Milove,2024-12-13,leadership_and_loyalty,64,15,4.267
354,Меловской вестник,Milove,2024-12-20,recruitment_and_contract_service,6,15,0.4
354,Меловской вестник,Milove,2024-12-20,passportization_and_documents,9,15,0.6
354,Меловской вестник,Milove,2024-12-20,elections_and_administration,15,15,1.0
354,Меловской вестник,Milove,2024-12-20,reconstruction_and_integration,12,15,0.8
354,Меловской вестник,Milove,2024-12-20,ukraine_as_enemy,3,15,0.2
354,Меловской вестник,Milove,2024-12-20,children_and_militarization,5,15,0.333
354,Меловской вестник,Milove,2024-12-20,leadership_and_loyalty,106,15,7.067
355,Меловской вестник,Milove,2024-12-27,recruitment_and_contract_service,4,15,0.267
355,Меловской вестник,Milove,2024-12-27,passportization_and_documents,43,15,2.867
355,Меловской вестник,Milove,2024-12-27,elections_and_administration,22,15,1.467
355,Меловской вестник,Milove,2024-12-27,reconstruction_and_integration,20,15,1.333
355,Меловской вестник,Milove,2024-12-27,ukraine_as_enemy,4,15,0.267
355,Меловской вестник,Milove,2024-12-27,children_and_militarization,4,15,0.267
355,Меловской вестник,Milove,2024-12-27,leadership_and_loyalty,118,15,7.867
356,Наш Первомайск,Pervomaisk,2024-08-22,recruitment_and_contract_service,6,15,0.4
356,Наш Первомайск,Pervomaisk,2024-08-22,passportization_and_documents,63,15,4.2
356,Наш Первомайск,Pervomaisk,2024-08-22,elections_and_administration,3,15,0.2
356,Наш Первомайск,Pervomaisk,2024-08-22,reconstruction_and_integration,34,15,2.267
356,Наш Первомайск,Pervomaisk,2024-08-22,ukraine_as_enemy,1,15,0.067
356,Наш Первомайск,Pervomaisk,2024-08-22,children_and_militarization,8,15,0.533
356,Наш Первомайск,Pervomaisk,2024-08-22,leadership_and_loyalty,52,15,3.467
357,Наш Первомайск,Pervomaisk,2024-08-29,recruitment_and_contract_service,20,15,1.333
357,Наш Первомайск,Pervomaisk,2024-08-29,passportization_and_documents,37,15,2.467
357,Наш Первомайск,Pervomaisk,2024-08-29,elections_and_administration,7,15,0.467
357,Наш Первомайск,Pervomaisk,2024-08-29,reconstruction_and_integration,19,15,1.267
357,Наш Первомайск,Pervomaisk,2024-08-29,ukraine_as_enemy,4,15,0.267
357,Наш Первомайск,Pervomaisk,2024-08-29,children_and_militarization,11,15,0.733
357,Наш Первомайск,Pervomaisk,2024-08-29,leadership_and_loyalty,71,15,4.733
358,Наш Первомайск,Pervomaisk,2024-09-05,recruitment_and_contract_service,6,15,0.4
358,Наш Первомайск,Pervomaisk,2024-09-05,passportization_and_documents,45,15,3.0
358,Наш Первомайск,Pervomaisk,2024-09-05,elections_and_administration,6,15,0.4
358,Наш Первомайск,Pervomaisk,2024-09-05,reconstruction_and_integration,20,15,1.333
358,Наш Первомайск,Pervomaisk,2024-09-05,ukraine_as_enemy,0,15,0.0
358,Наш Первомайск,Pervomaisk,2024-09-05,children_and_militarization,13,15,0.867
358,Наш Первомайск,Pervomaisk,2024-09-05,leadership_and_loyalty,55,15,3.667
359,Наш Первомайск,Pervomaisk,2024-09-12,recruitment_and_contract_service,4,15,0.267
359,Наш Первомайск,Pervomaisk,2024-09-12,passportization_and_documents,73,15,4.867
359,Наш Первомайск,Pervomaisk,2024-09-12,elections_and_administration,1,15,0.067
359,Наш Первомайск,Pervomaisk,2024-09-12,reconstruction_and_integration,16,15,1.067
359,Наш Первомайск,Pervomaisk,2024-09-12,ukraine_as_enemy,0,15,0.0
359,Наш Первомайск,Pervomaisk,2024-09-12,children_and_militarization,9,15,0.6
359,Наш Первомайск,Pervomaisk,2024-09-12,leadership_and_loyalty,55,15,3.667
360,Наш Первомайск,Pervomaisk,2024-09-19,recruitment_and_contract_service,2,15,0.133
360,Наш Первомайск,Pervomaisk,2024-09-19,passportization_and_documents,11,15,0.733
360,Наш Первомайск,Pervomaisk,2024-09-19,elections_and_administration,3,15,0.2
360,Наш Первомайск,Pervomaisk,2024-09-19,reconstruction_and_integration,21,15,1.4
360,Наш Первомайск,Pervomaisk,2024-09-19,ukraine_as_enemy,4,15,0.267
360,Наш Первомайск,Pervomaisk,2024-09-19,children_and_militarization,5,15,0.333
360,Наш Первомайск,Pervomaisk,2024-09-19,leadership_and_loyalty,47,15,3.133
361,Наш Первомайск,Pervomaisk,2024-09-26,recruitment_and_contract_service,1,15,0.067
361,Наш Первомайск,Pervomaisk,2024-09-26,passportization_and_documents,30,15,2.0
361,Наш Первомайск,Pervomaisk,2024-09-26,elections_and_administration,3,15,0.2
361,Наш Первомайск,Pervomaisk,2024-09-26,reconstruction_and_integration,24,15,1.6
361,Наш Первомайск,Pervomaisk,2024-09-26,ukraine_as_enemy,1,15,0.067
361,Наш Первомайск,Pervomaisk,2024-09-26,children_and_militarization,5,15,0.333
361,Наш Первомайск,Pervomaisk,2024-09-26,leadership_and_loyalty,59,15,3.933
362,Наш Первомайск,Pervomaisk,2024-10-03,recruitment_and_contract_service,0,15,0.0
362,Наш Первомайск,Pervomaisk,2024-10-03,passportization_and_documents,16,15,1.067
362,Наш Первомайск,Pervomaisk,2024-10-03,elections_and_administration,6,15,0.4
362,Наш Первомайск,Pervomaisk,2024-10-03,reconstruction_and_integration,12,15,0.8
362,Наш Первомайск,Pervomaisk,2024-10-03,ukraine_as_enemy,4,15,0.267
362,Наш Первомайск,Pervomaisk,2024-10-03,children_and_militarization,10,15,0.667
362,Наш Первомайск,Pervomaisk,2024-10-03,leadership_and_loyalty,70,15,4.667
363,Наш Первомайск,Pervomaisk,2024-10-10,recruitment_and_contract_service,0,15,0.0
363,Наш Первомайск,Pervomaisk,2024-10-10,passportization_and_documents,20,15,1.333
363,Наш Первомайск,Pervomaisk,2024-10-10,elections_and_administration,6,15,0.4
363,Наш Первомайск,Pervomaisk,2024-10-10,reconstruction_and_integration,13,15,0.867
363,Наш Первомайск,Pervomaisk,2024-10-10,ukraine_as_enemy,3,15,0.2
363,Наш Первомайск,Pervomaisk,2024-10-10,children_and_militarization,6,15,0.4
363,Наш Первомайск,Pervomaisk,2024-10-10,leadership_and_loyalty,64,15,4.267
364,Наш Первомайск,Pervomaisk,2024-10-17,recruitment_and_contract_service,0,15,0.0
364,Наш Первомайск,Pervomaisk,2024-10-17,passportization_and_documents,21,15,1.4
364,Наш Первомайск,Pervomaisk,2024-10-17,elections_and_administration,0,15,0.0
364,Наш Первомайск,Pervomaisk,2024-10-17,reconstruction_and_integration,11,15,0.733
364,Наш Первомайск,Pervomaisk,2024-10-17,ukraine_as_enemy,3,15,0.2
364,Наш Первомайск,Pervomaisk,2024-10-17,children_and_militarization,5,15,0.333
364,Наш Первомайск,Pervomaisk,2024-10-17,leadership_and_loyalty,57,15,3.8
365,Наш Первомайск,Pervomaisk,2024-10-24,recruitment_and_contract_service,3,15,0.2
365,Наш Первомайск,Pervomaisk,2024-10-24,passportization_and_documents,13,15,0.867
365,Наш Первомайск,Pervomaisk,2024-10-24,elections_and_administration,3,15,0.2
365,Наш Первомайск,Pervomaisk,2024-10-24,reconstruction_and_integration,21,15,1.4
365,Наш Первомайск,Pervomaisk,2024-10-24,ukraine_as_enemy,1,15,0.067
365,Наш Первомайск,Pervomaisk,2024-10-24,children_and_militarization,6,15,0.4
365,Наш Первомайск,Pervomaisk,2024-10-24,leadership_and_loyalty,45,15,3.0
366,Наш Первомайск,Pervomaisk,2024-10-31,recruitment_and_contract_service,0,15,0.0
366,Наш Первомайск,Pervomaisk,2024-10-31,passportization_and_documents,30,15,2.0
366,Наш Первомайск,Pervomaisk,2024-10-31,elections_and_administration,8,15,0.533
366,Наш Первомайск,Pervomaisk,2024-10-31,reconstruction_and_integration,26,15,1.733
366,Наш Первомайск,Pervomaisk,2024-10-31,ukraine_as_enemy,0,15,0.0
366,Наш Первомайск,Pervomaisk,2024-10-31,children_and_militarization,3,15,0.2
366,Наш Первомайск,Pervomaisk,2024-10-31,leadership_and_loyalty,79,15,5.267
367,Наш Первомайск,Pervomaisk,2024-11-07,recruitment_and_contract_service,2,15,0.133
367,Наш Первомайск,Pervomaisk,2024-11-07,passportization_and_documents,38,15,2.533
367,Наш Первомайск,Pervomaisk,2024-11-07,elections_and_administration,2,15,0.133
367,Наш Первомайск,Pervomaisk,2024-11-07,reconstruction_and_integration,85,15,5.667
367,Наш Первомайск,Pervomaisk,2024-11-07,ukraine_as_enemy,1,15,0.067
367,Наш Первомайск,Pervomaisk,2024-11-07,children_and_militarization,5,15,0.333
367,Наш Первомайск,Pervomaisk,2024-11-07,leadership_and_loyalty,110,15,7.333
368,Наш Первомайск,Pervomaisk,2025-01-16,recruitment_and_contract_service,3,15,0.2
368,Наш Первомайск,Pervomaisk,2025-01-16,passportization_and_documents,121,15,8.067
368,Наш Первомайск,Pervomaisk,2025-01-16,elections_and_administration,4,15,0.267
368,Наш Первомайск,Pervomaisk,2025-01-16,reconstruction_and_integration,6,15,0.4
368,Наш Первомайск,Pervomaisk,2025-01-16,ukraine_as_enemy,0,15,0.0
368,Наш Первомайск,Pervomaisk,2025-01-16,children_and_militarization,4,15,0.267
368,Наш Первомайск,Pervomaisk,2025-01-16,leadership_and_loyalty,114,15,7.6
369,Наш Первомайск,Pervomaisk,2025-01-23,recruitment_and_contract_service,2,15,0.133
369,Наш Первомайск,Pervomaisk,2025-01-23,passportization_and_documents,22,15,1.467
369,Наш Первомайск,Pervomaisk,2025-01-23,elections_and_administration,1,15,0.067
369,Наш Первомайск,Pervomaisk,2025-01-23,reconstruction_and_integration,27,15,1.8
369,Наш Первомайск,Pervomaisk,2025-01-23,ukraine_as_enemy,6,15,0.4
369,Наш Первомайск,Pervomaisk,2025-01-23,children_and_militarization,4,15,0.267
369,Наш Первомайск,Pervomaisk,2025-01-23,leadership_and_loyalty,73,15,4.867
370,Наш Первомайск,Pervomaisk,2025-01-30,recruitment_and_contract_service,2,15,0.133
370,Наш Первомайск,Pervomaisk,2025-01-30,passportization_and_documents,10,15,0.667
370,Наш Первомайск,Pervomaisk,2025-01-30,elections_and_administration,5,15,0.333
370,Наш Первомайск,Pervomaisk,2025-01-30,reconstruction_and_integration,14,15,0.933
370,Наш Первомайск,Pervomaisk,2025-01-30,ukraine_as_enemy,1,15,0.067
370,Наш Первомайск,Pervomaisk,2025-01-30,children_and_militarization,7,15,0.467
370,Наш Первомайск,Pervomaisk,2025-01-30,leadership_and_loyalty,63,15,4.2
371,Наш Первомайск,Pervomaisk,2025-02-06,recruitment_and_contract_service,4,15,0.267
371,Наш Первомайск,Pervomaisk,2025-02-06,passportization_and_documents,10,15,0.667
371,Наш Первомайск,Pervomaisk,2025-02-06,elections_and_administration,5,15,0.333
371,Наш Первомайск,Pervomaisk,2025-02-06,reconstruction_and_integration,19,15,1.267
371,Наш Первомайск,Pervomaisk,2025-02-06,ukraine_as_enemy,3,15,0.2
371,Наш Первомайск,Pervomaisk,2025-02-06,children_and_militarization,6,15,0.4
371,Наш Первомайск,Pervomaisk,2025-02-06,leadership_and_loyalty,101,15,6.733
372,Наш Первомайск,Pervomaisk,2025-02-13,recruitment_and_contract_service,6,15,0.4
372,Наш Первомайск,Pervomaisk,2025-02-13,passportization_and_documents,8,15,0.533
372,Наш Первомайск,Pervomaisk,2025-02-13,elections_and_administration,4,15,0.267
372,Наш Первомайск,Pervomaisk,2025-02-13,reconstruction_and_integration,11,15,0.733
372,Наш Первомайск,Pervomaisk,2025-02-13,ukraine_as_enemy,2,15,0.133
372,Наш Первомайск,Pervomaisk,2025-02-13,children_and_militarization,4,15,0.267
372,Наш Первомайск,Pervomaisk,2025-02-13,leadership_and_loyalty,87,15,5.8
373,Наш Первомайск,Pervomaisk,2025-02-20,recruitment_and_contract_service,4,15,0.267
373,Наш Первомайск,Pervomaisk,2025-02-20,passportization_and_documents,9,15,0.6
373,Наш Первомайск,Pervomaisk,2025-02-20,elections_and_administration,72,15,4.8
373,Наш Первомайск,Pervomaisk,2025-02-20,reconstruction_and_integration,13,15,0.867
373,Наш Первомайск,Pervomaisk,2025-02-20,ukraine_as_enemy,12,15,0.8
373,Наш Первомайск,Pervomaisk,2025-02-20,children_and_militarization,3,15,0.2
373,Наш Первомайск,Pervomaisk,2025-02-20,leadership_and_loyalty,99,15,6.6
374,Наш Первомайск,Pervomaisk,2025-02-27,recruitment_and_contract_service,6,15,0.4
374,Наш Первомайск,Pervomaisk,2025-02-27,passportization_and_documents,12,15,0.8
374,Наш Первомайск,Pervomaisk,2025-02-27,elections_and_administration,5,15,0.333
374,Наш Первомайск,Pervomaisk,2025-02-27,reconstruction_and_integration,13,15,0.867
374,Наш Первомайск,Pervomaisk,2025-02-27,ukraine_as_enemy,6,15,0.4
374,Наш Первомайск,Pervomaisk,2025-02-27,children_and_militarization,7,15,0.467
374,Наш Первомайск,Pervomaisk,2025-02-27,leadership_and_loyalty,92,15,6.133
375,Наш Первомайск,Pervomaisk,2025-03-06,recruitment_and_contract_service,1,15,0.067
375,Наш Первомайск,Pervomaisk,2025-03-06,passportization_and_documents,21,15,1.4
375,Наш Первомайск,Pervomaisk,2025-03-06,elections_and_administration,4,15,0.267
375,Наш Первомайск,Pervomaisk,2025-03-06,reconstruction_and_integration,12,15,0.8
375,Наш Первомайск,Pervomaisk,2025-03-06,ukraine_as_enemy,2,15,0.133
375,Наш Первомайск,Pervomaisk,2025-03-06,children_and_militarization,3,15,0.2
375,Наш Первомайск,Pervomaisk,2025-03-06,leadership_and_loyalty,83,15,5.533
376,Наш Первомайск,Pervomaisk,2025-03-13,recruitment_and_contract_service,7,15,0.467
376,Наш Первомайск,Pervomaisk,2025-03-13,passportization_and_documents,11,15,0.733
376,Наш Первомайск,Pervomaisk,2025-03-13,elections_and_administration,6,15,0.4
376,Наш Первомайск,Pervomaisk,2025-03-13,reconstruction_and_integration,15,15,1.0
376,Наш Первомайск,Pervomaisk,2025-03-13,ukraine_as_enemy,3,15,0.2
376,Наш Первомайск,Pervomaisk,2025-03-13,children_and_militarization,5,15,0.333
376,Наш Первомайск,Pervomaisk,2025-03-13,leadership_and_loyalty,95,15,6.333
377,Наш Первомайск,Pervomaisk,2025-03-20,recruitment_and_contract_service,5,15,0.333
377,Наш Первомайск,Pervomaisk,2025-03-20,passportization_and_documents,8,15,0.533
377,Наш Первомайск,Pervomaisk,2025-03-20,elections_and_administration,4,15,0.267
377,Наш Первомайск,Pervomaisk,2025-03-20,reconstruction_and_integration,21,15,1.4
377,Наш Первомайск,Pervomaisk,2025-03-20,ukraine_as_enemy,16,15,1.067
377,Наш Первомайск,Pervomaisk,2025-03-20,children_and_militarization,2,15,0.133
377,Наш Первомайск,Pervomaisk,2025-03-20,leadership_and_loyalty,106,15,7.067
378,Наш Первомайск,Pervomaisk,2025-03-27,recruitment_and_contract_service,1,16,0.062
378,Наш Первомайск,Pervomaisk,2025-03-27,passportization_and_documents,13,16,0.812
378,Наш Первомайск,Pervomaisk,2025-03-27,elections_and_administration,40,16,2.5
378,Наш Первомайск,Pervomaisk,2025-03-27,reconstruction_and_integration,24,16,1.5
378,Наш Первомайск,Pervomaisk,2025-03-27,ukraine_as_enemy,6,16,0.375
378,Наш Первомайск,Pervomaisk,2025-03-27,children_and_militarization,12,16,0.75
378,Наш Первомайск,Pervomaisk,2025-03-27,leadership_and_loyalty,128,16,8.0
379,Наш Первомайск,Pervomaisk,2025-04-03,recruitment_and_contract_service,1,15,0.067
379,Наш Первомайск,Pervomaisk,2025-04-03,passportization_and_documents,114,15,7.6
379,Наш Первомайск,Pervomaisk,2025-04-03,elections_and_administration,1,15,0.067
379,Наш Первомайск,Pervomaisk,2025-04-03,reconstruction_and_integration,13,15,0.867
379,Наш Первомайск,Pervomaisk,2025-04-03,ukraine_as_enemy,1,15,0.067
379,Наш Первомайск,Pervomaisk,2025-04-03,children_and_militarization,4,15,0.267
379,Наш Первомайск,Pervomaisk,2025-04-03,leadership_and_loyalty,130,15,8.667
380,Наш Первомайск,Pervomaisk,2025-05-01,recruitment_and_contract_service,1,15,0.067
380,Наш Первомайск,Pervomaisk,2025-05-01,passportization_and_documents,28,15,1.867
380,Наш Первомайск,Pervomaisk,2025-05-01,elections_and_administration,10,15,0.667
380,Наш Первомайск,Pervomaisk,2025-05-01,reconstruction_and_integration,18,15,1.2
380,Наш Первомайск,Pervomaisk,2025-05-01,ukraine_as_enemy,10,15,0.667
380,Наш Первомайск,Pervomaisk,2025-05-01,children_and_militarization,3,15,0.2
380,Наш Первомайск,Pervomaisk,2025-05-01,leadership_and_loyalty,78,15,5.2
381,Наш Первомайск,Pervomaisk,2025-05-08,recruitment_and_contract_service,3,15,0.2
381,Наш Первомайск,Pervomaisk,2025-05-08,passportization_and_documents,12,15,0.8
381,Наш Первомайск,Pervomaisk,2025-05-08,elections_and_administration,4,15,0.267
381,Наш Первомайск,Pervomaisk,2025-05-08,reconstruction_and_integration,26,15,1.733
381,Наш Первомайск,Pervomaisk,2025-05-08,ukraine_as_enemy,3,15,0.2
381,Наш Первомайск,Pervomaisk,2025-05-08,children_and_militarization,9,15,0.6
381,Наш Первомайск,Pervomaisk,2025-05-08,leadership_and_loyalty,100,15,6.667
382,Наш Первомайск,Pervomaisk,2025-05-22,recruitment_and_contract_service,4,15,0.267
382,Наш Первомайск,Pervomaisk,2025-05-22,passportization_and_documents,10,15,0.667
382,Наш Первомайск,Pervomaisk,2025-05-22,elections_and_administration,40,15,2.667
382,Наш Первомайск,Pervomaisk,2025-05-22,reconstruction_and_integration,18,15,1.2
382,Наш Первомайск,Pervomaisk,2025-05-22,ukraine_as_enemy,5,15,0.333
382,Наш Первомайск,Pervomaisk,2025-05-22,children_and_militarization,10,15,0.667
382,Наш Первомайск,Pervomaisk,2025-05-22,leadership_and_loyalty,92,15,6.133
383,Наш Первомайск,Pervomaisk,2025-06-26,recruitment_and_contract_service,3,15,0.2
383,Наш Первомайск,Pervomaisk,2025-06-26,passportization_and_documents,10,15,0.667
383,Наш Первомайск,Pervomaisk,2025-06-26,elections_and_administration,1,15,0.067
383,Наш Первомайск,Pervomaisk,2025-06-26,reconstruction_and_integration,16,15,1.067
383,Наш Первомайск,Pervomaisk,2025-06-26,ukraine_as_enemy,6,15,0.4
383,Наш Первомайск,Pervomaisk,2025-06-26,children_and_militarization,7,15,0.467
383,Наш Первомайск,Pervomaisk,2025-06-26,leadership_and_loyalty,93,15,6.2
384,Наш Первомайск,Pervomaisk,2025-07-03,recruitment_and_contract_service,1,15,0.067
384,Наш Первомайск,Pervomaisk,2025-07-03,passportization_and_documents,21,15,1.4
384,Наш Первомайск,Pervomaisk,2025-07-03,elections_and_administration,2,15,0.133
384,Наш Первомайск,Pervomaisk,2025-07-03,reconstruction_and_integration,17,15,1.133
384,Наш Первомайск,Pervomaisk,2025-07-03,ukraine_as_enemy,10,15,0.667
384,Наш Первомайск,Pervomaisk,2025-07-03,children_and_militarization,3,15,0.2
384,Наш Первомайск,Pervomaisk,2025-07-03,leadership_and_loyalty,70,15,4.667
385,Наш Первомайск,Pervomaisk,2025-08-07,recruitment_and_contract_service,4,15,0.267
385,Наш Первомайск,Pervomaisk,2025-08-07,passportization_and_documents,14,15,0.933
385,Наш Первомайск,Pervomaisk,2025-08-07,elections_and_administration,6,15,0.4
385,Наш Первомайск,Pervomaisk,2025-08-07,reconstruction_and_integration,23,15,1.533
385,Наш Первомайск,Pervomaisk,2025-08-07,ukraine_as_enemy,5,15,0.333
385,Наш Первомайск,Pervomaisk,2025-08-07,children_and_militarization,1,15,0.067
385,Наш Первомайск,Pervomaisk,2025-08-07,leadership_and_loyalty,57,15,3.8
386,Наш Первомайск,Pervomaisk,2025-08-04,recruitment_and_contract_service,4,15,0.267
386,Наш Первомайск,Pervomaisk,2025-08-04,passportization_and_documents,9,15,0.6
386,Наш Первомайск,Pervomaisk,2025-08-04,elections_and_administration,3,15,0.2
386,Наш Первомайск,Pervomaisk,2025-08-04,reconstruction_and_integration,27,15,1.8
386,Наш Первомайск,Pervomaisk,2025-08-04,ukraine_as_enemy,2,15,0.133
386,Наш Первомайск,Pervomaisk,2025-08-04,children_and_militarization,5,15,0.333
386,Наш Первомайск,Pervomaisk,2025-08-04,leadership_and_loyalty,61,15,4.067
387,Наш Первомайск,Pervomaisk,2025-09-04,recruitment_and_contract_service,5,15,0.333
387,Наш Первомайск,Pervomaisk,2025-09-04,passportization_and_documents,8,15,0.533
387,Наш Первомайск,Pervomaisk,2025-09-04,elections_and_administration,9,15,0.6
387,Наш Первомайск,Pervomaisk,2025-09-04,reconstruction_and_integration,23,15,1.533
387,Наш Первомайск,Pervomaisk,2025-09-04,ukraine_as_enemy,1,15,0.067
387,Наш Первомайск,Pervomaisk,2025-09-04,children_and_militarization,9,15,0.6
387,Наш Первомайск,Pervomaisk,2025-09-04,leadership_and_loyalty,73,15,4.867
388,Наш Первомайск,Pervomaisk,2024-11-14,recruitment_and_contract_service,12,15,0.8
388,Наш Первомайск,Pervomaisk,2024-11-14,passportization_and_documents,22,15,1.467
388,Наш Первомайск,Pervomaisk,2024-11-14,elections_and_administration,1,15,0.067
388,Наш Первомайск,Pervomaisk,2024-11-14,reconstruction_and_integration,13,15,0.867
388,Наш Первомайск,Pervomaisk,2024-11-14,ukraine_as_enemy,2,15,0.133
388,Наш Первомайск,Pervomaisk,2024-11-14,children_and_militarization,11,15,0.733
388,Наш Первомайск,Pervomaisk,2024-11-14,leadership_and_loyalty,75,15,5.0
389,Наш Первомайск,Pervomaisk,2024-11-21,recruitment_and_contract_service,13,15,0.867
389,Наш Первомайск,Pervomaisk,2024-11-21,passportization_and_documents,92,15,6.133
389,Наш Первомайск,Pervomaisk,2024-11-21,elections_and_administration,10,15,0.667
389,Наш Первомайск,Pervomaisk,2024-11-21,reconstruction_and_integration,12,15,0.8
389,Наш Первомайск,Pervomaisk,2024-11-21,ukraine_as_enemy,0,15,0.0
389,Наш Первомайск,Pervomaisk,2024-11-21,children_and_militarization,7,15,0.467
389,Наш Первомайск,Pervomaisk,2024-11-21,leadership_and_loyalty,69,15,4.6
390,Наш Первомайск,Pervomaisk,2024-11-28,recruitment_and_contract_service,29,15,1.933
390,Наш Первомайск,Pervomaisk,2024-11-28,passportization_and_documents,18,15,1.2
390,Наш Первомайск,Pervomaisk,2024-11-28,elections_and_administration,5,15,0.333
390,Наш Первомайск,Pervomaisk,2024-11-28,reconstruction_and_integration,14,15,0.933
390,Наш Первомайск,Pervomaisk,2024-11-28,ukraine_as_enemy,2,15,0.133
390,Наш Первомайск,Pervomaisk,2024-11-28,children_and_militarization,4,15,0.267
390,Наш Первомайск,Pervomaisk,2024-11-28,leadership_and_loyalty,74,15,4.933
391,Наш Первомайск,Pervomaisk,2024-12-05,recruitment_and_contract_service,3,15,0.2
391,Наш Первомайск,Pervomaisk,2024-12-05,passportization_and_documents,20,15,1.333
391,Наш Первомайск,Pervomaisk,2024-12-05,elections_and_administration,12,15,0.8
391,Наш Первомайск,Pervomaisk,2024-12-05,reconstruction_and_integration,28,15,1.867
391,Наш Первомайск,Pervomaisk,2024-12-05,ukraine_as_enemy,0,15,0.0
391,Наш Первомайск,Pervomaisk,2024-12-05,children_and_militarization,6,15,0.4
391,Наш Первомайск,Pervomaisk,2024-12-05,leadership_and_loyalty,60,15,4.0
392,Наш Первомайск,Pervomaisk,2024-12-12,recruitment_and_contract_service,2,15,0.133
392,Наш Первомайск,Pervomaisk,2024-12-12,passportization_and_documents,54,15,3.6
392,Наш Первомайск,Pervomaisk,2024-12-12,elections_and_administration,4,15,0.267
392,Наш Первомайск,Pervomaisk,2024-12-12,reconstruction_and_integration,19,15,1.267
392,Наш Первомайск,Pervomaisk,2024-12-12,ukraine_as_enemy,2,15,0.133
392,Наш Первомайск,Pervomaisk,2024-12-12,children_and_militarization,4,15,0.267
392,Наш Первомайск,Pervomaisk,2024-12-12,leadership_and_loyalty,56,15,3.733
393,Наш Первомайск,Pervomaisk,2024-12-19,recruitment_and_contract_service,3,15,0.2
393,Наш Первомайск,Pervomaisk,2024-12-19,passportization_and_documents,21,15,1.4
393,Наш Первомайск,Pervomaisk,2024-12-19,elections_and_administration,16,15,1.067
393,Наш Первомайск,Pervomaisk,2024-12-19,reconstruction_and_integration,3,15,0.2
393,Наш Первомайск,Pervomaisk,2024-12-19,ukraine_as_enemy,2,15,0.133
393,Наш Первомайск,Pervomaisk,2024-12-19,children_and_militarization,4,15,0.267
393,Наш Первомайск,Pervomaisk,2024-12-19,leadership_and_loyalty,65,15,4.333
394,Наш Первомайск,Pervomaisk,2024-12-26,recruitment_and_contract_service,2,15,0.133
394,Наш Первомайск,Pervomaisk,2024-12-26,passportization_and_documents,20,15,1.333
394,Наш Первомайск,Pervomaisk,2024-12-26,elections_and_administration,2,15,0.133
394,Наш Первомайск,Pervomaisk,2024-12-26,reconstruction_and_integration,25,15,1.667
394,Наш Первомайск,Pervomaisk,2024-12-26,ukraine_as_enemy,7,15,0.467
394,Наш Первомайск,Pervomaisk,2024-12-26,children_and_militarization,6,15,0.4
394,Наш Первомайск,Pervomaisk,2024-12-26,leadership_and_loyalty,170,15,11.333
395,Наша Народная Трибуна,Perevalsk,2025-03-20,recruitment_and_contract_service,4,15,0.267
395,Наша Народная Трибуна,Perevalsk,2025-03-20,passportization_and_documents,7,15,0.467
395,Наша Народная Трибуна,Perevalsk,2025-03-20,elections_and_administration,4,15,0.267
395,Наша Народная Трибуна,Perevalsk,2025-03-20,reconstruction_and_integration,33,15,2.2
395,Наша Народная Трибуна,Perevalsk,2025-03-20,ukraine_as_enemy,11,15,0.733
395,Наша Народная Трибуна,Perevalsk,2025-03-20,children_and_militarization,9,15,0.6
395,Наша Народная Трибуна,Perevalsk,2025-03-20,leadership_and_loyalty,117,15,7.8
396,Наша Народная Трибуна,Perevalsk,2025-03-27,recruitment_and_contract_service,2,15,0.133
396,Наша Народная Трибуна,Perevalsk,2025-03-27,passportization_and_documents,9,15,0.6
396,Наша Народная Трибуна,Perevalsk,2025-03-27,elections_and_administration,0,15,0.0
396,Наша Народная Трибуна,Perevalsk,2025-03-27,reconstruction_and_integration,21,15,1.4
396,Наша Народная Трибуна,Perevalsk,2025-03-27,ukraine_as_enemy,5,15,0.333
396,Наша Народная Трибуна,Perevalsk,2025-03-27,children_and_militarization,15,15,1.0
396,Наша Народная Трибуна,Perevalsk,2025-03-27,leadership_and_loyalty,109,15,7.267
397,Наша Народная Трибуна,Perevalsk,2025-04-03,recruitment_and_contract_service,1,15,0.067
397,Наша Народная Трибуна,Perevalsk,2025-04-03,passportization_and_documents,9,15,0.6
397,Наша Народная Трибуна,Perevalsk,2025-04-03,elections_and_administration,1,15,0.067
397,Наша Народная Трибуна,Perevalsk,2025-04-03,reconstruction_and_integration,30,15,2.0
397,Наша Народная Трибуна,Perevalsk,2025-04-03,ukraine_as_enemy,1,15,0.067
397,Наша Народная Трибуна,Perevalsk,2025-04-03,children_and_militarization,3,15,0.2
397,Наша Народная Трибуна,Perevalsk,2025-04-03,leadership_and_loyalty,130,15,8.667
398,Наша Народная Трибуна,Perevalsk,2025-01-23,recruitment_and_contract_service,0,15,0.0
398,Наша Народная Трибуна,Perevalsk,2025-01-23,passportization_and_documents,17,15,1.133
398,Наша Народная Трибуна,Perevalsk,2025-01-23,elections_and_administration,2,15,0.133
398,Наша Народная Трибуна,Perevalsk,2025-01-23,reconstruction_and_integration,14,15,0.933
398,Наша Народная Трибуна,Perevalsk,2025-01-23,ukraine_as_enemy,2,15,0.133
398,Наша Народная Трибуна,Perevalsk,2025-01-23,children_and_militarization,6,15,0.4
398,Наша Народная Трибуна,Perevalsk,2025-01-23,leadership_and_loyalty,79,15,5.267
399,Наша Народная Трибуна,Perevalsk,2025-01-30,recruitment_and_contract_service,6,15,0.4
399,Наша Народная Трибуна,Perevalsk,2025-01-30,passportization_and_documents,5,15,0.333
399,Наша Народная Трибуна,Perevalsk,2025-01-30,elections_and_administration,1,15,0.067
399,Наша Народная Трибуна,Perevalsk,2025-01-30,reconstruction_and_integration,7,15,0.467
399,Наша Народная Трибуна,Perevalsk,2025-01-30,ukraine_as_enemy,1,15,0.067
399,Наша Народная Трибуна,Perevalsk,2025-01-30,children_and_militarization,8,15,0.533
399,Наша Народная Трибуна,Perevalsk,2025-01-30,leadership_and_loyalty,79,15,5.267
400,Наша Народная Трибуна,Perevalsk,2025-02-06,recruitment_and_contract_service,13,15,0.867
400,Наша Народная Трибуна,Perevalsk,2025-02-06,passportization_and_documents,9,15,0.6
400,Наша Народная Трибуна,Perevalsk,2025-02-06,elections_and_administration,4,15,0.267
400,Наша Народная Трибуна,Perevalsk,2025-02-06,reconstruction_and_integration,9,15,0.6
400,Наша Народная Трибуна,Perevalsk,2025-02-06,ukraine_as_enemy,7,15,0.467
400,Наша Народная Трибуна,Perevalsk,2025-02-06,children_and_militarization,7,15,0.467
400,Наша Народная Трибуна,Perevalsk,2025-02-06,leadership_and_loyalty,103,15,6.867
401,Наша Народная Трибуна,Perevalsk,2025-02-13,recruitment_and_contract_service,4,15,0.267
401,Наша Народная Трибуна,Perevalsk,2025-02-13,passportization_and_documents,5,15,0.333
401,Наша Народная Трибуна,Perevalsk,2025-02-13,elections_and_administration,1,15,0.067
401,Наша Народная Трибуна,Perevalsk,2025-02-13,reconstruction_and_integration,17,15,1.133
401,Наша Народная Трибуна,Perevalsk,2025-02-13,ukraine_as_enemy,3,15,0.2
401,Наша Народная Трибуна,Perevalsk,2025-02-13,children_and_militarization,16,15,1.067
401,Наша Народная Трибуна,Perevalsk,2025-02-13,leadership_and_loyalty,107,15,7.133
402,Наша Народная Трибуна,Perevalsk,2025-02-20,recruitment_and_contract_service,2,15,0.133
402,Наша Народная Трибуна,Perevalsk,2025-02-20,passportization_and_documents,6,15,0.4
402,Наша Народная Трибуна,Perevalsk,2025-02-20,elections_and_administration,1,15,0.067
402,Наша Народная Трибуна,Perevalsk,2025-02-20,reconstruction_and_integration,15,15,1.0
402,Наша Народная Трибуна,Perevalsk,2025-02-20,ukraine_as_enemy,14,15,0.933
402,Наша Народная Трибуна,Perevalsk,2025-02-20,children_and_militarization,9,15,0.6
402,Наша Народная Трибуна,Perevalsk,2025-02-20,leadership_and_loyalty,99,15,6.6
403,Наша Народная Трибуна,Perevalsk,2025-02-27,recruitment_and_contract_service,5,15,0.333
403,Наша Народная Трибуна,Perevalsk,2025-02-27,passportization_and_documents,5,15,0.333
403,Наша Народная Трибуна,Perevalsk,2025-02-27,elections_and_administration,5,15,0.333
403,Наша Народная Трибуна,Perevalsk,2025-02-27,reconstruction_and_integration,9,15,0.6
403,Наша Народная Трибуна,Perevalsk,2025-02-27,ukraine_as_enemy,7,15,0.467
403,Наша Народная Трибуна,Perevalsk,2025-02-27,children_and_militarization,12,15,0.8
403,Наша Народная Трибуна,Perevalsk,2025-02-27,leadership_and_loyalty,124,15,8.267
404,Наша Народная Трибуна,Perevalsk,2025-03-06,recruitment_and_contract_service,2,15,0.133
404,Наша Народная Трибуна,Perevalsk,2025-03-06,passportization_and_documents,10,15,0.667
404,Наша Народная Трибуна,Perevalsk,2025-03-06,elections_and_administration,4,15,0.267
404,Наша Народная Трибуна,Perevalsk,2025-03-06,reconstruction_and_integration,22,15,1.467
404,Наша Народная Трибуна,Perevalsk,2025-03-06,ukraine_as_enemy,1,15,0.067
404,Наша Народная Трибуна,Perevalsk,2025-03-06,children_and_militarization,5,15,0.333
404,Наша Народная Трибуна,Perevalsk,2025-03-06,leadership_and_loyalty,92,15,6.133
405,Наша Народная Трибуна,Perevalsk,2025-03-13,recruitment_and_contract_service,7,15,0.467
405,Наша Народная Трибуна,Perevalsk,2025-03-13,passportization_and_documents,10,15,0.667
405,Наша Народная Трибуна,Perevalsk,2025-03-13,elections_and_administration,4,15,0.267
405,Наша Народная Трибуна,Perevalsk,2025-03-13,reconstruction_and_integration,15,15,1.0
405,Наша Народная Трибуна,Perevalsk,2025-03-13,ukraine_as_enemy,0,15,0.0
405,Наша Народная Трибуна,Perevalsk,2025-03-13,children_and_militarization,6,15,0.4
405,Наша Народная Трибуна,Perevalsk,2025-03-13,leadership_and_loyalty,98,15,6.533
406,Наша трудовая слава,Lutuhyne,2025-01-15,recruitment_and_contract_service,2,15,0.133
406,Наша трудовая слава,Lutuhyne,2025-01-15,passportization_and_documents,13,15,0.867
406,Наша трудовая слава,Lutuhyne,2025-01-15,elections_and_administration,13,15,0.867
406,Наша трудовая слава,Lutuhyne,2025-01-15,reconstruction_and_integration,15,15,1.0
406,Наша трудовая слава,Lutuhyne,2025-01-15,ukraine_as_enemy,0,15,0.0
406,Наша трудовая слава,Lutuhyne,2025-01-15,children_and_militarization,9,15,0.6
406,Наша трудовая слава,Lutuhyne,2025-01-15,leadership_and_loyalty,87,15,5.8
407,Наша трудовая слава,Lutuhyne,2024-10-25,recruitment_and_contract_service,0,15,0.0
407,Наша трудовая слава,Lutuhyne,2024-10-25,passportization_and_documents,11,15,0.733
407,Наша трудовая слава,Lutuhyne,2024-10-25,elections_and_administration,10,15,0.667
407,Наша трудовая слава,Lutuhyne,2024-10-25,reconstruction_and_integration,26,15,1.733
407,Наша трудовая слава,Lutuhyne,2024-10-25,ukraine_as_enemy,2,15,0.133
407,Наша трудовая слава,Lutuhyne,2024-10-25,children_and_militarization,9,15,0.6
407,Наша трудовая слава,Lutuhyne,2024-10-25,leadership_and_loyalty,124,15,8.267
408,Наша трудовая слава,Lutuhyne,2025-02-01,recruitment_and_contract_service,2,15,0.133
408,Наша трудовая слава,Lutuhyne,2025-02-01,passportization_and_documents,24,15,1.6
408,Наша трудовая слава,Lutuhyne,2025-02-01,elections_and_administration,5,15,0.333
408,Наша трудовая слава,Lutuhyne,2025-02-01,reconstruction_and_integration,11,15,0.733
408,Наша трудовая слава,Lutuhyne,2025-02-01,ukraine_as_enemy,1,15,0.067
408,Наша трудовая слава,Lutuhyne,2025-02-01,children_and_militarization,7,15,0.467
408,Наша трудовая слава,Lutuhyne,2025-02-01,leadership_and_loyalty,99,15,6.6
409,Наша трудовая слава,Lutuhyne,2024-08-22,recruitment_and_contract_service,10,15,0.667
409,Наша трудовая слава,Lutuhyne,2024-08-22,passportization_and_documents,6,15,0.4
409,Наша трудовая слава,Lutuhyne,2024-08-22,elections_and_administration,8,15,0.533
409,Наша трудовая слава,Lutuhyne,2024-08-22,reconstruction_and_integration,9,15,0.6
409,Наша трудовая слава,Lutuhyne,2024-08-22,ukraine_as_enemy,0,15,0.0
409,Наша трудовая слава,Lutuhyne,2024-08-22,children_and_militarization,9,15,0.6
409,Наша трудовая слава,Lutuhyne,2024-08-22,leadership_and_loyalty,67,15,4.467
410,Наша трудовая слава,Lutuhyne,2024-08-29,recruitment_and_contract_service,23,15,1.533
410,Наша трудовая слава,Lutuhyne,2024-08-29,passportization_and_documents,9,15,0.6
410,Наша трудовая слава,Lutuhyne,2024-08-29,elections_and_administration,6,15,0.4
410,Наша трудовая слава,Lutuhyne,2024-08-29,reconstruction_and_integration,8,15,0.533
410,Наша трудовая слава,Lutuhyne,2024-08-29,ukraine_as_enemy,0,15,0.0
410,Наша трудовая слава,Lutuhyne,2024-08-29,children_and_militarization,11,15,0.733
410,Наша трудовая слава,Lutuhyne,2024-08-29,leadership_and_loyalty,68,15,4.533
411,Наша трудовая слава,Lutuhyne,2024-06-28,recruitment_and_contract_service,8,15,0.533
411,Наша трудовая слава,Lutuhyne,2024-06-28,passportization_and_documents,15,15,1.0
411,Наша трудовая слава,Lutuhyne,2024-06-28,elections_and_administration,2,15,0.133
411,Наша трудовая слава,Lutuhyne,2024-06-28,reconstruction_and_integration,12,15,0.8
411,Наша трудовая слава,Lutuhyne,2024-06-28,ukraine_as_enemy,4,15,0.267
411,Наша трудовая слава,Lutuhyne,2024-06-28,children_and_militarization,8,15,0.533
411,Наша трудовая слава,Lutuhyne,2024-06-28,leadership_and_loyalty,78,15,5.2
412,Наша трудовая слава,Lutuhyne,2024-06-17,recruitment_and_contract_service,7,15,0.467
412,Наша трудовая слава,Lutuhyne,2024-06-17,passportization_and_documents,16,15,1.067
412,Наша трудовая слава,Lutuhyne,2024-06-17,elections_and_administration,6,15,0.4
412,Наша трудовая слава,Lutuhyne,2024-06-17,reconstruction_and_integration,22,15,1.467
412,Наша трудовая слава,Lutuhyne,2024-06-17,ukraine_as_enemy,0,15,0.0
412,Наша трудовая слава,Lutuhyne,2024-06-17,children_and_militarization,8,15,0.533
412,Наша трудовая слава,Lutuhyne,2024-06-17,leadership_and_loyalty,63,15,4.2
413,Наша трудовая слава,Lutuhyne,2023-07-07,recruitment_and_contract_service,1,15,0.067
413,Наша трудовая слава,Lutuhyne,2023-07-07,passportization_and_documents,11,15,0.733
413,Наша трудовая слава,Lutuhyne,2023-07-07,elections_and_administration,22,15,1.467
413,Наша трудовая слава,Lutuhyne,2023-07-07,reconstruction_and_integration,17,15,1.133
413,Наша трудовая слава,Lutuhyne,2023-07-07,ukraine_as_enemy,3,15,0.2
413,Наша трудовая слава,Lutuhyne,2023-07-07,children_and_militarization,2,15,0.133
413,Наша трудовая слава,Lutuhyne,2023-07-07,leadership_and_loyalty,90,15,6.0
414,Наша трудовая слава,Lutuhyne,2024-09-27,recruitment_and_contract_service,0,15,0.0
414,Наша трудовая слава,Lutuhyne,2024-09-27,passportization_and_documents,9,15,0.6
414,Наша трудовая слава,Lutuhyne,2024-09-27,elections_and_administration,0,15,0.0
414,Наша трудовая слава,Lutuhyne,2024-09-27,reconstruction_and_integration,14,15,0.933
414,Наша трудовая слава,Lutuhyne,2024-09-27,ukraine_as_enemy,1,15,0.067
414,Наша трудовая слава,Lutuhyne,2024-09-27,children_and_militarization,14,15,0.933
414,Наша трудовая слава,Lutuhyne,2024-09-27,leadership_and_loyalty,87,15,5.8
415,Наша трудовая слава,Lutuhyne,2024-11-01,recruitment_and_contract_service,0,15,0.0
415,Наша трудовая слава,Lutuhyne,2024-11-01,passportization_and_documents,15,15,1.0
415,Наша трудовая слава,Lutuhyne,2024-11-01,elections_and_administration,26,15,1.733
415,Наша трудовая слава,Lutuhyne,2024-11-01,reconstruction_and_integration,12,15,0.8
415,Наша трудовая слава,Lutuhyne,2024-11-01,ukraine_as_enemy,1,15,0.067
415,Наша трудовая слава,Lutuhyne,2024-11-01,children_and_militarization,9,15,0.6
415,Наша трудовая слава,Lutuhyne,2024-11-01,leadership_and_loyalty,91,15,6.067
416,Наша трудовая слава,Lutuhyne,2025-02-06,recruitment_and_contract_service,15,15,1.0
416,Наша трудовая слава,Lutuhyne,2025-02-06,passportization_and_documents,16,15,1.067
416,Наша трудовая слава,Lutuhyne,2025-02-06,elections_and_administration,1,15,0.067
416,Наша трудовая слава,Lutuhyne,2025-02-06,reconstruction_and_integration,18,15,1.2
416,Наша трудовая слава,Lutuhyne,2025-02-06,ukraine_as_enemy,8,15,0.533
416,Наша трудовая слава,Lutuhyne,2025-02-06,children_and_militarization,5,15,0.333
416,Наша трудовая слава,Lutuhyne,2025-02-06,leadership_and_loyalty,111,15,7.4
417,Наша трудовая слава,Lutuhyne,2024-09-18,recruitment_and_contract_service,2,15,0.133
417,Наша трудовая слава,Lutuhyne,2024-09-18,passportization_and_documents,16,15,1.067
417,Наша трудовая слава,Lutuhyne,2024-09-18,elections_and_administration,0,15,0.0
417,Наша трудовая слава,Lutuhyne,2024-09-18,reconstruction_and_integration,23,15,1.533
417,Наша трудовая слава,Lutuhyne,2024-09-18,ukraine_as_enemy,1,15,0.067
417,Наша трудовая слава,Lutuhyne,2024-09-18,children_and_militarization,2,15,0.133
417,Наша трудовая слава,Lutuhyne,2024-09-18,leadership_and_loyalty,73,15,4.867
418,Наша трудовая слава,Lutuhyne,2024-10-18,recruitment_and_contract_service,0,15,0.0
418,Наша трудовая слава,Lutuhyne,2024-10-18,passportization_and_documents,15,15,1.0
418,Наша трудовая слава,Lutuhyne,2024-10-18,elections_and_administration,1,15,0.067
418,Наша трудовая слава,Lutuhyne,2024-10-18,reconstruction_and_integration,22,15,1.467
418,Наша трудовая слава,Lutuhyne,2024-10-18,ukraine_as_enemy,0,15,0.0
418,Наша трудовая слава,Lutuhyne,2024-10-18,children_and_militarization,3,15,0.2
418,Наша трудовая слава,Lutuhyne,2024-10-18,leadership_and_loyalty,77,15,5.133
419,Наша трудовая слава,Lutuhyne,2024-11-01,recruitment_and_contract_service,4,15,0.267
419,Наша трудовая слава,Lutuhyne,2024-11-01,passportization_and_documents,33,15,2.2
419,Наша трудовая слава,Lutuhyne,2024-11-01,elections_and_administration,16,15,1.067
419,Наша трудовая слава,Lutuhyne,2024-11-01,reconstruction_and_integration,18,15,1.2
419,Наша трудовая слава,Lutuhyne,2024-11-01,ukraine_as_enemy,0,15,0.0
419,Наша трудовая слава,Lutuhyne,2024-11-01,children_and_militarization,11,15,0.733
419,Наша трудовая слава,Lutuhyne,2024-11-01,leadership_and_loyalty,41,15,2.733
420,Наша трудовая слава,Lutuhyne,2024-11-01,recruitment_and_contract_service,5,15,0.333
420,Наша трудовая слава,Lutuhyne,2024-11-01,passportization_and_documents,2,15,0.133
420,Наша трудовая слава,Lutuhyne,2024-11-01,elections_and_administration,3,15,0.2
420,Наша трудовая слава,Lutuhyne,2024-11-01,reconstruction_and_integration,10,15,0.667
420,Наша трудовая слава,Lutuhyne,2024-11-01,ukraine_as_enemy,0,15,0.0
420,Наша трудовая слава,Lutuhyne,2024-11-01,children_and_militarization,24,15,1.6
420,Наша трудовая слава,Lutuhyne,2024-11-01,leadership_and_loyalty,108,15,7.2
421,Наша трудовая слава,Lutuhyne,2024-11-01,recruitment_and_contract_service,0,15,0.0
421,Наша трудовая слава,Lutuhyne,2024-11-01,passportization_and_documents,12,15,0.8
421,Наша трудовая слава,Lutuhyne,2024-11-01,elections_and_administration,10,15,0.667
421,Наша трудовая слава,Lutuhyne,2024-11-01,reconstruction_and_integration,17,15,1.133
421,Наша трудовая слава,Lutuhyne,2024-11-01,ukraine_as_enemy,2,15,0.133
421,Наша трудовая слава,Lutuhyne,2024-11-01,children_and_militarization,3,15,0.2
421,Наша трудовая слава,Lutuhyne,2024-11-01,leadership_and_loyalty,85,15,5.667
422,Марковский вестник,Markivka,2024-11-01,recruitment_and_contract_service,2,15,0.133
422,Марковский вестник,Markivka,2024-11-01,passportization_and_documents,6,15,0.4
422,Марковский вестник,Markivka,2024-11-01,elections_and_administration,3,15,0.2
422,Марковский вестник,Markivka,2024-11-01,reconstruction_and_integration,7,15,0.467
422,Марковский вестник,Markivka,2024-11-01,ukraine_as_enemy,1,15,0.067
422,Марковский вестник,Markivka,2024-11-01,children_and_militarization,11,15,0.733
422,Марковский вестник,Markivka,2024-11-01,leadership_and_loyalty,108,15,7.2
423,Наша трудовая слава,Lutuhyne,2024-11-01,recruitment_and_contract_service,3,16,0.188
423,Наша трудовая слава,Lutuhyne,2024-11-01,passportization_and_documents,9,16,0.562
423,Наша трудовая слава,Lutuhyne,2024-11-01,elections_and_administration,10,16,0.625
423,Наша трудовая слава,Lutuhyne,2024-11-01,reconstruction_and_integration,6,16,0.375
423,Наша трудовая слава,Lutuhyne,2024-11-01,ukraine_as_enemy,3,16,0.188
423,Наша трудовая слава,Lutuhyne,2024-11-01,children_and_militarization,5,16,0.312
423,Наша трудовая слава,Lutuhyne,2024-11-01,leadership_and_loyalty,75,16,4.688
424,Наша трудовая слава,Lutuhyne,2023-07-07,recruitment_and_contract_service,0,15,0.0
424,Наша трудовая слава,Lutuhyne,2023-07-07,passportization_and_documents,13,15,0.867
424,Наша трудовая слава,Lutuhyne,2023-07-07,elections_and_administration,1,15,0.067
424,Наша трудовая слава,Lutuhyne,2023-07-07,reconstruction_and_integration,13,15,0.867
424,Наша трудовая слава,Lutuhyne,2023-07-07,ukraine_as_enemy,1,15,0.067
424,Наша трудовая слава,Lutuhyne,2023-07-07,children_and_militarization,6,15,0.4
424,Наша трудовая слава,Lutuhyne,2023-07-07,leadership_and_loyalty,82,15,5.467
425,Наша трудовая слава,Lutuhyne,2023-06-12,recruitment_and_contract_service,3,15,0.2
425,Наша трудовая слава,Lutuhyne,2023-06-12,passportization_and_documents,10,15,0.667
425,Наша трудовая слава,Lutuhyne,2023-06-12,elections_and_administration,5,15,0.333
425,Наша трудовая слава,Lutuhyne,2023-06-12,reconstruction_and_integration,25,15,1.667
425,Наша трудовая слава,Lutuhyne,2023-06-12,ukraine_as_enemy,1,15,0.067
425,Наша трудовая слава,Lutuhyne,2023-06-12,children_and_militarization,4,15,0.267
425,Наша трудовая слава,Lutuhyne,2023-06-12,leadership_and_loyalty,68,15,4.533
426,Наша трудовая слава,Lutuhyne,2024-12-01,recruitment_and_contract_service,4,15,0.267
426,Наша трудовая слава,Lutuhyne,2024-12-01,passportization_and_documents,7,15,0.467
426,Наша трудовая слава,Lutuhyne,2024-12-01,elections_and_administration,35,15,2.333
426,Наша трудовая слава,Lutuhyne,2024-12-01,reconstruction_and_integration,6,15,0.4
426,Наша трудовая слава,Lutuhyne,2024-12-01,ukraine_as_enemy,1,15,0.067
426,Наша трудовая слава,Lutuhyne,2024-12-01,children_and_militarization,2,15,0.133
426,Наша трудовая слава,Lutuhyne,2024-12-01,leadership_and_loyalty,77,15,5.133
427,Наша трудовая слава,Lutuhyne,2025-02-13,recruitment_and_contract_service,3,15,0.2
427,Наша трудовая слава,Lutuhyne,2025-02-13,passportization_and_documents,7,15,0.467
427,Наша трудовая слава,Lutuhyne,2025-02-13,elections_and_administration,13,15,0.867
427,Наша трудовая слава,Lutuhyne,2025-02-13,reconstruction_and_integration,8,15,0.533
427,Наша трудовая слава,Lutuhyne,2025-02-13,ukraine_as_enemy,1,15,0.067
427,Наша трудовая слава,Lutuhyne,2025-02-13,children_and_militarization,8,15,0.533
427,Наша трудовая слава,Lutuhyne,2025-02-13,leadership_and_loyalty,105,15,7.0
428,Наша трудовая слава,Lutuhyne,2024-12-01,recruitment_and_contract_service,5,15,0.333
428,Наша трудовая слава,Lutuhyne,2024-12-01,passportization_and_documents,17,15,1.133
428,Наша трудовая слава,Lutuhyne,2024-12-01,elections_and_administration,1,15,0.067
428,Наша трудовая слава,Lutuhyne,2024-12-01,reconstruction_and_integration,9,15,0.6
428,Наша трудовая слава,Lutuhyne,2024-12-01,ukraine_as_enemy,5,15,0.333
428,Наша трудовая слава,Lutuhyne,2024-12-01,children_and_militarization,2,15,0.133
428,Наша трудовая слава,Lutuhyne,2024-12-01,leadership_and_loyalty,72,15,4.8
429,Наша трудовая слава,Lutuhyne,2024-12-26,recruitment_and_contract_service,2,15,0.133
429,Наша трудовая слава,Lutuhyne,2024-12-26,passportization_and_documents,22,15,1.467
429,Наша трудовая слава,Lutuhyne,2024-12-26,elections_and_administration,2,15,0.133
429,Наша трудовая слава,Lutuhyne,2024-12-26,reconstruction_and_integration,19,15,1.267
429,Наша трудовая слава,Lutuhyne,2024-12-26,ukraine_as_enemy,8,15,0.533
429,Наша трудовая слава,Lutuhyne,2024-12-26,children_and_militarization,5,15,0.333
429,Наша трудовая слава,Lutuhyne,2024-12-26,leadership_and_loyalty,170,15,11.333
430,Наша трудовая слава,Lutuhyne,2025-02-20,recruitment_and_contract_service,3,15,0.2
430,Наша трудовая слава,Lutuhyne,2025-02-20,passportization_and_documents,9,15,0.6
430,Наша трудовая слава,Lutuhyne,2025-02-20,elections_and_administration,7,15,0.467
430,Наша трудовая слава,Lutuhyne,2025-02-20,reconstruction_and_integration,10,15,0.667
430,Наша трудовая слава,Lutuhyne,2025-02-20,ukraine_as_enemy,12,15,0.8
430,Наша трудовая слава,Lutuhyne,2025-02-20,children_and_militarization,4,15,0.267
430,Наша трудовая слава,Lutuhyne,2025-02-20,leadership_and_loyalty,109,15,7.267
431,Наша трудовая слава,Lutuhyne,2025-02-27,recruitment_and_contract_service,7,15,0.467
431,Наша трудовая слава,Lutuhyne,2025-02-27,passportization_and_documents,5,15,0.333
431,Наша трудовая слава,Lutuhyne,2025-02-27,elections_and_administration,12,15,0.8
431,Наша трудовая слава,Lutuhyne,2025-02-27,reconstruction_and_integration,2,15,0.133
431,Наша трудовая слава,Lutuhyne,2025-02-27,ukraine_as_enemy,6,15,0.4
431,Наша трудовая слава,Lutuhyne,2025-02-27,children_and_militarization,12,15,0.8
431,Наша трудовая слава,Lutuhyne,2025-02-27,leadership_and_loyalty,110,15,7.333
432,Наша трудовая слава,Lutuhyne,2025-03-06,recruitment_and_contract_service,1,15,0.067
432,Наша трудовая слава,Lutuhyne,2025-03-06,passportization_and_documents,10,15,0.667
432,Наша трудовая слава,Lutuhyne,2025-03-06,elections_and_administration,9,15,0.6
432,Наша трудовая слава,Lutuhyne,2025-03-06,reconstruction_and_integration,9,15,0.6
432,Наша трудовая слава,Lutuhyne,2025-03-06,ukraine_as_enemy,1,15,0.067
432,Наша трудовая слава,Lutuhyne,2025-03-06,children_and_militarization,4,15,0.267
432,Наша трудовая слава,Lutuhyne,2025-03-06,leadership_and_loyalty,108,15,7.2
433,Новоайдарский вестник,Novoaidar,2025-01-17,recruitment_and_contract_service,3,15,0.2
433,Новоайдарский вестник,Novoaidar,2025-01-17,passportization_and_documents,14,15,0.933
433,Новоайдарский вестник,Novoaidar,2025-01-17,elections_and_administration,1,15,0.067
433,Новоайдарский вестник,Novoaidar,2025-01-17,reconstruction_and_integration,9,15,0.6
433,Новоайдарский вестник,Novoaidar,2025-01-17,ukraine_as_enemy,1,15,0.067
433,Новоайдарский вестник,Novoaidar,2025-01-17,children_and_militarization,1,15,0.067
433,Новоайдарский вестник,Novoaidar,2025-01-17,leadership_and_loyalty,69,15,4.6
434,Новоайдарский вестник,Novoaidar,2025-03-21,recruitment_and_contract_service,4,15,0.267
434,Новоайдарский вестник,Novoaidar,2025-03-21,passportization_and_documents,11,15,0.733
434,Новоайдарский вестник,Novoaidar,2025-03-21,elections_and_administration,9,15,0.6
434,Новоайдарский вестник,Novoaidar,2025-03-21,reconstruction_and_integration,11,15,0.733
434,Новоайдарский вестник,Novoaidar,2025-03-21,ukraine_as_enemy,10,15,0.667
434,Новоайдарский вестник,Novoaidar,2025-03-21,children_and_militarization,4,15,0.267
434,Новоайдарский вестник,Novoaidar,2025-03-21,leadership_and_loyalty,124,15,8.267
435,Новоайдарский вестник,Novoaidar,2025-03-28,recruitment_and_contract_service,4,15,0.267
435,Новоайдарский вестник,Novoaidar,2025-03-28,passportization_and_documents,9,15,0.6
435,Новоайдарский вестник,Novoaidar,2025-03-28,elections_and_administration,5,15,0.333
435,Новоайдарский вестник,Novoaidar,2025-03-28,reconstruction_and_integration,10,15,0.667
435,Новоайдарский вестник,Novoaidar,2025-03-28,ukraine_as_enemy,5,15,0.333
435,Новоайдарский вестник,Novoaidar,2025-03-28,children_and_militarization,1,15,0.067
435,Новоайдарский вестник,Novoaidar,2025-03-28,leadership_and_loyalty,101,15,6.733
436,Новоайдарский вестник,Novoaidar,2025-04-04,recruitment_and_contract_service,2,15,0.133
436,Новоайдарский вестник,Novoaidar,2025-04-04,passportization_and_documents,20,15,1.333
436,Новоайдарский вестник,Novoaidar,2025-04-04,elections_and_administration,1,15,0.067
436,Новоайдарский вестник,Novoaidar,2025-04-04,reconstruction_and_integration,3,15,0.2
436,Новоайдарский вестник,Novoaidar,2025-04-04,ukraine_as_enemy,1,15,0.067
436,Новоайдарский вестник,Novoaidar,2025-04-04,children_and_militarization,8,15,0.533
436,Новоайдарский вестник,Novoaidar,2025-04-04,leadership_and_loyalty,108,15,7.2
437,Новоайдарский вестник,Novoaidar,2025-01-24,recruitment_and_contract_service,6,15,0.4
437,Новоайдарский вестник,Novoaidar,2025-01-24,passportization_and_documents,15,15,1.0
437,Новоайдарский вестник,Novoaidar,2025-01-24,elections_and_administration,1,15,0.067
437,Новоайдарский вестник,Novoaidar,2025-01-24,reconstruction_and_integration,7,15,0.467
437,Новоайдарский вестник,Novoaidar,2025-01-24,ukraine_as_enemy,3,15,0.2
437,Новоайдарский вестник,Novoaidar,2025-01-24,children_and_militarization,6,15,0.4
437,Новоайдарский вестник,Novoaidar,2025-01-24,leadership_and_loyalty,104,15,6.933
438,Новоайдарский вестник,Novoaidar,2025-01-31,recruitment_and_contract_service,5,15,0.333
438,Новоайдарский вестник,Novoaidar,2025-01-31,passportization_and_documents,5,15,0.333
438,Новоайдарский вестник,Novoaidar,2025-01-31,elections_and_administration,6,15,0.4
438,Новоайдарский вестник,Novoaidar,2025-01-31,reconstruction_and_integration,4,15,0.267
438,Новоайдарский вестник,Novoaidar,2025-01-31,ukraine_as_enemy,1,15,0.067
438,Новоайдарский вестник,Novoaidar,2025-01-31,children_and_militarization,2,15,0.133
438,Новоайдарский вестник,Novoaidar,2025-01-31,leadership_and_loyalty,67,15,4.467
439,Новоайдарский вестник,Novoaidar,2024-08-23,recruitment_and_contract_service,0,15,0.0
439,Новоайдарский вестник,Novoaidar,2024-08-23,passportization_and_documents,18,15,1.2
439,Новоайдарский вестник,Novoaidar,2024-08-23,elections_and_administration,5,15,0.333
439,Новоайдарский вестник,Novoaidar,2024-08-23,reconstruction_and_integration,11,15,0.733
439,Новоайдарский вестник,Novoaidar,2024-08-23,ukraine_as_enemy,0,15,0.0
439,Новоайдарский вестник,Novoaidar,2024-08-23,children_and_militarization,3,15,0.2
439,Новоайдарский вестник,Novoaidar,2024-08-23,leadership_and_loyalty,57,15,3.8
440,Новоайдарский вестник,Novoaidar,2024-08-30,recruitment_and_contract_service,34,16,2.125
440,Новоайдарский вестник,Novoaidar,2024-08-30,passportization_and_documents,50,16,3.125
440,Новоайдарский вестник,Novoaidar,2024-08-30,elections_and_administration,4,16,0.25
440,Новоайдарский вестник,Novoaidar,2024-08-30,reconstruction_and_integration,28,16,1.75
440,Новоайдарский вестник,Novoaidar,2024-08-30,ukraine_as_enemy,2,16,0.125
440,Новоайдарский вестник,Novoaidar,2024-08-30,children_and_militarization,7,16,0.438
440,Новоайдарский вестник,Novoaidar,2024-08-30,leadership_and_loyalty,84,16,5.25
441,Новоайдарский вестник,Novoaidar,2024-09-06,recruitment_and_contract_service,6,10,0.6
441,Новоайдарский вестник,Novoaidar,2024-09-06,passportization_and_documents,43,10,4.3
441,Новоайдарский вестник,Novoaidar,2024-09-06,elections_and_administration,6,10,0.6
441,Новоайдарский вестник,Novoaidar,2024-09-06,reconstruction_and_integration,7,10,0.7
441,Новоайдарский вестник,Novoaidar,2024-09-06,ukraine_as_enemy,0,10,0.0
441,Новоайдарский вестник,Novoaidar,2024-09-06,children_and_militarization,3,10,0.3
441,Новоайдарский вестник,Novoaidar,2024-09-06,leadership_and_loyalty,38,10,3.8
442,Новоайдарский вестник,Novoaidar,2024-09-13,recruitment_and_contract_service,9,15,0.6
442,Новоайдарский вестник,Novoaidar,2024-09-13,passportization_and_documents,49,15,3.267
442,Новоайдарский вестник,Novoaidar,2024-09-13,elections_and_administration,0,15,0.0
442,Новоайдарский вестник,Novoaidar,2024-09-13,reconstruction_and_integration,22,15,1.467
442,Новоайдарский вестник,Novoaidar,2024-09-13,ukraine_as_enemy,0,15,0.0
442,Новоайдарский вестник,Novoaidar,2024-09-13,children_and_militarization,0,15,0.0
442,Новоайдарский вестник,Novoaidar,2024-09-13,leadership_and_loyalty,43,15,2.867
443,Новоайдарский вестник,Novoaidar,2024-09-20,recruitment_and_contract_service,6,15,0.4
443,Новоайдарский вестник,Novoaidar,2024-09-20,passportization_and_documents,8,15,0.533
443,Новоайдарский вестник,Novoaidar,2024-09-20,elections_and_administration,1,15,0.067
443,Новоайдарский вестник,Novoaidar,2024-09-20,reconstruction_and_integration,7,15,0.467
443,Новоайдарский вестник,Novoaidar,2024-09-20,ukraine_as_enemy,1,15,0.067
443,Новоайдарский вестник,Novoaidar,2024-09-20,children_and_militarization,7,15,0.467
443,Новоайдарский вестник,Novoaidar,2024-09-20,leadership_and_loyalty,49,15,3.267
444,Новоайдарский вестник,Novoaidar,2024-09-27,recruitment_and_contract_service,0,15,0.0
444,Новоайдарский вестник,Novoaidar,2024-09-27,passportization_and_documents,7,15,0.467
444,Новоайдарский вестник,Novoaidar,2024-09-27,elections_and_administration,5,15,0.333
444,Новоайдарский вестник,Novoaidar,2024-09-27,reconstruction_and_integration,20,15,1.333
444,Новоайдарский вестник,Novoaidar,2024-09-27,ukraine_as_enemy,1,15,0.067
444,Новоайдарский вестник,Novoaidar,2024-09-27,children_and_militarization,4,15,0.267
444,Новоайдарский вестник,Novoaidar,2024-09-27,leadership_and_loyalty,54,15,3.6
445,Новоайдарский вестник,Novoaidar,2024-10-04,recruitment_and_contract_service,6,15,0.4
445,Новоайдарский вестник,Novoaidar,2024-10-04,passportization_and_documents,48,15,3.2
445,Новоайдарский вестник,Novoaidar,2024-10-04,elections_and_administration,49,15,3.267
445,Новоайдарский вестник,Novoaidar,2024-10-04,reconstruction_and_integration,93,15,6.2
445,Новоайдарский вестник,Novoaidar,2024-10-04,ukraine_as_enemy,1,15,0.067
445,Новоайдарский вестник,Novoaidar,2024-10-04,children_and_militarization,7,15,0.467
445,Новоайдарский вестник,Novoaidar,2024-10-04,leadership_and_loyalty,81,15,5.4
446,Новоайдарский вестник,Novoaidar,2025-02-07,recruitment_and_contract_service,9,15,0.6
446,Новоайдарский вестник,Novoaidar,2025-02-07,passportization_and_documents,4,15,0.267
446,Новоайдарский вестник,Novoaidar,2025-02-07,elections_and_administration,7,15,0.467
446,Новоайдарский вестник,Novoaidar,2025-02-07,reconstruction_and_integration,9,15,0.6
446,Новоайдарский вестник,Novoaidar,2025-02-07,ukraine_as_enemy,3,15,0.2
446,Новоайдарский вестник,Novoaidar,2025-02-07,children_and_militarization,1,15,0.067
446,Новоайдарский вестник,Novoaidar,2025-02-07,leadership_and_loyalty,103,15,6.867
447,Новоайдарский вестник,Novoaidar,2024-10-11,recruitment_and_contract_service,8,16,0.5
447,Новоайдарский вестник,Novoaidar,2024-10-11,passportization_and_documents,41,16,2.562
447,Новоайдарский вестник,Novoaidar,2024-10-11,elections_and_administration,1,16,0.062
447,Новоайдарский вестник,Novoaidar,2024-10-11,reconstruction_and_integration,103,16,6.438
447,Новоайдарский вестник,Novoaidar,2024-10-11,ukraine_as_enemy,0,16,0.0
447,Новоайдарский вестник,Novoaidar,2024-10-11,children_and_militarization,4,16,0.25
447,Новоайдарский вестник,Novoaidar,2024-10-11,leadership_and_loyalty,70,16,4.375
448,Новоайдарский вестник,Novoaidar,2024-10-18,recruitment_and_contract_service,0,15,0.0
448,Новоайдарский вестник,Novoaidar,2024-10-18,passportization_and_documents,26,15,1.733
448,Новоайдарский вестник,Novoaidar,2024-10-18,elections_and_administration,14,15,0.933
448,Новоайдарский вестник,Novoaidar,2024-10-18,reconstruction_and_integration,5,15,0.333
448,Новоайдарский вестник,Novoaidar,2024-10-18,ukraine_as_enemy,0,15,0.0
448,Новоайдарский вестник,Novoaidar,2024-10-18,children_and_militarization,5,15,0.333
448,Новоайдарский вестник,Novoaidar,2024-10-18,leadership_and_loyalty,79,15,5.267
449,Новоайдарский вестник,Novoaidar,2024-10-25,recruitment_and_contract_service,2,15,0.133
449,Новоайдарский вестник,Novoaidar,2024-10-25,passportization_and_documents,22,15,1.467
449,Новоайдарский вестник,Novoaidar,2024-10-25,elections_and_administration,0,15,0.0
449,Новоайдарский вестник,Novoaidar,2024-10-25,reconstruction_and_integration,7,15,0.467
449,Новоайдарский вестник,Novoaidar,2024-10-25,ukraine_as_enemy,1,15,0.067
449,Новоайдарский вестник,Novoaidar,2024-10-25,children_and_militarization,2,15,0.133
449,Новоайдарский вестник,Novoaidar,2024-10-25,leadership_and_loyalty,32,15,2.133
450,Новоайдарский вестник,Novoaidar,2024-11-01,recruitment_and_contract_service,5,15,0.333
450,Новоайдарский вестник,Novoaidar,2024-11-01,passportization_and_documents,91,15,6.067
450,Новоайдарский вестник,Novoaidar,2024-11-01,elections_and_administration,165,15,11.0
450,Новоайдарский вестник,Novoaidar,2024-11-01,reconstruction_and_integration,23,15,1.533
450,Новоайдарский вестник,Novoaidar,2024-11-01,ukraine_as_enemy,1,15,0.067
450,Новоайдарский вестник,Novoaidar,2024-11-01,children_and_militarization,3,15,0.2
450,Новоайдарский вестник,Novoaidar,2024-11-01,leadership_and_loyalty,100,15,6.667
451,Новоайдарский вестник,Novoaidar,2024-11-08,recruitment_and_contract_service,0,15,0.0
451,Новоайдарский вестник,Novoaidar,2024-11-08,passportization_and_documents,13,15,0.867
451,Новоайдарский вестник,Novoaidar,2024-11-08,elections_and_administration,4,15,0.267
451,Новоайдарский вестник,Novoaidar,2024-11-08,reconstruction_and_integration,5,15,0.333
451,Новоайдарский вестник,Novoaidar,2024-11-08,ukraine_as_enemy,1,15,0.067
451,Новоайдарский вестник,Novoaidar,2024-11-08,children_and_militarization,7,15,0.467
451,Новоайдарский вестник,Novoaidar,2024-11-08,leadership_and_loyalty,62,15,4.133
452,Новоайдарский вестник,Novoaidar,2024-11-15,recruitment_and_contract_service,3,15,0.2
452,Новоайдарский вестник,Novoaidar,2024-11-15,passportization_and_documents,125,15,8.333
452,Новоайдарский вестник,Novoaidar,2024-11-15,elections_and_administration,6,15,0.4
452,Новоайдарский вестник,Novoaidar,2024-11-15,reconstruction_and_integration,8,15,0.533
452,Новоайдарский вестник,Novoaidar,2024-11-15,ukraine_as_enemy,0,15,0.0
452,Новоайдарский вестник,Novoaidar,2024-11-15,children_and_militarization,27,15,1.8
452,Новоайдарский вестник,Novoaidar,2024-11-15,leadership_and_loyalty,62,15,4.133
453,Новоайдарский вестник,Novoaidar,2024-11-22,recruitment_and_contract_service,0,15,0.0
453,Новоайдарский вестник,Novoaidar,2024-11-22,passportization_and_documents,9,15,0.6
453,Новоайдарский вестник,Novoaidar,2024-11-22,elections_and_administration,2,15,0.133
453,Новоайдарский вестник,Novoaidar,2024-11-22,reconstruction_and_integration,7,15,0.467
453,Новоайдарский вестник,Novoaidar,2024-11-22,ukraine_as_enemy,0,15,0.0
453,Новоайдарский вестник,Novoaidar,2024-11-22,children_and_militarization,6,15,0.4
453,Новоайдарский вестник,Novoaidar,2024-11-22,leadership_and_loyalty,71,15,4.733
454,Новоайдарский вестник,Novoaidar,2024-11-29,recruitment_and_contract_service,28,15,1.867
454,Новоайдарский вестник,Novoaidar,2024-11-29,passportization_and_documents,28,15,1.867
454,Новоайдарский вестник,Novoaidar,2024-11-29,elections_and_administration,3,15,0.2
454,Новоайдарский вестник,Novoaidar,2024-11-29,reconstruction_and_integration,3,15,0.2
454,Новоайдарский вестник,Novoaidar,2024-11-29,ukraine_as_enemy,1,15,0.067
454,Новоайдарский вестник,Novoaidar,2024-11-29,children_and_militarization,3,15,0.2
454,Новоайдарский вестник,Novoaidar,2024-11-29,leadership_and_loyalty,65,15,4.333
455,Новоайдарский вестник,Novoaidar,2024-12-06,recruitment_and_contract_service,5,15,0.333
455,Новоайдарский вестник,Novoaidar,2024-12-06,passportization_and_documents,9,15,0.6
455,Новоайдарский вестник,Novoaidar,2024-12-06,elections_and_administration,2,15,0.133
455,Новоайдарский вестник,Novoaidar,2024-12-06,reconstruction_and_integration,29,15,1.933
455,Новоайдарский вестник,Novoaidar,2024-12-06,ukraine_as_enemy,0,15,0.0
455,Новоайдарский вестник,Novoaidar,2024-12-06,children_and_militarization,3,15,0.2
455,Новоайдарский вестник,Novoaidar,2024-12-06,leadership_and_loyalty,51,15,3.4
456,Новоайдарский вестник,Novoaidar,2024-12-13,recruitment_and_contract_service,5,15,0.333
456,Новоайдарский вестник,Novoaidar,2024-12-13,passportization_and_documents,13,15,0.867
456,Новоайдарский вестник,Novoaidar,2024-12-13,elections_and_administration,2,15,0.133
456,Новоайдарский вестник,Novoaidar,2024-12-13,reconstruction_and_integration,6,15,0.4
456,Новоайдарский вестник,Novoaidar,2024-12-13,ukraine_as_enemy,5,15,0.333
456,Новоайдарский вестник,Novoaidar,2024-12-13,children_and_militarization,1,15,0.067
456,Новоайдарский вестник,Novoaidar,2024-12-13,leadership_and_loyalty,64,15,4.267
457,Новоайдарский вестник,Novoaidar,2025-02-14,recruitment_and_contract_service,3,15,0.2
457,Новоайдарский вестник,Novoaidar,2025-02-14,passportization_and_documents,4,15,0.267
457,Новоайдарский вестник,Novoaidar,2025-02-14,elections_and_administration,1,15,0.067
457,Новоайдарский вестник,Novoaidar,2025-02-14,reconstruction_and_integration,6,15,0.4
457,Новоайдарский вестник,Novoaidar,2025-02-14,ukraine_as_enemy,1,15,0.067
457,Новоайдарский вестник,Novoaidar,2025-02-14,children_and_militarization,4,15,0.267
457,Новоайдарский вестник,Novoaidar,2025-02-14,leadership_and_loyalty,95,15,6.333
458,Новоайдарский вестник,Novoaidar,2024-12-20,recruitment_and_contract_service,6,15,0.4
458,Новоайдарский вестник,Novoaidar,2024-12-20,passportization_and_documents,25,15,1.667
458,Новоайдарский вестник,Novoaidar,2024-12-20,elections_and_administration,0,15,0.0
458,Новоайдарский вестник,Novoaidar,2024-12-20,reconstruction_and_integration,15,15,1.0
458,Новоайдарский вестник,Novoaidar,2024-12-20,ukraine_as_enemy,5,15,0.333
458,Новоайдарский вестник,Novoaidar,2024-12-20,children_and_militarization,0,15,0.0
458,Новоайдарский вестник,Novoaidar,2024-12-20,leadership_and_loyalty,175,15,11.667
459,Новоайдарский вестник,Novoaidar,2024-12-27,recruitment_and_contract_service,0,15,0.0
459,Новоайдарский вестник,Novoaidar,2024-12-27,passportization_and_documents,12,15,0.8
459,Новоайдарский вестник,Novoaidar,2024-12-27,elections_and_administration,2,15,0.133
459,Новоайдарский вестник,Novoaidar,2024-12-27,reconstruction_and_integration,2,15,0.133
459,Новоайдарский вестник,Novoaidar,2024-12-27,ukraine_as_enemy,5,15,0.333
459,Новоайдарский вестник,Novoaidar,2024-12-27,children_and_militarization,9,15,0.6
459,Новоайдарский вестник,Novoaidar,2024-12-27,leadership_and_loyalty,89,15,5.933
460,Новоайдарский вестник,Novoaidar,2025-02-21,recruitment_and_contract_service,2,15,0.133
460,Новоайдарский вестник,Novoaidar,2025-02-21,passportization_and_documents,15,15,1.0
460,Новоайдарский вестник,Novoaidar,2025-02-21,elections_and_administration,1,15,0.067
460,Новоайдарский вестник,Novoaidar,2025-02-21,reconstruction_and_integration,7,15,0.467
460,Новоайдарский вестник,Novoaidar,2025-02-21,ukraine_as_enemy,9,15,0.6
460,Новоайдарский вестник,Novoaidar,2025-02-21,children_and_militarization,1,15,0.067
460,Новоайдарский вестник,Novoaidar,2025-02-21,leadership_and_loyalty,108,15,7.2
461,Новоайдарский вестник,Novoaidar,2025-02-28,recruitment_and_contract_service,6,15,0.4
461,Новоайдарский вестник,Novoaidar,2025-02-28,passportization_and_documents,16,15,1.067
461,Новоайдарский вестник,Novoaidar,2025-02-28,elections_and_administration,6,15,0.4
461,Новоайдарский вестник,Novoaidar,2025-02-28,reconstruction_and_integration,0,15,0.0
461,Новоайдарский вестник,Novoaidar,2025-02-28,ukraine_as_enemy,6,15,0.4
461,Новоайдарский вестник,Novoaidar,2025-02-28,children_and_militarization,5,15,0.333
461,Новоайдарский вестник,Novoaidar,2025-02-28,leadership_and_loyalty,118,15,7.867
462,Новоайдарский вестник,Novoaidar,2025-03-07,recruitment_and_contract_service,1,15,0.067
462,Новоайдарский вестник,Novoaidar,2025-03-07,passportization_and_documents,17,15,1.133
462,Новоайдарский вестник,Novoaidar,2025-03-07,elections_and_administration,2,15,0.133
462,Новоайдарский вестник,Novoaidar,2025-03-07,reconstruction_and_integration,11,15,0.733
462,Новоайдарский вестник,Novoaidar,2025-03-07,ukraine_as_enemy,1,15,0.067
462,Новоайдарский вестник,Novoaidar,2025-03-07,children_and_militarization,3,15,0.2
462,Новоайдарский вестник,Novoaidar,2025-03-07,leadership_and_loyalty,103,15,6.867
463,Новоайдарский вестник,Novoaidar,2025-03-14,recruitment_and_contract_service,7,15,0.467
463,Новоайдарский вестник,Novoaidar,2025-03-14,passportization_and_documents,22,15,1.467
463,Новоайдарский вестник,Novoaidar,2025-03-14,elections_and_administration,3,15,0.2
463,Новоайдарский вестник,Novoaidar,2025-03-14,reconstruction_and_integration,16,15,1.067
463,Новоайдарский вестник,Novoaidar,2025-03-14,ukraine_as_enemy,0,15,0.0
463,Новоайдарский вестник,Novoaidar,2025-03-14,children_and_militarization,1,15,0.067
463,Новоайдарский вестник,Novoaidar,2025-03-14,leadership_and_loyalty,102,15,6.8
464,Новопсковский вестник,Novopskov,2025-01-17,recruitment_and_contract_service,2,15,0.133
464,Новопсковский вестник,Novopskov,2025-01-17,passportization_and_documents,14,15,0.933
464,Новопсковский вестник,Novopskov,2025-01-17,elections_and_administration,0,15,0.0
464,Новопсковский вестник,Novopskov,2025-01-17,reconstruction_and_integration,4,15,0.267
464,Новопсковский вестник,Novopskov,2025-01-17,ukraine_as_enemy,0,15,0.0
464,Новопсковский вестник,Novopskov,2025-01-17,children_and_militarization,6,15,0.4
464,Новопсковский вестник,Novopskov,2025-01-17,leadership_and_loyalty,83,15,5.533
465,Новопсковский вестник,Novopskov,2025-03-28,recruitment_and_contract_service,2,15,0.133
465,Новопсковский вестник,Novopskov,2025-03-28,passportization_and_documents,12,15,0.8
465,Новопсковский вестник,Novopskov,2025-03-28,elections_and_administration,1,15,0.067
465,Новопсковский вестник,Novopskov,2025-03-28,reconstruction_and_integration,9,15,0.6
465,Новопсковский вестник,Novopskov,2025-03-28,ukraine_as_enemy,5,15,0.333
465,Новопсковский вестник,Novopskov,2025-03-28,children_and_militarization,19,15,1.267
465,Новопсковский вестник,Novopskov,2025-03-28,leadership_and_loyalty,89,15,5.933
466,Новопсковский вестник,Novopskov,2025-04-04,recruitment_and_contract_service,1,15,0.067
466,Новопсковский вестник,Novopskov,2025-04-04,passportization_and_documents,9,15,0.6
466,Новопсковский вестник,Novopskov,2025-04-04,elections_and_administration,1,15,0.067
466,Новопсковский вестник,Novopskov,2025-04-04,reconstruction_and_integration,6,15,0.4
466,Новопсковский вестник,Novopskov,2025-04-04,ukraine_as_enemy,3,15,0.2
466,Новопсковский вестник,Novopskov,2025-04-04,children_and_militarization,5,15,0.333
466,Новопсковский вестник,Novopskov,2025-04-04,leadership_and_loyalty,100,15,6.667
467,Новопсковский вестник,Novopskov,2025-01-24,recruitment_and_contract_service,0,15,0.0
467,Новопсковский вестник,Novopskov,2025-01-24,passportization_and_documents,14,15,0.933
467,Новопсковский вестник,Novopskov,2025-01-24,elections_and_administration,0,15,0.0
467,Новопсковский вестник,Novopskov,2025-01-24,reconstruction_and_integration,10,15,0.667
467,Новопсковский вестник,Novopskov,2025-01-24,ukraine_as_enemy,3,15,0.2
467,Новопсковский вестник,Novopskov,2025-01-24,children_and_militarization,11,15,0.733
467,Новопсковский вестник,Novopskov,2025-01-24,leadership_and_loyalty,89,15,5.933
468,Новопсковский вестник,Novopskov,2025-01-01,recruitment_and_contract_service,2,15,0.133
468,Новопсковский вестник,Novopskov,2025-01-01,passportization_and_documents,25,15,1.667
468,Новопсковский вестник,Novopskov,2025-01-01,elections_and_administration,2,15,0.133
468,Новопсковский вестник,Novopskov,2025-01-01,reconstruction_and_integration,3,15,0.2
468,Новопсковский вестник,Novopskov,2025-01-01,ukraine_as_enemy,2,15,0.133
468,Новопсковский вестник,Novopskov,2025-01-01,children_and_militarization,12,15,0.8
468,Новопсковский вестник,Novopskov,2025-01-01,leadership_and_loyalty,87,15,5.8
469,Новопсковский вестник,Novopskov,2024-08-23,recruitment_and_contract_service,11,15,0.733
469,Новопсковский вестник,Novopskov,2024-08-23,passportization_and_documents,24,15,1.6
469,Новопсковский вестник,Novopskov,2024-08-23,elections_and_administration,16,15,1.067
469,Новопсковский вестник,Novopskov,2024-08-23,reconstruction_and_integration,31,15,2.067
469,Новопсковский вестник,Novopskov,2024-08-23,ukraine_as_enemy,0,15,0.0
469,Новопсковский вестник,Novopskov,2024-08-23,children_and_militarization,5,15,0.333
469,Новопсковский вестник,Novopskov,2024-08-23,leadership_and_loyalty,74,15,4.933
470,Новопсковский вестник,Novopskov,2024-08-30,recruitment_and_contract_service,21,15,1.4
470,Новопсковский вестник,Novopskov,2024-08-30,passportization_and_documents,21,15,1.4
470,Новопсковский вестник,Novopskov,2024-08-30,elections_and_administration,2,15,0.133
470,Новопсковский вестник,Novopskov,2024-08-30,reconstruction_and_integration,9,15,0.6
470,Новопсковский вестник,Novopskov,2024-08-30,ukraine_as_enemy,3,15,0.2
470,Новопсковский вестник,Novopskov,2024-08-30,children_and_militarization,8,15,0.533
470,Новопсковский вестник,Novopskov,2024-08-30,leadership_and_loyalty,90,15,6.0
471,Новопсковский вестник,Novopskov,2024-09-06,recruitment_and_contract_service,5,15,0.333
471,Новопсковский вестник,Novopskov,2024-09-06,passportization_and_documents,13,15,0.867
471,Новопсковский вестник,Novopskov,2024-09-06,elections_and_administration,3,15,0.2
471,Новопсковский вестник,Novopskov,2024-09-06,reconstruction_and_integration,7,15,0.467
471,Новопсковский вестник,Novopskov,2024-09-06,ukraine_as_enemy,2,15,0.133
471,Новопсковский вестник,Novopskov,2024-09-06,children_and_militarization,6,15,0.4
471,Новопсковский вестник,Novopskov,2024-09-06,leadership_and_loyalty,69,15,4.6
472,Новопсковский вестник,Novopskov,2024-09-13,recruitment_and_contract_service,18,15,1.2
472,Новопсковский вестник,Novopskov,2024-09-13,passportization_and_documents,20,15,1.333
472,Новопсковский вестник,Novopskov,2024-09-13,elections_and_administration,3,15,0.2
472,Новопсковский вестник,Novopskov,2024-09-13,reconstruction_and_integration,38,15,2.533
472,Новопсковский вестник,Novopskov,2024-09-13,ukraine_as_enemy,0,15,0.0
472,Новопсковский вестник,Novopskov,2024-09-13,children_and_militarization,4,15,0.267
472,Новопсковский вестник,Novopskov,2024-09-13,leadership_and_loyalty,53,15,3.533
473,Новопсковский вестник,Novopskov,2024-09-20,recruitment_and_contract_service,4,15,0.267
473,Новопсковский вестник,Novopskov,2024-09-20,passportization_and_documents,40,15,2.667
473,Новопсковский вестник,Novopskov,2024-09-20,elections_and_administration,66,15,4.4
473,Новопсковский вестник,Novopskov,2024-09-20,reconstruction_and_integration,24,15,1.6
473,Новопсковский вестник,Novopskov,2024-09-20,ukraine_as_enemy,3,15,0.2
473,Новопсковский вестник,Novopskov,2024-09-20,children_and_militarization,3,15,0.2
473,Новопсковский вестник,Novopskov,2024-09-20,leadership_and_loyalty,53,15,3.533
474,Новопсковский вестник,Novopskov,2024-10-04,recruitment_and_contract_service,1,15,0.067
474,Новопсковский вестник,Novopskov,2024-10-04,passportization_and_documents,8,15,0.533
474,Новопсковский вестник,Novopskov,2024-10-04,elections_and_administration,2,15,0.133
474,Новопсковский вестник,Novopskov,2024-10-04,reconstruction_and_integration,8,15,0.533
474,Новопсковский вестник,Novopskov,2024-10-04,ukraine_as_enemy,0,15,0.0
474,Новопсковский вестник,Novopskov,2024-10-04,children_and_militarization,17,15,1.133
474,Новопсковский вестник,Novopskov,2024-10-04,leadership_and_loyalty,96,15,6.4
475,Новопсковский вестник,Novopskov,2025-02-07,recruitment_and_contract_service,7,15,0.467
475,Новопсковский вестник,Novopskov,2025-02-07,passportization_and_documents,10,15,0.667
475,Новопсковский вестник,Novopskov,2025-02-07,elections_and_administration,4,15,0.267
475,Новопсковский вестник,Novopskov,2025-02-07,reconstruction_and_integration,29,15,1.933
475,Новопсковский вестник,Novopskov,2025-02-07,ukraine_as_enemy,6,15,0.4
475,Новопсковский вестник,Novopskov,2025-02-07,children_and_militarization,7,15,0.467
475,Новопсковский вестник,Novopskov,2025-02-07,leadership_and_loyalty,111,15,7.4
476,Новопсковский вестник,Novopskov,2024-10-11,recruitment_and_contract_service,1,15,0.067
476,Новопсковский вестник,Novopskov,2024-10-11,passportization_and_documents,25,15,1.667
476,Новопсковский вестник,Novopskov,2024-10-11,elections_and_administration,13,15,0.867
476,Новопсковский вестник,Novopskov,2024-10-11,reconstruction_and_integration,9,15,0.6
476,Новопсковский вестник,Novopskov,2024-10-11,ukraine_as_enemy,1,15,0.067
476,Новопсковский вестник,Novopskov,2024-10-11,children_and_militarization,8,15,0.533
476,Новопсковский вестник,Novopskov,2024-10-11,leadership_and_loyalty,66,15,4.4
477,Новопсковский вестник,Novopskov,2024-10-18,recruitment_and_contract_service,0,15,0.0
477,Новопсковский вестник,Novopskov,2024-10-18,passportization_and_documents,7,15,0.467
477,Новопсковский вестник,Novopskov,2024-10-18,elections_and_administration,23,15,1.533
477,Новопсковский вестник,Novopskov,2024-10-18,reconstruction_and_integration,11,15,0.733
477,Новопсковский вестник,Novopskov,2024-10-18,ukraine_as_enemy,0,15,0.0
477,Новопсковский вестник,Novopskov,2024-10-18,children_and_militarization,7,15,0.467
477,Новопсковский вестник,Novopskov,2024-10-18,leadership_and_loyalty,63,15,4.2
478,Новопсковский вестник,Novopskov,2024-10-25,recruitment_and_contract_service,0,15,0.0
478,Новопсковский вестник,Novopskov,2024-10-25,passportization_and_documents,18,15,1.2
478,Новопсковский вестник,Novopskov,2024-10-25,elections_and_administration,2,15,0.133
478,Новопсковский вестник,Novopskov,2024-10-25,reconstruction_and_integration,14,15,0.933
478,Новопсковский вестник,Novopskov,2024-10-25,ukraine_as_enemy,1,15,0.067
478,Новопсковский вестник,Novopskov,2024-10-25,children_and_militarization,7,15,0.467
478,Новопсковский вестник,Novopskov,2024-10-25,leadership_and_loyalty,52,15,3.467
479,Новопсковский вестник,Novopskov,2024-11-01,recruitment_and_contract_service,2,15,0.133
479,Новопсковский вестник,Novopskov,2024-11-01,passportization_and_documents,30,15,2.0
479,Новопсковский вестник,Novopskov,2024-11-01,elections_and_administration,12,15,0.8
479,Новопсковский вестник,Novopskov,2024-11-01,reconstruction_and_integration,7,15,0.467
479,Новопсковский вестник,Novopskov,2024-11-01,ukraine_as_enemy,0,15,0.0
479,Новопсковский вестник,Novopskov,2024-11-01,children_and_militarization,13,15,0.867
479,Новопсковский вестник,Novopskov,2024-11-01,leadership_and_loyalty,55,15,3.667
480,Новопсковский вестник,Novopskov,2024-11-08,recruitment_and_contract_service,0,15,0.0
480,Новопсковский вестник,Novopskov,2024-11-08,passportization_and_documents,23,15,1.533
480,Новопсковский вестник,Novopskov,2024-11-08,elections_and_administration,14,15,0.933
480,Новопсковский вестник,Novopskov,2024-11-08,reconstruction_and_integration,11,15,0.733
480,Новопсковский вестник,Novopskov,2024-11-08,ukraine_as_enemy,0,15,0.0
480,Новопсковский вестник,Novopskov,2024-11-08,children_and_militarization,5,15,0.333
480,Новопсковский вестник,Novopskov,2024-11-08,leadership_and_loyalty,74,15,4.933
481,Новопсковский вестник,Novopskov,2024-11-15,recruitment_and_contract_service,1,15,0.067
481,Новопсковский вестник,Novopskov,2024-11-15,passportization_and_documents,13,15,0.867
481,Новопсковский вестник,Novopskov,2024-11-15,elections_and_administration,1,15,0.067
481,Новопсковский вестник,Novopskov,2024-11-15,reconstruction_and_integration,10,15,0.667
481,Новопсковский вестник,Novopskov,2024-11-15,ukraine_as_enemy,0,15,0.0
481,Новопсковский вестник,Novopskov,2024-11-15,children_and_militarization,14,15,0.933
481,Новопсковский вестник,Novopskov,2024-11-15,leadership_and_loyalty,71,15,4.733
482,Новопсковский вестник,Novopskov,2024-11-22,recruitment_and_contract_service,0,15,0.0
482,Новопсковский вестник,Novopskov,2024-11-22,passportization_and_documents,11,15,0.733
482,Новопсковский вестник,Novopskov,2024-11-22,elections_and_administration,2,15,0.133
482,Новопсковский вестник,Novopskov,2024-11-22,reconstruction_and_integration,7,15,0.467
482,Новопсковский вестник,Novopskov,2024-11-22,ukraine_as_enemy,0,15,0.0
482,Новопсковский вестник,Novopskov,2024-11-22,children_and_militarization,3,15,0.2
482,Новопсковский вестник,Novopskov,2024-11-22,leadership_and_loyalty,76,15,5.067
483,Новопсковский вестник,Novopskov,2024-11-29,recruitment_and_contract_service,1,15,0.067
483,Новопсковский вестник,Novopskov,2024-11-29,passportization_and_documents,19,15,1.267
483,Новопсковский вестник,Novopskov,2024-11-29,elections_and_administration,7,15,0.467
483,Новопсковский вестник,Novopskov,2024-11-29,reconstruction_and_integration,6,15,0.4
483,Новопсковский вестник,Novopskov,2024-11-29,ukraine_as_enemy,4,15,0.267
483,Новопсковский вестник,Novopskov,2024-11-29,children_and_militarization,6,15,0.4
483,Новопсковский вестник,Novopskov,2024-11-29,leadership_and_loyalty,71,15,4.733
484,Новопсковский вестник,Novopskov,2024-12-06,recruitment_and_contract_service,2,15,0.133
484,Новопсковский вестник,Novopskov,2024-12-06,passportization_and_documents,18,15,1.2
484,Новопсковский вестник,Novopskov,2024-12-06,elections_and_administration,2,15,0.133
484,Новопсковский вестник,Novopskov,2024-12-06,reconstruction_and_integration,23,15,1.533
484,Новопсковский вестник,Novopskov,2024-12-06,ukraine_as_enemy,0,15,0.0
484,Новопсковский вестник,Novopskov,2024-12-06,children_and_militarization,11,15,0.733
484,Новопсковский вестник,Novopskov,2024-12-06,leadership_and_loyalty,49,15,3.267
485,Новопсковский вестник,Novopskov,2024-12-13,recruitment_and_contract_service,63,15,4.2
485,Новопсковский вестник,Novopskov,2024-12-13,passportization_and_documents,67,15,4.467
485,Новопсковский вестник,Novopskov,2024-12-13,elections_and_administration,13,15,0.867
485,Новопсковский вестник,Novopskov,2024-12-13,reconstruction_and_integration,17,15,1.133
485,Новопсковский вестник,Novopskov,2024-12-13,ukraine_as_enemy,4,15,0.267
485,Новопсковский вестник,Novopskov,2024-12-13,children_and_militarization,7,15,0.467
485,Новопсковский вестник,Novopskov,2024-12-13,leadership_and_loyalty,60,15,4.0
486,Новопсковский вестник,Novopskov,2025-02-14,recruitment_and_contract_service,3,15,0.2
486,Новопсковский вестник,Novopskov,2025-02-14,passportization_and_documents,10,15,0.667
486,Новопсковский вестник,Novopskov,2025-02-14,elections_and_administration,2,15,0.133
486,Новопсковский вестник,Novopskov,2025-02-14,reconstruction_and_integration,6,15,0.4
486,Новопсковский вестник,Novopskov,2025-02-14,ukraine_as_enemy,1,15,0.067
486,Новопсковский вестник,Novopskov,2025-02-14,children_and_militarization,2,15,0.133
486,Новопсковский вестник,Novopskov,2025-02-14,leadership_and_loyalty,94,15,6.267
487,Новопсковский вестник,Novopskov,2024-12-20,recruitment_and_contract_service,5,15,0.333
487,Новопсковский вестник,Novopskov,2024-12-20,passportization_and_documents,41,15,2.733
487,Новопсковский вестник,Novopskov,2024-12-20,elections_and_administration,2,15,0.133
487,Новопсковский вестник,Novopskov,2024-12-20,reconstruction_and_integration,23,15,1.533
487,Новопсковский вестник,Novopskov,2024-12-20,ukraine_as_enemy,3,15,0.2
487,Новопсковский вестник,Novopskov,2024-12-20,children_and_militarization,4,15,0.267
487,Новопсковский вестник,Novopskov,2024-12-20,leadership_and_loyalty,119,15,7.933
488,Новопсковский вестник,Novopskov,2024-12-27,recruitment_and_contract_service,43,15,2.867
488,Новопсковский вестник,Novopskov,2024-12-27,passportization_and_documents,8,15,0.533
488,Новопсковский вестник,Novopskov,2024-12-27,elections_and_administration,4,15,0.267
488,Новопсковский вестник,Novopskov,2024-12-27,reconstruction_and_integration,16,15,1.067
488,Новопсковский вестник,Novopskov,2024-12-27,ukraine_as_enemy,5,15,0.333
488,Новопсковский вестник,Novopskov,2024-12-27,children_and_militarization,3,15,0.2
488,Новопсковский вестник,Novopskov,2024-12-27,leadership_and_loyalty,95,15,6.333
489,Новопсковский вестник,Novopskov,2024-03-01,recruitment_and_contract_service,3,15,0.2
489,Новопсковский вестник,Novopskov,2024-03-01,passportization_and_documents,12,15,0.8
489,Новопсковский вестник,Novopskov,2024-03-01,elections_and_administration,6,15,0.4
489,Новопсковский вестник,Novopskov,2024-03-01,reconstruction_and_integration,10,15,0.667
489,Новопсковский вестник,Novopskov,2024-03-01,ukraine_as_enemy,11,15,0.733
489,Новопсковский вестник,Novopskov,2024-03-01,children_and_militarization,7,15,0.467
489,Новопсковский вестник,Novopskov,2024-03-01,leadership_and_loyalty,108,15,7.2
490,Новопсковский вестник,Novopskov,2025-02-28,recruitment_and_contract_service,5,15,0.333
490,Новопсковский вестник,Novopskov,2025-02-28,passportization_and_documents,7,15,0.467
490,Новопсковский вестник,Novopskov,2025-02-28,elections_and_administration,5,15,0.333
490,Новопсковский вестник,Novopskov,2025-02-28,reconstruction_and_integration,1,15,0.067
490,Новопсковский вестник,Novopskov,2025-02-28,ukraine_as_enemy,7,15,0.467
490,Новопсковский вестник,Novopskov,2025-02-28,children_and_militarization,17,15,1.133
490,Новопсковский вестник,Novopskov,2025-02-28,leadership_and_loyalty,140,15,9.333
491,Новопсковский вестник,Novopskov,2025-01-01,recruitment_and_contract_service,1,15,0.067
491,Новопсковский вестник,Novopskov,2025-01-01,passportization_and_documents,11,15,0.733
491,Новопсковский вестник,Novopskov,2025-01-01,elections_and_administration,2,15,0.133
491,Новопсковский вестник,Novopskov,2025-01-01,reconstruction_and_integration,5,15,0.333
491,Новопсковский вестник,Novopskov,2025-01-01,ukraine_as_enemy,1,15,0.067
491,Новопсковский вестник,Novopskov,2025-01-01,children_and_militarization,5,15,0.333
491,Новопсковский вестник,Novopskov,2025-01-01,leadership_and_loyalty,83,15,5.533
492,Новопсковский вестник,Novopskov,2025-03-14,recruitment_and_contract_service,7,15,0.467
492,Новопсковский вестник,Novopskov,2025-03-14,passportization_and_documents,9,15,0.6
492,Новопсковский вестник,Novopskov,2025-03-14,elections_and_administration,7,15,0.467
492,Новопсковский вестник,Novopskov,2025-03-14,reconstruction_and_integration,11,15,0.733
492,Новопсковский вестник,Novopskov,2025-03-14,ukraine_as_enemy,1,15,0.067
492,Новопсковский вестник,Novopskov,2025-03-14,children_and_militarization,5,15,0.333
492,Новопсковский вестник,Novopskov,2025-03-14,leadership_and_loyalty,118,15,7.867
493,Новопсковский вестник,Novopskov,2025-03-21,recruitment_and_contract_service,4,15,0.267
493,Новопсковский вестник,Novopskov,2025-03-21,passportization_and_documents,13,15,0.867
493,Новопсковский вестник,Novopskov,2025-03-21,elections_and_administration,2,15,0.133
493,Новопсковский вестник,Novopskov,2025-03-21,reconstruction_and_integration,12,15,0.8
493,Новопсковский вестник,Novopskov,2025-03-21,ukraine_as_enemy,10,15,0.667
493,Новопсковский вестник,Novopskov,2025-03-21,children_and_militarization,8,15,0.533
493,Новопсковский вестник,Novopskov,2025-03-21,leadership_and_loyalty,114,15,7.6
494,Огни,Alchevsk,2024-01-12,recruitment_and_contract_service,2,15,0.133
494,Огни,Alchevsk,2024-01-12,passportization_and_documents,23,15,1.533
494,Огни,Alchevsk,2024-01-12,elections_and_administration,5,15,0.333
494,Огни,Alchevsk,2024-01-12,reconstruction_and_integration,24,15,1.6
494,Огни,Alchevsk,2024-01-12,ukraine_as_enemy,0,15,0.0
494,Огни,Alchevsk,2024-01-12,children_and_militarization,2,15,0.133
494,Огни,Alchevsk,2024-01-12,leadership_and_loyalty,43,15,2.867
495,Огни,Alchevsk,2024-03-14,recruitment_and_contract_service,27,15,1.8
495,Огни,Alchevsk,2024-03-14,passportization_and_documents,84,15,5.6
495,Огни,Alchevsk,2024-03-14,elections_and_administration,30,15,2.0
495,Огни,Alchevsk,2024-03-14,reconstruction_and_integration,27,15,1.8
495,Огни,Alchevsk,2024-03-14,ukraine_as_enemy,0,15,0.0
495,Огни,Alchevsk,2024-03-14,children_and_militarization,4,15,0.267
495,Огни,Alchevsk,2024-03-14,leadership_and_loyalty,108,15,7.2
496,Огни,Alchevsk,2024-03-22,recruitment_and_contract_service,4,15,0.267
496,Огни,Alchevsk,2024-03-22,passportization_and_documents,122,15,8.133
496,Огни,Alchevsk,2024-03-22,elections_and_administration,50,15,3.333
496,Огни,Alchevsk,2024-03-22,reconstruction_and_integration,8,15,0.533
496,Огни,Alchevsk,2024-03-22,ukraine_as_enemy,6,15,0.4
496,Огни,Alchevsk,2024-03-22,children_and_militarization,2,15,0.133
496,Огни,Alchevsk,2024-03-22,leadership_and_loyalty,134,15,8.933
497,Огни,Alchevsk,2024-03-29,recruitment_and_contract_service,4,16,0.25
497,Огни,Alchevsk,2024-03-29,passportization_and_documents,25,16,1.562
497,Огни,Alchevsk,2024-03-29,elections_and_administration,68,16,4.25
497,Огни,Alchevsk,2024-03-29,reconstruction_and_integration,27,16,1.688
497,Огни,Alchevsk,2024-03-29,ukraine_as_enemy,0,16,0.0
497,Огни,Alchevsk,2024-03-29,children_and_militarization,11,16,0.688
497,Огни,Alchevsk,2024-03-29,leadership_and_loyalty,128,16,8.0
498,Огни,Alchevsk,2024-04-05,recruitment_and_contract_service,5,16,0.312
498,Огни,Alchevsk,2024-04-05,passportization_and_documents,16,16,1.0
498,Огни,Alchevsk,2024-04-05,elections_and_administration,3,16,0.188
498,Огни,Alchevsk,2024-04-05,reconstruction_and_integration,9,16,0.562
498,Огни,Alchevsk,2024-04-05,ukraine_as_enemy,4,16,0.25
498,Огни,Alchevsk,2024-04-05,children_and_militarization,2,16,0.125
498,Огни,Alchevsk,2024-04-05,leadership_and_loyalty,86,16,5.375
499,Огни,Alchevsk,2024-04-12,recruitment_and_contract_service,2,16,0.125
499,Огни,Alchevsk,2024-04-12,passportization_and_documents,18,16,1.125
499,Огни,Alchevsk,2024-04-12,elections_and_administration,24,16,1.5
499,Огни,Alchevsk,2024-04-12,reconstruction_and_integration,18,16,1.125
499,Огни,Alchevsk,2024-04-12,ukraine_as_enemy,1,16,0.062
499,Огни,Alchevsk,2024-04-12,children_and_militarization,3,16,0.188
499,Огни,Alchevsk,2024-04-12,leadership_and_loyalty,95,16,5.938
500,Огни,Alchevsk,2024-04-19,recruitment_and_contract_service,3,15,0.2
500,Огни,Alchevsk,2024-04-19,passportization_and_documents,11,15,0.733
500,Огни,Alchevsk,2024-04-19,elections_and_administration,0,15,0.0
500,Огни,Alchevsk,2024-04-19,reconstruction_and_integration,11,15,0.733
500,Огни,Alchevsk,2024-04-19,ukraine_as_enemy,3,15,0.2
500,Огни,Alchevsk,2024-04-19,children_and_militarization,7,15,0.467
500,Огни,Alchevsk,2024-04-19,leadership_and_loyalty,70,15,4.667
501,Огни,Alchevsk,2024-04-26,recruitment_and_contract_service,1,15,0.067
501,Огни,Alchevsk,2024-04-26,passportization_and_documents,8,15,0.533
501,Огни,Alchevsk,2024-04-26,elections_and_administration,11,15,0.733
501,Огни,Alchevsk,2024-04-26,reconstruction_and_integration,22,15,1.467
501,Огни,Alchevsk,2024-04-26,ukraine_as_enemy,6,15,0.4
501,Огни,Alchevsk,2024-04-26,children_and_militarization,5,15,0.333
501,Огни,Alchevsk,2024-04-26,leadership_and_loyalty,82,15,5.467
502,Огни,Alchevsk,2024-05-03,recruitment_and_contract_service,0,15,0.0
502,Огни,Alchevsk,2024-05-03,passportization_and_documents,11,15,0.733
502,Огни,Alchevsk,2024-05-03,elections_and_administration,15,15,1.0
502,Огни,Alchevsk,2024-05-03,reconstruction_and_integration,16,15,1.067
502,Огни,Alchevsk,2024-05-03,ukraine_as_enemy,4,15,0.267
502,Огни,Alchevsk,2024-05-03,children_and_militarization,15,15,1.0
502,Огни,Alchevsk,2024-05-03,leadership_and_loyalty,104,15,6.933
503,Огни,Alchevsk,2024-05-07,recruitment_and_contract_service,6,15,0.4
503,Огни,Alchevsk,2024-05-07,passportization_and_documents,8,15,0.533
503,Огни,Alchevsk,2024-05-07,elections_and_administration,5,15,0.333
503,Огни,Alchevsk,2024-05-07,reconstruction_and_integration,2,15,0.133
503,Огни,Alchevsk,2024-05-07,ukraine_as_enemy,0,15,0.0
503,Огни,Alchevsk,2024-05-07,children_and_militarization,0,15,0.0
503,Огни,Alchevsk,2024-05-07,leadership_and_loyalty,75,15,5.0
504,Огни,Alchevsk,2024-05-17,recruitment_and_contract_service,0,15,0.0
504,Огни,Alchevsk,2024-05-17,passportization_and_documents,10,15,0.667
504,Огни,Alchevsk,2024-05-17,elections_and_administration,11,15,0.733
504,Огни,Alchevsk,2024-05-17,reconstruction_and_integration,12,15,0.8
504,Огни,Alchevsk,2024-05-17,ukraine_as_enemy,4,15,0.267
504,Огни,Alchevsk,2024-05-17,children_and_militarization,5,15,0.333
504,Огни,Alchevsk,2024-05-17,leadership_and_loyalty,106,15,7.067
505,Огни,Alchevsk,2024-01-19,recruitment_and_contract_service,1,15,0.067
505,Огни,Alchevsk,2024-01-19,passportization_and_documents,18,15,1.2
505,Огни,Alchevsk,2024-01-19,elections_and_administration,93,15,6.2
505,Огни,Alchevsk,2024-01-19,reconstruction_and_integration,27,15,1.8
505,Огни,Alchevsk,2024-01-19,ukraine_as_enemy,1,15,0.067
505,Огни,Alchevsk,2024-01-19,children_and_militarization,2,15,0.133
505,Огни,Alchevsk,2024-01-19,leadership_and_loyalty,83,15,5.533
506,Огни,Alchevsk,2024-05-24,recruitment_and_contract_service,1,15,0.067
506,Огни,Alchevsk,2024-05-24,passportization_and_documents,10,15,0.667
506,Огни,Alchevsk,2024-05-24,elections_and_administration,14,15,0.933
506,Огни,Alchevsk,2024-05-24,reconstruction_and_integration,12,15,0.8
506,Огни,Alchevsk,2024-05-24,ukraine_as_enemy,1,15,0.067
506,Огни,Alchevsk,2024-05-24,children_and_militarization,8,15,0.533
506,Огни,Alchevsk,2024-05-24,leadership_and_loyalty,86,15,5.733
507,Огни,Alchevsk,2024-05-31,recruitment_and_contract_service,0,15,0.0
507,Огни,Alchevsk,2024-05-31,passportization_and_documents,8,15,0.533
507,Огни,Alchevsk,2024-05-31,elections_and_administration,1,15,0.067
507,Огни,Alchevsk,2024-05-31,reconstruction_and_integration,22,15,1.467
507,Огни,Alchevsk,2024-05-31,ukraine_as_enemy,2,15,0.133
507,Огни,Alchevsk,2024-05-31,children_and_militarization,7,15,0.467
507,Огни,Alchevsk,2024-05-31,leadership_and_loyalty,101,15,6.733
508,Огни,Alchevsk,2024-06-07,recruitment_and_contract_service,6,15,0.4
508,Огни,Alchevsk,2024-06-07,passportization_and_documents,7,15,0.467
508,Огни,Alchevsk,2024-06-07,elections_and_administration,7,15,0.467
508,Огни,Alchevsk,2024-06-07,reconstruction_and_integration,26,15,1.733
508,Огни,Alchevsk,2024-06-07,ukraine_as_enemy,3,15,0.2
508,Огни,Alchevsk,2024-06-07,children_and_militarization,10,15,0.667
508,Огни,Alchevsk,2024-06-07,leadership_and_loyalty,74,15,4.933
509,Огни,Alchevsk,2024-06-14,recruitment_and_contract_service,3,15,0.2
509,Огни,Alchevsk,2024-06-14,passportization_and_documents,12,15,0.8
509,Огни,Alchevsk,2024-06-14,elections_and_administration,30,15,2.0
509,Огни,Alchevsk,2024-06-14,reconstruction_and_integration,9,15,0.6
509,Огни,Alchevsk,2024-06-14,ukraine_as_enemy,0,15,0.0
509,Огни,Alchevsk,2024-06-14,children_and_militarization,11,15,0.733
509,Огни,Alchevsk,2024-06-14,leadership_and_loyalty,99,15,6.6
510,Огни,Alchevsk,2024-06-21,recruitment_and_contract_service,3,15,0.2
510,Огни,Alchevsk,2024-06-21,passportization_and_documents,11,15,0.733
510,Огни,Alchevsk,2024-06-21,elections_and_administration,1,15,0.067
510,Огни,Alchevsk,2024-06-21,reconstruction_and_integration,23,15,1.533
510,Огни,Alchevsk,2024-06-21,ukraine_as_enemy,2,15,0.133
510,Огни,Alchevsk,2024-06-21,children_and_militarization,16,15,1.067
510,Огни,Alchevsk,2024-06-21,leadership_and_loyalty,98,15,6.533
511,Огни,Alchevsk,2024-06-28,recruitment_and_contract_service,1,15,0.067
511,Огни,Alchevsk,2024-06-28,passportization_and_documents,17,15,1.133
511,Огни,Alchevsk,2024-06-28,elections_and_administration,2,15,0.133
511,Огни,Alchevsk,2024-06-28,reconstruction_and_integration,45,15,3.0
511,Огни,Alchevsk,2024-06-28,ukraine_as_enemy,2,15,0.133
511,Огни,Alchevsk,2024-06-28,children_and_militarization,8,15,0.533
511,Огни,Alchevsk,2024-06-28,leadership_and_loyalty,65,15,4.333
512,Огни,Alchevsk,2024-07-05,recruitment_and_contract_service,2,15,0.133
512,Огни,Alchevsk,2024-07-05,passportization_and_documents,13,15,0.867
512,Огни,Alchevsk,2024-07-05,elections_and_administration,28,15,1.867
512,Огни,Alchevsk,2024-07-05,reconstruction_and_integration,17,15,1.133
512,Огни,Alchevsk,2024-07-05,ukraine_as_enemy,3,15,0.2
512,Огни,Alchevsk,2024-07-05,children_and_militarization,3,15,0.2
512,Огни,Alchevsk,2024-07-05,leadership_and_loyalty,75,15,5.0
513,Огни,Alchevsk,2024-07-12,recruitment_and_contract_service,2,16,0.125
513,Огни,Alchevsk,2024-07-12,passportization_and_documents,7,16,0.438
513,Огни,Alchevsk,2024-07-12,elections_and_administration,5,16,0.312
513,Огни,Alchevsk,2024-07-12,reconstruction_and_integration,25,16,1.562
513,Огни,Alchevsk,2024-07-12,ukraine_as_enemy,0,16,0.0
513,Огни,Alchevsk,2024-07-12,children_and_militarization,14,16,0.875
513,Огни,Alchevsk,2024-07-12,leadership_and_loyalty,81,16,5.062
514,Огни,Alchevsk,2024-07-19,recruitment_and_contract_service,1,15,0.067
514,Огни,Alchevsk,2024-07-19,passportization_and_documents,2,15,0.133
514,Огни,Alchevsk,2024-07-19,elections_and_administration,1,15,0.067
514,Огни,Alchevsk,2024-07-19,reconstruction_and_integration,32,15,2.133
514,Огни,Alchevsk,2024-07-19,ukraine_as_enemy,0,15,0.0
514,Огни,Alchevsk,2024-07-19,children_and_militarization,7,15,0.467
514,Огни,Alchevsk,2024-07-19,leadership_and_loyalty,56,15,3.733
515,Огни,Alchevsk,2024-07-26,recruitment_and_contract_service,1,10,0.1
515,Огни,Alchevsk,2024-07-26,passportization_and_documents,14,10,1.4
515,Огни,Alchevsk,2024-07-26,elections_and_administration,1,10,0.1
515,Огни,Alchevsk,2024-07-26,reconstruction_and_integration,23,10,2.3
515,Огни,Alchevsk,2024-07-26,ukraine_as_enemy,6,10,0.6
515,Огни,Alchevsk,2024-07-26,children_and_militarization,1,10,0.1
515,Огни,Alchevsk,2024-07-26,leadership_and_loyalty,75,10,7.5
516,Огни,Alchevsk,2024-01-26,recruitment_and_contract_service,5,15,0.333
516,Огни,Alchevsk,2024-01-26,passportization_and_documents,34,15,2.267
516,Огни,Alchevsk,2024-01-26,elections_and_administration,12,15,0.8
516,Огни,Alchevsk,2024-01-26,reconstruction_and_integration,15,15,1.0
516,Огни,Alchevsk,2024-01-26,ukraine_as_enemy,0,15,0.0
516,Огни,Alchevsk,2024-01-26,children_and_militarization,3,15,0.2
516,Огни,Alchevsk,2024-01-26,leadership_and_loyalty,109,15,7.267
517,Огни,Alchevsk,2024-08-02,recruitment_and_contract_service,1,15,0.067
517,Огни,Alchevsk,2024-08-02,passportization_and_documents,12,15,0.8
517,Огни,Alchevsk,2024-08-02,elections_and_administration,5,15,0.333
517,Огни,Alchevsk,2024-08-02,reconstruction_and_integration,27,15,1.8
517,Огни,Alchevsk,2024-08-02,ukraine_as_enemy,0,15,0.0
517,Огни,Alchevsk,2024-08-02,children_and_militarization,9,15,0.6
517,Огни,Alchevsk,2024-08-02,leadership_and_loyalty,85,15,5.667
518,Огни,Alchevsk,2024-08-09,recruitment_and_contract_service,1,15,0.067
518,Огни,Alchevsk,2024-08-09,passportization_and_documents,14,15,0.933
518,Огни,Alchevsk,2024-08-09,elections_and_administration,7,15,0.467
518,Огни,Alchevsk,2024-08-09,reconstruction_and_integration,35,15,2.333
518,Огни,Alchevsk,2024-08-09,ukraine_as_enemy,1,15,0.067
518,Огни,Alchevsk,2024-08-09,children_and_militarization,3,15,0.2
518,Огни,Alchevsk,2024-08-09,leadership_and_loyalty,55,15,3.667
519,Огни,Alchevsk,2024-08-16,recruitment_and_contract_service,6,15,0.4
519,Огни,Alchevsk,2024-08-16,passportization_and_documents,9,15,0.6
519,Огни,Alchevsk,2024-08-16,elections_and_administration,1,15,0.067
519,Огни,Alchevsk,2024-08-16,reconstruction_and_integration,37,15,2.467
519,Огни,Alchevsk,2024-08-16,ukraine_as_enemy,6,15,0.4
519,Огни,Alchevsk,2024-08-16,children_and_militarization,4,15,0.267
519,Огни,Alchevsk,2024-08-16,leadership_and_loyalty,59,15,3.933
520,Огни,Alchevsk,2024-08-23,recruitment_and_contract_service,8,15,0.533
520,Огни,Alchevsk,2024-08-23,passportization_and_documents,15,15,1.0
520,Огни,Alchevsk,2024-08-23,elections_and_administration,1,15,0.067
520,Огни,Alchevsk,2024-08-23,reconstruction_and_integration,18,15,1.2
520,Огни,Alchevsk,2024-08-23,ukraine_as_enemy,0,15,0.0
520,Огни,Alchevsk,2024-08-23,children_and_militarization,2,15,0.133
520,Огни,Alchevsk,2024-08-23,leadership_and_loyalty,68,15,4.533
521,Огни,Alchevsk,2024-08-30,recruitment_and_contract_service,27,15,1.8
521,Огни,Alchevsk,2024-08-30,passportization_and_documents,19,15,1.267
521,Огни,Alchevsk,2024-08-30,elections_and_administration,1,15,0.067
521,Огни,Alchevsk,2024-08-30,reconstruction_and_integration,16,15,1.067
521,Огни,Alchevsk,2024-08-30,ukraine_as_enemy,2,15,0.133
521,Огни,Alchevsk,2024-08-30,children_and_militarization,10,15,0.667
521,Огни,Alchevsk,2024-08-30,leadership_and_loyalty,95,15,6.333
522,Огни,Alchevsk,2024-09-06,recruitment_and_contract_service,7,11,0.636
522,Огни,Alchevsk,2024-09-06,passportization_and_documents,12,11,1.091
522,Огни,Alchevsk,2024-09-06,elections_and_administration,9,11,0.818
522,Огни,Alchevsk,2024-09-06,reconstruction_and_integration,17,11,1.545
522,Огни,Alchevsk,2024-09-06,ukraine_as_enemy,0,11,0.0
522,Огни,Alchevsk,2024-09-06,children_and_militarization,8,11,0.727
522,Огни,Alchevsk,2024-09-06,leadership_and_loyalty,61,11,5.545
523,Огни,Alchevsk,2024-09-13,recruitment_and_contract_service,8,10,0.8
523,Огни,Alchevsk,2024-09-13,passportization_and_documents,12,10,1.2
523,Огни,Alchevsk,2024-09-13,elections_and_administration,2,10,0.2
523,Огни,Alchevsk,2024-09-13,reconstruction_and_integration,27,10,2.7
523,Огни,Alchevsk,2024-09-13,ukraine_as_enemy,0,10,0.0
523,Огни,Alchevsk,2024-09-13,children_and_militarization,8,10,0.8
523,Огни,Alchevsk,2024-09-13,leadership_and_loyalty,44,10,4.4
524,Огни,Alchevsk,2024-09-20,recruitment_and_contract_service,0,15,0.0
524,Огни,Alchevsk,2024-09-20,passportization_and_documents,19,15,1.267
524,Огни,Alchevsk,2024-09-20,elections_and_administration,13,15,0.867
524,Огни,Alchevsk,2024-09-20,reconstruction_and_integration,13,15,0.867
524,Огни,Alchevsk,2024-09-20,ukraine_as_enemy,1,15,0.067
524,Огни,Alchevsk,2024-09-20,children_and_militarization,7,15,0.467
524,Огни,Alchevsk,2024-09-20,leadership_and_loyalty,71,15,4.733
525,Огни,Alchevsk,2024-02-02,recruitment_and_contract_service,0,15,0.0
525,Огни,Alchevsk,2024-02-02,passportization_and_documents,15,15,1.0
525,Огни,Alchevsk,2024-02-02,elections_and_administration,58,15,3.867
525,Огни,Alchevsk,2024-02-02,reconstruction_and_integration,12,15,0.8
525,Огни,Alchevsk,2024-02-02,ukraine_as_enemy,1,15,0.067
525,Огни,Alchevsk,2024-02-02,children_and_militarization,4,15,0.267
525,Огни,Alchevsk,2024-02-02,leadership_and_loyalty,112,15,7.467
526,Огни,Alchevsk,2024-10-25,recruitment_and_contract_service,0,15,0.0
526,Огни,Alchevsk,2024-10-25,passportization_and_documents,17,15,1.133
526,Огни,Alchevsk,2024-10-25,elections_and_administration,1,15,0.067
526,Огни,Alchevsk,2024-10-25,reconstruction_and_integration,23,15,1.533
526,Огни,Alchevsk,2024-10-25,ukraine_as_enemy,0,15,0.0
526,Огни,Alchevsk,2024-10-25,children_and_militarization,5,15,0.333
526,Огни,Alchevsk,2024-10-25,leadership_and_loyalty,49,15,3.267
527,Огни,Alchevsk,2024-11-01,recruitment_and_contract_service,5,15,0.333
527,Огни,Alchevsk,2024-11-01,passportization_and_documents,15,15,1.0
527,Огни,Alchevsk,2024-11-01,elections_and_administration,2,15,0.133
527,Огни,Alchevsk,2024-11-01,reconstruction_and_integration,29,15,1.933
527,Огни,Alchevsk,2024-11-01,ukraine_as_enemy,1,15,0.067
527,Огни,Alchevsk,2024-11-01,children_and_militarization,11,15,0.733
527,Огни,Alchevsk,2024-11-01,leadership_and_loyalty,76,15,5.067
528,Огни,Alchevsk,2024-02-09,recruitment_and_contract_service,3,15,0.2
528,Огни,Alchevsk,2024-02-09,passportization_and_documents,26,15,1.733
528,Огни,Alchevsk,2024-02-09,elections_and_administration,7,15,0.467
528,Огни,Alchevsk,2024-02-09,reconstruction_and_integration,17,15,1.133
528,Огни,Alchevsk,2024-02-09,ukraine_as_enemy,1,15,0.067
528,Огни,Alchevsk,2024-02-09,children_and_militarization,8,15,0.533
528,Огни,Alchevsk,2024-02-09,leadership_and_loyalty,83,15,5.533
529,Огни,Alchevsk,2024-02-16,recruitment_and_contract_service,4,15,0.267
529,Огни,Alchevsk,2024-02-16,passportization_and_documents,38,15,2.533
529,Огни,Alchevsk,2024-02-16,elections_and_administration,34,15,2.267
529,Огни,Alchevsk,2024-02-16,reconstruction_and_integration,31,15,2.067
529,Огни,Alchevsk,2024-02-16,ukraine_as_enemy,1,15,0.067
529,Огни,Alchevsk,2024-02-16,children_and_militarization,6,15,0.4
529,Огни,Alchevsk,2024-02-16,leadership_and_loyalty,142,15,9.467
530,Огни,Alchevsk,2024-02-20,recruitment_and_contract_service,5,11,0.455
530,Огни,Alchevsk,2024-02-20,passportization_and_documents,36,11,3.273
530,Огни,Alchevsk,2024-02-20,elections_and_administration,30,11,2.727
530,Огни,Alchevsk,2024-02-20,reconstruction_and_integration,8,11,0.727
530,Огни,Alchevsk,2024-02-20,ukraine_as_enemy,1,11,0.091
530,Огни,Alchevsk,2024-02-20,children_and_militarization,3,11,0.273
530,Огни,Alchevsk,2024-02-20,leadership_and_loyalty,131,11,11.909
531,Огни,Alchevsk,2024-03-01,recruitment_and_contract_service,1,15,0.067
531,Огни,Alchevsk,2024-03-01,passportization_and_documents,40,15,2.667
531,Огни,Alchevsk,2024-03-01,elections_and_administration,69,15,4.6
531,Огни,Alchevsk,2024-03-01,reconstruction_and_integration,3,15,0.2
531,Огни,Alchevsk,2024-03-01,ukraine_as_enemy,1,15,0.067
531,Огни,Alchevsk,2024-03-01,children_and_militarization,5,15,0.333
531,Огни,Alchevsk,2024-03-01,leadership_and_loyalty,78,15,5.2
532,Огни,Alchevsk,2024-03-05,recruitment_and_contract_service,5,15,0.333
532,Огни,Alchevsk,2024-03-05,passportization_and_documents,77,15,5.133
532,Огни,Alchevsk,2024-03-05,elections_and_administration,2,15,0.133
532,Огни,Alchevsk,2024-03-05,reconstruction_and_integration,33,15,2.2
532,Огни,Alchevsk,2024-03-05,ukraine_as_enemy,0,15,0.0
532,Огни,Alchevsk,2024-03-05,children_and_militarization,1,15,0.067
532,Огни,Alchevsk,2024-03-05,leadership_and_loyalty,149,15,9.933
533,Огни,Alchevsk,2025-03-21,recruitment_and_contract_service,6,15,0.4
533,Огни,Alchevsk,2025-03-21,passportization_and_documents,16,15,1.067
533,Огни,Alchevsk,2025-03-21,elections_and_administration,2,15,0.133
533,Огни,Alchevsk,2025-03-21,reconstruction_and_integration,12,15,0.8
533,Огни,Alchevsk,2025-03-21,ukraine_as_enemy,10,15,0.667
533,Огни,Alchevsk,2025-03-21,children_and_militarization,2,15,0.133
533,Огни,Alchevsk,2025-03-21,leadership_and_loyalty,117,15,7.8
534,Огни,Alchevsk,2025-03-28,recruitment_and_contract_service,3,15,0.2
534,Огни,Alchevsk,2025-03-28,passportization_and_documents,15,15,1.0
534,Огни,Alchevsk,2025-03-28,elections_and_administration,4,15,0.267
534,Огни,Alchevsk,2025-03-28,reconstruction_and_integration,13,15,0.867
534,Огни,Alchevsk,2025-03-28,ukraine_as_enemy,5,15,0.333
534,Огни,Alchevsk,2025-03-28,children_and_militarization,2,15,0.133
534,Огни,Alchevsk,2025-03-28,leadership_and_loyalty,103,15,6.867
535,Огни,Alchevsk,2025-04-25,recruitment_and_contract_service,3,15,0.2
535,Огни,Alchevsk,2025-04-25,passportization_and_documents,10,15,0.667
535,Огни,Alchevsk,2025-04-25,elections_and_administration,13,15,0.867
535,Огни,Alchevsk,2025-04-25,reconstruction_and_integration,15,15,1.0
535,Огни,Alchevsk,2025-04-25,ukraine_as_enemy,3,15,0.2
535,Огни,Alchevsk,2025-04-25,children_and_militarization,1,15,0.067
535,Огни,Alchevsk,2025-04-25,leadership_and_loyalty,101,15,6.733
536,Огни,Alchevsk,2025-05-02,recruitment_and_contract_service,1,15,0.067
536,Огни,Alchevsk,2025-05-02,passportization_and_documents,15,15,1.0
536,Огни,Alchevsk,2025-05-02,elections_and_administration,14,15,0.933
536,Огни,Alchevsk,2025-05-02,reconstruction_and_integration,10,15,0.667
536,Огни,Alchevsk,2025-05-02,ukraine_as_enemy,6,15,0.4
536,Огни,Alchevsk,2025-05-02,children_and_militarization,8,15,0.533
536,Огни,Alchevsk,2025-05-02,leadership_and_loyalty,94,15,6.267
537,Огни,Alchevsk,2025-05-09,recruitment_and_contract_service,3,16,0.188
537,Огни,Alchevsk,2025-05-09,passportization_and_documents,24,16,1.5
537,Огни,Alchevsk,2025-05-09,elections_and_administration,2,16,0.125
537,Огни,Alchevsk,2025-05-09,reconstruction_and_integration,15,16,0.938
537,Огни,Alchevsk,2025-05-09,ukraine_as_enemy,3,16,0.188
537,Огни,Alchevsk,2025-05-09,children_and_militarization,8,16,0.5
537,Огни,Alchevsk,2025-05-09,leadership_and_loyalty,131,16,8.188
538,Огни,Alchevsk,2025-05-16,recruitment_and_contract_service,1,15,0.067
538,Огни,Alchevsk,2025-05-16,passportization_and_documents,8,15,0.533
538,Огни,Alchevsk,2025-05-16,elections_and_administration,11,15,0.733
538,Огни,Alchevsk,2025-05-16,reconstruction_and_integration,17,15,1.133
538,Огни,Alchevsk,2025-05-16,ukraine_as_enemy,4,15,0.267
538,Огни,Alchevsk,2025-05-16,children_and_militarization,9,15,0.6
538,Огни,Alchevsk,2025-05-16,leadership_and_loyalty,106,15,7.067
539,Огни,Alchevsk,2025-01-17,recruitment_and_contract_service,4,15,0.267
539,Огни,Alchevsk,2025-01-17,passportization_and_documents,11,15,0.733
539,Огни,Alchevsk,2025-01-17,elections_and_administration,0,15,0.0
539,Огни,Alchevsk,2025-01-17,reconstruction_and_integration,22,15,1.467
539,Огни,Alchevsk,2025-01-17,ukraine_as_enemy,0,15,0.0
539,Огни,Alchevsk,2025-01-17,children_and_militarization,8,15,0.533
539,Огни,Alchevsk,2025-01-17,leadership_and_loyalty,77,15,5.133
540,Огни,Alchevsk,2025-05-23,recruitment_and_contract_service,4,15,0.267
540,Огни,Alchevsk,2025-05-23,passportization_and_documents,11,15,0.733
540,Огни,Alchevsk,2025-05-23,elections_and_administration,2,15,0.133
540,Огни,Alchevsk,2025-05-23,reconstruction_and_integration,16,15,1.067
540,Огни,Alchevsk,2025-05-23,ukraine_as_enemy,2,15,0.133
540,Огни,Alchevsk,2025-05-23,children_and_militarization,14,15,0.933
540,Огни,Alchevsk,2025-05-23,leadership_and_loyalty,110,15,7.333
541,Огни,Alchevsk,2025-05-30,recruitment_and_contract_service,2,15,0.133
541,Огни,Alchevsk,2025-05-30,passportization_and_documents,8,15,0.533
541,Огни,Alchevsk,2025-05-30,elections_and_administration,3,15,0.2
541,Огни,Alchevsk,2025-05-30,reconstruction_and_integration,10,15,0.667
541,Огни,Alchevsk,2025-05-30,ukraine_as_enemy,0,15,0.0
541,Огни,Alchevsk,2025-05-30,children_and_militarization,14,15,0.933
541,Огни,Alchevsk,2025-05-30,leadership_and_loyalty,81,15,5.4
542,Огни,Alchevsk,2025-06-06,recruitment_and_contract_service,1,16,0.062
542,Огни,Alchevsk,2025-06-06,passportization_and_documents,12,16,0.75
542,Огни,Alchevsk,2025-06-06,elections_and_administration,4,16,0.25
542,Огни,Alchevsk,2025-06-06,reconstruction_and_integration,14,16,0.875
542,Огни,Alchevsk,2025-06-06,ukraine_as_enemy,1,16,0.062
542,Огни,Alchevsk,2025-06-06,children_and_militarization,10,16,0.625
542,Огни,Alchevsk,2025-06-06,leadership_and_loyalty,107,16,6.688
543,Огни,Alchevsk,2025-06-13,recruitment_and_contract_service,3,15,0.2
543,Огни,Alchevsk,2025-06-13,passportization_and_documents,9,15,0.6
543,Огни,Alchevsk,2025-06-13,elections_and_administration,2,15,0.133
543,Огни,Alchevsk,2025-06-13,reconstruction_and_integration,19,15,1.267
543,Огни,Alchevsk,2025-06-13,ukraine_as_enemy,3,15,0.2
543,Огни,Alchevsk,2025-06-13,children_and_militarization,6,15,0.4
543,Огни,Alchevsk,2025-06-13,leadership_and_loyalty,99,15,6.6
544,Огни,Alchevsk,2025-07-11,recruitment_and_contract_service,3,15,0.2
544,Огни,Alchevsk,2025-07-11,passportization_and_documents,10,15,0.667
544,Огни,Alchevsk,2025-07-11,elections_and_administration,0,15,0.0
544,Огни,Alchevsk,2025-07-11,reconstruction_and_integration,22,15,1.467
544,Огни,Alchevsk,2025-07-11,ukraine_as_enemy,5,15,0.333
544,Огни,Alchevsk,2025-07-11,children_and_militarization,3,15,0.2
544,Огни,Alchevsk,2025-07-11,leadership_and_loyalty,87,15,5.8
545,Огни,Alchevsk,2025-07-18,recruitment_and_contract_service,4,15,0.267
545,Огни,Alchevsk,2025-07-18,passportization_and_documents,8,15,0.533
545,Огни,Alchevsk,2025-07-18,elections_and_administration,7,15,0.467
545,Огни,Alchevsk,2025-07-18,reconstruction_and_integration,27,15,1.8
545,Огни,Alchevsk,2025-07-18,ukraine_as_enemy,7,15,0.467
545,Огни,Alchevsk,2025-07-18,children_and_militarization,10,15,0.667
545,Огни,Alchevsk,2025-07-18,leadership_and_loyalty,74,15,4.933
546,Огни,Alchevsk,2025-07-25,recruitment_and_contract_service,1,15,0.067
546,Огни,Alchevsk,2025-07-25,passportization_and_documents,8,15,0.533
546,Огни,Alchevsk,2025-07-25,elections_and_administration,16,15,1.067
546,Огни,Alchevsk,2025-07-25,reconstruction_and_integration,22,15,1.467
546,Огни,Alchevsk,2025-07-25,ukraine_as_enemy,0,15,0.0
546,Огни,Alchevsk,2025-07-25,children_and_militarization,2,15,0.133
546,Огни,Alchevsk,2025-07-25,leadership_and_loyalty,82,15,5.467
547,Огни,Alchevsk,2025-08-01,recruitment_and_contract_service,8,15,0.533
547,Огни,Alchevsk,2025-08-01,passportization_and_documents,21,15,1.4
547,Огни,Alchevsk,2025-08-01,elections_and_administration,0,15,0.0
547,Огни,Alchevsk,2025-08-01,reconstruction_and_integration,13,15,0.867
547,Огни,Alchevsk,2025-08-01,ukraine_as_enemy,12,15,0.8
547,Огни,Alchevsk,2025-08-01,children_and_militarization,5,15,0.333
547,Огни,Alchevsk,2025-08-01,leadership_and_loyalty,82,15,5.467
548,Огни,Alchevsk,2025-01-31,recruitment_and_contract_service,2,15,0.133
548,Огни,Alchevsk,2025-01-31,passportization_and_documents,9,15,0.6
548,Огни,Alchevsk,2025-01-31,elections_and_administration,3,15,0.2
548,Огни,Alchevsk,2025-01-31,reconstruction_and_integration,15,15,1.0
548,Огни,Alchevsk,2025-01-31,ukraine_as_enemy,1,15,0.067
548,Огни,Alchevsk,2025-01-31,children_and_militarization,20,15,1.333
548,Огни,Alchevsk,2025-01-31,leadership_and_loyalty,81,15,5.4
549,Огни,Alchevsk,2025-08-08,recruitment_and_contract_service,6,15,0.4
549,Огни,Alchevsk,2025-08-08,passportization_and_documents,17,15,1.133
549,Огни,Alchevsk,2025-08-08,elections_and_administration,1,15,0.067
549,Огни,Alchevsk,2025-08-08,reconstruction_and_integration,31,15,2.067
549,Огни,Alchevsk,2025-08-08,ukraine_as_enemy,2,15,0.133
549,Огни,Alchevsk,2025-08-08,children_and_militarization,5,15,0.333
549,Огни,Alchevsk,2025-08-08,leadership_and_loyalty,77,15,5.133
550,Огни,Alchevsk,2025-08-15,recruitment_and_contract_service,3,15,0.2
550,Огни,Alchevsk,2025-08-15,passportization_and_documents,24,15,1.6
550,Огни,Alchevsk,2025-08-15,elections_and_administration,2,15,0.133
550,Огни,Alchevsk,2025-08-15,reconstruction_and_integration,19,15,1.267
550,Огни,Alchevsk,2025-08-15,ukraine_as_enemy,1,15,0.067
550,Огни,Alchevsk,2025-08-15,children_and_militarization,6,15,0.4
550,Огни,Alchevsk,2025-08-15,leadership_and_loyalty,74,15,4.933
551,Огни,Alchevsk,2025-08-22,recruitment_and_contract_service,5,15,0.333
551,Огни,Alchevsk,2025-08-22,passportization_and_documents,8,15,0.533
551,Огни,Alchevsk,2025-08-22,elections_and_administration,1,15,0.067
551,Огни,Alchevsk,2025-08-22,reconstruction_and_integration,29,15,1.933
551,Огни,Alchevsk,2025-08-22,ukraine_as_enemy,5,15,0.333
551,Огни,Alchevsk,2025-08-22,children_and_militarization,4,15,0.267
551,Огни,Alchevsk,2025-08-22,leadership_and_loyalty,75,15,5.0
552,Огни,Alchevsk,2025-08-29,recruitment_and_contract_service,1,15,0.067
552,Огни,Alchevsk,2025-08-29,passportization_and_documents,11,15,0.733
552,Огни,Alchevsk,2025-08-29,elections_and_administration,0,15,0.0
552,Огни,Alchevsk,2025-08-29,reconstruction_and_integration,19,15,1.267
552,Огни,Alchevsk,2025-08-29,ukraine_as_enemy,0,15,0.0
552,Огни,Alchevsk,2025-08-29,children_and_militarization,7,15,0.467
552,Огни,Alchevsk,2025-08-29,leadership_and_loyalty,65,15,4.333
553,Огни,Alchevsk,2025-09-05,recruitment_and_contract_service,5,15,0.333
553,Огни,Alchevsk,2025-09-05,passportization_and_documents,13,15,0.867
553,Огни,Alchevsk,2025-09-05,elections_and_administration,5,15,0.333
553,Огни,Alchevsk,2025-09-05,reconstruction_and_integration,23,15,1.533
553,Огни,Alchevsk,2025-09-05,ukraine_as_enemy,1,15,0.067
553,Огни,Alchevsk,2025-09-05,children_and_militarization,10,15,0.667
553,Огни,Alchevsk,2025-09-05,leadership_and_loyalty,83,15,5.533
554,Огни,Alchevsk,2025-02-07,recruitment_and_contract_service,4,15,0.267
554,Огни,Alchevsk,2025-02-07,passportization_and_documents,12,15,0.8
554,Огни,Alchevsk,2025-02-07,elections_and_administration,2,15,0.133
554,Огни,Alchevsk,2025-02-07,reconstruction_and_integration,12,15,0.8
554,Огни,Alchevsk,2025-02-07,ukraine_as_enemy,3,15,0.2
554,Огни,Alchevsk,2025-02-07,children_and_militarization,4,15,0.267
554,Огни,Alchevsk,2025-02-07,leadership_and_loyalty,98,15,6.533
555,Огни,Alchevsk,2025-02-14,recruitment_and_contract_service,3,15,0.2
555,Огни,Alchevsk,2025-02-14,passportization_and_documents,6,15,0.4
555,Огни,Alchevsk,2025-02-14,elections_and_administration,1,15,0.067
555,Огни,Alchevsk,2025-02-14,reconstruction_and_integration,10,15,0.667
555,Огни,Alchevsk,2025-02-14,ukraine_as_enemy,5,15,0.333
555,Огни,Alchevsk,2025-02-14,children_and_militarization,5,15,0.333
555,Огни,Alchevsk,2025-02-14,leadership_and_loyalty,94,15,6.267
556,Огни,Alchevsk,2025-04-18,recruitment_and_contract_service,3,15,0.2
556,Огни,Alchevsk,2025-04-18,passportization_and_documents,13,15,0.867
556,Огни,Alchevsk,2025-04-18,elections_and_administration,5,15,0.333
556,Огни,Alchevsk,2025-04-18,reconstruction_and_integration,16,15,1.067
556,Огни,Alchevsk,2025-04-18,ukraine_as_enemy,7,15,0.467
556,Огни,Alchevsk,2025-04-18,children_and_militarization,5,15,0.333
556,Огни,Alchevsk,2025-04-18,leadership_and_loyalty,82,15,5.467
557,Огни,Alchevsk,2025-01-24,recruitment_and_contract_service,0,15,0.0
557,Огни,Alchevsk,2025-01-24,passportization_and_documents,21,15,1.4
557,Огни,Alchevsk,2025-01-24,elections_and_administration,3,15,0.2
557,Огни,Alchevsk,2025-01-24,reconstruction_and_integration,21,15,1.4
557,Огни,Alchevsk,2025-01-24,ukraine_as_enemy,3,15,0.2
557,Огни,Alchevsk,2025-01-24,children_and_militarization,13,15,0.867
557,Огни,Alchevsk,2025-01-24,leadership_and_loyalty,98,15,6.533
558,Огни,Alchevsk,2024-11-15,recruitment_and_contract_service,1,15,0.067
558,Огни,Alchevsk,2024-11-15,passportization_and_documents,31,15,2.067
558,Огни,Alchevsk,2024-11-15,elections_and_administration,3,15,0.2
558,Огни,Alchevsk,2024-11-15,reconstruction_and_integration,5,15,0.333
558,Огни,Alchevsk,2024-11-15,ukraine_as_enemy,1,15,0.067
558,Огни,Alchevsk,2024-11-15,children_and_militarization,15,15,1.0
558,Огни,Alchevsk,2024-11-15,leadership_and_loyalty,57,15,3.8
559,Огни,Alchevsk,2025-01-01,recruitment_and_contract_service,1,15,0.067
559,Огни,Alchevsk,2025-01-01,passportization_and_documents,16,15,1.067
559,Огни,Alchevsk,2025-01-01,elections_and_administration,3,15,0.2
559,Огни,Alchevsk,2025-01-01,reconstruction_and_integration,8,15,0.533
559,Огни,Alchevsk,2025-01-01,ukraine_as_enemy,1,15,0.067
559,Огни,Alchevsk,2025-01-01,children_and_militarization,6,15,0.4
559,Огни,Alchevsk,2025-01-01,leadership_and_loyalty,102,15,6.8
560,Огни,Alchevsk,2025-03-14,recruitment_and_contract_service,7,15,0.467
560,Огни,Alchevsk,2025-03-14,passportization_and_documents,16,15,1.067
560,Огни,Alchevsk,2025-03-14,elections_and_administration,6,15,0.4
560,Огни,Alchevsk,2025-03-14,reconstruction_and_integration,19,15,1.267
560,Огни,Alchevsk,2025-03-14,ukraine_as_enemy,1,15,0.067
560,Огни,Alchevsk,2025-03-14,children_and_militarization,7,15,0.467
560,Огни,Alchevsk,2025-03-14,leadership_and_loyalty,110,15,7.333
561,Огни,Alchevsk,2025-06-27,recruitment_and_contract_service,5,15,0.333
561,Огни,Alchevsk,2025-06-27,passportization_and_documents,16,15,1.067
561,Огни,Alchevsk,2025-06-27,elections_and_administration,2,15,0.133
561,Огни,Alchevsk,2025-06-27,reconstruction_and_integration,36,15,2.4
561,Огни,Alchevsk,2025-06-27,ukraine_as_enemy,6,15,0.4
561,Огни,Alchevsk,2025-06-27,children_and_militarization,9,15,0.6
561,Огни,Alchevsk,2025-06-27,leadership_and_loyalty,82,15,5.467
562,Огни,Alchevsk,2025-07-04,recruitment_and_contract_service,1,15,0.067
562,Огни,Alchevsk,2025-07-04,passportization_and_documents,35,15,2.333
562,Огни,Alchevsk,2025-07-04,elections_and_administration,2,15,0.133
562,Огни,Alchevsk,2025-07-04,reconstruction_and_integration,15,15,1.0
562,Огни,Alchevsk,2025-07-04,ukraine_as_enemy,5,15,0.333
562,Огни,Alchevsk,2025-07-04,children_and_militarization,1,15,0.067
562,Огни,Alchevsk,2025-07-04,leadership_and_loyalty,80,15,5.333
563,Огни,Alchevsk,2024-12-06,recruitment_and_contract_service,2,15,0.133
563,Огни,Alchevsk,2024-12-06,passportization_and_documents,9,15,0.6
563,Огни,Alchevsk,2024-12-06,elections_and_administration,1,15,0.067
563,Огни,Alchevsk,2024-12-06,reconstruction_and_integration,26,15,1.733
563,Огни,Alchevsk,2024-12-06,ukraine_as_enemy,0,15,0.0
563,Огни,Alchevsk,2024-12-06,children_and_militarization,7,15,0.467
563,Огни,Alchevsk,2024-12-06,leadership_and_loyalty,70,15,4.667
564,Огни,Alchevsk,2024-12-20,recruitment_and_contract_service,5,15,0.333
564,Огни,Alchevsk,2024-12-20,passportization_and_documents,31,15,2.067
564,Огни,Alchevsk,2024-12-20,elections_and_administration,18,15,1.2
564,Огни,Alchevsk,2024-12-20,reconstruction_and_integration,28,15,1.867
564,Огни,Alchevsk,2024-12-20,ukraine_as_enemy,3,15,0.2
564,Огни,Alchevsk,2024-12-20,children_and_militarization,4,15,0.267
564,Огни,Alchevsk,2024-12-20,leadership_and_loyalty,132,15,8.8
565,Огни,Alchevsk,2024-12-27,recruitment_and_contract_service,0,15,0.0
565,Огни,Alchevsk,2024-12-27,passportization_and_documents,14,15,0.933
565,Огни,Alchevsk,2024-12-27,elections_and_administration,16,15,1.067
565,Огни,Alchevsk,2024-12-27,reconstruction_and_integration,8,15,0.533
565,Огни,Alchevsk,2024-12-27,ukraine_as_enemy,4,15,0.267
565,Огни,Alchevsk,2024-12-27,children_and_militarization,5,15,0.333
565,Огни,Alchevsk,2024-12-27,leadership_and_loyalty,87,15,5.8
566,Огни,Alchevsk,2024-10-04,recruitment_and_contract_service,0,15,0.0
566,Огни,Alchevsk,2024-10-04,passportization_and_documents,24,15,1.6
566,Огни,Alchevsk,2024-10-04,elections_and_administration,7,15,0.467
566,Огни,Alchevsk,2024-10-04,reconstruction_and_integration,35,15,2.333
566,Огни,Alchevsk,2024-10-04,ukraine_as_enemy,1,15,0.067
566,Огни,Alchevsk,2024-10-04,children_and_militarization,10,15,0.667
566,Огни,Alchevsk,2024-10-04,leadership_and_loyalty,83,15,5.533
567,Огни,Alchevsk,2024-10-11,recruitment_and_contract_service,5,15,0.333
567,Огни,Alchevsk,2024-10-11,passportization_and_documents,12,15,0.8
567,Огни,Alchevsk,2024-10-11,elections_and_administration,1,15,0.067
567,Огни,Alchevsk,2024-10-11,reconstruction_and_integration,12,15,0.8
567,Огни,Alchevsk,2024-10-11,ukraine_as_enemy,1,15,0.067
567,Огни,Alchevsk,2024-10-11,children_and_militarization,1,15,0.067
567,Огни,Alchevsk,2024-10-11,leadership_and_loyalty,78,15,5.2
568,Огни,Alchevsk,2024-11-08,recruitment_and_contract_service,0,15,0.0
568,Огни,Alchevsk,2024-11-08,passportization_and_documents,18,15,1.2
568,Огни,Alchevsk,2024-11-08,elections_and_administration,1,15,0.067
568,Огни,Alchevsk,2024-11-08,reconstruction_and_integration,19,15,1.267
568,Огни,Alchevsk,2024-11-08,ukraine_as_enemy,2,15,0.133
568,Огни,Alchevsk,2024-11-08,children_and_militarization,11,15,0.733
568,Огни,Alchevsk,2024-11-08,leadership_and_loyalty,72,15,4.8
569,Огни,Alchevsk,2024-12-13,recruitment_and_contract_service,5,15,0.333
569,Огни,Alchevsk,2024-12-13,passportization_and_documents,29,15,1.933
569,Огни,Alchevsk,2024-12-13,elections_and_administration,1,15,0.067
569,Огни,Alchevsk,2024-12-13,reconstruction_and_integration,13,15,0.867
569,Огни,Alchevsk,2024-12-13,ukraine_as_enemy,3,15,0.2
569,Огни,Alchevsk,2024-12-13,children_and_militarization,9,15,0.6
569,Огни,Alchevsk,2024-12-13,leadership_and_loyalty,121,15,8.067
570,Огни,Alchevsk,2024-09-27,recruitment_and_contract_service,1,15,0.067
570,Огни,Alchevsk,2024-09-27,passportization_and_documents,18,15,1.2
570,Огни,Alchevsk,2024-09-27,elections_and_administration,8,15,0.533
570,Огни,Alchevsk,2024-09-27,reconstruction_and_integration,29,15,1.933
570,Огни,Alchevsk,2024-09-27,ukraine_as_enemy,1,15,0.067
570,Огни,Alchevsk,2024-09-27,children_and_militarization,13,15,0.867
570,Огни,Alchevsk,2024-09-27,leadership_and_loyalty,65,15,4.333
571,Огни,Alchevsk,2024-10-18,recruitment_and_contract_service,0,10,0.0
571,Огни,Alchevsk,2024-10-18,passportization_and_documents,16,10,1.6
571,Огни,Alchevsk,2024-10-18,elections_and_administration,2,10,0.2
571,Огни,Alchevsk,2024-10-18,reconstruction_and_integration,13,10,1.3
571,Огни,Alchevsk,2024-10-18,ukraine_as_enemy,0,10,0.0
571,Огни,Alchevsk,2024-10-18,children_and_militarization,6,10,0.6
571,Огни,Alchevsk,2024-10-18,leadership_and_loyalty,49,10,4.9
572,Огни,Alchevsk,2024-11-22,recruitment_and_contract_service,2,16,0.125
572,Огни,Alchevsk,2024-11-22,passportization_and_documents,11,16,0.688
572,Огни,Alchevsk,2024-11-22,elections_and_administration,1,16,0.062
572,Огни,Alchevsk,2024-11-22,reconstruction_and_integration,19,16,1.188
572,Огни,Alchevsk,2024-11-22,ukraine_as_enemy,1,16,0.062
572,Огни,Alchevsk,2024-11-22,children_and_militarization,16,16,1.0
572,Огни,Alchevsk,2024-11-22,leadership_and_loyalty,102,16,6.375
573,Огни,Alchevsk,2024-11-29,recruitment_and_contract_service,0,15,0.0
573,Огни,Alchevsk,2024-11-29,passportization_and_documents,16,15,1.067
573,Огни,Alchevsk,2024-11-29,elections_and_administration,1,15,0.067
573,Огни,Alchevsk,2024-11-29,reconstruction_and_integration,16,15,1.067
573,Огни,Alchevsk,2024-11-29,ukraine_as_enemy,1,15,0.067
573,Огни,Alchevsk,2024-11-29,children_and_militarization,13,15,0.867
573,Огни,Alchevsk,2024-11-29,leadership_and_loyalty,72,15,4.8
574,Огни,Alchevsk,2025-02-28,recruitment_and_contract_service,6,15,0.4
574,Огни,Alchevsk,2025-02-28,passportization_and_documents,12,15,0.8
574,Огни,Alchevsk,2025-02-28,elections_and_administration,8,15,0.533
574,Огни,Alchevsk,2025-02-28,reconstruction_and_integration,12,15,0.8
574,Огни,Alchevsk,2025-02-28,ukraine_as_enemy,8,15,0.533
574,Огни,Alchevsk,2025-02-28,children_and_militarization,8,15,0.533
574,Огни,Alchevsk,2025-02-28,leadership_and_loyalty,124,15,8.267
575,Наша Народная Трибуна,Perevalsk,2024-08-22,recruitment_and_contract_service,11,15,0.733
575,Наша Народная Трибуна,Perevalsk,2024-08-22,passportization_and_documents,36,15,2.4
575,Наша Народная Трибуна,Perevalsk,2024-08-22,elections_and_administration,1,15,0.067
575,Наша Народная Трибуна,Perevalsk,2024-08-22,reconstruction_and_integration,35,15,2.333
575,Наша Народная Трибуна,Perevalsk,2024-08-22,ukraine_as_enemy,0,15,0.0
575,Наша Народная Трибуна,Perevalsk,2024-08-22,children_and_militarization,10,15,0.667
575,Наша Народная Трибуна,Perevalsk,2024-08-22,leadership_and_loyalty,72,15,4.8
576,Наша Народная Трибуна,Perevalsk,2024-08-22,recruitment_and_contract_service,18,16,1.125
576,Наша Народная Трибуна,Perevalsk,2024-08-22,passportization_and_documents,19,16,1.188
576,Наша Народная Трибуна,Perevalsk,2024-08-22,elections_and_administration,0,16,0.0
576,Наша Народная Трибуна,Perevalsk,2024-08-22,reconstruction_and_integration,31,16,1.938
576,Наша Народная Трибуна,Perevalsk,2024-08-22,ukraine_as_enemy,1,16,0.062
576,Наша Народная Трибуна,Perevalsk,2024-08-22,children_and_militarization,5,16,0.312
576,Наша Народная Трибуна,Perevalsk,2024-08-22,leadership_and_loyalty,70,16,4.375
577,Наша Народная Трибуна,Perevalsk,2024-09-05,recruitment_and_contract_service,3,15,0.2
577,Наша Народная Трибуна,Perevalsk,2024-09-05,passportization_and_documents,31,15,2.067
577,Наша Народная Трибуна,Perevalsk,2024-09-05,elections_and_administration,24,15,1.6
577,Наша Народная Трибуна,Perevalsk,2024-09-05,reconstruction_and_integration,37,15,2.467
577,Наша Народная Трибуна,Perevalsk,2024-09-05,ukraine_as_enemy,0,15,0.0
577,Наша Народная Трибуна,Perevalsk,2024-09-05,children_and_militarization,9,15,0.6
577,Наша Народная Трибуна,Perevalsk,2024-09-05,leadership_and_loyalty,68,15,4.533
578,Наша Народная Трибуна,Perevalsk,2024-09-12,recruitment_and_contract_service,3,15,0.2
578,Наша Народная Трибуна,Perevalsk,2024-09-12,passportization_and_documents,26,15,1.733
578,Наша Народная Трибуна,Perevalsk,2024-09-12,elections_and_administration,10,15,0.667
578,Наша Народная Трибуна,Perevalsk,2024-09-12,reconstruction_and_integration,27,15,1.8
578,Наша Народная Трибуна,Perevalsk,2024-09-12,ukraine_as_enemy,0,15,0.0
578,Наша Народная Трибуна,Perevalsk,2024-09-12,children_and_militarization,5,15,0.333
578,Наша Народная Трибуна,Perevalsk,2024-09-12,leadership_and_loyalty,74,15,4.933
579,Наша Народная Трибуна,Perevalsk,2024-09-19,recruitment_and_contract_service,0,15,0.0
579,Наша Народная Трибуна,Perevalsk,2024-09-19,passportization_and_documents,139,15,9.267
579,Наша Народная Трибуна,Perevalsk,2024-09-19,elections_and_administration,0,15,0.0
579,Наша Народная Трибуна,Perevalsk,2024-09-19,reconstruction_and_integration,34,15,2.267
579,Наша Народная Трибуна,Perevalsk,2024-09-19,ukraine_as_enemy,4,15,0.267
579,Наша Народная Трибуна,Perevalsk,2024-09-19,children_and_militarization,7,15,0.467
579,Наша Народная Трибуна,Perevalsk,2024-09-19,leadership_and_loyalty,108,15,7.2
580,Наша Народная Трибуна,Perevalsk,2024-09-26,recruitment_and_contract_service,1,15,0.067
580,Наша Народная Трибуна,Perevalsk,2024-09-26,passportization_and_documents,105,15,7.0
580,Наша Народная Трибуна,Perevalsk,2024-09-26,elections_and_administration,5,15,0.333
580,Наша Народная Трибуна,Perevalsk,2024-09-26,reconstruction_and_integration,23,15,1.533
580,Наша Народная Трибуна,Perevalsk,2024-09-26,ukraine_as_enemy,1,15,0.067
580,Наша Народная Трибуна,Perevalsk,2024-09-26,children_and_militarization,2,15,0.133
580,Наша Народная Трибуна,Perevalsk,2024-09-26,leadership_and_loyalty,131,15,8.733
581,Наша Народная Трибуна,Perevalsk,2024-10-03,recruitment_and_contract_service,1,15,0.067
581,Наша Народная Трибуна,Perevalsk,2024-10-03,passportization_and_documents,23,15,1.533
581,Наша Народная Трибуна,Perevalsk,2024-10-03,elections_and_administration,15,15,1.0
581,Наша Народная Трибуна,Perevalsk,2024-10-03,reconstruction_and_integration,23,15,1.533
581,Наша Народная Трибуна,Perevalsk,2024-10-03,ukraine_as_enemy,1,15,0.067
581,Наша Народная Трибуна,Perevalsk,2024-10-03,children_and_militarization,5,15,0.333
581,Наша Народная Трибуна,Perevalsk,2024-10-03,leadership_and_loyalty,103,15,6.867
582,Наша Народная Трибуна,Perevalsk,2024-10-10,recruitment_and_contract_service,10,15,0.667
582,Наша Народная Трибуна,Perevalsk,2024-10-10,passportization_and_documents,45,15,3.0
582,Наша Народная Трибуна,Perevalsk,2024-10-10,elections_and_administration,3,15,0.2
582,Наша Народная Трибуна,Perevalsk,2024-10-10,reconstruction_and_integration,12,15,0.8
582,Наша Народная Трибуна,Perevalsk,2024-10-10,ukraine_as_enemy,1,15,0.067
582,Наша Народная Трибуна,Perevalsk,2024-10-10,children_and_militarization,8,15,0.533
582,Наша Народная Трибуна,Perevalsk,2024-10-10,leadership_and_loyalty,75,15,5.0
583,Наша Народная Трибуна,Perevalsk,2024-10-17,recruitment_and_contract_service,0,15,0.0
583,Наша Народная Трибуна,Perevalsk,2024-10-17,passportization_and_documents,55,15,3.667
583,Наша Народная Трибуна,Perevalsk,2024-10-17,elections_and_administration,0,15,0.0
583,Наша Народная Трибуна,Perevalsk,2024-10-17,reconstruction_and_integration,15,15,1.0
583,Наша Народная Трибуна,Perevalsk,2024-10-17,ukraine_as_enemy,0,15,0.0
583,Наша Народная Трибуна,Perevalsk,2024-10-17,children_and_militarization,9,15,0.6
583,Наша Народная Трибуна,Perevalsk,2024-10-17,leadership_and_loyalty,91,15,6.067
584,Наша Народная Трибуна,Perevalsk,2024-10-24,recruitment_and_contract_service,1,15,0.067
584,Наша Народная Трибуна,Perevalsk,2024-10-24,passportization_and_documents,17,15,1.133
584,Наша Народная Трибуна,Perevalsk,2024-10-24,elections_and_administration,12,15,0.8
584,Наша Народная Трибуна,Perevalsk,2024-10-24,reconstruction_and_integration,21,15,1.4
584,Наша Народная Трибуна,Perevalsk,2024-10-24,ukraine_as_enemy,1,15,0.067
584,Наша Народная Трибуна,Perevalsk,2024-10-24,children_and_militarization,2,15,0.133
584,Наша Народная Трибуна,Perevalsk,2024-10-24,leadership_and_loyalty,53,15,3.533
585,Наша Народная Трибуна,Perevalsk,2024-10-31,recruitment_and_contract_service,1,10,0.1
585,Наша Народная Трибуна,Perevalsk,2024-10-31,passportization_and_documents,7,10,0.7
585,Наша Народная Трибуна,Perevalsk,2024-10-31,elections_and_administration,1,10,0.1
585,Наша Народная Трибуна,Perevalsk,2024-10-31,reconstruction_and_integration,17,10,1.7
585,Наша Народная Трибуна,Perevalsk,2024-10-31,ukraine_as_enemy,0,10,0.0
585,Наша Народная Трибуна,Perevalsk,2024-10-31,children_and_militarization,3,10,0.3
585,Наша Народная Трибуна,Perevalsk,2024-10-31,leadership_and_loyalty,39,10,3.9
586,Наша Народная Трибуна,Perevalsk,2024-11-07,recruitment_and_contract_service,3,15,0.2
586,Наша Народная Трибуна,Perevalsk,2024-11-07,passportization_and_documents,19,15,1.267
586,Наша Народная Трибуна,Perevalsk,2024-11-07,elections_and_administration,0,15,0.0
586,Наша Народная Трибуна,Perevalsk,2024-11-07,reconstruction_and_integration,13,15,0.867
586,Наша Народная Трибуна,Perevalsk,2024-11-07,ukraine_as_enemy,0,15,0.0
586,Наша Народная Трибуна,Perevalsk,2024-11-07,children_and_militarization,3,15,0.2
586,Наша Народная Трибуна,Perevalsk,2024-11-07,leadership_and_loyalty,63,15,4.2
587,Наша Народная Трибуна,Perevalsk,2024-11-14,recruitment_and_contract_service,2,15,0.133
587,Наша Народная Трибуна,Perevalsk,2024-11-14,passportization_and_documents,24,15,1.6
587,Наша Народная Трибуна,Perevalsk,2024-11-14,elections_and_administration,1,15,0.067
587,Наша Народная Трибуна,Perevalsk,2024-11-14,reconstruction_and_integration,15,15,1.0
587,Наша Народная Трибуна,Perevalsk,2024-11-14,ukraine_as_enemy,0,15,0.0
587,Наша Народная Трибуна,Perevalsk,2024-11-14,children_and_militarization,7,15,0.467
587,Наша Народная Трибуна,Perevalsk,2024-11-14,leadership_and_loyalty,78,15,5.2
588,Наша Народная Трибуна,Perevalsk,2024-11-21,recruitment_and_contract_service,2,15,0.133
588,Наша Народная Трибуна,Perevalsk,2024-11-21,passportization_and_documents,10,15,0.667
588,Наша Народная Трибуна,Perevalsk,2024-11-21,elections_and_administration,2,15,0.133
588,Наша Народная Трибуна,Perevalsk,2024-11-21,reconstruction_and_integration,18,15,1.2
588,Наша Народная Трибуна,Perevalsk,2024-11-21,ukraine_as_enemy,0,15,0.0
588,Наша Народная Трибуна,Perevalsk,2024-11-21,children_and_militarization,2,15,0.133
588,Наша Народная Трибуна,Perevalsk,2024-11-21,leadership_and_loyalty,67,15,4.467
589,Наша Народная Трибуна,Perevalsk,2024-11-28,recruitment_and_contract_service,6,15,0.4
589,Наша Народная Трибуна,Perevalsk,2024-11-28,passportization_and_documents,8,15,0.533
589,Наша Народная Трибуна,Perevalsk,2024-11-28,elections_and_administration,2,15,0.133
589,Наша Народная Трибуна,Perevalsk,2024-11-28,reconstruction_and_integration,16,15,1.067
589,Наша Народная Трибуна,Perevalsk,2024-11-28,ukraine_as_enemy,1,15,0.067
589,Наша Народная Трибуна,Perevalsk,2024-11-28,children_and_militarization,6,15,0.4
589,Наша Народная Трибуна,Perevalsk,2024-11-28,leadership_and_loyalty,60,15,4.0
590,Наша Народная Трибуна,Perevalsk,2024-12-05,recruitment_and_contract_service,3,15,0.2
590,Наша Народная Трибуна,Perevalsk,2024-12-05,passportization_and_documents,16,15,1.067
590,Наша Народная Трибуна,Perevalsk,2024-12-05,elections_and_administration,3,15,0.2
590,Наша Народная Трибуна,Perevalsk,2024-12-05,reconstruction_and_integration,29,15,1.933
590,Наша Народная Трибуна,Perevalsk,2024-12-05,ukraine_as_enemy,0,15,0.0
590,Наша Народная Трибуна,Perevalsk,2024-12-05,children_and_militarization,6,15,0.4
590,Наша Народная Трибуна,Perevalsk,2024-12-05,leadership_and_loyalty,43,15,2.867
591,Наша Народная Трибуна,Perevalsk,2024-12-12,recruitment_and_contract_service,13,16,0.812
591,Наша Народная Трибуна,Perevalsk,2024-12-12,passportization_and_documents,46,16,2.875
591,Наша Народная Трибуна,Perevalsk,2024-12-12,elections_and_administration,9,16,0.562
591,Наша Народная Трибуна,Perevalsk,2024-12-12,reconstruction_and_integration,31,16,1.938
591,Наша Народная Трибуна,Perevalsk,2024-12-12,ukraine_as_enemy,2,16,0.125
591,Наша Народная Трибуна,Perevalsk,2024-12-12,children_and_militarization,8,16,0.5
591,Наша Народная Трибуна,Perevalsk,2024-12-12,leadership_and_loyalty,110,16,6.875
592,Наша Народная Трибуна,Perevalsk,2024-12-19,recruitment_and_contract_service,3,15,0.2
592,Наша Народная Трибуна,Perevalsk,2024-12-19,passportization_and_documents,63,15,4.2
592,Наша Народная Трибуна,Perevalsk,2024-12-19,elections_and_administration,18,15,1.2
592,Наша Народная Трибуна,Perevalsk,2024-12-19,reconstruction_and_integration,16,15,1.067
592,Наша Народная Трибуна,Perevalsk,2024-12-19,ukraine_as_enemy,2,15,0.133
592,Наша Народная Трибуна,Perevalsk,2024-12-19,children_and_militarization,0,15,0.0
592,Наша Народная Трибуна,Perevalsk,2024-12-19,leadership_and_loyalty,62,15,4.133
593,Наша Народная Трибуна,Perevalsk,2024-12-26,recruitment_and_contract_service,4,16,0.25
593,Наша Народная Трибуна,Perevalsk,2024-12-26,passportization_and_documents,19,16,1.188
593,Наша Народная Трибуна,Perevalsk,2024-12-26,elections_and_administration,1,16,0.062
593,Наша Народная Трибуна,Perevalsk,2024-12-26,reconstruction_and_integration,28,16,1.75
593,Наша Народная Трибуна,Perevalsk,2024-12-26,ukraine_as_enemy,8,16,0.5
593,Наша Народная Трибуна,Perevalsk,2024-12-26,children_and_militarization,9,16,0.562
593,Наша Народная Трибуна,Perevalsk,2024-12-26,leadership_and_loyalty,202,16,12.625
594,Сватовский вестник,Svatove,2025-01-16,recruitment_and_contract_service,20,16,1.25
594,Сватовский вестник,Svatove,2025-01-16,passportization_and_documents,14,16,0.875
594,Сватовский вестник,Svatove,2025-01-16,elections_and_administration,69,16,4.312
594,Сватовский вестник,Svatove,2025-01-16,reconstruction_and_integration,30,16,1.875
594,Сватовский вестник,Svatove,2025-01-16,ukraine_as_enemy,2,16,0.125
594,Сватовский вестник,Svatove,2025-01-16,children_and_militarization,13,16,0.812
594,Сватовский вестник,Svatove,2025-01-16,leadership_and_loyalty,80,16,5.0
595,Сватовский вестник,Svatove,2025-03-20,recruitment_and_contract_service,4,15,0.267
595,Сватовский вестник,Svatove,2025-03-20,passportization_and_documents,10,15,0.667
595,Сватовский вестник,Svatove,2025-03-20,elections_and_administration,4,15,0.267
595,Сватовский вестник,Svatove,2025-03-20,reconstruction_and_integration,13,15,0.867
595,Сватовский вестник,Svatove,2025-03-20,ukraine_as_enemy,12,15,0.8
595,Сватовский вестник,Svatove,2025-03-20,children_and_militarization,5,15,0.333
595,Сватовский вестник,Svatove,2025-03-20,leadership_and_loyalty,115,15,7.667
596,Сватовский вестник,Svatove,2025-03-27,recruitment_and_contract_service,2,15,0.133
596,Сватовский вестник,Svatove,2025-03-27,passportization_and_documents,10,15,0.667
596,Сватовский вестник,Svatove,2025-03-27,elections_and_administration,0,15,0.0
596,Сватовский вестник,Svatove,2025-03-27,reconstruction_and_integration,10,15,0.667
596,Сватовский вестник,Svatove,2025-03-27,ukraine_as_enemy,6,15,0.4
596,Сватовский вестник,Svatove,2025-03-27,children_and_militarization,11,15,0.733
596,Сватовский вестник,Svatove,2025-03-27,leadership_and_loyalty,100,15,6.667
597,Сватовский вестник,Svatove,2025-04-03,recruitment_and_contract_service,2,15,0.133
597,Сватовский вестник,Svatove,2025-04-03,passportization_and_documents,6,15,0.4
597,Сватовский вестник,Svatove,2025-04-03,elections_and_administration,4,15,0.267
597,Сватовский вестник,Svatove,2025-04-03,reconstruction_and_integration,10,15,0.667
597,Сватовский вестник,Svatove,2025-04-03,ukraine_as_enemy,5,15,0.333
597,Сватовский вестник,Svatove,2025-04-03,children_and_militarization,9,15,0.6
597,Сватовский вестник,Svatove,2025-04-03,leadership_and_loyalty,103,15,6.867
598,Сватовский вестник,Svatove,2025-01-23,recruitment_and_contract_service,0,15,0.0
598,Сватовский вестник,Svatove,2025-01-23,passportization_and_documents,15,15,1.0
598,Сватовский вестник,Svatove,2025-01-23,elections_and_administration,3,15,0.2
598,Сватовский вестник,Svatove,2025-01-23,reconstruction_and_integration,25,15,1.667
598,Сватовский вестник,Svatove,2025-01-23,ukraine_as_enemy,2,15,0.133
598,Сватовский вестник,Svatove,2025-01-23,children_and_militarization,7,15,0.467
598,Сватовский вестник,Svatove,2025-01-23,leadership_and_loyalty,85,15,5.667
599,Сватовский вестник,Svatove,2025-01-30,recruitment_and_contract_service,3,15,0.2
599,Сватовский вестник,Svatove,2025-01-30,passportization_and_documents,17,15,1.133
599,Сватовский вестник,Svatove,2025-01-30,elections_and_administration,4,15,0.267
599,Сватовский вестник,Svatove,2025-01-30,reconstruction_and_integration,9,15,0.6
599,Сватовский вестник,Svatove,2025-01-30,ukraine_as_enemy,4,15,0.267
599,Сватовский вестник,Svatove,2025-01-30,children_and_militarization,3,15,0.2
599,Сватовский вестник,Svatove,2025-01-30,leadership_and_loyalty,85,15,5.667
600,Сватовский вестник,Svatove,2024-08-22,recruitment_and_contract_service,6,15,0.4
600,Сватовский вестник,Svatove,2024-08-22,passportization_and_documents,40,15,2.667
600,Сватовский вестник,Svatove,2024-08-22,elections_and_administration,3,15,0.2
600,Сватовский вестник,Svatove,2024-08-22,reconstruction_and_integration,12,15,0.8
600,Сватовский вестник,Svatove,2024-08-22,ukraine_as_enemy,4,15,0.267
600,Сватовский вестник,Svatove,2024-08-22,children_and_militarization,11,15,0.733
600,Сватовский вестник,Svatove,2024-08-22,leadership_and_loyalty,56,15,3.733
601,Сватовский вестник,Svatove,2024-08-29,recruitment_and_contract_service,19,15,1.267
601,Сватовский вестник,Svatove,2024-08-29,passportization_and_documents,25,15,1.667
601,Сватовский вестник,Svatove,2024-08-29,elections_and_administration,20,15,1.333
601,Сватовский вестник,Svatove,2024-08-29,reconstruction_and_integration,20,15,1.333
601,Сватовский вестник,Svatove,2024-08-29,ukraine_as_enemy,1,15,0.067
601,Сватовский вестник,Svatove,2024-08-29,children_and_militarization,17,15,1.133
601,Сватовский вестник,Svatove,2024-08-29,leadership_and_loyalty,87,15,5.8
602,Сватовский вестник,Svatove,2024-09-05,recruitment_and_contract_service,4,15,0.267
602,Сватовский вестник,Svatove,2024-09-05,passportization_and_documents,16,15,1.067
602,Сватовский вестник,Svatove,2024-09-05,elections_and_administration,2,15,0.133
602,Сватовский вестник,Svatove,2024-09-05,reconstruction_and_integration,13,15,0.867
602,Сватовский вестник,Svatove,2024-09-05,ukraine_as_enemy,1,15,0.067
602,Сватовский вестник,Svatove,2024-09-05,children_and_militarization,5,15,0.333
602,Сватовский вестник,Svatove,2024-09-05,leadership_and_loyalty,77,15,5.133
603,Сватовский вестник,Svatove,2024-09-12,recruitment_and_contract_service,7,15,0.467
603,Сватовский вестник,Svatove,2024-09-12,passportization_and_documents,49,15,3.267
603,Сватовский вестник,Svatove,2024-09-12,elections_and_administration,15,15,1.0
603,Сватовский вестник,Svatove,2024-09-12,reconstruction_and_integration,26,15,1.733
603,Сватовский вестник,Svatove,2024-09-12,ukraine_as_enemy,0,15,0.0
603,Сватовский вестник,Svatove,2024-09-12,children_and_militarization,2,15,0.133
603,Сватовский вестник,Svatove,2024-09-12,leadership_and_loyalty,57,15,3.8
604,Сватовский вестник,Svatove,2024-09-19,recruitment_and_contract_service,0,15,0.0
604,Сватовский вестник,Svatove,2024-09-19,passportization_and_documents,12,15,0.8
604,Сватовский вестник,Svatove,2024-09-19,elections_and_administration,0,15,0.0
604,Сватовский вестник,Svatove,2024-09-19,reconstruction_and_integration,8,15,0.533
604,Сватовский вестник,Svatove,2024-09-19,ukraine_as_enemy,1,15,0.067
604,Сватовский вестник,Svatove,2024-09-19,children_and_militarization,15,15,1.0
604,Сватовский вестник,Svatove,2024-09-19,leadership_and_loyalty,66,15,4.4
605,Сватовский вестник,Svatove,2024-09-26,recruitment_and_contract_service,0,15,0.0
605,Сватовский вестник,Svatove,2024-09-26,passportization_and_documents,31,15,2.067
605,Сватовский вестник,Svatove,2024-09-26,elections_and_administration,5,15,0.333
605,Сватовский вестник,Svatove,2024-09-26,reconstruction_and_integration,35,15,2.333
605,Сватовский вестник,Svatove,2024-09-26,ukraine_as_enemy,7,15,0.467
605,Сватовский вестник,Svatove,2024-09-26,children_and_militarization,11,15,0.733
605,Сватовский вестник,Svatove,2024-09-26,leadership_and_loyalty,61,15,4.067
606,Сватовский вестник,Svatove,2024-10-03,recruitment_and_contract_service,0,15,0.0
606,Сватовский вестник,Svatove,2024-10-03,passportization_and_documents,10,15,0.667
606,Сватовский вестник,Svatove,2024-10-03,elections_and_administration,17,15,1.133
606,Сватовский вестник,Svatove,2024-10-03,reconstruction_and_integration,23,15,1.533
606,Сватовский вестник,Svatove,2024-10-03,ukraine_as_enemy,4,15,0.267
606,Сватовский вестник,Svatove,2024-10-03,children_and_militarization,19,15,1.267
606,Сватовский вестник,Svatove,2024-10-03,leadership_and_loyalty,108,15,7.2
607,Сватовский вестник,Svatove,2025-02-06,recruitment_and_contract_service,5,14,0.357
607,Сватовский вестник,Svatove,2025-02-06,passportization_and_documents,8,14,0.571
607,Сватовский вестник,Svatove,2025-02-06,elections_and_administration,2,14,0.143
607,Сватовский вестник,Svatove,2025-02-06,reconstruction_and_integration,3,14,0.214
607,Сватовский вестник,Svatove,2025-02-06,ukraine_as_enemy,7,14,0.5
607,Сватовский вестник,Svatove,2025-02-06,children_and_militarization,12,14,0.857
607,Сватовский вестник,Svatove,2025-02-06,leadership_and_loyalty,129,14,9.214
608,Сватовский вестник,Svatove,2024-10-10,recruitment_and_contract_service,1,15,0.067
608,Сватовский вестник,Svatove,2024-10-10,passportization_and_documents,13,15,0.867
608,Сватовский вестник,Svatove,2024-10-10,elections_and_administration,3,15,0.2
608,Сватовский вестник,Svatove,2024-10-10,reconstruction_and_integration,10,15,0.667
608,Сватовский вестник,Svatove,2024-10-10,ukraine_as_enemy,6,15,0.4
608,Сватовский вестник,Svatove,2024-10-10,children_and_militarization,9,15,0.6
608,Сватовский вестник,Svatove,2024-10-10,leadership_and_loyalty,93,15,6.2
609,Сватовский вестник,Svatove,2024-10-17,recruitment_and_contract_service,0,15,0.0
609,Сватовский вестник,Svatove,2024-10-17,passportization_and_documents,19,15,1.267
609,Сватовский вестник,Svatove,2024-10-17,elections_and_administration,8,15,0.533
609,Сватовский вестник,Svatove,2024-10-17,reconstruction_and_integration,24,15,1.6
609,Сватовский вестник,Svatove,2024-10-17,ukraine_as_enemy,0,15,0.0
609,Сватовский вестник,Svatove,2024-10-17,children_and_militarization,2,15,0.133
609,Сватовский вестник,Svatove,2024-10-17,leadership_and_loyalty,82,15,5.467
610,Сватовский вестник,Svatove,2024-10-24,recruitment_and_contract_service,0,15,0.0
610,Сватовский вестник,Svatove,2024-10-24,passportization_and_documents,20,15,1.333
610,Сватовский вестник,Svatove,2024-10-24,elections_and_administration,2,15,0.133
610,Сватовский вестник,Svatove,2024-10-24,reconstruction_and_integration,23,15,1.533
610,Сватовский вестник,Svatove,2024-10-24,ukraine_as_enemy,2,15,0.133
610,Сватовский вестник,Svatove,2024-10-24,children_and_militarization,5,15,0.333
610,Сватовский вестник,Svatove,2024-10-24,leadership_and_loyalty,49,15,3.267
611,Сватовский вестник,Svatove,2024-10-31,recruitment_and_contract_service,0,15,0.0
611,Сватовский вестник,Svatove,2024-10-31,passportization_and_documents,6,15,0.4
611,Сватовский вестник,Svatove,2024-10-31,elections_and_administration,6,15,0.4
611,Сватовский вестник,Svatove,2024-10-31,reconstruction_and_integration,24,15,1.6
611,Сватовский вестник,Svatove,2024-10-31,ukraine_as_enemy,1,15,0.067
611,Сватовский вестник,Svatove,2024-10-31,children_and_militarization,10,15,0.667
611,Сватовский вестник,Svatove,2024-10-31,leadership_and_loyalty,77,15,5.133
612,Сватовский вестник,Svatove,2024-11-07,recruitment_and_contract_service,0,15,0.0
612,Сватовский вестник,Svatove,2024-11-07,passportization_and_documents,14,15,0.933
612,Сватовский вестник,Svatove,2024-11-07,elections_and_administration,2,15,0.133
612,Сватовский вестник,Svatove,2024-11-07,reconstruction_and_integration,24,15,1.6
612,Сватовский вестник,Svatove,2024-11-07,ukraine_as_enemy,1,15,0.067
612,Сватовский вестник,Svatove,2024-11-07,children_and_militarization,2,15,0.133
612,Сватовский вестник,Svatove,2024-11-07,leadership_and_loyalty,80,15,5.333
613,Сватовский вестник,Svatove,2024-11-14,recruitment_and_contract_service,3,15,0.2
613,Сватовский вестник,Svatove,2024-11-14,passportization_and_documents,13,15,0.867
613,Сватовский вестник,Svatove,2024-11-14,elections_and_administration,6,15,0.4
613,Сватовский вестник,Svatove,2024-11-14,reconstruction_and_integration,15,15,1.0
613,Сватовский вестник,Svatove,2024-11-14,ukraine_as_enemy,1,15,0.067
613,Сватовский вестник,Svatove,2024-11-14,children_and_militarization,8,15,0.533
613,Сватовский вестник,Svatove,2024-11-14,leadership_and_loyalty,86,15,5.733
614,Сватовский вестник,Svatove,2024-11-21,recruitment_and_contract_service,7,16,0.438
614,Сватовский вестник,Svatove,2024-11-21,passportization_and_documents,37,16,2.312
614,Сватовский вестник,Svatove,2024-11-21,elections_and_administration,56,16,3.5
614,Сватовский вестник,Svatove,2024-11-21,reconstruction_and_integration,29,16,1.812
614,Сватовский вестник,Svatove,2024-11-21,ukraine_as_enemy,5,16,0.312
614,Сватовский вестник,Svatove,2024-11-21,children_and_militarization,9,16,0.562
614,Сватовский вестник,Svatove,2024-11-21,leadership_and_loyalty,77,16,4.812
615,Сватовский вестник,Svatove,2024-11-28,recruitment_and_contract_service,0,15,0.0
615,Сватовский вестник,Svatove,2024-11-28,passportization_and_documents,20,15,1.333
615,Сватовский вестник,Svatove,2024-11-28,elections_and_administration,3,15,0.2
615,Сватовский вестник,Svatove,2024-11-28,reconstruction_and_integration,19,15,1.267
615,Сватовский вестник,Svatove,2024-11-28,ukraine_as_enemy,2,15,0.133
615,Сватовский вестник,Svatove,2024-11-28,children_and_militarization,5,15,0.333
615,Сватовский вестник,Svatove,2024-11-28,leadership_and_loyalty,57,15,3.8
616,Сватовский вестник,Svatove,2024-12-05,recruitment_and_contract_service,3,15,0.2
616,Сватовский вестник,Svatove,2024-12-05,passportization_and_documents,10,15,0.667
616,Сватовский вестник,Svatove,2024-12-05,elections_and_administration,19,15,1.267
616,Сватовский вестник,Svatove,2024-12-05,reconstruction_and_integration,33,15,2.2
616,Сватовский вестник,Svatove,2024-12-05,ukraine_as_enemy,1,15,0.067
616,Сватовский вестник,Svatove,2024-12-05,children_and_militarization,5,15,0.333
616,Сватовский вестник,Svatove,2024-12-05,leadership_and_loyalty,66,15,4.4
617,Сватовский вестник,Svatove,2025-02-13,recruitment_and_contract_service,2,15,0.133
617,Сватовский вестник,Svatove,2025-02-13,passportization_and_documents,7,15,0.467
617,Сватовский вестник,Svatove,2025-02-13,elections_and_administration,11,15,0.733
617,Сватовский вестник,Svatove,2025-02-13,reconstruction_and_integration,18,15,1.2
617,Сватовский вестник,Svatove,2025-02-13,ukraine_as_enemy,2,15,0.133
617,Сватовский вестник,Svatove,2025-02-13,children_and_militarization,6,15,0.4
617,Сватовский вестник,Svatove,2025-02-13,leadership_and_loyalty,99,15,6.6
618,Сватовский вестник,Svatove,2024-12-19,recruitment_and_contract_service,5,12,0.417
618,Сватовский вестник,Svatove,2024-12-19,passportization_and_documents,28,12,2.333
618,Сватовский вестник,Svatove,2024-12-19,elections_and_administration,5,12,0.417
618,Сватовский вестник,Svatove,2024-12-19,reconstruction_and_integration,12,12,1.0
618,Сватовский вестник,Svatove,2024-12-19,ukraine_as_enemy,4,12,0.333
618,Сватовский вестник,Svatove,2024-12-19,children_and_militarization,12,12,1.0
618,Сватовский вестник,Svatove,2024-12-19,leadership_and_loyalty,64,12,5.333
619,Сватовский вестник,Svatove,2024-12-26,recruitment_and_contract_service,3,15,0.2
619,Сватовский вестник,Svatove,2024-12-26,passportization_and_documents,19,15,1.267
619,Сватовский вестник,Svatove,2024-12-26,elections_and_administration,7,15,0.467
619,Сватовский вестник,Svatove,2024-12-26,reconstruction_and_integration,24,15,1.6
619,Сватовский вестник,Svatove,2024-12-26,ukraine_as_enemy,7,15,0.467
619,Сватовский вестник,Svatove,2024-12-26,children_and_militarization,2,15,0.133
619,Сватовский вестник,Svatove,2024-12-26,leadership_and_loyalty,176,15,11.733
620,Сватовский вестник,Svatove,2025-02-20,recruitment_and_contract_service,8,15,0.533
620,Сватовский вестник,Svatove,2025-02-20,passportization_and_documents,9,15,0.6
620,Сватовский вестник,Svatove,2025-02-20,elections_and_administration,4,15,0.267
620,Сватовский вестник,Svatove,2025-02-20,reconstruction_and_integration,14,15,0.933
620,Сватовский вестник,Svatove,2025-02-20,ukraine_as_enemy,11,15,0.733
620,Сватовский вестник,Svatove,2025-02-20,children_and_militarization,3,15,0.2
620,Сватовский вестник,Svatove,2025-02-20,leadership_and_loyalty,133,15,8.867
621,Сватовский вестник,Svatove,2025-02-27,recruitment_and_contract_service,4,15,0.267
621,Сватовский вестник,Svatove,2025-02-27,passportization_and_documents,8,15,0.533
621,Сватовский вестник,Svatove,2025-02-27,elections_and_administration,9,15,0.6
621,Сватовский вестник,Svatove,2025-02-27,reconstruction_and_integration,3,15,0.2
621,Сватовский вестник,Svatove,2025-02-27,ukraine_as_enemy,13,15,0.867
621,Сватовский вестник,Svatove,2025-02-27,children_and_militarization,13,15,0.867
621,Сватовский вестник,Svatove,2025-02-27,leadership_and_loyalty,138,15,9.2
622,Сватовский вестник,Svatove,2025-03-06,recruitment_and_contract_service,3,15,0.2
622,Сватовский вестник,Svatove,2025-03-06,passportization_and_documents,20,15,1.333
622,Сватовский вестник,Svatove,2025-03-06,elections_and_administration,6,15,0.4
622,Сватовский вестник,Svatove,2025-03-06,reconstruction_and_integration,8,15,0.533
622,Сватовский вестник,Svatove,2025-03-06,ukraine_as_enemy,3,15,0.2
622,Сватовский вестник,Svatove,2025-03-06,children_and_militarization,13,15,0.867
622,Сватовский вестник,Svatove,2025-03-06,leadership_and_loyalty,94,15,6.267
623,Сватовский вестник,Svatove,2025-03-13,recruitment_and_contract_service,7,15,0.467
623,Сватовский вестник,Svatove,2025-03-13,passportization_and_documents,13,15,0.867
623,Сватовский вестник,Svatove,2025-03-13,elections_and_administration,4,15,0.267
623,Сватовский вестник,Svatove,2025-03-13,reconstruction_and_integration,7,15,0.467
623,Сватовский вестник,Svatove,2025-03-13,ukraine_as_enemy,2,15,0.133
623,Сватовский вестник,Svatove,2025-03-13,children_and_militarization,8,15,0.533
623,Сватовский вестник,Svatove,2025-03-13,leadership_and_loyalty,104,15,6.933
624,Сватовский вестник,Svatove,2024-12-12,recruitment_and_contract_service,3,15,0.2
624,Сватовский вестник,Svatove,2024-12-12,passportization_and_documents,10,15,0.667
624,Сватовский вестник,Svatove,2024-12-12,elections_and_administration,1,15,0.067
624,Сватовский вестник,Svatove,2024-12-12,reconstruction_and_integration,26,15,1.733
624,Сватовский вестник,Svatove,2024-12-12,ukraine_as_enemy,2,15,0.133
624,Сватовский вестник,Svatove,2024-12-12,children_and_militarization,2,15,0.133
624,Сватовский вестник,Svatove,2024-12-12,leadership_and_loyalty,63,15,4.2
625,Слава Краснодона,Sorokyne,2025-01-01,recruitment_and_contract_service,5,27,0.185
625,Слава Краснодона,Sorokyne,2025-01-01,passportization_and_documents,28,27,1.037
625,Слава Краснодона,Sorokyne,2025-01-01,elections_and_administration,9,27,0.333
625,Слава Краснодона,Sorokyne,2025-01-01,reconstruction_and_integration,25,27,0.926
625,Слава Краснодона,Sorokyne,2025-01-01,ukraine_as_enemy,1,27,0.037
625,Слава Краснодона,Sorokyne,2025-01-01,children_and_militarization,19,27,0.704
625,Слава Краснодона,Sorokyne,2025-01-01,leadership_and_loyalty,136,27,5.037
626,Слава Краснодона,Sorokyne,2025-01-15,recruitment_and_contract_service,7,27,0.259
626,Слава Краснодона,Sorokyne,2025-01-15,passportization_and_documents,22,27,0.815
626,Слава Краснодона,Sorokyne,2025-01-15,elections_and_administration,1,27,0.037
626,Слава Краснодона,Sorokyne,2025-01-15,reconstruction_and_integration,33,27,1.222
626,Слава Краснодона,Sorokyne,2025-01-15,ukraine_as_enemy,7,27,0.259
626,Слава Краснодона,Sorokyne,2025-01-15,children_and_militarization,12,27,0.444
626,Слава Краснодона,Sorokyne,2025-01-15,leadership_and_loyalty,159,27,5.889
627,Слава Краснодона,Sorokyne,2024-02-05,recruitment_and_contract_service,4,27,0.148
627,Слава Краснодона,Sorokyne,2024-02-05,passportization_and_documents,20,27,0.741
627,Слава Краснодона,Sorokyne,2024-02-05,elections_and_administration,6,27,0.222
627,Слава Краснодона,Sorokyne,2024-02-05,reconstruction_and_integration,27,27,1.0
627,Слава Краснодона,Sorokyne,2024-02-05,ukraine_as_enemy,9,27,0.333
627,Слава Краснодона,Sorokyne,2024-02-05,children_and_militarization,17,27,0.63
627,Слава Краснодона,Sorokyne,2024-02-05,leadership_and_loyalty,148,27,5.481
628,Слава Краснодона,Sorokyne,2024-03-18,recruitment_and_contract_service,2,27,0.074
628,Слава Краснодона,Sorokyne,2024-03-18,passportization_and_documents,10,27,0.37
628,Слава Краснодона,Sorokyne,2024-03-18,elections_and_administration,5,27,0.185
628,Слава Краснодона,Sorokyne,2024-03-18,reconstruction_and_integration,11,27,0.407
628,Слава Краснодона,Sorokyne,2024-03-18,ukraine_as_enemy,4,27,0.148
628,Слава Краснодона,Sorokyne,2024-03-18,children_and_militarization,13,27,0.481
628,Слава Краснодона,Sorokyne,2024-03-18,leadership_and_loyalty,188,27,6.963
629,Слава Краснодона,Sorokyne,2025-04-23,recruitment_and_contract_service,4,27,0.148
629,Слава Краснодона,Sorokyne,2025-04-23,passportization_and_documents,30,27,1.111
629,Слава Краснодона,Sorokyne,2025-04-23,elections_and_administration,21,27,0.778
629,Слава Краснодона,Sorokyne,2025-04-23,reconstruction_and_integration,17,27,0.63
629,Слава Краснодона,Sorokyne,2025-04-23,ukraine_as_enemy,8,27,0.296
629,Слава Краснодона,Sorokyne,2025-04-23,children_and_militarization,15,27,0.556
629,Слава Краснодона,Sorokyne,2025-04-23,leadership_and_loyalty,175,27,6.481
630,Слава Краснодона,Sorokyne,2025-05-21,recruitment_and_contract_service,5,27,0.185
630,Слава Краснодона,Sorokyne,2025-05-21,passportization_and_documents,27,27,1.0
630,Слава Краснодона,Sorokyne,2025-05-21,elections_and_administration,14,27,0.519
630,Слава Краснодона,Sorokyne,2025-05-21,reconstruction_and_integration,27,27,1.0
630,Слава Краснодона,Sorokyne,2025-05-21,ukraine_as_enemy,4,27,0.148
630,Слава Краснодона,Sorokyne,2025-05-21,children_and_militarization,13,27,0.481
630,Слава Краснодона,Sorokyne,2025-05-21,leadership_and_loyalty,162,27,6.0
631,Слава Краснодона,Sorokyne,2025-02-01,recruitment_and_contract_service,8,27,0.296
631,Слава Краснодона,Sorokyne,2025-02-01,passportization_and_documents,29,27,1.074
631,Слава Краснодона,Sorokyne,2025-02-01,elections_and_administration,8,27,0.296
631,Слава Краснодона,Sorokyne,2025-02-01,reconstruction_and_integration,25,27,0.926
631,Слава Краснодона,Sorokyne,2025-02-01,ukraine_as_enemy,7,27,0.259
631,Слава Краснодона,Sorokyne,2025-02-01,children_and_militarization,20,27,0.741
631,Слава Краснодона,Sorokyne,2025-02-01,leadership_and_loyalty,153,27,5.667
632,Слава Краснодона,Sorokyne,2025-07-01,recruitment_and_contract_service,1,27,0.037
632,Слава Краснодона,Sorokyne,2025-07-01,passportization_and_documents,12,27,0.444
632,Слава Краснодона,Sorokyne,2025-07-01,elections_and_administration,12,27,0.444
632,Слава Краснодона,Sorokyne,2025-07-01,reconstruction_and_integration,30,27,1.111
632,Слава Краснодона,Sorokyne,2025-07-01,ukraine_as_enemy,0,27,0.0
632,Слава Краснодона,Sorokyne,2025-07-01,children_and_militarization,10,27,0.37
632,Слава Краснодона,Sorokyne,2025-07-01,leadership_and_loyalty,123,27,4.556
633,Слава Краснодона,Sorokyne,2025-04-29,recruitment_and_contract_service,2,23,0.087
633,Слава Краснодона,Sorokyne,2025-04-29,passportization_and_documents,33,23,1.435
633,Слава Краснодона,Sorokyne,2025-04-29,elections_and_administration,2,23,0.087
633,Слава Краснодона,Sorokyne,2025-04-29,reconstruction_and_integration,37,23,1.609
633,Слава Краснодона,Sorokyne,2025-04-29,ukraine_as_enemy,1,23,0.043
633,Слава Краснодона,Sorokyne,2025-04-29,children_and_militarization,12,23,0.522
633,Слава Краснодона,Sorokyne,2025-04-29,leadership_and_loyalty,102,23,4.435
634,Слава Краснодона,Sorokyne,2024-02-29,recruitment_and_contract_service,2,23,0.087
634,Слава Краснодона,Sorokyne,2024-02-29,passportization_and_documents,12,23,0.522
634,Слава Краснодона,Sorokyne,2024-02-29,elections_and_administration,6,23,0.261
634,Слава Краснодона,Sorokyne,2024-02-29,reconstruction_and_integration,39,23,1.696
634,Слава Краснодона,Sorokyne,2024-02-29,ukraine_as_enemy,2,23,0.087
634,Слава Краснодона,Sorokyne,2024-02-29,children_and_militarization,9,23,0.391
634,Слава Краснодона,Sorokyne,2024-02-29,leadership_and_loyalty,116,23,5.043
635,Слава Краснодона,Sorokyne,2025-07-01,recruitment_and_contract_service,20,23,0.87
635,Слава Краснодона,Sorokyne,2025-07-01,passportization_and_documents,17,23,0.739
635,Слава Краснодона,Sorokyne,2025-07-01,elections_and_administration,1,23,0.043
635,Слава Краснодона,Sorokyne,2025-07-01,reconstruction_and_integration,23,23,1.0
635,Слава Краснодона,Sorokyne,2025-07-01,ukraine_as_enemy,3,23,0.13
635,Слава Краснодона,Sorokyne,2025-07-01,children_and_militarization,7,23,0.304
635,Слава Краснодона,Sorokyne,2025-07-01,leadership_and_loyalty,103,23,4.478
636,Слава Краснодона,Sorokyne,2025-07-01,recruitment_and_contract_service,4,23,0.174
636,Слава Краснодона,Sorokyne,2025-07-01,passportization_and_documents,25,23,1.087
636,Слава Краснодона,Sorokyne,2025-07-01,elections_and_administration,0,23,0.0
636,Слава Краснодона,Sorokyne,2025-07-01,reconstruction_and_integration,25,23,1.087
636,Слава Краснодона,Sorokyne,2025-07-01,ukraine_as_enemy,8,23,0.348
636,Слава Краснодона,Sorokyne,2025-07-01,children_and_militarization,7,23,0.304
636,Слава Краснодона,Sorokyne,2025-07-01,leadership_and_loyalty,93,23,4.043
637,Слава Краснодона,Sorokyne,2025-07-23,recruitment_and_contract_service,1,23,0.043
637,Слава Краснодона,Sorokyne,2025-07-23,passportization_and_documents,27,23,1.174
637,Слава Краснодона,Sorokyne,2025-07-23,elections_and_administration,3,23,0.13
637,Слава Краснодона,Sorokyne,2025-07-23,reconstruction_and_integration,24,23,1.043
637,Слава Краснодона,Sorokyne,2025-07-23,ukraine_as_enemy,0,23,0.0
637,Слава Краснодона,Sorokyne,2025-07-23,children_and_militarization,4,23,0.174
637,Слава Краснодона,Sorokyne,2025-07-23,leadership_and_loyalty,102,23,4.435
638,Слава Краснодона,Sorokyne,2024-11-21,recruitment_and_contract_service,3,23,0.13
638,Слава Краснодона,Sorokyne,2024-11-21,passportization_and_documents,55,23,2.391
638,Слава Краснодона,Sorokyne,2024-11-21,elections_and_administration,1,23,0.043
638,Слава Краснодона,Sorokyne,2024-11-21,reconstruction_and_integration,28,23,1.217
638,Слава Краснодона,Sorokyne,2024-11-21,ukraine_as_enemy,3,23,0.13
638,Слава Краснодона,Sorokyne,2024-11-21,children_and_militarization,4,23,0.174
638,Слава Краснодона,Sorokyne,2024-11-21,leadership_and_loyalty,100,23,4.348
639,Слава Краснодона,Sorokyne,2025-01-01,recruitment_and_contract_service,6,27,0.222
639,Слава Краснодона,Sorokyne,2025-01-01,passportization_and_documents,32,27,1.185
639,Слава Краснодона,Sorokyne,2025-01-01,elections_and_administration,6,27,0.222
639,Слава Краснодона,Sorokyne,2025-01-01,reconstruction_and_integration,18,27,0.667
639,Слава Краснодона,Sorokyne,2025-01-01,ukraine_as_enemy,1,27,0.037
639,Слава Краснодона,Sorokyne,2025-01-01,children_and_militarization,14,27,0.519
639,Слава Краснодона,Sorokyne,2025-01-01,leadership_and_loyalty,125,27,4.63
640,Слава Краснодона,Sorokyne,2025-06-01,recruitment_and_contract_service,1,23,0.043
640,Слава Краснодона,Sorokyne,2025-06-01,passportization_and_documents,28,23,1.217
640,Слава Краснодона,Sorokyne,2025-06-01,elections_and_administration,0,23,0.0
640,Слава Краснодона,Sorokyne,2025-06-01,reconstruction_and_integration,29,23,1.261
640,Слава Краснодона,Sorokyne,2025-06-01,ukraine_as_enemy,0,23,0.0
640,Слава Краснодона,Sorokyne,2025-06-01,children_and_militarization,13,23,0.565
640,Слава Краснодона,Sorokyne,2025-06-01,leadership_and_loyalty,86,23,3.739
641,Слава Краснодона,Sorokyne,2024-07-15,recruitment_and_contract_service,17,27,0.63
641,Слава Краснодона,Sorokyne,2024-07-15,passportization_and_documents,229,27,8.481
641,Слава Краснодона,Sorokyne,2024-07-15,elections_and_administration,19,27,0.704
641,Слава Краснодона,Sorokyne,2024-07-15,reconstruction_and_integration,106,27,3.926
641,Слава Краснодона,Sorokyne,2024-07-15,ukraine_as_enemy,0,27,0.0
641,Слава Краснодона,Sorokyne,2024-07-15,children_and_militarization,10,27,0.37
641,Слава Краснодона,Sorokyne,2024-07-15,leadership_and_loyalty,83,27,3.074
642,Слава Краснодона,Sorokyne,2024-11-30,recruitment_and_contract_service,39,28,1.393
642,Слава Краснодона,Sorokyne,2024-11-30,passportization_and_documents,260,28,9.286
642,Слава Краснодона,Sorokyne,2024-11-30,elections_and_administration,5,28,0.179
642,Слава Краснодона,Sorokyne,2024-11-30,reconstruction_and_integration,23,28,0.821
642,Слава Краснодона,Sorokyne,2024-11-30,ukraine_as_enemy,2,28,0.071
642,Слава Краснодона,Sorokyne,2024-11-30,children_and_militarization,12,28,0.429
642,Слава Краснодона,Sorokyne,2024-11-30,leadership_and_loyalty,100,28,3.571
643,Слава Краснодона,Sorokyne,2024-08-30,recruitment_and_contract_service,9,27,0.333
643,Слава Краснодона,Sorokyne,2024-08-30,passportization_and_documents,37,27,1.37
643,Слава Краснодона,Sorokyne,2024-08-30,elections_and_administration,4,27,0.148
643,Слава Краснодона,Sorokyne,2024-08-30,reconstruction_and_integration,51,27,1.889
643,Слава Краснодона,Sorokyne,2024-08-30,ukraine_as_enemy,2,27,0.074
643,Слава Краснодона,Sorokyne,2024-08-30,children_and_militarization,26,27,0.963
643,Слава Краснодона,Sorokyne,2024-08-30,leadership_and_loyalty,113,27,4.185
644,Слава Краснодона,Sorokyne,2024-09-01,recruitment_and_contract_service,8,27,0.296
644,Слава Краснодона,Sorokyne,2024-09-01,passportization_and_documents,43,27,1.593
644,Слава Краснодона,Sorokyne,2024-09-01,elections_and_administration,17,27,0.63
644,Слава Краснодона,Sorokyne,2024-09-01,reconstruction_and_integration,43,27,1.593
644,Слава Краснодона,Sorokyne,2024-09-01,ukraine_as_enemy,0,27,0.0
644,Слава Краснодона,Sorokyne,2024-09-01,children_and_militarization,30,27,1.111
644,Слава Краснодона,Sorokyne,2024-09-01,leadership_and_loyalty,108,27,4.0
645,Слава Краснодона,Sorokyne,2024-09-12,recruitment_and_contract_service,11,27,0.407
645,Слава Краснодона,Sorokyne,2024-09-12,passportization_and_documents,186,27,6.889
645,Слава Краснодона,Sorokyne,2024-09-12,elections_and_administration,3,27,0.111
645,Слава Краснодона,Sorokyne,2024-09-12,reconstruction_and_integration,38,27,1.407
645,Слава Краснодона,Sorokyne,2024-09-12,ukraine_as_enemy,2,27,0.074
645,Слава Краснодона,Sorokyne,2024-09-12,children_and_militarization,9,27,0.333
645,Слава Краснодона,Sorokyne,2024-09-12,leadership_and_loyalty,118,27,4.37
646,Слава Краснодона,Sorokyne,2024-09-27,recruitment_and_contract_service,1,27,0.037
646,Слава Краснодона,Sorokyne,2024-09-27,passportization_and_documents,26,27,0.963
646,Слава Краснодона,Sorokyne,2024-09-27,elections_and_administration,7,27,0.259
646,Слава Краснодона,Sorokyne,2024-09-27,reconstruction_and_integration,47,27,1.741
646,Слава Краснодона,Sorokyne,2024-09-27,ukraine_as_enemy,3,27,0.111
646,Слава Краснодона,Sorokyne,2024-09-27,children_and_militarization,16,27,0.593
646,Слава Краснодона,Sorokyne,2024-09-27,leadership_and_loyalty,126,27,4.667
647,Слава Краснодона,Sorokyne,2024-09-01,recruitment_and_contract_service,7,27,0.259
647,Слава Краснодона,Sorokyne,2024-09-01,passportization_and_documents,22,27,0.815
647,Слава Краснодона,Sorokyne,2024-09-01,elections_and_administration,3,27,0.111
647,Слава Краснодона,Sorokyne,2024-09-01,reconstruction_and_integration,18,27,0.667
647,Слава Краснодона,Sorokyne,2024-09-01,ukraine_as_enemy,1,27,0.037
647,Слава Краснодона,Sorokyne,2024-09-01,children_and_militarization,24,27,0.889
647,Слава Краснодона,Sorokyne,2024-09-01,leadership_and_loyalty,149,27,5.519
648,Слава Краснодона,Sorokyne,2025-02-14,recruitment_and_contract_service,5,27,0.185
648,Слава Краснодона,Sorokyne,2025-02-14,passportization_and_documents,23,27,0.852
648,Слава Краснодона,Sorokyne,2025-02-14,elections_and_administration,4,27,0.148
648,Слава Краснодона,Sorokyne,2025-02-14,reconstruction_and_integration,49,27,1.815
648,Слава Краснодона,Sorokyne,2025-02-14,ukraine_as_enemy,8,27,0.296
648,Слава Краснодона,Sorokyne,2025-02-14,children_and_militarization,17,27,0.63
648,Слава Краснодона,Sorokyne,2025-02-14,leadership_and_loyalty,176,27,6.519
649,Слава Краснодона,Sorokyne,2024-08-10,recruitment_and_contract_service,9,27,0.333
649,Слава Краснодона,Sorokyne,2024-08-10,passportization_and_documents,33,27,1.222
649,Слава Краснодона,Sorokyne,2024-08-10,elections_and_administration,1,27,0.037
649,Слава Краснодона,Sorokyne,2024-08-10,reconstruction_and_integration,40,27,1.481
649,Слава Краснодона,Sorokyne,2024-08-10,ukraine_as_enemy,1,27,0.037
649,Слава Краснодона,Sorokyne,2024-08-10,children_and_militarization,14,27,0.519
649,Слава Краснодона,Sorokyne,2024-08-10,leadership_and_loyalty,96,27,3.556
650,Слава Краснодона,Sorokyne,2024-10-01,recruitment_and_contract_service,0,27,0.0
650,Слава Краснодона,Sorokyne,2024-10-01,passportization_and_documents,46,27,1.704
650,Слава Краснодона,Sorokyne,2024-10-01,elections_and_administration,12,27,0.444
650,Слава Краснодона,Sorokyne,2024-10-01,reconstruction_and_integration,44,27,1.63
650,Слава Краснодона,Sorokyne,2024-10-01,ukraine_as_enemy,2,27,0.074
650,Слава Краснодона,Sorokyne,2024-10-01,children_and_militarization,15,27,0.556
650,Слава Краснодона,Sorokyne,2024-10-01,leadership_and_loyalty,117,27,4.333
651,Слава Краснодона,Sorokyne,2024-05-25,recruitment_and_contract_service,9,27,0.333
651,Слава Краснодона,Sorokyne,2024-05-25,passportization_and_documents,23,27,0.852
651,Слава Краснодона,Sorokyne,2024-05-25,elections_and_administration,3,27,0.111
651,Слава Краснодона,Sorokyne,2024-05-25,reconstruction_and_integration,23,27,0.852
651,Слава Краснодона,Sorokyne,2024-05-25,ukraine_as_enemy,3,27,0.111
651,Слава Краснодона,Sorokyne,2024-05-25,children_and_militarization,24,27,0.889
651,Слава Краснодона,Sorokyne,2024-05-25,leadership_and_loyalty,121,27,4.481
652,Слава Краснодона,Sorokyne,2024-01-01,recruitment_and_contract_service,5,27,0.185
652,Слава Краснодона,Sorokyne,2024-01-01,passportization_and_documents,21,27,0.778
652,Слава Краснодона,Sorokyne,2024-01-01,elections_and_administration,6,27,0.222
652,Слава Краснодона,Sorokyne,2024-01-01,reconstruction_and_integration,24,27,0.889
652,Слава Краснодона,Sorokyne,2024-01-01,ukraine_as_enemy,0,27,0.0
652,Слава Краснодона,Sorokyne,2024-01-01,children_and_militarization,24,27,0.889
652,Слава Краснодона,Sorokyne,2024-01-01,leadership_and_loyalty,130,27,4.815
653,Слава Краснодона,Sorokyne,2023-09-01,recruitment_and_contract_service,1,27,0.037
653,Слава Краснодона,Sorokyne,2023-09-01,passportization_and_documents,229,27,8.481
653,Слава Краснодона,Sorokyne,2023-09-01,elections_and_administration,6,27,0.222
653,Слава Краснодона,Sorokyne,2023-09-01,reconstruction_and_integration,221,27,8.185
653,Слава Краснодона,Sorokyne,2023-09-01,ukraine_as_enemy,0,27,0.0
653,Слава Краснодона,Sorokyne,2023-09-01,children_and_militarization,17,27,0.63
653,Слава Краснодона,Sorokyne,2023-09-01,leadership_and_loyalty,132,27,4.889
654,Слава Краснодона,Sorokyne,2024-10-31,recruitment_and_contract_service,13,28,0.464
654,Слава Краснодона,Sorokyne,2024-10-31,passportization_and_documents,21,28,0.75
654,Слава Краснодона,Sorokyne,2024-10-31,elections_and_administration,22,28,0.786
654,Слава Краснодона,Sorokyne,2024-10-31,reconstruction_and_integration,22,28,0.786
654,Слава Краснодона,Sorokyne,2024-10-31,ukraine_as_enemy,3,28,0.107
654,Слава Краснодона,Sorokyne,2024-10-31,children_and_militarization,17,28,0.607
654,Слава Краснодона,Sorokyne,2024-10-31,leadership_and_loyalty,143,28,5.107
655,Слава Краснодона,Sorokyne,2024-04-23,recruitment_and_contract_service,2,27,0.074
655,Слава Краснодона,Sorokyne,2024-04-23,passportization_and_documents,47,27,1.741
655,Слава Краснодона,Sorokyne,2024-04-23,elections_and_administration,9,27,0.333
655,Слава Краснодона,Sorokyne,2024-04-23,reconstruction_and_integration,25,27,0.926
655,Слава Краснодона,Sorokyne,2024-04-23,ukraine_as_enemy,0,27,0.0
655,Слава Краснодона,Sorokyne,2024-04-23,children_and_militarization,17,27,0.63
655,Слава Краснодона,Sorokyne,2024-04-23,leadership_and_loyalty,137,27,5.074
656,Слава Краснодона,Sorokyne,2024-12-01,recruitment_and_contract_service,1,27,0.037
656,Слава Краснодона,Sorokyne,2024-12-01,passportization_and_documents,12,27,0.444
656,Слава Краснодона,Sorokyne,2024-12-01,elections_and_administration,3,27,0.111
656,Слава Краснодона,Sorokyne,2024-12-01,reconstruction_and_integration,22,27,0.815
656,Слава Краснодона,Sorokyne,2024-12-01,ukraine_as_enemy,4,27,0.148
656,Слава Краснодона,Sorokyne,2024-12-01,children_and_militarization,29,27,1.074
656,Слава Краснодона,Sorokyne,2024-12-01,leadership_and_loyalty,161,27,5.963
657,Слава Краснодона,Sorokyne,2024-12-01,recruitment_and_contract_service,3,27,0.111
657,Слава Краснодона,Sorokyne,2024-12-01,passportization_and_documents,23,27,0.852
657,Слава Краснодона,Sorokyne,2024-12-01,elections_and_administration,12,27,0.444
657,Слава Краснодона,Sorokyne,2024-12-01,reconstruction_and_integration,20,27,0.741
657,Слава Краснодона,Sorokyne,2024-12-01,ukraine_as_enemy,1,27,0.037
657,Слава Краснодона,Sorokyne,2024-12-01,children_and_militarization,18,27,0.667
657,Слава Краснодона,Sorokyne,2024-12-01,leadership_and_loyalty,109,27,4.037
658,Слава Краснодона,Sorokyne,2023-12-21,recruitment_and_contract_service,6,27,0.222
658,Слава Краснодона,Sorokyne,2023-12-21,passportization_and_documents,25,27,0.926
658,Слава Краснодона,Sorokyne,2023-12-21,elections_and_administration,5,27,0.185
658,Слава Краснодона,Sorokyne,2023-12-21,reconstruction_and_integration,53,27,1.963
658,Слава Краснодона,Sorokyne,2023-12-21,ukraine_as_enemy,2,27,0.074
658,Слава Краснодона,Sorokyne,2023-12-21,children_and_militarization,19,27,0.704
658,Слава Краснодона,Sorokyne,2023-12-21,leadership_and_loyalty,146,27,5.407
659,Слава Краснодона,Sorokyne,2025-02-03,recruitment_and_contract_service,3,27,0.111
659,Слава Краснодона,Sorokyne,2025-02-03,passportization_and_documents,17,27,0.63
659,Слава Краснодона,Sorokyne,2025-02-03,elections_and_administration,15,27,0.556
659,Слава Краснодона,Sorokyne,2025-02-03,reconstruction_and_integration,22,27,0.815
659,Слава Краснодона,Sorokyne,2025-02-03,ukraine_as_enemy,5,27,0.185
659,Слава Краснодона,Sorokyne,2025-02-03,children_and_militarization,16,27,0.593
659,Слава Краснодона,Sorokyne,2025-02-03,leadership_and_loyalty,164,27,6.074
660,Слава Краснодона,Sorokyne,2024-12-14,recruitment_and_contract_service,3,28,0.107
660,Слава Краснодона,Sorokyne,2024-12-14,passportization_and_documents,58,28,2.071
660,Слава Краснодона,Sorokyne,2024-12-14,elections_and_administration,11,28,0.393
660,Слава Краснодона,Sorokyne,2024-12-14,reconstruction_and_integration,15,28,0.536
660,Слава Краснодона,Sorokyne,2024-12-14,ukraine_as_enemy,2,28,0.071
660,Слава Краснодона,Sorokyne,2024-12-14,children_and_militarization,25,28,0.893
660,Слава Краснодона,Sorokyne,2024-12-14,leadership_and_loyalty,143,28,5.107
661,Слава Краснодона,Sorokyne,2025-01-01,recruitment_and_contract_service,5,28,0.179
661,Слава Краснодона,Sorokyne,2025-01-01,passportization_and_documents,589,28,21.036
661,Слава Краснодона,Sorokyne,2025-01-01,elections_and_administration,0,28,0.0
661,Слава Краснодона,Sorokyne,2025-01-01,reconstruction_and_integration,16,28,0.571
661,Слава Краснодона,Sorokyne,2025-01-01,ukraine_as_enemy,6,28,0.214
661,Слава Краснодона,Sorokyne,2025-01-01,children_and_militarization,32,28,1.143
661,Слава Краснодона,Sorokyne,2025-01-01,leadership_and_loyalty,331,28,11.821
662,Слава Краснодона,Sorokyne,2025-01-01,recruitment_and_contract_service,5,27,0.185
662,Слава Краснодона,Sorokyne,2025-01-01,passportization_and_documents,22,27,0.815
662,Слава Краснодона,Sorokyne,2025-01-01,elections_and_administration,7,27,0.259
662,Слава Краснодона,Sorokyne,2025-01-01,reconstruction_and_integration,19,27,0.704
662,Слава Краснодона,Sorokyne,2025-01-01,ukraine_as_enemy,9,27,0.333
662,Слава Краснодона,Sorokyne,2025-01-01,children_and_militarization,20,27,0.741
662,Слава Краснодона,Sorokyne,2025-01-01,leadership_and_loyalty,192,27,7.111
663,Слава Краснодона,Sorokyne,2025-03-11,recruitment_and_contract_service,14,27,0.519
663,Слава Краснодона,Sorokyne,2025-03-11,passportization_and_documents,8,27,0.296
663,Слава Краснодона,Sorokyne,2025-03-11,elections_and_administration,11,27,0.407
663,Слава Краснодона,Sorokyne,2025-03-11,reconstruction_and_integration,24,27,0.889
663,Слава Краснодона,Sorokyne,2025-03-11,ukraine_as_enemy,7,27,0.259
663,Слава Краснодона,Sorokyne,2025-03-11,children_and_militarization,24,27,0.889
663,Слава Краснодона,Sorokyne,2025-03-11,leadership_and_loyalty,184,27,6.815
664,Слава Краснодона,Sorokyne,2025-01-01,recruitment_and_contract_service,4,27,0.148
664,Слава Краснодона,Sorokyne,2025-01-01,passportization_and_documents,33,27,1.222
664,Слава Краснодона,Sorokyne,2025-01-01,elections_and_administration,1,27,0.037
664,Слава Краснодона,Sorokyne,2025-01-01,reconstruction_and_integration,36,27,1.333
664,Слава Краснодона,Sorokyne,2025-01-01,ukraine_as_enemy,5,27,0.185
664,Слава Краснодона,Sorokyne,2025-01-01,children_and_militarization,16,27,0.593
664,Слава Краснодона,Sorokyne,2025-01-01,leadership_and_loyalty,116,27,4.296
665,Слава Краснодона,Sorokyne,2025-03-06,recruitment_and_contract_service,11,27,0.407
665,Слава Краснодона,Sorokyne,2025-03-06,passportization_and_documents,27,27,1.0
665,Слава Краснодона,Sorokyne,2025-03-06,elections_and_administration,11,27,0.407
665,Слава Краснодона,Sorokyne,2025-03-06,reconstruction_and_integration,34,27,1.259
665,Слава Краснодона,Sorokyne,2025-03-06,ukraine_as_enemy,3,27,0.111
665,Слава Краснодона,Sorokyne,2025-03-06,children_and_militarization,17,27,0.63
665,Слава Краснодона,Sorokyne,2025-03-06,leadership_and_loyalty,168,27,6.222
666,Славяносербские вести,Slovianoserbsk,2024-12-26,recruitment_and_contract_service,2,16,0.125
666,Славяносербские вести,Slovianoserbsk,2024-12-26,passportization_and_documents,11,16,0.688
666,Славяносербские вести,Slovianoserbsk,2024-12-26,elections_and_administration,5,16,0.312
666,Славяносербские вести,Slovianoserbsk,2024-12-26,reconstruction_and_integration,29,16,1.812
666,Славяносербские вести,Slovianoserbsk,2024-12-26,ukraine_as_enemy,5,16,0.312
666,Славяносербские вести,Slovianoserbsk,2024-12-26,children_and_militarization,5,16,0.312
666,Славяносербские вести,Slovianoserbsk,2024-12-26,leadership_and_loyalty,73,16,4.562
667,Славяносербские вести,Slovianoserbsk,2025-03-19,recruitment_and_contract_service,5,15,0.333
667,Славяносербские вести,Slovianoserbsk,2025-03-19,passportization_and_documents,14,15,0.933
667,Славяносербские вести,Slovianoserbsk,2025-03-19,elections_and_administration,4,15,0.267
667,Славяносербские вести,Slovianoserbsk,2025-03-19,reconstruction_and_integration,26,15,1.733
667,Славяносербские вести,Slovianoserbsk,2025-03-19,ukraine_as_enemy,7,15,0.467
667,Славяносербские вести,Slovianoserbsk,2025-03-19,children_and_militarization,8,15,0.533
667,Славяносербские вести,Slovianoserbsk,2025-03-19,leadership_and_loyalty,95,15,6.333
668,Славяносербские вести,Slovianoserbsk,2025-03-26,recruitment_and_contract_service,22,15,1.467
668,Славяносербские вести,Slovianoserbsk,2025-03-26,passportization_and_documents,21,15,1.4
668,Славяносербские вести,Slovianoserbsk,2025-03-26,elections_and_administration,4,15,0.267
668,Славяносербские вести,Slovianoserbsk,2025-03-26,reconstruction_and_integration,19,15,1.267
668,Славяносербские вести,Slovianoserbsk,2025-03-26,ukraine_as_enemy,5,15,0.333
668,Славяносербские вести,Slovianoserbsk,2025-03-26,children_and_militarization,4,15,0.267
668,Славяносербские вести,Slovianoserbsk,2025-03-26,leadership_and_loyalty,86,15,5.733
669,Славяносербские вести,Slovianoserbsk,2025-04-02,recruitment_and_contract_service,4,15,0.267
669,Славяносербские вести,Slovianoserbsk,2025-04-02,passportization_and_documents,9,15,0.6
669,Славяносербские вести,Slovianoserbsk,2025-04-02,elections_and_administration,1,15,0.067
669,Славяносербские вести,Slovianoserbsk,2025-04-02,reconstruction_and_integration,15,15,1.0
669,Славяносербские вести,Slovianoserbsk,2025-04-02,ukraine_as_enemy,2,15,0.133
669,Славяносербские вести,Slovianoserbsk,2025-04-02,children_and_militarization,11,15,0.733
669,Славяносербские вести,Slovianoserbsk,2025-04-02,leadership_and_loyalty,94,15,6.267
670,Славяносербские вести,Slovianoserbsk,2025-04-09,recruitment_and_contract_service,2,15,0.133
670,Славяносербские вести,Slovianoserbsk,2025-04-09,passportization_and_documents,18,15,1.2
670,Славяносербские вести,Slovianoserbsk,2025-04-09,elections_and_administration,1,15,0.067
670,Славяносербские вести,Slovianoserbsk,2025-04-09,reconstruction_and_integration,17,15,1.133
670,Славяносербские вести,Slovianoserbsk,2025-04-09,ukraine_as_enemy,3,15,0.2
670,Славяносербские вести,Slovianoserbsk,2025-04-09,children_and_militarization,2,15,0.133
670,Славяносербские вести,Slovianoserbsk,2025-04-09,leadership_and_loyalty,98,15,6.533
671,Славяносербские вести,Slovianoserbsk,2025-04-16,recruitment_and_contract_service,2,15,0.133
671,Славяносербские вести,Slovianoserbsk,2025-04-16,passportization_and_documents,23,15,1.533
671,Славяносербские вести,Slovianoserbsk,2025-04-16,elections_and_administration,0,15,0.0
671,Славяносербские вести,Slovianoserbsk,2025-04-16,reconstruction_and_integration,14,15,0.933
671,Славяносербские вести,Slovianoserbsk,2025-04-16,ukraine_as_enemy,8,15,0.533
671,Славяносербские вести,Slovianoserbsk,2025-04-16,children_and_militarization,10,15,0.667
671,Славяносербские вести,Slovianoserbsk,2025-04-16,leadership_and_loyalty,59,15,3.933
672,Славяносербские вести,Slovianoserbsk,2025-04-30,recruitment_and_contract_service,26,15,1.733
672,Славяносербские вести,Slovianoserbsk,2025-04-30,passportization_and_documents,24,15,1.6
672,Славяносербские вести,Slovianoserbsk,2025-04-30,elections_and_administration,8,15,0.533
672,Славяносербские вести,Slovianoserbsk,2025-04-30,reconstruction_and_integration,15,15,1.0
672,Славяносербские вести,Slovianoserbsk,2025-04-30,ukraine_as_enemy,13,15,0.867
672,Славяносербские вести,Slovianoserbsk,2025-04-30,children_and_militarization,5,15,0.333
672,Славяносербские вести,Slovianoserbsk,2025-04-30,leadership_and_loyalty,96,15,6.4
673,Славяносербские вести,Slovianoserbsk,2025-05-07,recruitment_and_contract_service,11,15,0.733
673,Славяносербские вести,Slovianoserbsk,2025-05-07,passportization_and_documents,12,15,0.8
673,Славяносербские вести,Slovianoserbsk,2025-05-07,elections_and_administration,3,15,0.2
673,Славяносербские вести,Slovianoserbsk,2025-05-07,reconstruction_and_integration,12,15,0.8
673,Славяносербские вести,Slovianoserbsk,2025-05-07,ukraine_as_enemy,3,15,0.2
673,Славяносербские вести,Slovianoserbsk,2025-05-07,children_and_militarization,2,15,0.133
673,Славяносербские вести,Slovianoserbsk,2025-05-07,leadership_and_loyalty,101,15,6.733
674,Славяносербские вести,Slovianoserbsk,2025-05-21,recruitment_and_contract_service,3,15,0.2
674,Славяносербские вести,Slovianoserbsk,2025-05-21,passportization_and_documents,18,15,1.2
674,Славяносербские вести,Slovianoserbsk,2025-05-21,elections_and_administration,15,15,1.0
674,Славяносербские вести,Slovianoserbsk,2025-05-21,reconstruction_and_integration,19,15,1.267
674,Славяносербские вести,Slovianoserbsk,2025-05-21,ukraine_as_enemy,2,15,0.133
674,Славяносербские вести,Slovianoserbsk,2025-05-21,children_and_militarization,9,15,0.6
674,Славяносербские вести,Slovianoserbsk,2025-05-21,leadership_and_loyalty,86,15,5.733
675,Славяносербские вести,Slovianoserbsk,2025-01-22,recruitment_and_contract_service,10,15,0.667
675,Славяносербские вести,Slovianoserbsk,2025-01-22,passportization_and_documents,30,15,2.0
675,Славяносербские вести,Slovianoserbsk,2025-01-22,elections_and_administration,4,15,0.267
675,Славяносербские вести,Slovianoserbsk,2025-01-22,reconstruction_and_integration,21,15,1.4
675,Славяносербские вести,Slovianoserbsk,2025-01-22,ukraine_as_enemy,2,15,0.133
675,Славяносербские вести,Slovianoserbsk,2025-01-22,children_and_militarization,3,15,0.2
675,Славяносербские вести,Slovianoserbsk,2025-01-22,leadership_and_loyalty,86,15,5.733
676,Славяносербские вести,Slovianoserbsk,2025-05-28,recruitment_and_contract_service,1,15,0.067
676,Славяносербские вести,Slovianoserbsk,2025-05-28,passportization_and_documents,6,15,0.4
676,Славяносербские вести,Slovianoserbsk,2025-05-28,elections_and_administration,1,15,0.067
676,Славяносербские вести,Slovianoserbsk,2025-05-28,reconstruction_and_integration,13,15,0.867
676,Славяносербские вести,Slovianoserbsk,2025-05-28,ukraine_as_enemy,1,15,0.067
676,Славяносербские вести,Slovianoserbsk,2025-05-28,children_and_militarization,7,15,0.467
676,Славяносербские вести,Slovianoserbsk,2025-05-28,leadership_and_loyalty,89,15,5.933
677,Славяносербские вести,Slovianoserbsk,2025-06-04,recruitment_and_contract_service,1,15,0.067
677,Славяносербские вести,Slovianoserbsk,2025-06-04,passportization_and_documents,9,15,0.6
677,Славяносербские вести,Slovianoserbsk,2025-06-04,elections_and_administration,0,15,0.0
677,Славяносербские вести,Slovianoserbsk,2025-06-04,reconstruction_and_integration,13,15,0.867
677,Славяносербские вести,Slovianoserbsk,2025-06-04,ukraine_as_enemy,1,15,0.067
677,Славяносербские вести,Slovianoserbsk,2025-06-04,children_and_militarization,9,15,0.6
677,Славяносербские вести,Slovianoserbsk,2025-06-04,leadership_and_loyalty,88,15,5.867
678,Славяносербские вести,Slovianoserbsk,2025-06-11,recruitment_and_contract_service,11,15,0.733
678,Славяносербские вести,Slovianoserbsk,2025-06-11,passportization_and_documents,10,15,0.667
678,Славяносербские вести,Slovianoserbsk,2025-06-11,elections_and_administration,2,15,0.133
678,Славяносербские вести,Slovianoserbsk,2025-06-11,reconstruction_and_integration,23,15,1.533
678,Славяносербские вести,Slovianoserbsk,2025-06-11,ukraine_as_enemy,0,15,0.0
678,Славяносербские вести,Slovianoserbsk,2025-06-11,children_and_militarization,2,15,0.133
678,Славяносербские вести,Slovianoserbsk,2025-06-11,leadership_and_loyalty,83,15,5.533
679,Славяносербские вести,Slovianoserbsk,2025-06-25,recruitment_and_contract_service,4,15,0.267
679,Славяносербские вести,Slovianoserbsk,2025-06-25,passportization_and_documents,7,15,0.467
679,Славяносербские вести,Slovianoserbsk,2025-06-25,elections_and_administration,1,15,0.067
679,Славяносербские вести,Slovianoserbsk,2025-06-25,reconstruction_and_integration,18,15,1.2
679,Славяносербские вести,Slovianoserbsk,2025-06-25,ukraine_as_enemy,8,15,0.533
679,Славяносербские вести,Slovianoserbsk,2025-06-25,children_and_militarization,6,15,0.4
679,Славяносербские вести,Slovianoserbsk,2025-06-25,leadership_and_loyalty,103,15,6.867
680,Славяносербские вести,Slovianoserbsk,2025-07-01,recruitment_and_contract_service,1,15,0.067
680,Славяносербские вести,Slovianoserbsk,2025-07-01,passportization_and_documents,23,15,1.533
680,Славяносербские вести,Slovianoserbsk,2025-07-01,elections_and_administration,2,15,0.133
680,Славяносербские вести,Slovianoserbsk,2025-07-01,reconstruction_and_integration,13,15,0.867
680,Славяносербские вести,Slovianoserbsk,2025-07-01,ukraine_as_enemy,7,15,0.467
680,Славяносербские вести,Slovianoserbsk,2025-07-01,children_and_militarization,4,15,0.267
680,Славяносербские вести,Slovianoserbsk,2025-07-01,leadership_and_loyalty,86,15,5.733
681,Славяносербские вести,Slovianoserbsk,2025-07-15,recruitment_and_contract_service,3,15,0.2
681,Славяносербские вести,Slovianoserbsk,2025-07-15,passportization_and_documents,22,15,1.467
681,Славяносербские вести,Slovianoserbsk,2025-07-15,elections_and_administration,1,15,0.067
681,Славяносербские вести,Slovianoserbsk,2025-07-15,reconstruction_and_integration,7,15,0.467
681,Славяносербские вести,Slovianoserbsk,2025-07-15,ukraine_as_enemy,4,15,0.267
681,Славяносербские вести,Slovianoserbsk,2025-07-15,children_and_militarization,7,15,0.467
681,Славяносербские вести,Slovianoserbsk,2025-07-15,leadership_and_loyalty,74,15,4.933
682,Славяносербские вести,Slovianoserbsk,2025-01-01,recruitment_and_contract_service,5,15,0.333
682,Славяносербские вести,Slovianoserbsk,2025-01-01,passportization_and_documents,17,15,1.133
682,Славяносербские вести,Slovianoserbsk,2025-01-01,elections_and_administration,6,15,0.4
682,Славяносербские вести,Slovianoserbsk,2025-01-01,reconstruction_and_integration,7,15,0.467
682,Славяносербские вести,Slovianoserbsk,2025-01-01,ukraine_as_enemy,4,15,0.267
682,Славяносербские вести,Slovianoserbsk,2025-01-01,children_and_militarization,6,15,0.4
682,Славяносербские вести,Slovianoserbsk,2025-01-01,leadership_and_loyalty,55,15,3.667
683,Славяносербские вести,Slovianoserbsk,2025-08-01,recruitment_and_contract_service,5,15,0.333
683,Славяносербские вести,Slovianoserbsk,2025-08-01,passportization_and_documents,20,15,1.333
683,Славяносербские вести,Slovianoserbsk,2025-08-01,elections_and_administration,0,15,0.0
683,Славяносербские вести,Slovianoserbsk,2025-08-01,reconstruction_and_integration,30,15,2.0
683,Славяносербские вести,Slovianoserbsk,2025-08-01,ukraine_as_enemy,1,15,0.067
683,Славяносербские вести,Slovianoserbsk,2025-08-01,children_and_militarization,1,15,0.067
683,Славяносербские вести,Slovianoserbsk,2025-08-01,leadership_and_loyalty,67,15,4.467
684,Славяносербские вести,Slovianoserbsk,2025-08-13,recruitment_and_contract_service,5,15,0.333
684,Славяносербские вести,Slovianoserbsk,2025-08-13,passportization_and_documents,7,15,0.467
684,Славяносербские вести,Slovianoserbsk,2025-08-13,elections_and_administration,2,15,0.133
684,Славяносербские вести,Slovianoserbsk,2025-08-13,reconstruction_and_integration,15,15,1.0
684,Славяносербские вести,Slovianoserbsk,2025-08-13,ukraine_as_enemy,1,15,0.067
684,Славяносербские вести,Slovianoserbsk,2025-08-13,children_and_militarization,5,15,0.333
684,Славяносербские вести,Slovianoserbsk,2025-08-13,leadership_and_loyalty,69,15,4.6
685,Славяносербские вести,Slovianoserbsk,2025-08-20,recruitment_and_contract_service,4,15,0.267
685,Славяносербские вести,Slovianoserbsk,2025-08-20,passportization_and_documents,12,15,0.8
685,Славяносербские вести,Slovianoserbsk,2025-08-20,elections_and_administration,10,15,0.667
685,Славяносербские вести,Slovianoserbsk,2025-08-20,reconstruction_and_integration,24,15,1.6
685,Славяносербские вести,Slovianoserbsk,2025-08-20,ukraine_as_enemy,4,15,0.267
685,Славяносербские вести,Slovianoserbsk,2025-08-20,children_and_militarization,2,15,0.133
685,Славяносербские вести,Slovianoserbsk,2025-08-20,leadership_and_loyalty,84,15,5.6
686,Славяносербские вести,Slovianoserbsk,2025-08-27,recruitment_and_contract_service,1,15,0.067
686,Славяносербские вести,Slovianoserbsk,2025-08-27,passportization_and_documents,29,15,1.933
686,Славяносербские вести,Slovianoserbsk,2025-08-27,elections_and_administration,5,15,0.333
686,Славяносербские вести,Slovianoserbsk,2025-08-27,reconstruction_and_integration,18,15,1.2
686,Славяносербские вести,Slovianoserbsk,2025-08-27,ukraine_as_enemy,0,15,0.0
686,Славяносербские вести,Slovianoserbsk,2025-08-27,children_and_militarization,3,15,0.2
686,Славяносербские вести,Slovianoserbsk,2025-08-27,leadership_and_loyalty,80,15,5.333
687,Славяносербские вести,Slovianoserbsk,2024-08-21,recruitment_and_contract_service,6,15,0.4
687,Славяносербские вести,Slovianoserbsk,2024-08-21,passportization_and_documents,231,15,15.4
687,Славяносербские вести,Slovianoserbsk,2024-08-21,elections_and_administration,0,15,0.0
687,Славяносербские вести,Slovianoserbsk,2024-08-21,reconstruction_and_integration,78,15,5.2
687,Славяносербские вести,Slovianoserbsk,2024-08-21,ukraine_as_enemy,0,15,0.0
687,Славяносербские вести,Slovianoserbsk,2024-08-21,children_and_militarization,5,15,0.333
687,Славяносербские вести,Slovianoserbsk,2024-08-21,leadership_and_loyalty,63,15,4.2
688,Славяносербские вести,Slovianoserbsk,2024-07-10,recruitment_and_contract_service,24,16,1.5
688,Славяносербские вести,Slovianoserbsk,2024-07-10,passportization_and_documents,116,16,7.25
688,Славяносербские вести,Slovianoserbsk,2024-07-10,elections_and_administration,3,16,0.188
688,Славяносербские вести,Slovianoserbsk,2024-07-10,reconstruction_and_integration,17,16,1.062
688,Славяносербские вести,Slovianoserbsk,2024-07-10,ukraine_as_enemy,1,16,0.062
688,Славяносербские вести,Slovianoserbsk,2024-07-10,children_and_militarization,13,16,0.812
688,Славяносербские вести,Slovianoserbsk,2024-07-10,leadership_and_loyalty,90,16,5.625
689,Славяносербские вести,Slovianoserbsk,2025-09-10,recruitment_and_contract_service,4,15,0.267
689,Славяносербские вести,Slovianoserbsk,2025-09-10,passportization_and_documents,12,15,0.8
689,Славяносербские вести,Slovianoserbsk,2025-09-10,elections_and_administration,17,15,1.133
689,Славяносербские вести,Slovianoserbsk,2025-09-10,reconstruction_and_integration,9,15,0.6
689,Славяносербские вести,Slovianoserbsk,2025-09-10,ukraine_as_enemy,1,15,0.067
689,Славяносербские вести,Slovianoserbsk,2025-09-10,children_and_militarization,2,15,0.133
689,Славяносербские вести,Slovianoserbsk,2025-09-10,leadership_and_loyalty,88,15,5.867
690,Славяносербские вести,Slovianoserbsk,2024-07-01,recruitment_and_contract_service,9,16,0.562
690,Славяносербские вести,Slovianoserbsk,2024-07-01,passportization_and_documents,34,16,2.125
690,Славяносербские вести,Slovianoserbsk,2024-07-01,elections_and_administration,5,16,0.312
690,Славяносербские вести,Slovianoserbsk,2024-07-01,reconstruction_and_integration,26,16,1.625
690,Славяносербские вести,Slovianoserbsk,2024-07-01,ukraine_as_enemy,3,16,0.188
690,Славяносербские вести,Slovianoserbsk,2024-07-01,children_and_militarization,10,16,0.625
690,Славяносербские вести,Slovianoserbsk,2024-07-01,leadership_and_loyalty,48,16,3.0
691,Славяносербские вести,Slovianoserbsk,2023-03-01,recruitment_and_contract_service,7,15,0.467
691,Славяносербские вести,Slovianoserbsk,2023-03-01,passportization_and_documents,17,15,1.133
691,Славяносербские вести,Slovianoserbsk,2023-03-01,elections_and_administration,1,15,0.067
691,Славяносербские вести,Slovianoserbsk,2023-03-01,reconstruction_and_integration,25,15,1.667
691,Славяносербские вести,Slovianoserbsk,2023-03-01,ukraine_as_enemy,1,15,0.067
691,Славяносербские вести,Slovianoserbsk,2023-03-01,children_and_militarization,5,15,0.333
691,Славяносербские вести,Slovianoserbsk,2023-03-01,leadership_and_loyalty,55,15,3.667
692,Славяносербские вести,Slovianoserbsk,2024-09-18,recruitment_and_contract_service,19,15,1.267
692,Славяносербские вести,Slovianoserbsk,2024-09-18,passportization_and_documents,99,15,6.6
692,Славяносербские вести,Slovianoserbsk,2024-09-18,elections_and_administration,0,15,0.0
692,Славяносербские вести,Slovianoserbsk,2024-09-18,reconstruction_and_integration,26,15,1.733
692,Славяносербские вести,Slovianoserbsk,2024-09-18,ukraine_as_enemy,1,15,0.067
692,Славяносербские вести,Slovianoserbsk,2024-09-18,children_and_militarization,11,15,0.733
692,Славяносербские вести,Slovianoserbsk,2024-09-18,leadership_and_loyalty,62,15,4.133
693,Славяносербские вести,Slovianoserbsk,2024-09-27,recruitment_and_contract_service,1,15,0.067
693,Славяносербские вести,Slovianoserbsk,2024-09-27,passportization_and_documents,153,15,10.2
693,Славяносербские вести,Slovianoserbsk,2024-09-27,elections_and_administration,1,15,0.067
693,Славяносербские вести,Slovianoserbsk,2024-09-27,reconstruction_and_integration,25,15,1.667
693,Славяносербские вести,Slovianoserbsk,2024-09-27,ukraine_as_enemy,1,15,0.067
693,Славяносербские вести,Slovianoserbsk,2024-09-27,children_and_militarization,5,15,0.333
693,Славяносербские вести,Slovianoserbsk,2024-09-27,leadership_and_loyalty,69,15,4.6
694,Славяносербские вести,Slovianoserbsk,2024-10-02,recruitment_and_contract_service,0,15,0.0
694,Славяносербские вести,Slovianoserbsk,2024-10-02,passportization_and_documents,20,15,1.333
694,Славяносербские вести,Slovianoserbsk,2024-10-02,elections_and_administration,7,15,0.467
694,Славяносербские вести,Slovianoserbsk,2024-10-02,reconstruction_and_integration,20,15,1.333
694,Славяносербские вести,Slovianoserbsk,2024-10-02,ukraine_as_enemy,5,15,0.333
694,Славяносербские вести,Slovianoserbsk,2024-10-02,children_and_militarization,10,15,0.667
694,Славяносербские вести,Slovianoserbsk,2024-10-02,leadership_and_loyalty,69,15,4.6
695,Славяносербские вести,Slovianoserbsk,2025-02-05,recruitment_and_contract_service,4,15,0.267
695,Славяносербские вести,Slovianoserbsk,2025-02-05,passportization_and_documents,7,15,0.467
695,Славяносербские вести,Slovianoserbsk,2025-02-05,elections_and_administration,4,15,0.267
695,Славяносербские вести,Slovianoserbsk,2025-02-05,reconstruction_and_integration,19,15,1.267
695,Славяносербские вести,Slovianoserbsk,2025-02-05,ukraine_as_enemy,6,15,0.4
695,Славяносербские вести,Slovianoserbsk,2025-02-05,children_and_militarization,4,15,0.267
695,Славяносербские вести,Slovianoserbsk,2025-02-05,leadership_and_loyalty,105,15,7.0
696,Славяносербские вести,Slovianoserbsk,2024-09-18,recruitment_and_contract_service,3,15,0.2
696,Славяносербские вести,Slovianoserbsk,2024-09-18,passportization_and_documents,14,15,0.933
696,Славяносербские вести,Slovianoserbsk,2024-09-18,elections_and_administration,1,15,0.067
696,Славяносербские вести,Slovianoserbsk,2024-09-18,reconstruction_and_integration,20,15,1.333
696,Славяносербские вести,Slovianoserbsk,2024-09-18,ukraine_as_enemy,2,15,0.133
696,Славяносербские вести,Slovianoserbsk,2024-09-18,children_and_militarization,9,15,0.6
696,Славяносербские вести,Slovianoserbsk,2024-09-18,leadership_and_loyalty,61,15,4.067
697,Славяносербские вести,Slovianoserbsk,2024-10-04,recruitment_and_contract_service,0,15,0.0
697,Славяносербские вести,Slovianoserbsk,2024-10-04,passportization_and_documents,12,15,0.8
697,Славяносербские вести,Slovianoserbsk,2024-10-04,elections_and_administration,0,15,0.0
697,Славяносербские вести,Slovianoserbsk,2024-10-04,reconstruction_and_integration,8,15,0.533
697,Славяносербские вести,Slovianoserbsk,2024-10-04,ukraine_as_enemy,0,15,0.0
697,Славяносербские вести,Slovianoserbsk,2024-10-04,children_and_militarization,5,15,0.333
697,Славяносербские вести,Slovianoserbsk,2024-10-04,leadership_and_loyalty,60,15,4.0
698,Славяносербские вести,Slovianoserbsk,2024-10-23,recruitment_and_contract_service,0,15,0.0
698,Славяносербские вести,Slovianoserbsk,2024-10-23,passportization_and_documents,23,15,1.533
698,Славяносербские вести,Slovianoserbsk,2024-10-23,elections_and_administration,4,15,0.267
698,Славяносербские вести,Slovianoserbsk,2024-10-23,reconstruction_and_integration,11,15,0.733
698,Славяносербские вести,Slovianoserbsk,2024-10-23,ukraine_as_enemy,1,15,0.067
698,Славяносербские вести,Slovianoserbsk,2024-10-23,children_and_militarization,3,15,0.2
698,Славяносербские вести,Slovianoserbsk,2024-10-23,leadership_and_loyalty,49,15,3.267
699,Славяносербские вести,Slovianoserbsk,2024-11-13,recruitment_and_contract_service,0,16,0.0
699,Славяносербские вести,Slovianoserbsk,2024-11-13,passportization_and_documents,234,16,14.625
699,Славяносербские вести,Slovianoserbsk,2024-11-13,elections_and_administration,13,16,0.812
699,Славяносербские вести,Slovianoserbsk,2024-11-13,reconstruction_and_integration,25,16,1.562
699,Славяносербские вести,Slovianoserbsk,2024-11-13,ukraine_as_enemy,0,16,0.0
699,Славяносербские вести,Slovianoserbsk,2024-11-13,children_and_militarization,5,16,0.312
699,Славяносербские вести,Slovianoserbsk,2024-11-13,leadership_and_loyalty,114,16,7.125
700,Славяносербские вести,Slovianoserbsk,2024-10-22,recruitment_and_contract_service,6,16,0.375
700,Славяносербские вести,Slovianoserbsk,2024-10-22,passportization_and_documents,115,16,7.188
700,Славяносербские вести,Slovianoserbsk,2024-10-22,elections_and_administration,18,16,1.125
700,Славяносербские вести,Slovianoserbsk,2024-10-22,reconstruction_and_integration,84,16,5.25
700,Славяносербские вести,Slovianoserbsk,2024-10-22,ukraine_as_enemy,0,16,0.0
700,Славяносербские вести,Slovianoserbsk,2024-10-22,children_and_militarization,9,16,0.562
700,Славяносербские вести,Slovianoserbsk,2024-10-22,leadership_and_loyalty,78,16,4.875
701,Славяносербские вести,Slovianoserbsk,2024-11-13,recruitment_and_contract_service,7,16,0.438
701,Славяносербские вести,Slovianoserbsk,2024-11-13,passportization_and_documents,109,16,6.812
701,Славяносербские вести,Slovianoserbsk,2024-11-13,elections_and_administration,0,16,0.0
701,Славяносербские вести,Slovianoserbsk,2024-11-13,reconstruction_and_integration,11,16,0.688
701,Славяносербские вести,Slovianoserbsk,2024-11-13,ukraine_as_enemy,0,16,0.0
701,Славяносербские вести,Slovianoserbsk,2024-11-13,children_and_militarization,1,16,0.062
701,Славяносербские вести,Slovianoserbsk,2024-11-13,leadership_and_loyalty,81,16,5.062
702,Славяносербские вести,Slovianoserbsk,2024-11-20,recruitment_and_contract_service,9,15,0.6
702,Славяносербские вести,Slovianoserbsk,2024-11-20,passportization_and_documents,7,15,0.467
702,Славяносербские вести,Slovianoserbsk,2024-11-20,elections_and_administration,3,15,0.2
702,Славяносербские вести,Slovianoserbsk,2024-11-20,reconstruction_and_integration,56,15,3.733
702,Славяносербские вести,Slovianoserbsk,2024-11-20,ukraine_as_enemy,5,15,0.333
702,Славяносербские вести,Slovianoserbsk,2024-11-20,children_and_militarization,9,15,0.6
702,Славяносербские вести,Slovianoserbsk,2024-11-20,leadership_and_loyalty,80,15,5.333
703,Славяносербские вести,Slovianoserbsk,2024-11-19,recruitment_and_contract_service,0,15,0.0
703,Славяносербские вести,Slovianoserbsk,2024-11-19,passportization_and_documents,25,15,1.667
703,Славяносербские вести,Slovianoserbsk,2024-11-19,elections_and_administration,6,15,0.4
703,Славяносербские вести,Slovianoserbsk,2024-11-19,reconstruction_and_integration,19,15,1.267
703,Славяносербские вести,Slovianoserbsk,2024-11-19,ukraine_as_enemy,3,15,0.2
703,Славяносербские вести,Slovianoserbsk,2024-11-19,children_and_militarization,3,15,0.2
703,Славяносербские вести,Slovianoserbsk,2024-11-19,leadership_and_loyalty,45,15,3.0
704,Славяносербские вести,Slovianoserbsk,2024-01-01,recruitment_and_contract_service,13,15,0.867
704,Славяносербские вести,Slovianoserbsk,2024-01-01,passportization_and_documents,5,15,0.333
704,Славяносербские вести,Slovianoserbsk,2024-01-01,elections_and_administration,8,15,0.533
704,Славяносербские вести,Slovianoserbsk,2024-01-01,reconstruction_and_integration,11,15,0.733
704,Славяносербские вести,Slovianoserbsk,2024-01-01,ukraine_as_enemy,0,15,0.0
704,Славяносербские вести,Slovianoserbsk,2024-01-01,children_and_militarization,7,15,0.467
704,Славяносербские вести,Slovianoserbsk,2024-01-01,leadership_and_loyalty,49,15,3.267
705,Славяносербские вести,Slovianoserbsk,2024-12-04,recruitment_and_contract_service,32,15,2.133
705,Славяносербские вести,Slovianoserbsk,2024-12-04,passportization_and_documents,14,15,0.933
705,Славяносербские вести,Slovianoserbsk,2024-12-04,elections_and_administration,1,15,0.067
705,Славяносербские вести,Slovianoserbsk,2024-12-04,reconstruction_and_integration,35,15,2.333
705,Славяносербские вести,Slovianoserbsk,2024-12-04,ukraine_as_enemy,1,15,0.067
705,Славяносербские вести,Slovianoserbsk,2024-12-04,children_and_militarization,4,15,0.267
705,Славяносербские вести,Slovianoserbsk,2024-12-04,leadership_and_loyalty,59,15,3.933
706,Славяносербские вести,Slovianoserbsk,2025-02-03,recruitment_and_contract_service,11,15,0.733
706,Славяносербские вести,Slovianoserbsk,2025-02-03,passportization_and_documents,25,15,1.667
706,Славяносербские вести,Slovianoserbsk,2025-02-03,elections_and_administration,2,15,0.133
706,Славяносербские вести,Slovianoserbsk,2025-02-03,reconstruction_and_integration,6,15,0.4
706,Славяносербские вести,Slovianoserbsk,2025-02-03,ukraine_as_enemy,4,15,0.267
706,Славяносербские вести,Slovianoserbsk,2025-02-03,children_and_militarization,4,15,0.267
706,Славяносербские вести,Slovianoserbsk,2025-02-03,leadership_and_loyalty,83,15,5.533
707,Славяносербские вести,Slovianoserbsk,2024-12-12,recruitment_and_contract_service,3,15,0.2
707,Славяносербские вести,Slovianoserbsk,2024-12-12,passportization_and_documents,27,15,1.8
707,Славяносербские вести,Slovianoserbsk,2024-12-12,elections_and_administration,2,15,0.133
707,Славяносербские вести,Slovianoserbsk,2024-12-12,reconstruction_and_integration,7,15,0.467
707,Славяносербские вести,Slovianoserbsk,2024-12-12,ukraine_as_enemy,2,15,0.133
707,Славяносербские вести,Slovianoserbsk,2024-12-12,children_and_militarization,6,15,0.4
707,Славяносербские вести,Slovianoserbsk,2024-12-12,leadership_and_loyalty,66,15,4.4
708,Славяносербские вести,Slovianoserbsk,2024-12-20,recruitment_and_contract_service,3,15,0.2
708,Славяносербские вести,Slovianoserbsk,2024-12-20,passportization_and_documents,46,15,3.067
708,Славяносербские вести,Slovianoserbsk,2024-12-20,elections_and_administration,1,15,0.067
708,Славяносербские вести,Slovianoserbsk,2024-12-20,reconstruction_and_integration,27,15,1.8
708,Славяносербские вести,Slovianoserbsk,2024-12-20,ukraine_as_enemy,7,15,0.467
708,Славяносербские вести,Slovianoserbsk,2024-12-20,children_and_militarization,2,15,0.133
708,Славяносербские вести,Slovianoserbsk,2024-12-20,leadership_and_loyalty,240,15,16.0
709,Славяносербские вести,Slovianoserbsk,2024-03-01,recruitment_and_contract_service,2,15,0.133
709,Славяносербские вести,Slovianoserbsk,2024-03-01,passportization_and_documents,10,15,0.667
709,Славяносербские вести,Slovianoserbsk,2024-03-01,elections_and_administration,1,15,0.067
709,Славяносербские вести,Slovianoserbsk,2024-03-01,reconstruction_and_integration,30,15,2.0
709,Славяносербские вести,Slovianoserbsk,2024-03-01,ukraine_as_enemy,10,15,0.667
709,Славяносербские вести,Slovianoserbsk,2024-03-01,children_and_militarization,4,15,0.267
709,Славяносербские вести,Slovianoserbsk,2024-03-01,leadership_and_loyalty,95,15,6.333
710,Славяносербские вести,Slovianoserbsk,2025-02-26,recruitment_and_contract_service,4,15,0.267
710,Славяносербские вести,Slovianoserbsk,2025-02-26,passportization_and_documents,8,15,0.533
710,Славяносербские вести,Slovianoserbsk,2025-02-26,elections_and_administration,6,15,0.4
710,Славяносербские вести,Slovianoserbsk,2025-02-26,reconstruction_and_integration,10,15,0.667
710,Славяносербские вести,Slovianoserbsk,2025-02-26,ukraine_as_enemy,6,15,0.4
710,Славяносербские вести,Slovianoserbsk,2025-02-26,children_and_militarization,4,15,0.267
710,Славяносербские вести,Slovianoserbsk,2025-02-26,leadership_and_loyalty,104,15,6.933
711,Славяносербские вести,Slovianoserbsk,2024-03-01,recruitment_and_contract_service,1,15,0.067
711,Славяносербские вести,Slovianoserbsk,2024-03-01,passportization_and_documents,9,15,0.6
711,Славяносербские вести,Slovianoserbsk,2024-03-01,elections_and_administration,4,15,0.267
711,Славяносербские вести,Slovianoserbsk,2024-03-01,reconstruction_and_integration,7,15,0.467
711,Славяносербские вести,Slovianoserbsk,2024-03-01,ukraine_as_enemy,1,15,0.067
711,Славяносербские вести,Slovianoserbsk,2024-03-01,children_and_militarization,4,15,0.267
711,Славяносербские вести,Slovianoserbsk,2024-03-01,leadership_and_loyalty,89,15,5.933
712,Славяносербские вести,Slovianoserbsk,2025-03-12,recruitment_and_contract_service,6,15,0.4
712,Славяносербские вести,Slovianoserbsk,2025-03-12,passportization_and_documents,22,15,1.467
712,Славяносербские вести,Slovianoserbsk,2025-03-12,elections_and_administration,6,15,0.4
712,Славяносербские вести,Slovianoserbsk,2025-03-12,reconstruction_and_integration,21,15,1.4
712,Славяносербские вести,Slovianoserbsk,2025-03-12,ukraine_as_enemy,2,15,0.133
712,Славяносербские вести,Slovianoserbsk,2025-03-12,children_and_militarization,6,15,0.4
712,Славяносербские вести,Slovianoserbsk,2025-03-12,leadership_and_loyalty,102,15,6.8
713,Спортивное обозрение,,2025-01-16,recruitment_and_contract_service,16,20,0.8
713,Спортивное обозрение,,2025-01-16,passportization_and_documents,4,20,0.2
713,Спортивное обозрение,,2025-01-16,elections_and_administration,1,20,0.05
713,Спортивное обозрение,,2025-01-16,reconstruction_and_integration,5,20,0.25
713,Спортивное обозрение,,2025-01-16,ukraine_as_enemy,1,20,0.05
713,Спортивное обозрение,,2025-01-16,children_and_militarization,14,20,0.7
713,Спортивное обозрение,,2025-01-16,leadership_and_loyalty,72,20,3.6
714,Спортивное обозрение,,2025-03-20,recruitment_and_contract_service,6,20,0.3
714,Спортивное обозрение,,2025-03-20,passportization_and_documents,1,20,0.05
714,Спортивное обозрение,,2025-03-20,elections_and_administration,1,20,0.05
714,Спортивное обозрение,,2025-03-20,reconstruction_and_integration,5,20,0.25
714,Спортивное обозрение,,2025-03-20,ukraine_as_enemy,1,20,0.05
714,Спортивное обозрение,,2025-03-20,children_and_militarization,9,20,0.45
714,Спортивное обозрение,,2025-03-20,leadership_and_loyalty,60,20,3.0
715,Спортивное обозрение,,2025-03-27,recruitment_and_contract_service,14,20,0.7
715,Спортивное обозрение,,2025-03-27,passportization_and_documents,2,20,0.1
715,Спортивное обозрение,,2025-03-27,elections_and_administration,3,20,0.15
715,Спортивное обозрение,,2025-03-27,reconstruction_and_integration,2,20,0.1
715,Спортивное обозрение,,2025-03-27,ukraine_as_enemy,1,20,0.05
715,Спортивное обозрение,,2025-03-27,children_and_militarization,6,20,0.3
715,Спортивное обозрение,,2025-03-27,leadership_and_loyalty,76,20,3.8
716,Спортивное обозрение,,2025-04-03,recruitment_and_contract_service,11,20,0.55
716,Спортивное обозрение,,2025-04-03,passportization_and_documents,1,20,0.05
716,Спортивное обозрение,,2025-04-03,elections_and_administration,0,20,0.0
716,Спортивное обозрение,,2025-04-03,reconstruction_and_integration,1,20,0.05
716,Спортивное обозрение,,2025-04-03,ukraine_as_enemy,2,20,0.1
716,Спортивное обозрение,,2025-04-03,children_and_militarization,8,20,0.4
716,Спортивное обозрение,,2025-04-03,leadership_and_loyalty,63,20,3.15
717,Спортивное обозрение,,2025-01-23,recruitment_and_contract_service,12,20,0.6
717,Спортивное обозрение,,2025-01-23,passportization_and_documents,2,20,0.1
717,Спортивное обозрение,,2025-01-23,elections_and_administration,0,20,0.0
717,Спортивное обозрение,,2025-01-23,reconstruction_and_integration,1,20,0.05
717,Спортивное обозрение,,2025-01-23,ukraine_as_enemy,0,20,0.0
717,Спортивное обозрение,,2025-01-23,children_and_militarization,15,20,0.75
717,Спортивное обозрение,,2025-01-23,leadership_and_loyalty,57,20,2.85
718,Спортивное обозрение,,2025-01-30,recruitment_and_contract_service,24,20,1.2
718,Спортивное обозрение,,2025-01-30,passportization_and_documents,0,20,0.0
718,Спортивное обозрение,,2025-01-30,elections_and_administration,1,20,0.05
718,Спортивное обозрение,,2025-01-30,reconstruction_and_integration,13,20,0.65
718,Спортивное обозрение,,2025-01-30,ukraine_as_enemy,0,20,0.0
718,Спортивное обозрение,,2025-01-30,children_and_militarization,16,20,0.8
718,Спортивное обозрение,,2025-01-30,leadership_and_loyalty,46,20,2.3
719,Спортивное обозрение,,2024-08-22,recruitment_and_contract_service,10,20,0.5
719,Спортивное обозрение,,2024-08-22,passportization_and_documents,0,20,0.0
719,Спортивное обозрение,,2024-08-22,elections_and_administration,1,20,0.05
719,Спортивное обозрение,,2024-08-22,reconstruction_and_integration,3,20,0.15
719,Спортивное обозрение,,2024-08-22,ukraine_as_enemy,0,20,0.0
719,Спортивное обозрение,,2024-08-22,children_and_militarization,5,20,0.25
719,Спортивное обозрение,,2024-08-22,leadership_and_loyalty,55,20,2.75
720,Спортивное обозрение,,2024-08-29,recruitment_and_contract_service,10,20,0.5
720,Спортивное обозрение,,2024-08-29,passportization_and_documents,2,20,0.1
720,Спортивное обозрение,,2024-08-29,elections_and_administration,0,20,0.0
720,Спортивное обозрение,,2024-08-29,reconstruction_and_integration,1,20,0.05
720,Спортивное обозрение,,2024-08-29,ukraine_as_enemy,0,20,0.0
720,Спортивное обозрение,,2024-08-29,children_and_militarization,7,20,0.35
720,Спортивное обозрение,,2024-08-29,leadership_and_loyalty,72,20,3.6
721,Спортивное обозрение,,2024-09-05,recruitment_and_contract_service,7,20,0.35
721,Спортивное обозрение,,2024-09-05,passportization_and_documents,0,20,0.0
721,Спортивное обозрение,,2024-09-05,elections_and_administration,0,20,0.0
721,Спортивное обозрение,,2024-09-05,reconstruction_and_integration,1,20,0.05
721,Спортивное обозрение,,2024-09-05,ukraine_as_enemy,1,20,0.05
721,Спортивное обозрение,,2024-09-05,children_and_militarization,10,20,0.5
721,Спортивное обозрение,,2024-09-05,leadership_and_loyalty,63,20,3.15
722,Спортивное обозрение,,2024-09-12,recruitment_and_contract_service,17,20,0.85
722,Спортивное обозрение,,2024-09-12,passportization_and_documents,12,20,0.6
722,Спортивное обозрение,,2024-09-12,elections_and_administration,2,20,0.1
722,Спортивное обозрение,,2024-09-12,reconstruction_and_integration,3,20,0.15
722,Спортивное обозрение,,2024-09-12,ukraine_as_enemy,0,20,0.0
722,Спортивное обозрение,,2024-09-12,children_and_militarization,4,20,0.2
722,Спортивное обозрение,,2024-09-12,leadership_and_loyalty,75,20,3.75
723,Спортивное обозрение,,2024-09-19,recruitment_and_contract_service,9,20,0.45
723,Спортивное обозрение,,2024-09-19,passportization_and_documents,0,20,0.0
723,Спортивное обозрение,,2024-09-19,elections_and_administration,5,20,0.25
723,Спортивное обозрение,,2024-09-19,reconstruction_and_integration,2,20,0.1
723,Спортивное обозрение,,2024-09-19,ukraine_as_enemy,1,20,0.05
723,Спортивное обозрение,,2024-09-19,children_and_militarization,9,20,0.45
723,Спортивное обозрение,,2024-09-19,leadership_and_loyalty,76,20,3.8
724,Спортивное обозрение,,2024-09-26,recruitment_and_contract_service,5,20,0.25
724,Спортивное обозрение,,2024-09-26,passportization_and_documents,2,20,0.1
724,Спортивное обозрение,,2024-09-26,elections_and_administration,4,20,0.2
724,Спортивное обозрение,,2024-09-26,reconstruction_and_integration,5,20,0.25
724,Спортивное обозрение,,2024-09-26,ukraine_as_enemy,1,20,0.05
724,Спортивное обозрение,,2024-09-26,children_and_militarization,2,20,0.1
724,Спортивное обозрение,,2024-09-26,leadership_and_loyalty,50,20,2.5
725,Спортивное обозрение,,2024-10-03,recruitment_and_contract_service,5,20,0.25
725,Спортивное обозрение,,2024-10-03,passportization_and_documents,2,20,0.1
725,Спортивное обозрение,,2024-10-03,elections_and_administration,2,20,0.1
725,Спортивное обозрение,,2024-10-03,reconstruction_and_integration,5,20,0.25
725,Спортивное обозрение,,2024-10-03,ukraine_as_enemy,0,20,0.0
725,Спортивное обозрение,,2024-10-03,children_and_militarization,5,20,0.25
725,Спортивное обозрение,,2024-10-03,leadership_and_loyalty,62,20,3.1
726,Спортивное обозрение,,2025-02-06,recruitment_and_contract_service,21,20,1.05
726,Спортивное обозрение,,2025-02-06,passportization_and_documents,4,20,0.2
726,Спортивное обозрение,,2025-02-06,elections_and_administration,0,20,0.0
726,Спортивное обозрение,,2025-02-06,reconstruction_and_integration,0,20,0.0
726,Спортивное обозрение,,2025-02-06,ukraine_as_enemy,0,20,0.0
726,Спортивное обозрение,,2025-02-06,children_and_militarization,11,20,0.55
726,Спортивное обозрение,,2025-02-06,leadership_and_loyalty,58,20,2.9
727,Спортивное обозрение,,2024-10-10,recruitment_and_contract_service,10,20,0.5
727,Спортивное обозрение,,2024-10-10,passportization_and_documents,2,20,0.1
727,Спортивное обозрение,,2024-10-10,elections_and_administration,1,20,0.05
727,Спортивное обозрение,,2024-10-10,reconstruction_and_integration,11,20,0.55
727,Спортивное обозрение,,2024-10-10,ukraine_as_enemy,0,20,0.0
727,Спортивное обозрение,,2024-10-10,children_and_militarization,4,20,0.2
727,Спортивное обозрение,,2024-10-10,leadership_and_loyalty,60,20,3.0
728,Спортивное обозрение,,2024-10-17,recruitment_and_contract_service,13,20,0.65
728,Спортивное обозрение,,2024-10-17,passportization_and_documents,1,20,0.05
728,Спортивное обозрение,,2024-10-17,elections_and_administration,3,20,0.15
728,Спортивное обозрение,,2024-10-17,reconstruction_and_integration,11,20,0.55
728,Спортивное обозрение,,2024-10-17,ukraine_as_enemy,0,20,0.0
728,Спортивное обозрение,,2024-10-17,children_and_militarization,8,20,0.4
728,Спортивное обозрение,,2024-10-17,leadership_and_loyalty,72,20,3.6
729,Спортивное обозрение,,2024-10-24,recruitment_and_contract_service,10,20,0.5
729,Спортивное обозрение,,2024-10-24,passportization_and_documents,2,20,0.1
729,Спортивное обозрение,,2024-10-24,elections_and_administration,0,20,0.0
729,Спортивное обозрение,,2024-10-24,reconstruction_and_integration,0,20,0.0
729,Спортивное обозрение,,2024-10-24,ukraine_as_enemy,0,20,0.0
729,Спортивное обозрение,,2024-10-24,children_and_militarization,12,20,0.6
729,Спортивное обозрение,,2024-10-24,leadership_and_loyalty,79,20,3.95
730,Спортивное обозрение,,2024-10-31,recruitment_and_contract_service,9,20,0.45
730,Спортивное обозрение,,2024-10-31,passportization_and_documents,1,20,0.05
730,Спортивное обозрение,,2024-10-31,elections_and_administration,4,20,0.2
730,Спортивное обозрение,,2024-10-31,reconstruction_and_integration,0,20,0.0
730,Спортивное обозрение,,2024-10-31,ukraine_as_enemy,0,20,0.0
730,Спортивное обозрение,,2024-10-31,children_and_militarization,8,20,0.4
730,Спортивное обозрение,,2024-10-31,leadership_and_loyalty,62,20,3.1
731,Спортивное обозрение,,2024-11-14,recruitment_and_contract_service,12,20,0.6
731,Спортивное обозрение,,2024-11-14,passportization_and_documents,0,20,0.0
731,Спортивное обозрение,,2024-11-14,elections_and_administration,1,20,0.05
731,Спортивное обозрение,,2024-11-14,reconstruction_and_integration,3,20,0.15
731,Спортивное обозрение,,2024-11-14,ukraine_as_enemy,1,20,0.05
731,Спортивное обозрение,,2024-11-14,children_and_militarization,4,20,0.2
731,Спортивное обозрение,,2024-11-14,leadership_and_loyalty,62,20,3.1
732,Спортивное обозрение,,2024-11-21,recruitment_and_contract_service,19,20,0.95
732,Спортивное обозрение,,2024-11-21,passportization_and_documents,0,20,0.0
732,Спортивное обозрение,,2024-11-21,elections_and_administration,4,20,0.2
732,Спортивное обозрение,,2024-11-21,reconstruction_and_integration,7,20,0.35
732,Спортивное обозрение,,2024-11-21,ukraine_as_enemy,1,20,0.05
732,Спортивное обозрение,,2024-11-21,children_and_militarization,3,20,0.15
732,Спортивное обозрение,,2024-11-21,leadership_and_loyalty,57,20,2.85
733,Спортивное обозрение,,2024-11-28,recruitment_and_contract_service,10,20,0.5
733,Спортивное обозрение,,2024-11-28,passportization_and_documents,2,20,0.1
733,Спортивное обозрение,,2024-11-28,elections_and_administration,0,20,0.0
733,Спортивное обозрение,,2024-11-28,reconstruction_and_integration,3,20,0.15
733,Спортивное обозрение,,2024-11-28,ukraine_as_enemy,1,20,0.05
733,Спортивное обозрение,,2024-11-28,children_and_militarization,18,20,0.9
733,Спортивное обозрение,,2024-11-28,leadership_and_loyalty,61,20,3.05
734,Спортивное обозрение,,2024-12-05,recruitment_and_contract_service,10,20,0.5
734,Спортивное обозрение,,2024-12-05,passportization_and_documents,2,20,0.1
734,Спортивное обозрение,,2024-12-05,elections_and_administration,1,20,0.05
734,Спортивное обозрение,,2024-12-05,reconstruction_and_integration,4,20,0.2
734,Спортивное обозрение,,2024-12-05,ukraine_as_enemy,1,20,0.05
734,Спортивное обозрение,,2024-12-05,children_and_militarization,1,20,0.05
734,Спортивное обозрение,,2024-12-05,leadership_and_loyalty,66,20,3.3
735,Спортивное обозрение,,2024-12-12,recruitment_and_contract_service,7,20,0.35
735,Спортивное обозрение,,2024-12-12,passportization_and_documents,1,20,0.05
735,Спортивное обозрение,,2024-12-12,elections_and_administration,2,20,0.1
735,Спортивное обозрение,,2024-12-12,reconstruction_and_integration,2,20,0.1
735,Спортивное обозрение,,2024-12-12,ukraine_as_enemy,0,20,0.0
735,Спортивное обозрение,,2024-12-12,children_and_militarization,2,20,0.1
735,Спортивное обозрение,,2024-12-12,leadership_and_loyalty,49,20,2.45
736,Спортивное обозрение,,2025-02-13,recruitment_and_contract_service,12,20,0.6
736,Спортивное обозрение,,2025-02-13,passportization_and_documents,4,20,0.2
736,Спортивное обозрение,,2025-02-13,elections_and_administration,1,20,0.05
736,Спортивное обозрение,,2025-02-13,reconstruction_and_integration,3,20,0.15
736,Спортивное обозрение,,2025-02-13,ukraine_as_enemy,0,20,0.0
736,Спортивное обозрение,,2025-02-13,children_and_militarization,5,20,0.25
736,Спортивное обозрение,,2025-02-13,leadership_and_loyalty,84,20,4.2
737,Спортивное обозрение,,2024-12-19,recruitment_and_contract_service,4,20,0.2
737,Спортивное обозрение,,2024-12-19,passportization_and_documents,5,20,0.25
737,Спортивное обозрение,,2024-12-19,elections_and_administration,8,20,0.4
737,Спортивное обозрение,,2024-12-19,reconstruction_and_integration,3,20,0.15
737,Спортивное обозрение,,2024-12-19,ukraine_as_enemy,0,20,0.0
737,Спортивное обозрение,,2024-12-19,children_and_militarization,8,20,0.4
737,Спортивное обозрение,,2024-12-19,leadership_and_loyalty,45,20,2.25
738,Спортивное обозрение,,2024-12-26,recruitment_and_contract_service,12,20,0.6
738,Спортивное обозрение,,2024-12-26,passportization_and_documents,2,20,0.1
738,Спортивное обозрение,,2024-12-26,elections_and_administration,0,20,0.0
738,Спортивное обозрение,,2024-12-26,reconstruction_and_integration,5,20,0.25
738,Спортивное обозрение,,2024-12-26,ukraine_as_enemy,0,20,0.0
738,Спортивное обозрение,,2024-12-26,children_and_militarization,6,20,0.3
738,Спортивное обозрение,,2024-12-26,leadership_and_loyalty,60,20,3.0
739,Спортивное обозрение,,2025-02-20,recruitment_and_contract_service,17,20,0.85
739,Спортивное обозрение,,2025-02-20,passportization_and_documents,1,20,0.05
739,Спортивное обозрение,,2025-02-20,elections_and_administration,0,20,0.0
739,Спортивное обозрение,,2025-02-20,reconstruction_and_integration,10,20,0.5
739,Спортивное обозрение,,2025-02-20,ukraine_as_enemy,1,20,0.05
739,Спортивное обозрение,,2025-02-20,children_and_militarization,16,20,0.8
739,Спортивное обозрение,,2025-02-20,leadership_and_loyalty,65,20,3.25
740,Спортивное обозрение,,2025-02-27,recruitment_and_contract_service,3,20,0.15
740,Спортивное обозрение,,2025-02-27,passportization_and_documents,0,20,0.0
740,Спортивное обозрение,,2025-02-27,elections_and_administration,1,20,0.05
740,Спортивное обозрение,,2025-02-27,reconstruction_and_integration,3,20,0.15
740,Спортивное обозрение,,2025-02-27,ukraine_as_enemy,0,20,0.0
740,Спортивное обозрение,,2025-02-27,children_and_militarization,16,20,0.8
740,Спортивное обозрение,,2025-02-27,leadership_and_loyalty,63,20,3.15
741,Спортивное обозрение,,2025-03-06,recruitment_and_contract_service,15,20,0.75
741,Спортивное обозрение,,2025-03-06,passportization_and_documents,2,20,0.1
741,Спортивное обозрение,,2025-03-06,elections_and_administration,1,20,0.05
741,Спортивное обозрение,,2025-03-06,reconstruction_and_integration,1,20,0.05
741,Спортивное обозрение,,2025-03-06,ukraine_as_enemy,0,20,0.0
741,Спортивное обозрение,,2025-03-06,children_and_militarization,13,20,0.65
741,Спортивное обозрение,,2025-03-06,leadership_and_loyalty,68,20,3.4
742,Спортивное обозрение,,2025-03-13,recruitment_and_contract_service,9,20,0.45
742,Спортивное обозрение,,2025-03-13,passportization_and_documents,4,20,0.2
742,Спортивное обозрение,,2025-03-13,elections_and_administration,1,20,0.05
742,Спортивное обозрение,,2025-03-13,reconstruction_and_integration,1,20,0.05
742,Спортивное обозрение,,2025-03-13,ukraine_as_enemy,1,20,0.05
742,Спортивное обозрение,,2025-03-13,children_and_militarization,4,20,0.2
742,Спортивное обозрение,,2025-03-13,leadership_and_loyalty,61,20,3.05
743,Станично-Луганский вестник,Stanytsia Luhanska,2026-06-05,recruitment_and_contract_service,2,15,0.133
743,Станично-Луганский вестник,Stanytsia Luhanska,2026-06-05,passportization_and_documents,9,15,0.6
743,Станично-Луганский вестник,Stanytsia Luhanska,2026-06-05,elections_and_administration,4,15,0.267
743,Станично-Луганский вестник,Stanytsia Luhanska,2026-06-05,reconstruction_and_integration,4,15,0.267
743,Станично-Луганский вестник,Stanytsia Luhanska,2026-06-05,ukraine_as_enemy,6,15,0.4
743,Станично-Луганский вестник,Stanytsia Luhanska,2026-06-05,children_and_militarization,6,15,0.4
743,Станично-Луганский вестник,Stanytsia Luhanska,2026-06-05,leadership_and_loyalty,118,15,7.867
744,Станично-Луганский вестник,Stanytsia Luhanska,2026-05-15,recruitment_and_contract_service,5,16,0.312
744,Станично-Луганский вестник,Stanytsia Luhanska,2026-05-15,passportization_and_documents,6,16,0.375
744,Станично-Луганский вестник,Stanytsia Luhanska,2026-05-15,elections_and_administration,12,16,0.75
744,Станично-Луганский вестник,Stanytsia Luhanska,2026-05-15,reconstruction_and_integration,13,16,0.812
744,Станично-Луганский вестник,Stanytsia Luhanska,2026-05-15,ukraine_as_enemy,3,16,0.188
744,Станично-Луганский вестник,Stanytsia Luhanska,2026-05-15,children_and_militarization,0,16,0.0
744,Станично-Луганский вестник,Stanytsia Luhanska,2026-05-15,leadership_and_loyalty,86,16,5.375
745,Станично-Луганский вестник,Stanytsia Luhanska,2025-01-17,recruitment_and_contract_service,3,15,0.2
745,Станично-Луганский вестник,Stanytsia Luhanska,2025-01-17,passportization_and_documents,16,15,1.067
745,Станично-Луганский вестник,Stanytsia Luhanska,2025-01-17,elections_and_administration,1,15,0.067
745,Станично-Луганский вестник,Stanytsia Luhanska,2025-01-17,reconstruction_and_integration,9,15,0.6
745,Станично-Луганский вестник,Stanytsia Luhanska,2025-01-17,ukraine_as_enemy,1,15,0.067
745,Станично-Луганский вестник,Stanytsia Luhanska,2025-01-17,children_and_militarization,3,15,0.2
745,Станично-Луганский вестник,Stanytsia Luhanska,2025-01-17,leadership_and_loyalty,73,15,4.867
746,Станично-Луганский вестник,Stanytsia Luhanska,2025-03-21,recruitment_and_contract_service,4,15,0.267
746,Станично-Луганский вестник,Stanytsia Luhanska,2025-03-21,passportization_and_documents,19,15,1.267
746,Станично-Луганский вестник,Stanytsia Luhanska,2025-03-21,elections_and_administration,10,15,0.667
746,Станично-Луганский вестник,Stanytsia Luhanska,2025-03-21,reconstruction_and_integration,30,15,2.0
746,Станично-Луганский вестник,Stanytsia Luhanska,2025-03-21,ukraine_as_enemy,9,15,0.6
746,Станично-Луганский вестник,Stanytsia Luhanska,2025-03-21,children_and_militarization,6,15,0.4
746,Станично-Луганский вестник,Stanytsia Luhanska,2025-03-21,leadership_and_loyalty,128,15,8.533
747,Станично-Луганский вестник,Stanytsia Luhanska,2025-03-28,recruitment_and_contract_service,5,15,0.333
747,Станично-Луганский вестник,Stanytsia Luhanska,2025-03-28,passportization_and_documents,18,15,1.2
747,Станично-Луганский вестник,Stanytsia Luhanska,2025-03-28,elections_and_administration,15,15,1.0
747,Станично-Луганский вестник,Stanytsia Luhanska,2025-03-28,reconstruction_and_integration,43,15,2.867
747,Станично-Луганский вестник,Stanytsia Luhanska,2025-03-28,ukraine_as_enemy,6,15,0.4
747,Станично-Луганский вестник,Stanytsia Luhanska,2025-03-28,children_and_militarization,7,15,0.467
747,Станично-Луганский вестник,Stanytsia Luhanska,2025-03-28,leadership_and_loyalty,115,15,7.667
748,Станично-Луганский вестник,Stanytsia Luhanska,2025-04-04,recruitment_and_contract_service,3,15,0.2
748,Станично-Луганский вестник,Stanytsia Luhanska,2025-04-04,passportization_and_documents,14,15,0.933
748,Станично-Луганский вестник,Stanytsia Luhanska,2025-04-04,elections_and_administration,8,15,0.533
748,Станично-Луганский вестник,Stanytsia Luhanska,2025-04-04,reconstruction_and_integration,11,15,0.733
748,Станично-Луганский вестник,Stanytsia Luhanska,2025-04-04,ukraine_as_enemy,2,15,0.133
748,Станично-Луганский вестник,Stanytsia Luhanska,2025-04-04,children_and_militarization,5,15,0.333
748,Станично-Луганский вестник,Stanytsia Luhanska,2025-04-04,leadership_and_loyalty,96,15,6.4
749,Станично-Луганский вестник,Stanytsia Luhanska,2025-04-11,recruitment_and_contract_service,2,15,0.133
749,Станично-Луганский вестник,Stanytsia Luhanska,2025-04-11,passportization_and_documents,25,15,1.667
749,Станично-Луганский вестник,Stanytsia Luhanska,2025-04-11,elections_and_administration,13,15,0.867
749,Станично-Луганский вестник,Stanytsia Luhanska,2025-04-11,reconstruction_and_integration,17,15,1.133
749,Станично-Луганский вестник,Stanytsia Luhanska,2025-04-11,ukraine_as_enemy,1,15,0.067
749,Станично-Луганский вестник,Stanytsia Luhanska,2025-04-11,children_and_militarization,5,15,0.333
749,Станично-Луганский вестник,Stanytsia Luhanska,2025-04-11,leadership_and_loyalty,93,15,6.2
750,Станично-Луганский вестник,Stanytsia Luhanska,2025-04-18,recruitment_and_contract_service,1,15,0.067
750,Станично-Луганский вестник,Stanytsia Luhanska,2025-04-18,passportization_and_documents,9,15,0.6
750,Станично-Луганский вестник,Stanytsia Luhanska,2025-04-18,elections_and_administration,25,15,1.667
750,Станично-Луганский вестник,Stanytsia Luhanska,2025-04-18,reconstruction_and_integration,14,15,0.933
750,Станично-Луганский вестник,Stanytsia Luhanska,2025-04-18,ukraine_as_enemy,5,15,0.333
750,Станично-Луганский вестник,Stanytsia Luhanska,2025-04-18,children_and_militarization,13,15,0.867
750,Станично-Луганский вестник,Stanytsia Luhanska,2025-04-18,leadership_and_loyalty,70,15,4.667
751,Станично-Луганский вестник,Stanytsia Luhanska,2025-04-25,recruitment_and_contract_service,6,15,0.4
751,Станично-Луганский вестник,Stanytsia Luhanska,2025-04-25,passportization_and_documents,13,15,0.867
751,Станично-Луганский вестник,Stanytsia Luhanska,2025-04-25,elections_and_administration,20,15,1.333
751,Станично-Луганский вестник,Stanytsia Luhanska,2025-04-25,reconstruction_and_integration,18,15,1.2
751,Станично-Луганский вестник,Stanytsia Luhanska,2025-04-25,ukraine_as_enemy,2,15,0.133
751,Станично-Луганский вестник,Stanytsia Luhanska,2025-04-25,children_and_militarization,2,15,0.133
751,Станично-Луганский вестник,Stanytsia Luhanska,2025-04-25,leadership_and_loyalty,90,15,6.0
752,Станично-Луганский вестник,Stanytsia Luhanska,2025-05-02,recruitment_and_contract_service,1,15,0.067
752,Станично-Луганский вестник,Stanytsia Luhanska,2025-05-02,passportization_and_documents,10,15,0.667
752,Станично-Луганский вестник,Stanytsia Luhanska,2025-05-02,elections_and_administration,12,15,0.8
752,Станично-Луганский вестник,Stanytsia Luhanska,2025-05-02,reconstruction_and_integration,7,15,0.467
752,Станично-Луганский вестник,Stanytsia Luhanska,2025-05-02,ukraine_as_enemy,8,15,0.533
752,Станично-Луганский вестник,Stanytsia Luhanska,2025-05-02,children_and_militarization,2,15,0.133
752,Станично-Луганский вестник,Stanytsia Luhanska,2025-05-02,leadership_and_loyalty,91,15,6.067
753,Станично-Луганский вестник,Stanytsia Luhanska,2025-05-09,recruitment_and_contract_service,4,15,0.267
753,Станично-Луганский вестник,Stanytsia Luhanska,2025-05-09,passportization_and_documents,14,15,0.933
753,Станично-Луганский вестник,Stanytsia Luhanska,2025-05-09,elections_and_administration,2,15,0.133
753,Станично-Луганский вестник,Stanytsia Luhanska,2025-05-09,reconstruction_and_integration,24,15,1.6
753,Станично-Луганский вестник,Stanytsia Luhanska,2025-05-09,ukraine_as_enemy,3,15,0.2
753,Станично-Луганский вестник,Stanytsia Luhanska,2025-05-09,children_and_militarization,6,15,0.4
753,Станично-Луганский вестник,Stanytsia Luhanska,2025-05-09,leadership_and_loyalty,111,15,7.4
754,Станично-Луганский вестник,Stanytsia Luhanska,2025-05-16,recruitment_and_contract_service,1,15,0.067
754,Станично-Луганский вестник,Stanytsia Luhanska,2025-05-16,passportization_and_documents,7,15,0.467
754,Станично-Луганский вестник,Stanytsia Luhanska,2025-05-16,elections_and_administration,19,15,1.267
754,Станично-Луганский вестник,Stanytsia Luhanska,2025-05-16,reconstruction_and_integration,15,15,1.0
754,Станично-Луганский вестник,Stanytsia Luhanska,2025-05-16,ukraine_as_enemy,2,15,0.133
754,Станично-Луганский вестник,Stanytsia Luhanska,2025-05-16,children_and_militarization,10,15,0.667
754,Станично-Луганский вестник,Stanytsia Luhanska,2025-05-16,leadership_and_loyalty,121,15,8.067
755,Станично-Луганский вестник,Stanytsia Luhanska,2025-05-23,recruitment_and_contract_service,6,15,0.4
755,Станично-Луганский вестник,Stanytsia Luhanska,2025-05-23,passportization_and_documents,10,15,0.667
755,Станично-Луганский вестник,Stanytsia Luhanska,2025-05-23,elections_and_administration,12,15,0.8
755,Станично-Луганский вестник,Stanytsia Luhanska,2025-05-23,reconstruction_and_integration,10,15,0.667
755,Станично-Луганский вестник,Stanytsia Luhanska,2025-05-23,ukraine_as_enemy,2,15,0.133
755,Станично-Луганский вестник,Stanytsia Luhanska,2025-05-23,children_and_militarization,13,15,0.867
755,Станично-Луганский вестник,Stanytsia Luhanska,2025-05-23,leadership_and_loyalty,101,15,6.733
756,Станично-Луганский вестник,Stanytsia Luhanska,2025-01-24,recruitment_and_contract_service,0,15,0.0
756,Станично-Луганский вестник,Stanytsia Luhanska,2025-01-24,passportization_and_documents,17,15,1.133
756,Станично-Луганский вестник,Stanytsia Luhanska,2025-01-24,elections_and_administration,2,15,0.133
756,Станично-Луганский вестник,Stanytsia Luhanska,2025-01-24,reconstruction_and_integration,8,15,0.533
756,Станично-Луганский вестник,Stanytsia Luhanska,2025-01-24,ukraine_as_enemy,2,15,0.133
756,Станично-Луганский вестник,Stanytsia Luhanska,2025-01-24,children_and_militarization,6,15,0.4
756,Станично-Луганский вестник,Stanytsia Luhanska,2025-01-24,leadership_and_loyalty,111,15,7.4
757,Станично-Луганский вестник,Stanytsia Luhanska,2025-05-30,recruitment_and_contract_service,1,15,0.067
757,Станично-Луганский вестник,Stanytsia Luhanska,2025-05-30,passportization_and_documents,8,15,0.533
757,Станично-Луганский вестник,Stanytsia Luhanska,2025-05-30,elections_and_administration,1,15,0.067
757,Станично-Луганский вестник,Stanytsia Luhanska,2025-05-30,reconstruction_and_integration,10,15,0.667
757,Станично-Луганский вестник,Stanytsia Luhanska,2025-05-30,ukraine_as_enemy,0,15,0.0
757,Станично-Луганский вестник,Stanytsia Luhanska,2025-05-30,children_and_militarization,10,15,0.667
757,Станично-Луганский вестник,Stanytsia Luhanska,2025-05-30,leadership_and_loyalty,90,15,6.0
758,Станично-Луганский вестник,Stanytsia Luhanska,2025-06-20,recruitment_and_contract_service,5,16,0.312
758,Станично-Луганский вестник,Stanytsia Luhanska,2025-06-20,passportization_and_documents,74,16,4.625
758,Станично-Луганский вестник,Stanytsia Luhanska,2025-06-20,elections_and_administration,3,16,0.188
758,Станично-Луганский вестник,Stanytsia Luhanska,2025-06-20,reconstruction_and_integration,34,16,2.125
758,Станично-Луганский вестник,Stanytsia Luhanska,2025-06-20,ukraine_as_enemy,1,16,0.062
758,Станично-Луганский вестник,Stanytsia Luhanska,2025-06-20,children_and_militarization,4,16,0.25
758,Станично-Луганский вестник,Stanytsia Luhanska,2025-06-20,leadership_and_loyalty,104,16,6.5
759,Станично-Луганский вестник,Stanytsia Luhanska,2025-06-27,recruitment_and_contract_service,4,15,0.267
759,Станично-Луганский вестник,Stanytsia Luhanska,2025-06-27,passportization_and_documents,10,15,0.667
759,Станично-Луганский вестник,Stanytsia Luhanska,2025-06-27,elections_and_administration,7,15,0.467
759,Станично-Луганский вестник,Stanytsia Luhanska,2025-06-27,reconstruction_and_integration,11,15,0.733
759,Станично-Луганский вестник,Stanytsia Luhanska,2025-06-27,ukraine_as_enemy,7,15,0.467
759,Станично-Луганский вестник,Stanytsia Luhanska,2025-06-27,children_and_militarization,5,15,0.333
759,Станично-Луганский вестник,Stanytsia Luhanska,2025-06-27,leadership_and_loyalty,110,15,7.333
760,Станично-Луганский вестник,Stanytsia Luhanska,2025-07-04,recruitment_and_contract_service,1,15,0.067
760,Станично-Луганский вестник,Stanytsia Luhanska,2025-07-04,passportization_and_documents,27,15,1.8
760,Станично-Луганский вестник,Stanytsia Luhanska,2025-07-04,elections_and_administration,3,15,0.2
760,Станично-Луганский вестник,Stanytsia Luhanska,2025-07-04,reconstruction_and_integration,14,15,0.933
760,Станично-Луганский вестник,Stanytsia Luhanska,2025-07-04,ukraine_as_enemy,11,15,0.733
760,Станично-Луганский вестник,Stanytsia Luhanska,2025-07-04,children_and_militarization,0,15,0.0
760,Станично-Луганский вестник,Stanytsia Luhanska,2025-07-04,leadership_and_loyalty,82,15,5.467
761,Станично-Луганский вестник,Stanytsia Luhanska,2025-07-11,recruitment_and_contract_service,6,15,0.4
761,Станично-Луганский вестник,Stanytsia Luhanska,2025-07-11,passportization_and_documents,9,15,0.6
761,Станично-Луганский вестник,Stanytsia Luhanska,2025-07-11,elections_and_administration,0,15,0.0
761,Станично-Луганский вестник,Stanytsia Luhanska,2025-07-11,reconstruction_and_integration,5,15,0.333
761,Станично-Луганский вестник,Stanytsia Luhanska,2025-07-11,ukraine_as_enemy,3,15,0.2
761,Станично-Луганский вестник,Stanytsia Luhanska,2025-07-11,children_and_militarization,6,15,0.4
761,Станично-Луганский вестник,Stanytsia Luhanska,2025-07-11,leadership_and_loyalty,94,15,6.267
762,Станично-Луганский вестник,Stanytsia Luhanska,2025-07-18,recruitment_and_contract_service,3,15,0.2
762,Станично-Луганский вестник,Stanytsia Luhanska,2025-07-18,passportization_and_documents,19,15,1.267
762,Станично-Луганский вестник,Stanytsia Luhanska,2025-07-18,elections_and_administration,0,15,0.0
762,Станично-Луганский вестник,Stanytsia Luhanska,2025-07-18,reconstruction_and_integration,19,15,1.267
762,Станично-Луганский вестник,Stanytsia Luhanska,2025-07-18,ukraine_as_enemy,5,15,0.333
762,Станично-Луганский вестник,Stanytsia Luhanska,2025-07-18,children_and_militarization,3,15,0.2
762,Станично-Луганский вестник,Stanytsia Luhanska,2025-07-18,leadership_and_loyalty,86,15,5.733
763,Станично-Луганский вестник,Stanytsia Luhanska,2025-07-25,recruitment_and_contract_service,1,15,0.067
763,Станично-Луганский вестник,Stanytsia Luhanska,2025-07-25,passportization_and_documents,12,15,0.8
763,Станично-Луганский вестник,Stanytsia Luhanska,2025-07-25,elections_and_administration,0,15,0.0
763,Станично-Луганский вестник,Stanytsia Luhanska,2025-07-25,reconstruction_and_integration,13,15,0.867
763,Станично-Луганский вестник,Stanytsia Luhanska,2025-07-25,ukraine_as_enemy,3,15,0.2
763,Станично-Луганский вестник,Stanytsia Luhanska,2025-07-25,children_and_militarization,2,15,0.133
763,Станично-Луганский вестник,Stanytsia Luhanska,2025-07-25,leadership_and_loyalty,84,15,5.6
764,Станично-Луганский вестник,Stanytsia Luhanska,2025-08-01,recruitment_and_contract_service,5,15,0.333
764,Станично-Луганский вестник,Stanytsia Luhanska,2025-08-01,passportization_and_documents,10,15,0.667
764,Станично-Луганский вестник,Stanytsia Luhanska,2025-08-01,elections_and_administration,0,15,0.0
764,Станично-Луганский вестник,Stanytsia Luhanska,2025-08-01,reconstruction_and_integration,22,15,1.467
764,Станично-Луганский вестник,Stanytsia Luhanska,2025-08-01,ukraine_as_enemy,4,15,0.267
764,Станично-Луганский вестник,Stanytsia Luhanska,2025-08-01,children_and_militarization,5,15,0.333
764,Станично-Луганский вестник,Stanytsia Luhanska,2025-08-01,leadership_and_loyalty,116,15,7.733
765,Станично-Луганский вестник,Stanytsia Luhanska,2025-01-31,recruitment_and_contract_service,2,15,0.133
765,Станично-Луганский вестник,Stanytsia Luhanska,2025-01-31,passportization_and_documents,4,15,0.267
765,Станично-Луганский вестник,Stanytsia Luhanska,2025-01-31,elections_and_administration,5,15,0.333
765,Станично-Луганский вестник,Stanytsia Luhanska,2025-01-31,reconstruction_and_integration,4,15,0.267
765,Станично-Луганский вестник,Stanytsia Luhanska,2025-01-31,ukraine_as_enemy,4,15,0.267
765,Станично-Луганский вестник,Stanytsia Luhanska,2025-01-31,children_and_militarization,7,15,0.467
765,Станично-Луганский вестник,Stanytsia Luhanska,2025-01-31,leadership_and_loyalty,69,15,4.6
766,Станично-Луганский вестник,Stanytsia Luhanska,2025-08-08,recruitment_and_contract_service,4,15,0.267
766,Станично-Луганский вестник,Stanytsia Luhanska,2025-08-08,passportization_and_documents,11,15,0.733
766,Станично-Луганский вестник,Stanytsia Luhanska,2025-08-08,elections_and_administration,4,15,0.267
766,Станично-Луганский вестник,Stanytsia Luhanska,2025-08-08,reconstruction_and_integration,16,15,1.067
766,Станично-Луганский вестник,Stanytsia Luhanska,2025-08-08,ukraine_as_enemy,0,15,0.0
766,Станично-Луганский вестник,Stanytsia Luhanska,2025-08-08,children_and_militarization,5,15,0.333
766,Станично-Луганский вестник,Stanytsia Luhanska,2025-08-08,leadership_and_loyalty,80,15,5.333
767,Станично-Луганский вестник,Stanytsia Luhanska,2025-08-15,recruitment_and_contract_service,3,15,0.2
767,Станично-Луганский вестник,Stanytsia Luhanska,2025-08-15,passportization_and_documents,10,15,0.667
767,Станично-Луганский вестник,Stanytsia Luhanska,2025-08-15,elections_and_administration,0,15,0.0
767,Станично-Луганский вестник,Stanytsia Luhanska,2025-08-15,reconstruction_and_integration,26,15,1.733
767,Станично-Луганский вестник,Stanytsia Luhanska,2025-08-15,ukraine_as_enemy,2,15,0.133
767,Станично-Луганский вестник,Stanytsia Luhanska,2025-08-15,children_and_militarization,3,15,0.2
767,Станично-Луганский вестник,Stanytsia Luhanska,2025-08-15,leadership_and_loyalty,81,15,5.4
768,Станично-Луганский вестник,Stanytsia Luhanska,2025-08-22,recruitment_and_contract_service,2,15,0.133
768,Станично-Луганский вестник,Stanytsia Luhanska,2025-08-22,passportization_and_documents,8,15,0.533
768,Станично-Луганский вестник,Stanytsia Luhanska,2025-08-22,elections_and_administration,3,15,0.2
768,Станично-Луганский вестник,Stanytsia Luhanska,2025-08-22,reconstruction_and_integration,13,15,0.867
768,Станично-Луганский вестник,Stanytsia Luhanska,2025-08-22,ukraine_as_enemy,4,15,0.267
768,Станично-Луганский вестник,Stanytsia Luhanska,2025-08-22,children_and_militarization,3,15,0.2
768,Станично-Луганский вестник,Stanytsia Luhanska,2025-08-22,leadership_and_loyalty,80,15,5.333
769,Станично-Луганский вестник,Stanytsia Luhanska,2025-08-29,recruitment_and_contract_service,2,15,0.133
769,Станично-Луганский вестник,Stanytsia Luhanska,2025-08-29,passportization_and_documents,15,15,1.0
769,Станично-Луганский вестник,Stanytsia Luhanska,2025-08-29,elections_and_administration,0,15,0.0
769,Станично-Луганский вестник,Stanytsia Luhanska,2025-08-29,reconstruction_and_integration,10,15,0.667
769,Станично-Луганский вестник,Stanytsia Luhanska,2025-08-29,ukraine_as_enemy,0,15,0.0
769,Станично-Луганский вестник,Stanytsia Luhanska,2025-08-29,children_and_militarization,6,15,0.4
769,Станично-Луганский вестник,Stanytsia Luhanska,2025-08-29,leadership_and_loyalty,92,15,6.133
770,Станично-Луганский вестник,Stanytsia Luhanska,2024-08-23,recruitment_and_contract_service,7,15,0.467
770,Станично-Луганский вестник,Stanytsia Luhanska,2024-08-23,passportization_and_documents,10,15,0.667
770,Станично-Луганский вестник,Stanytsia Luhanska,2024-08-23,elections_and_administration,2,15,0.133
770,Станично-Луганский вестник,Stanytsia Luhanska,2024-08-23,reconstruction_and_integration,10,15,0.667
770,Станично-Луганский вестник,Stanytsia Luhanska,2024-08-23,ukraine_as_enemy,6,15,0.4
770,Станично-Луганский вестник,Stanytsia Luhanska,2024-08-23,children_and_militarization,5,15,0.333
770,Станично-Луганский вестник,Stanytsia Luhanska,2024-08-23,leadership_and_loyalty,64,15,4.267
771,Станично-Луганский вестник,Stanytsia Luhanska,2025-11-01,recruitment_and_contract_service,6,15,0.4
771,Станично-Луганский вестник,Stanytsia Luhanska,2025-11-01,passportization_and_documents,11,15,0.733
771,Станично-Луганский вестник,Stanytsia Luhanska,2025-11-01,elections_and_administration,9,15,0.6
771,Станично-Луганский вестник,Stanytsia Luhanska,2025-11-01,reconstruction_and_integration,10,15,0.667
771,Станично-Луганский вестник,Stanytsia Luhanska,2025-11-01,ukraine_as_enemy,1,15,0.067
771,Станично-Луганский вестник,Stanytsia Luhanska,2025-11-01,children_and_militarization,4,15,0.267
771,Станично-Луганский вестник,Stanytsia Luhanska,2025-11-01,leadership_and_loyalty,78,15,5.2
772,Станично-Луганский вестник,Stanytsia Luhanska,2024-08-30,recruitment_and_contract_service,22,15,1.467
772,Станично-Луганский вестник,Stanytsia Luhanska,2024-08-30,passportization_and_documents,13,15,0.867
772,Станично-Луганский вестник,Stanytsia Luhanska,2024-08-30,elections_and_administration,3,15,0.2
772,Станично-Луганский вестник,Stanytsia Luhanska,2024-08-30,reconstruction_and_integration,34,15,2.267
772,Станично-Луганский вестник,Stanytsia Luhanska,2024-08-30,ukraine_as_enemy,0,15,0.0
772,Станично-Луганский вестник,Stanytsia Luhanska,2024-08-30,children_and_militarization,11,15,0.733
772,Станично-Луганский вестник,Stanytsia Luhanska,2024-08-30,leadership_and_loyalty,76,15,5.067
773,Станично-Луганский вестник,Stanytsia Luhanska,2025-11-01,recruitment_and_contract_service,1,15,0.067
773,Станично-Луганский вестник,Stanytsia Luhanska,2025-11-01,passportization_and_documents,19,15,1.267
773,Станично-Луганский вестник,Stanytsia Luhanska,2025-11-01,elections_and_administration,3,15,0.2
773,Станично-Луганский вестник,Stanytsia Luhanska,2025-11-01,reconstruction_and_integration,10,15,0.667
773,Станично-Луганский вестник,Stanytsia Luhanska,2025-11-01,ukraine_as_enemy,2,15,0.133
773,Станично-Луганский вестник,Stanytsia Luhanska,2025-11-01,children_and_militarization,4,15,0.267
773,Станично-Луганский вестник,Stanytsia Luhanska,2025-11-01,leadership_and_loyalty,63,15,4.2
774,Станично-Луганский вестник,Stanytsia Luhanska,2024-11-01,recruitment_and_contract_service,6,15,0.4
774,Станично-Луганский вестник,Stanytsia Luhanska,2024-11-01,passportization_and_documents,20,15,1.333
774,Станично-Луганский вестник,Stanytsia Luhanska,2024-11-01,elections_and_administration,13,15,0.867
774,Станично-Луганский вестник,Stanytsia Luhanska,2024-11-01,reconstruction_and_integration,8,15,0.533
774,Станично-Луганский вестник,Stanytsia Luhanska,2024-11-01,ukraine_as_enemy,1,15,0.067
774,Станично-Луганский вестник,Stanytsia Luhanska,2024-11-01,children_and_militarization,15,15,1.0
774,Станично-Луганский вестник,Stanytsia Luhanska,2024-11-01,leadership_and_loyalty,60,15,4.0
775,Станично-Луганский вестник,Stanytsia Luhanska,2025-11-01,recruitment_and_contract_service,3,15,0.2
775,Станично-Луганский вестник,Stanytsia Luhanska,2025-11-01,passportization_and_documents,17,15,1.133
775,Станично-Луганский вестник,Stanytsia Luhanska,2025-11-01,elections_and_administration,1,15,0.067
775,Станично-Луганский вестник,Stanytsia Luhanska,2025-11-01,reconstruction_and_integration,10,15,0.667
775,Станично-Луганский вестник,Stanytsia Luhanska,2025-11-01,ukraine_as_enemy,1,15,0.067
775,Станично-Луганский вестник,Stanytsia Luhanska,2025-11-01,children_and_militarization,15,15,1.0
775,Станично-Луганский вестник,Stanytsia Luhanska,2025-11-01,leadership_and_loyalty,75,15,5.0
776,Станично-Луганский вестник,Stanytsia Luhanska,2024-11-01,recruitment_and_contract_service,6,15,0.4
776,Станично-Луганский вестник,Stanytsia Luhanska,2024-11-01,passportization_and_documents,7,15,0.467
776,Станично-Луганский вестник,Stanytsia Luhanska,2024-11-01,elections_and_administration,0,15,0.0
776,Станично-Луганский вестник,Stanytsia Luhanska,2024-11-01,reconstruction_and_integration,17,15,1.133
776,Станично-Луганский вестник,Stanytsia Luhanska,2024-11-01,ukraine_as_enemy,1,15,0.067
776,Станично-Луганский вестник,Stanytsia Luhanska,2024-11-01,children_and_militarization,0,15,0.0
776,Станично-Луганский вестник,Stanytsia Luhanska,2024-11-01,leadership_and_loyalty,44,15,2.933
777,Станично-Луганский вестник,Stanytsia Luhanska,2025-09-24,recruitment_and_contract_service,1,15,0.067
777,Станично-Луганский вестник,Stanytsia Luhanska,2025-09-24,passportization_and_documents,7,15,0.467
777,Станично-Луганский вестник,Stanytsia Luhanska,2025-09-24,elections_and_administration,19,15,1.267
777,Станично-Луганский вестник,Stanytsia Luhanska,2025-09-24,reconstruction_and_integration,27,15,1.8
777,Станично-Луганский вестник,Stanytsia Luhanska,2025-09-24,ukraine_as_enemy,4,15,0.267
777,Станично-Луганский вестник,Stanytsia Luhanska,2025-09-24,children_and_militarization,6,15,0.4
777,Станично-Луганский вестник,Stanytsia Luhanska,2025-09-24,leadership_and_loyalty,103,15,6.867
778,Станично-Луганский вестник,Stanytsia Luhanska,2024-11-01,recruitment_and_contract_service,3,16,0.188
778,Станично-Луганский вестник,Stanytsia Luhanska,2024-11-01,passportization_and_documents,19,16,1.188
778,Станично-Луганский вестник,Stanytsia Luhanska,2024-11-01,elections_and_administration,52,16,3.25
778,Станично-Луганский вестник,Stanytsia Luhanska,2024-11-01,reconstruction_and_integration,6,16,0.375
778,Станично-Луганский вестник,Stanytsia Luhanska,2024-11-01,ukraine_as_enemy,0,16,0.0
778,Станично-Луганский вестник,Stanytsia Luhanska,2024-11-01,children_and_militarization,8,16,0.5
778,Станично-Луганский вестник,Stanytsia Luhanska,2024-11-01,leadership_and_loyalty,48,16,3.0
779,Станично-Луганский вестник,Stanytsia Luhanska,2025-11-01,recruitment_and_contract_service,1,15,0.067
779,Станично-Луганский вестник,Stanytsia Luhanska,2025-11-01,passportization_and_documents,10,15,0.667
779,Станично-Луганский вестник,Stanytsia Luhanska,2025-11-01,elections_and_administration,3,15,0.2
779,Станично-Луганский вестник,Stanytsia Luhanska,2025-11-01,reconstruction_and_integration,36,15,2.4
779,Станично-Луганский вестник,Stanytsia Luhanska,2025-11-01,ukraine_as_enemy,2,15,0.133
779,Станично-Луганский вестник,Stanytsia Luhanska,2025-11-01,children_and_militarization,10,15,0.667
779,Станично-Луганский вестник,Stanytsia Luhanska,2025-11-01,leadership_and_loyalty,88,15,5.867
780,Станично-Луганский вестник,Stanytsia Luhanska,2024-09-27,recruitment_and_contract_service,0,15,0.0
780,Станично-Луганский вестник,Stanytsia Luhanska,2024-09-27,passportization_and_documents,9,15,0.6
780,Станично-Луганский вестник,Stanytsia Luhanska,2024-09-27,elections_and_administration,0,15,0.0
780,Станично-Луганский вестник,Stanytsia Luhanska,2024-09-27,reconstruction_and_integration,5,15,0.333
780,Станично-Луганский вестник,Stanytsia Luhanska,2024-09-27,ukraine_as_enemy,0,15,0.0
780,Станично-Луганский вестник,Stanytsia Luhanska,2024-09-27,children_and_militarization,21,15,1.4
780,Станично-Луганский вестник,Stanytsia Luhanska,2024-09-27,leadership_and_loyalty,79,15,5.267
781,Станично-Луганский вестник,Stanytsia Luhanska,2024-06-05,recruitment_and_contract_service,2,15,0.133
781,Станично-Луганский вестник,Stanytsia Luhanska,2024-06-05,passportization_and_documents,21,15,1.4
781,Станично-Луганский вестник,Stanytsia Luhanska,2024-06-05,elections_and_administration,1,15,0.067
781,Станично-Луганский вестник,Stanytsia Luhanska,2024-06-05,reconstruction_and_integration,28,15,1.867
781,Станично-Луганский вестник,Stanytsia Luhanska,2024-06-05,ukraine_as_enemy,3,15,0.2
781,Станично-Луганский вестник,Stanytsia Luhanska,2024-06-05,children_and_militarization,2,15,0.133
781,Станично-Луганский вестник,Stanytsia Luhanska,2024-06-05,leadership_and_loyalty,94,15,6.267
782,Станично-Луганский вестник,Stanytsia Luhanska,2024-11-01,recruitment_and_contract_service,0,16,0.0
782,Станично-Луганский вестник,Stanytsia Luhanska,2024-11-01,passportization_and_documents,17,16,1.062
782,Станично-Луганский вестник,Stanytsia Luhanska,2024-11-01,elections_and_administration,4,16,0.25
782,Станично-Луганский вестник,Stanytsia Luhanska,2024-11-01,reconstruction_and_integration,21,16,1.312
782,Станично-Луганский вестник,Stanytsia Luhanska,2024-11-01,ukraine_as_enemy,0,16,0.0
782,Станично-Луганский вестник,Stanytsia Luhanska,2024-11-01,children_and_militarization,9,16,0.562
782,Станично-Луганский вестник,Stanytsia Luhanska,2024-11-01,leadership_and_loyalty,68,16,4.25
783,Станично-Луганский вестник,Stanytsia Luhanska,2025-02-07,recruitment_and_contract_service,4,15,0.267
783,Станично-Луганский вестник,Stanytsia Luhanska,2025-02-07,passportization_and_documents,12,15,0.8
783,Станично-Луганский вестник,Stanytsia Luhanska,2025-02-07,elections_and_administration,13,15,0.867
783,Станично-Луганский вестник,Stanytsia Luhanska,2025-02-07,reconstruction_and_integration,17,15,1.133
783,Станично-Луганский вестник,Stanytsia Luhanska,2025-02-07,ukraine_as_enemy,3,15,0.2
783,Станично-Луганский вестник,Stanytsia Luhanska,2025-02-07,children_and_militarization,16,15,1.067
783,Станично-Луганский вестник,Stanytsia Luhanska,2025-02-07,leadership_and_loyalty,119,15,7.933
784,Станично-Луганский вестник,Stanytsia Luhanska,2025-11-01,recruitment_and_contract_service,1,15,0.067
784,Станично-Луганский вестник,Stanytsia Luhanska,2025-11-01,passportization_and_documents,7,15,0.467
784,Станично-Луганский вестник,Stanytsia Luhanska,2025-11-01,elections_and_administration,2,15,0.133
784,Станично-Луганский вестник,Stanytsia Luhanska,2025-11-01,reconstruction_and_integration,9,15,0.6
784,Станично-Луганский вестник,Stanytsia Luhanska,2025-11-01,ukraine_as_enemy,0,15,0.0
784,Станично-Луганский вестник,Stanytsia Luhanska,2025-11-01,children_and_militarization,5,15,0.333
784,Станично-Луганский вестник,Stanytsia Luhanska,2025-11-01,leadership_and_loyalty,81,15,5.4
785,Станично-Луганский вестник,Stanytsia Luhanska,2024-09-18,recruitment_and_contract_service,0,15,0.0
785,Станично-Луганский вестник,Stanytsia Luhanska,2024-09-18,passportization_and_documents,11,15,0.733
785,Станично-Луганский вестник,Stanytsia Luhanska,2024-09-18,elections_and_administration,9,15,0.6
785,Станично-Луганский вестник,Stanytsia Luhanska,2024-09-18,reconstruction_and_integration,9,15,0.6
785,Станично-Луганский вестник,Stanytsia Luhanska,2024-09-18,ukraine_as_enemy,1,15,0.067
785,Станично-Луганский вестник,Stanytsia Luhanska,2024-09-18,children_and_militarization,7,15,0.467
785,Станично-Луганский вестник,Stanytsia Luhanska,2024-09-18,leadership_and_loyalty,72,15,4.8
786,Станично-Луганский вестник,Stanytsia Luhanska,2024-10-18,recruitment_and_contract_service,0,15,0.0
786,Станично-Луганский вестник,Stanytsia Luhanska,2024-10-18,passportization_and_documents,6,15,0.4
786,Станично-Луганский вестник,Stanytsia Luhanska,2024-10-18,elections_and_administration,1,15,0.067
786,Станично-Луганский вестник,Stanytsia Luhanska,2024-10-18,reconstruction_and_integration,2,15,0.133
786,Станично-Луганский вестник,Stanytsia Luhanska,2024-10-18,ukraine_as_enemy,0,15,0.0
786,Станично-Луганский вестник,Stanytsia Luhanska,2024-10-18,children_and_militarization,14,15,0.933
786,Станично-Луганский вестник,Stanytsia Luhanska,2024-10-18,leadership_and_loyalty,65,15,4.333
787,Станично-Луганский вестник,Stanytsia Luhanska,2025-11-01,recruitment_and_contract_service,3,15,0.2
787,Станично-Луганский вестник,Stanytsia Luhanska,2025-11-01,passportization_and_documents,15,15,1.0
787,Станично-Луганский вестник,Stanytsia Luhanska,2025-11-01,elections_and_administration,2,15,0.133
787,Станично-Луганский вестник,Stanytsia Luhanska,2025-11-01,reconstruction_and_integration,34,15,2.267
787,Станично-Луганский вестник,Stanytsia Luhanska,2025-11-01,ukraine_as_enemy,1,15,0.067
787,Станично-Луганский вестник,Stanytsia Luhanska,2025-11-01,children_and_militarization,5,15,0.333
787,Станично-Луганский вестник,Stanytsia Luhanska,2025-11-01,leadership_and_loyalty,86,15,5.733
788,Станично-Луганский вестник,Stanytsia Luhanska,2025-11-08,recruitment_and_contract_service,9,15,0.6
788,Станично-Луганский вестник,Stanytsia Luhanska,2025-11-08,passportization_and_documents,9,15,0.6
788,Станично-Луганский вестник,Stanytsia Luhanska,2025-11-08,elections_and_administration,2,15,0.133
788,Станично-Луганский вестник,Stanytsia Luhanska,2025-11-08,reconstruction_and_integration,2,15,0.133
788,Станично-Луганский вестник,Stanytsia Luhanska,2025-11-08,ukraine_as_enemy,0,15,0.0
788,Станично-Луганский вестник,Stanytsia Luhanska,2025-11-08,children_and_militarization,14,15,0.933
788,Станично-Луганский вестник,Stanytsia Luhanska,2025-11-08,leadership_and_loyalty,71,15,4.733
789,Станично-Луганский вестник,Stanytsia Luhanska,2024-11-01,recruitment_and_contract_service,1,15,0.067
789,Станично-Луганский вестник,Stanytsia Luhanska,2024-11-01,passportization_and_documents,15,15,1.0
789,Станично-Луганский вестник,Stanytsia Luhanska,2024-11-01,elections_and_administration,0,15,0.0
789,Станично-Луганский вестник,Stanytsia Luhanska,2024-11-01,reconstruction_and_integration,6,15,0.4
789,Станично-Луганский вестник,Stanytsia Luhanska,2024-11-01,ukraine_as_enemy,2,15,0.133
789,Станично-Луганский вестник,Stanytsia Luhanska,2024-11-01,children_and_militarization,10,15,0.667
789,Станично-Луганский вестник,Stanytsia Luhanska,2024-11-01,leadership_and_loyalty,49,15,3.267
790,Станично-Луганский вестник,Stanytsia Luhanska,2025-07-29,recruitment_and_contract_service,2,15,0.133
790,Станично-Луганский вестник,Stanytsia Luhanska,2025-07-29,passportization_and_documents,12,15,0.8
790,Станично-Луганский вестник,Stanytsia Luhanska,2025-07-29,elections_and_administration,3,15,0.2
790,Станично-Луганский вестник,Stanytsia Luhanska,2025-07-29,reconstruction_and_integration,17,15,1.133
790,Станично-Луганский вестник,Stanytsia Luhanska,2025-07-29,ukraine_as_enemy,11,15,0.733
790,Станично-Луганский вестник,Stanytsia Luhanska,2025-07-29,children_and_militarization,8,15,0.533
790,Станично-Луганский вестник,Stanytsia Luhanska,2025-07-29,leadership_and_loyalty,88,15,5.867
791,Станично-Луганский вестник,Stanytsia Luhanska,2024-09-15,recruitment_and_contract_service,1,15,0.067
791,Станично-Луганский вестник,Stanytsia Luhanska,2024-09-15,passportization_and_documents,5,15,0.333
791,Станично-Луганский вестник,Stanytsia Luhanska,2024-09-15,elections_and_administration,0,15,0.0
791,Станично-Луганский вестник,Stanytsia Luhanska,2024-09-15,reconstruction_and_integration,18,15,1.2
791,Станично-Луганский вестник,Stanytsia Luhanska,2024-09-15,ukraine_as_enemy,3,15,0.2
791,Станично-Луганский вестник,Stanytsia Luhanska,2024-09-15,children_and_militarization,4,15,0.267
791,Станично-Луганский вестник,Stanytsia Luhanska,2024-09-15,leadership_and_loyalty,61,15,4.067
792,Станично-Луганский вестник,Stanytsia Luhanska,2025-11-30,recruitment_and_contract_service,1,15,0.067
792,Станично-Луганский вестник,Stanytsia Luhanska,2025-11-30,passportization_and_documents,13,15,0.867
792,Станично-Луганский вестник,Stanytsia Luhanska,2025-11-30,elections_and_administration,0,15,0.0
792,Станично-Луганский вестник,Stanytsia Luhanska,2025-11-30,reconstruction_and_integration,17,15,1.133
792,Станично-Луганский вестник,Stanytsia Luhanska,2025-11-30,ukraine_as_enemy,0,15,0.0
792,Станично-Луганский вестник,Stanytsia Luhanska,2025-11-30,children_and_militarization,4,15,0.267
792,Станично-Луганский вестник,Stanytsia Luhanska,2025-11-30,leadership_and_loyalty,75,15,5.0
793,Станично-Луганский вестник,Stanytsia Luhanska,2024-05-15,recruitment_and_contract_service,0,15,0.0
793,Станично-Луганский вестник,Stanytsia Luhanska,2024-05-15,passportization_and_documents,15,15,1.0
793,Станично-Луганский вестник,Stanytsia Luhanska,2024-05-15,elections_and_administration,4,15,0.267
793,Станично-Луганский вестник,Stanytsia Luhanska,2024-05-15,reconstruction_and_integration,5,15,0.333
793,Станично-Луганский вестник,Stanytsia Luhanska,2024-05-15,ukraine_as_enemy,2,15,0.133
793,Станично-Луганский вестник,Stanytsia Luhanska,2024-05-15,children_and_militarization,4,15,0.267
793,Станично-Луганский вестник,Stanytsia Luhanska,2024-05-15,leadership_and_loyalty,79,15,5.267
794,Станично-Луганский вестник,Stanytsia Luhanska,2025-12-01,recruitment_and_contract_service,2,15,0.133
794,Станично-Луганский вестник,Stanytsia Luhanska,2025-12-01,passportization_and_documents,16,15,1.067
794,Станично-Луганский вестник,Stanytsia Luhanska,2025-12-01,elections_and_administration,2,15,0.133
794,Станично-Луганский вестник,Stanytsia Luhanska,2025-12-01,reconstruction_and_integration,3,15,0.2
794,Станично-Луганский вестник,Stanytsia Luhanska,2025-12-01,ukraine_as_enemy,1,15,0.067
794,Станично-Луганский вестник,Stanytsia Luhanska,2025-12-01,children_and_militarization,4,15,0.267
794,Станично-Луганский вестник,Stanytsia Luhanska,2025-12-01,leadership_and_loyalty,104,15,6.933
795,Станично-Луганский вестник,Stanytsia Luhanska,2024-11-01,recruitment_and_contract_service,1,15,0.067
795,Станично-Луганский вестник,Stanytsia Luhanska,2024-11-01,passportization_and_documents,7,15,0.467
795,Станично-Луганский вестник,Stanytsia Luhanska,2024-11-01,elections_and_administration,0,15,0.0
795,Станично-Луганский вестник,Stanytsia Luhanska,2024-11-01,reconstruction_and_integration,5,15,0.333
795,Станично-Луганский вестник,Stanytsia Luhanska,2024-11-01,ukraine_as_enemy,1,15,0.067
795,Станично-Луганский вестник,Stanytsia Luhanska,2024-11-01,children_and_militarization,12,15,0.8
795,Станично-Луганский вестник,Stanytsia Luhanska,2024-11-01,leadership_and_loyalty,86,15,5.733
796,Станично-Луганский вестник,Stanytsia Luhanska,2025-01-01,recruitment_and_contract_service,2,15,0.133
796,Станично-Луганский вестник,Stanytsia Luhanska,2025-01-01,passportization_and_documents,24,15,1.6
796,Станично-Луганский вестник,Stanytsia Luhanska,2025-01-01,elections_and_administration,1,15,0.067
796,Станично-Луганский вестник,Stanytsia Luhanska,2025-01-01,reconstruction_and_integration,15,15,1.0
796,Станично-Луганский вестник,Stanytsia Luhanska,2025-01-01,ukraine_as_enemy,1,15,0.067
796,Станично-Луганский вестник,Stanytsia Luhanska,2025-01-01,children_and_militarization,5,15,0.333
796,Станично-Луганский вестник,Stanytsia Luhanska,2025-01-01,leadership_and_loyalty,88,15,5.867
797,Станично-Луганский вестник,Stanytsia Luhanska,2024-11-01,recruitment_and_contract_service,0,15,0.0
797,Станично-Луганский вестник,Stanytsia Luhanska,2024-11-01,passportization_and_documents,84,15,5.6
797,Станично-Луганский вестник,Stanytsia Luhanska,2024-11-01,elections_and_administration,4,15,0.267
797,Станично-Луганский вестник,Stanytsia Luhanska,2024-11-01,reconstruction_and_integration,2,15,0.133
797,Станично-Луганский вестник,Stanytsia Luhanska,2024-11-01,ukraine_as_enemy,0,15,0.0
797,Станично-Луганский вестник,Stanytsia Luhanska,2024-11-01,children_and_militarization,5,15,0.333
797,Станично-Луганский вестник,Stanytsia Luhanska,2024-11-01,leadership_and_loyalty,116,15,7.733
798,Станично-Луганский вестник,Stanytsia Luhanska,2024-12-01,recruitment_and_contract_service,0,15,0.0
798,Станично-Луганский вестник,Stanytsia Luhanska,2024-12-01,passportization_and_documents,28,15,1.867
798,Станично-Луганский вестник,Stanytsia Luhanska,2024-12-01,elections_and_administration,0,15,0.0
798,Станично-Луганский вестник,Stanytsia Luhanska,2024-12-01,reconstruction_and_integration,3,15,0.2
798,Станично-Луганский вестник,Stanytsia Luhanska,2024-12-01,ukraine_as_enemy,3,15,0.2
798,Станично-Луганский вестник,Stanytsia Luhanska,2024-12-01,children_and_militarization,8,15,0.533
798,Станично-Луганский вестник,Stanytsia Luhanska,2024-12-01,leadership_and_loyalty,76,15,5.067
799,Станично-Луганский вестник,Stanytsia Luhanska,2025-05-04,recruitment_and_contract_service,3,15,0.2
799,Станично-Луганский вестник,Stanytsia Luhanska,2025-05-04,passportization_and_documents,15,15,1.0
799,Станично-Луганский вестник,Stanytsia Luhanska,2025-05-04,elections_and_administration,16,15,1.067
799,Станично-Луганский вестник,Stanytsia Luhanska,2025-05-04,reconstruction_and_integration,16,15,1.067
799,Станично-Луганский вестник,Stanytsia Luhanska,2025-05-04,ukraine_as_enemy,6,15,0.4
799,Станично-Луганский вестник,Stanytsia Luhanska,2025-05-04,children_and_militarization,9,15,0.6
799,Станично-Луганский вестник,Stanytsia Luhanska,2025-05-04,leadership_and_loyalty,92,15,6.133
800,Станично-Луганский вестник,Stanytsia Luhanska,2024-12-01,recruitment_and_contract_service,3,15,0.2
800,Станично-Луганский вестник,Stanytsia Luhanska,2024-12-01,passportization_and_documents,5,15,0.333
800,Станично-Луганский вестник,Stanytsia Luhanska,2024-12-01,elections_and_administration,0,15,0.0
800,Станично-Луганский вестник,Stanytsia Luhanska,2024-12-01,reconstruction_and_integration,10,15,0.667
800,Станично-Луганский вестник,Stanytsia Luhanska,2024-12-01,ukraine_as_enemy,0,15,0.0
800,Станично-Луганский вестник,Stanytsia Luhanska,2024-12-01,children_and_militarization,7,15,0.467
800,Станично-Луганский вестник,Stanytsia Luhanska,2024-12-01,leadership_and_loyalty,59,15,3.933
801,Станично-Луганский вестник,Stanytsia Luhanska,2024-12-01,recruitment_and_contract_service,3,15,0.2
801,Станично-Луганский вестник,Stanytsia Luhanska,2024-12-01,passportization_and_documents,10,15,0.667
801,Станично-Луганский вестник,Stanytsia Luhanska,2024-12-01,elections_and_administration,23,15,1.533
801,Станично-Луганский вестник,Stanytsia Luhanska,2024-12-01,reconstruction_and_integration,11,15,0.733
801,Станично-Луганский вестник,Stanytsia Luhanska,2024-12-01,ukraine_as_enemy,4,15,0.267
801,Станично-Луганский вестник,Stanytsia Luhanska,2024-12-01,children_and_militarization,7,15,0.467
801,Станично-Луганский вестник,Stanytsia Luhanska,2024-12-01,leadership_and_loyalty,90,15,6.0
802,Станично-Луганский вестник,Stanytsia Luhanska,2025-02-14,recruitment_and_contract_service,2,15,0.133
802,Станично-Луганский вестник,Stanytsia Luhanska,2025-02-14,passportization_and_documents,16,15,1.067
802,Станично-Луганский вестник,Stanytsia Luhanska,2025-02-14,elections_and_administration,0,15,0.0
802,Станично-Луганский вестник,Stanytsia Luhanska,2025-02-14,reconstruction_and_integration,12,15,0.8
802,Станично-Луганский вестник,Stanytsia Luhanska,2025-02-14,ukraine_as_enemy,3,15,0.2
802,Станично-Луганский вестник,Stanytsia Luhanska,2025-02-14,children_and_militarization,2,15,0.133
802,Станично-Луганский вестник,Stanytsia Luhanska,2025-02-14,leadership_and_loyalty,98,15,6.533
803,Станично-Луганский вестник,Stanytsia Luhanska,2024-12-20,recruitment_and_contract_service,7,15,0.467
803,Станично-Луганский вестник,Stanytsia Luhanska,2024-12-20,passportization_and_documents,26,15,1.733
803,Станично-Луганский вестник,Stanytsia Luhanska,2024-12-20,elections_and_administration,6,15,0.4
803,Станично-Луганский вестник,Stanytsia Luhanska,2024-12-20,reconstruction_and_integration,15,15,1.0
803,Станично-Луганский вестник,Stanytsia Luhanska,2024-12-20,ukraine_as_enemy,5,15,0.333
803,Станично-Луганский вестник,Stanytsia Luhanska,2024-12-20,children_and_militarization,7,15,0.467
803,Станично-Луганский вестник,Stanytsia Luhanska,2024-12-20,leadership_and_loyalty,163,15,10.867
804,Станично-Луганский вестник,Stanytsia Luhanska,2024-12-23,recruitment_and_contract_service,30,15,2.0
804,Станично-Луганский вестник,Stanytsia Luhanska,2024-12-23,passportization_and_documents,9,15,0.6
804,Станично-Луганский вестник,Stanytsia Luhanska,2024-12-23,elections_and_administration,2,15,0.133
804,Станично-Луганский вестник,Stanytsia Luhanska,2024-12-23,reconstruction_and_integration,12,15,0.8
804,Станично-Луганский вестник,Stanytsia Luhanska,2024-12-23,ukraine_as_enemy,5,15,0.333
804,Станично-Луганский вестник,Stanytsia Luhanska,2024-12-23,children_and_militarization,5,15,0.333
804,Станично-Луганский вестник,Stanytsia Luhanska,2024-12-23,leadership_and_loyalty,91,15,6.067
805,Станично-Луганский вестник,Stanytsia Luhanska,2025-02-21,recruitment_and_contract_service,5,15,0.333
805,Станично-Луганский вестник,Stanytsia Luhanska,2025-02-21,passportization_and_documents,5,15,0.333
805,Станично-Луганский вестник,Stanytsia Luhanska,2025-02-21,elections_and_administration,2,15,0.133
805,Станично-Луганский вестник,Stanytsia Luhanska,2025-02-21,reconstruction_and_integration,11,15,0.733
805,Станично-Луганский вестник,Stanytsia Luhanska,2025-02-21,ukraine_as_enemy,9,15,0.6
805,Станично-Луганский вестник,Stanytsia Luhanska,2025-02-21,children_and_militarization,4,15,0.267
805,Станично-Луганский вестник,Stanytsia Luhanska,2025-02-21,leadership_and_loyalty,100,15,6.667
806,Станично-Луганский вестник,Stanytsia Luhanska,2025-02-28,recruitment_and_contract_service,4,15,0.267
806,Станично-Луганский вестник,Stanytsia Luhanska,2025-02-28,passportization_and_documents,17,15,1.133
806,Станично-Луганский вестник,Stanytsia Luhanska,2025-02-28,elections_and_administration,4,15,0.267
806,Станично-Луганский вестник,Stanytsia Luhanska,2025-02-28,reconstruction_and_integration,5,15,0.333
806,Станично-Луганский вестник,Stanytsia Luhanska,2025-02-28,ukraine_as_enemy,7,15,0.467
806,Станично-Луганский вестник,Stanytsia Luhanska,2025-02-28,children_and_militarization,13,15,0.867
806,Станично-Луганский вестник,Stanytsia Luhanska,2025-02-28,leadership_and_loyalty,105,15,7.0
807,Станично-Луганский вестник,Stanytsia Luhanska,2025-03-07,recruitment_and_contract_service,3,15,0.2
807,Станично-Луганский вестник,Stanytsia Luhanska,2025-03-07,passportization_and_documents,9,15,0.6
807,Станично-Луганский вестник,Stanytsia Luhanska,2025-03-07,elections_and_administration,7,15,0.467
807,Станично-Луганский вестник,Stanytsia Luhanska,2025-03-07,reconstruction_and_integration,6,15,0.4
807,Станично-Луганский вестник,Stanytsia Luhanska,2025-03-07,ukraine_as_enemy,2,15,0.133
807,Станично-Луганский вестник,Stanytsia Luhanska,2025-03-07,children_and_militarization,2,15,0.133
807,Станично-Луганский вестник,Stanytsia Luhanska,2025-03-07,leadership_and_loyalty,90,15,6.0
808,Станично-Луганский вестник,Stanytsia Luhanska,2025-03-14,recruitment_and_contract_service,7,15,0.467
808,Станично-Луганский вестник,Stanytsia Luhanska,2025-03-14,passportization_and_documents,61,15,4.067
808,Станично-Луганский вестник,Stanytsia Luhanska,2025-03-14,elections_and_administration,3,15,0.2
808,Станично-Луганский вестник,Stanytsia Luhanska,2025-03-14,reconstruction_and_integration,47,15,3.133
808,Станично-Луганский вестник,Stanytsia Luhanska,2025-03-14,ukraine_as_enemy,0,15,0.0
808,Станично-Луганский вестник,Stanytsia Luhanska,2025-03-14,children_and_militarization,4,15,0.267
808,Станично-Луганский вестник,Stanytsia Luhanska,2025-03-14,leadership_and_loyalty,112,15,7.467
809,Станично-Луганский вестник,Stanytsia Luhanska,2025-06-06,recruitment_and_contract_service,3,16,0.188
809,Станично-Луганский вестник,Stanytsia Luhanska,2025-06-06,passportization_and_documents,27,16,1.688
809,Станично-Луганский вестник,Stanytsia Luhanska,2025-06-06,elections_and_administration,9,16,0.562
809,Станично-Луганский вестник,Stanytsia Luhanska,2025-06-06,reconstruction_and_integration,10,16,0.625
809,Станично-Луганский вестник,Stanytsia Luhanska,2025-06-06,ukraine_as_enemy,0,16,0.0
809,Станично-Луганский вестник,Stanytsia Luhanska,2025-06-06,children_and_militarization,6,16,0.375
809,Станично-Луганский вестник,Stanytsia Luhanska,2025-06-06,leadership_and_loyalty,95,16,5.938
810,Станично-Луганский вестник,Stanytsia Luhanska,2025-06-13,recruitment_and_contract_service,1,15,0.067
810,Станично-Луганский вестник,Stanytsia Luhanska,2025-06-13,passportization_and_documents,16,15,1.067
810,Станично-Луганский вестник,Stanytsia Luhanska,2025-06-13,elections_and_administration,1,15,0.067
810,Станично-Луганский вестник,Stanytsia Luhanska,2025-06-13,reconstruction_and_integration,15,15,1.0
810,Станично-Луганский вестник,Stanytsia Luhanska,2025-06-13,ukraine_as_enemy,1,15,0.067
810,Станично-Луганский вестник,Stanytsia Luhanska,2025-06-13,children_and_militarization,6,15,0.4
810,Станично-Луганский вестник,Stanytsia Luhanska,2025-06-13,leadership_and_loyalty,103,15,6.867
811,Старобельский вестник,Starobilsk,2025-01-17,recruitment_and_contract_service,8,15,0.533
811,Старобельский вестник,Starobilsk,2025-01-17,passportization_and_documents,10,15,0.667
811,Старобельский вестник,Starobilsk,2025-01-17,elections_and_administration,0,15,0.0
811,Старобельский вестник,Starobilsk,2025-01-17,reconstruction_and_integration,12,15,0.8
811,Старобельский вестник,Starobilsk,2025-01-17,ukraine_as_enemy,0,15,0.0
811,Старобельский вестник,Starobilsk,2025-01-17,children_and_militarization,5,15,0.333
811,Старобельский вестник,Starobilsk,2025-01-17,leadership_and_loyalty,55,15,3.667
812,Старобельский вестник,Starobilsk,2025-03-21,recruitment_and_contract_service,4,15,0.267
812,Старобельский вестник,Starobilsk,2025-03-21,passportization_and_documents,10,15,0.667
812,Старобельский вестник,Starobilsk,2025-03-21,elections_and_administration,3,15,0.2
812,Старобельский вестник,Starobilsk,2025-03-21,reconstruction_and_integration,15,15,1.0
812,Старобельский вестник,Starobilsk,2025-03-21,ukraine_as_enemy,11,15,0.733
812,Старобельский вестник,Starobilsk,2025-03-21,children_and_militarization,8,15,0.533
812,Старобельский вестник,Starobilsk,2025-03-21,leadership_and_loyalty,108,15,7.2
813,Старобельский вестник,Starobilsk,2025-03-28,recruitment_and_contract_service,1,15,0.067
813,Старобельский вестник,Starobilsk,2025-03-28,passportization_and_documents,11,15,0.733
813,Старобельский вестник,Starobilsk,2025-03-28,elections_and_administration,1,15,0.067
813,Старобельский вестник,Starobilsk,2025-03-28,reconstruction_and_integration,14,15,0.933
813,Старобельский вестник,Starobilsk,2025-03-28,ukraine_as_enemy,5,15,0.333
813,Старобельский вестник,Starobilsk,2025-03-28,children_and_militarization,3,15,0.2
813,Старобельский вестник,Starobilsk,2025-03-28,leadership_and_loyalty,78,15,5.2
814,Старобельский вестник,Starobilsk,2025-04-04,recruitment_and_contract_service,1,15,0.067
814,Старобельский вестник,Starobilsk,2025-04-04,passportization_and_documents,20,15,1.333
814,Старобельский вестник,Starobilsk,2025-04-04,elections_and_administration,1,15,0.067
814,Старобельский вестник,Starobilsk,2025-04-04,reconstruction_and_integration,21,15,1.4
814,Старобельский вестник,Starobilsk,2025-04-04,ukraine_as_enemy,1,15,0.067
814,Старобельский вестник,Starobilsk,2025-04-04,children_and_militarization,6,15,0.4
814,Старобельский вестник,Starobilsk,2025-04-04,leadership_and_loyalty,87,15,5.8
815,Старобельский вестник,Starobilsk,2025-01-24,recruitment_and_contract_service,0,15,0.0
815,Старобельский вестник,Starobilsk,2025-01-24,passportization_and_documents,24,15,1.6
815,Старобельский вестник,Starobilsk,2025-01-24,elections_and_administration,1,15,0.067
815,Старобельский вестник,Starobilsk,2025-01-24,reconstruction_and_integration,16,15,1.067
815,Старобельский вестник,Starobilsk,2025-01-24,ukraine_as_enemy,2,15,0.133
815,Старобельский вестник,Starobilsk,2025-01-24,children_and_militarization,2,15,0.133
815,Старобельский вестник,Starobilsk,2025-01-24,leadership_and_loyalty,77,15,5.133
816,Старобельский вестник,Starobilsk,2025-01-31,recruitment_and_contract_service,3,15,0.2
816,Старобельский вестник,Starobilsk,2025-01-31,passportization_and_documents,13,15,0.867
816,Старобельский вестник,Starobilsk,2025-01-31,elections_and_administration,4,15,0.267
816,Старобельский вестник,Starobilsk,2025-01-31,reconstruction_and_integration,17,15,1.133
816,Старобельский вестник,Starobilsk,2025-01-31,ukraine_as_enemy,1,15,0.067
816,Старобельский вестник,Starobilsk,2025-01-31,children_and_militarization,3,15,0.2
816,Старобельский вестник,Starobilsk,2025-01-31,leadership_and_loyalty,74,15,4.933
817,Старобельский вестник,Starobilsk,2024-08-23,recruitment_and_contract_service,6,15,0.4
817,Старобельский вестник,Starobilsk,2024-08-23,passportization_and_documents,15,15,1.0
817,Старобельский вестник,Starobilsk,2024-08-23,elections_and_administration,3,15,0.2
817,Старобельский вестник,Starobilsk,2024-08-23,reconstruction_and_integration,15,15,1.0
817,Старобельский вестник,Starobilsk,2024-08-23,ukraine_as_enemy,0,15,0.0
817,Старобельский вестник,Starobilsk,2024-08-23,children_and_militarization,7,15,0.467
817,Старобельский вестник,Starobilsk,2024-08-23,leadership_and_loyalty,54,15,3.6
818,Старобельский вестник,Starobilsk,2024-08-30,recruitment_and_contract_service,16,15,1.067
818,Старобельский вестник,Starobilsk,2024-08-30,passportization_and_documents,16,15,1.067
818,Старобельский вестник,Starobilsk,2024-08-30,elections_and_administration,2,15,0.133
818,Старобельский вестник,Starobilsk,2024-08-30,reconstruction_and_integration,16,15,1.067
818,Старобельский вестник,Starobilsk,2024-08-30,ukraine_as_enemy,1,15,0.067
818,Старобельский вестник,Starobilsk,2024-08-30,children_and_militarization,9,15,0.6
818,Старобельский вестник,Starobilsk,2024-08-30,leadership_and_loyalty,58,15,3.867
819,Старобельский вестник,Starobilsk,2024-09-06,recruitment_and_contract_service,15,15,1.0
819,Старобельский вестник,Starobilsk,2024-09-06,passportization_and_documents,16,15,1.067
819,Старобельский вестник,Starobilsk,2024-09-06,elections_and_administration,1,15,0.067
819,Старобельский вестник,Starobilsk,2024-09-06,reconstruction_and_integration,19,15,1.267
819,Старобельский вестник,Starobilsk,2024-09-06,ukraine_as_enemy,0,15,0.0
819,Старобельский вестник,Starobilsk,2024-09-06,children_and_militarization,5,15,0.333
819,Старобельский вестник,Starobilsk,2024-09-06,leadership_and_loyalty,48,15,3.2
820,Старобельский вестник,Starobilsk,2024-09-13,recruitment_and_contract_service,3,15,0.2
820,Старобельский вестник,Starobilsk,2024-09-13,passportization_and_documents,16,15,1.067
820,Старобельский вестник,Starobilsk,2024-09-13,elections_and_administration,1,15,0.067
820,Старобельский вестник,Starobilsk,2024-09-13,reconstruction_and_integration,15,15,1.0
820,Старобельский вестник,Starobilsk,2024-09-13,ukraine_as_enemy,0,15,0.0
820,Старобельский вестник,Starobilsk,2024-09-13,children_and_militarization,0,15,0.0
820,Старобельский вестник,Starobilsk,2024-09-13,leadership_and_loyalty,38,15,2.533
821,Старобельский вестник,Starobilsk,2024-09-20,recruitment_and_contract_service,0,15,0.0
821,Старобельский вестник,Starobilsk,2024-09-20,passportization_and_documents,24,15,1.6
821,Старобельский вестник,Starobilsk,2024-09-20,elections_and_administration,4,15,0.267
821,Старобельский вестник,Starobilsk,2024-09-20,reconstruction_and_integration,14,15,0.933
821,Старобельский вестник,Starobilsk,2024-09-20,ukraine_as_enemy,1,15,0.067
821,Старобельский вестник,Starobilsk,2024-09-20,children_and_militarization,3,15,0.2
821,Старобельский вестник,Starobilsk,2024-09-20,leadership_and_loyalty,41,15,2.733
822,Старобельский вестник,Starobilsk,2024-09-27,recruitment_and_contract_service,0,12,0.0
822,Старобельский вестник,Starobilsk,2024-09-27,passportization_and_documents,9,12,0.75
822,Старобельский вестник,Starobilsk,2024-09-27,elections_and_administration,5,12,0.417
822,Старобельский вестник,Starobilsk,2024-09-27,reconstruction_and_integration,14,12,1.167
822,Старобельский вестник,Starobilsk,2024-09-27,ukraine_as_enemy,2,12,0.167
822,Старобельский вестник,Starobilsk,2024-09-27,children_and_militarization,3,12,0.25
822,Старобельский вестник,Starobilsk,2024-09-27,leadership_and_loyalty,34,12,2.833
823,Старобельский вестник,Starobilsk,2024-10-04,recruitment_and_contract_service,8,15,0.533
823,Старобельский вестник,Starobilsk,2024-10-04,passportization_and_documents,22,15,1.467
823,Старобельский вестник,Starobilsk,2024-10-04,elections_and_administration,4,15,0.267
823,Старобельский вестник,Starobilsk,2024-10-04,reconstruction_and_integration,15,15,1.0
823,Старобельский вестник,Starobilsk,2024-10-04,ukraine_as_enemy,1,15,0.067
823,Старобельский вестник,Starobilsk,2024-10-04,children_and_militarization,4,15,0.267
823,Старобельский вестник,Starobilsk,2024-10-04,leadership_and_loyalty,70,15,4.667
824,Старобельский вестник,Starobilsk,2025-02-07,recruitment_and_contract_service,4,15,0.267
824,Старобельский вестник,Starobilsk,2025-02-07,passportization_and_documents,10,15,0.667
824,Старобельский вестник,Starobilsk,2025-02-07,elections_and_administration,3,15,0.2
824,Старобельский вестник,Starobilsk,2025-02-07,reconstruction_and_integration,11,15,0.733
824,Старобельский вестник,Starobilsk,2025-02-07,ukraine_as_enemy,6,15,0.4
824,Старобельский вестник,Starobilsk,2025-02-07,children_and_militarization,1,15,0.067
824,Старобельский вестник,Starobilsk,2025-02-07,leadership_and_loyalty,79,15,5.267
825,Старобельский вестник,Starobilsk,2024-10-11,recruitment_and_contract_service,0,15,0.0
825,Старобельский вестник,Starobilsk,2024-10-11,passportization_and_documents,16,15,1.067
825,Старобельский вестник,Starobilsk,2024-10-11,elections_and_administration,3,15,0.2
825,Старобельский вестник,Starobilsk,2024-10-11,reconstruction_and_integration,14,15,0.933
825,Старобельский вестник,Starobilsk,2024-10-11,ukraine_as_enemy,1,15,0.067
825,Старобельский вестник,Starobilsk,2024-10-11,children_and_militarization,4,15,0.267
825,Старобельский вестник,Starobilsk,2024-10-11,leadership_and_loyalty,50,15,3.333
826,Старобельский вестник,Starobilsk,2024-10-18,recruitment_and_contract_service,0,15,0.0
826,Старобельский вестник,Starobilsk,2024-10-18,passportization_and_documents,22,15,1.467
826,Старобельский вестник,Starobilsk,2024-10-18,elections_and_administration,4,15,0.267
826,Старобельский вестник,Starobilsk,2024-10-18,reconstruction_and_integration,11,15,0.733
826,Старобельский вестник,Starobilsk,2024-10-18,ukraine_as_enemy,1,15,0.067
826,Старобельский вестник,Starobilsk,2024-10-18,children_and_militarization,6,15,0.4
826,Старобельский вестник,Starobilsk,2024-10-18,leadership_and_loyalty,73,15,4.867
827,Старобельский вестник,Starobilsk,2024-10-25,recruitment_and_contract_service,0,15,0.0
827,Старобельский вестник,Starobilsk,2024-10-25,passportization_and_documents,20,15,1.333
827,Старобельский вестник,Starobilsk,2024-10-25,elections_and_administration,2,15,0.133
827,Старобельский вестник,Starobilsk,2024-10-25,reconstruction_and_integration,17,15,1.133
827,Старобельский вестник,Starobilsk,2024-10-25,ukraine_as_enemy,1,15,0.067
827,Старобельский вестник,Starobilsk,2024-10-25,children_and_militarization,4,15,0.267
827,Старобельский вестник,Starobilsk,2024-10-25,leadership_and_loyalty,46,15,3.067
828,Старобельский вестник,Starobilsk,2024-11-01,recruitment_and_contract_service,1,16,0.062
828,Старобельский вестник,Starobilsk,2024-11-01,passportization_and_documents,145,16,9.062
828,Старобельский вестник,Starobilsk,2024-11-01,elections_and_administration,4,16,0.25
828,Старобельский вестник,Starobilsk,2024-11-01,reconstruction_and_integration,7,16,0.438
828,Старобельский вестник,Starobilsk,2024-11-01,ukraine_as_enemy,0,16,0.0
828,Старобельский вестник,Starobilsk,2024-11-01,children_and_militarization,5,16,0.312
828,Старобельский вестник,Starobilsk,2024-11-01,leadership_and_loyalty,81,16,5.062
829,Старобельский вестник,Starobilsk,2024-11-08,recruitment_and_contract_service,8,16,0.5
829,Старобельский вестник,Starobilsk,2024-11-08,passportization_and_documents,15,16,0.938
829,Старобельский вестник,Starobilsk,2024-11-08,elections_and_administration,12,16,0.75
829,Старобельский вестник,Starobilsk,2024-11-08,reconstruction_and_integration,16,16,1.0
829,Старобельский вестник,Starobilsk,2024-11-08,ukraine_as_enemy,0,16,0.0
829,Старобельский вестник,Starobilsk,2024-11-08,children_and_militarization,4,16,0.25
829,Старобельский вестник,Starobilsk,2024-11-08,leadership_and_loyalty,78,16,4.875
830,Старобельский вестник,Starobilsk,2024-11-15,recruitment_and_contract_service,1,15,0.067
830,Старобельский вестник,Starobilsk,2024-11-15,passportization_and_documents,31,15,2.067
830,Старобельский вестник,Starobilsk,2024-11-15,elections_and_administration,0,15,0.0
830,Старобельский вестник,Starobilsk,2024-11-15,reconstruction_and_integration,10,15,0.667
830,Старобельский вестник,Starobilsk,2024-11-15,ukraine_as_enemy,0,15,0.0
830,Старобельский вестник,Starobilsk,2024-11-15,children_and_militarization,5,15,0.333
830,Старобельский вестник,Starobilsk,2024-11-15,leadership_and_loyalty,60,15,4.0
831,Старобельский вестник,Starobilsk,2024-11-22,recruitment_and_contract_service,5,15,0.333
831,Старобельский вестник,Starobilsk,2024-11-22,passportization_and_documents,42,15,2.8
831,Старобельский вестник,Starobilsk,2024-11-22,elections_and_administration,0,15,0.0
831,Старобельский вестник,Starobilsk,2024-11-22,reconstruction_and_integration,29,15,1.933
831,Старобельский вестник,Starobilsk,2024-11-22,ukraine_as_enemy,0,15,0.0
831,Старобельский вестник,Starobilsk,2024-11-22,children_and_militarization,2,15,0.133
831,Старобельский вестник,Starobilsk,2024-11-22,leadership_and_loyalty,57,15,3.8
832,Старобельский вестник,Starobilsk,2024-11-29,recruitment_and_contract_service,30,15,2.0
832,Старобельский вестник,Starobilsk,2024-11-29,passportization_and_documents,21,15,1.4
832,Старобельский вестник,Starobilsk,2024-11-29,elections_and_administration,1,15,0.067
832,Старобельский вестник,Starobilsk,2024-11-29,reconstruction_and_integration,16,15,1.067
832,Старобельский вестник,Starobilsk,2024-11-29,ukraine_as_enemy,1,15,0.067
832,Старобельский вестник,Starobilsk,2024-11-29,children_and_militarization,2,15,0.133
832,Старобельский вестник,Starobilsk,2024-11-29,leadership_and_loyalty,50,15,3.333
833,Старобельский вестник,Starobilsk,2024-12-06,recruitment_and_contract_service,2,15,0.133
833,Старобельский вестник,Starobilsk,2024-12-06,passportization_and_documents,21,15,1.4
833,Старобельский вестник,Starobilsk,2024-12-06,elections_and_administration,3,15,0.2
833,Старобельский вестник,Starobilsk,2024-12-06,reconstruction_and_integration,34,15,2.267
833,Старобельский вестник,Starobilsk,2024-12-06,ukraine_as_enemy,1,15,0.067
833,Старобельский вестник,Starobilsk,2024-12-06,children_and_militarization,4,15,0.267
833,Старобельский вестник,Starobilsk,2024-12-06,leadership_and_loyalty,41,15,2.733
834,Старобельский вестник,Starobilsk,2024-12-13,recruitment_and_contract_service,4,15,0.267
834,Старобельский вестник,Starobilsk,2024-12-13,passportization_and_documents,22,15,1.467
834,Старобельский вестник,Starobilsk,2024-12-13,elections_and_administration,19,15,1.267
834,Старобельский вестник,Starobilsk,2024-12-13,reconstruction_and_integration,16,15,1.067
834,Старобельский вестник,Starobilsk,2024-12-13,ukraine_as_enemy,5,15,0.333
834,Старобельский вестник,Starobilsk,2024-12-13,children_and_militarization,2,15,0.133
834,Старобельский вестник,Starobilsk,2024-12-13,leadership_and_loyalty,63,15,4.2
835,Старобельский вестник,Starobilsk,2025-02-14,recruitment_and_contract_service,3,15,0.2
835,Старобельский вестник,Starobilsk,2025-02-14,passportization_and_documents,16,15,1.067
835,Старобельский вестник,Starobilsk,2025-02-14,elections_and_administration,2,15,0.133
835,Старобельский вестник,Starobilsk,2025-02-14,reconstruction_and_integration,12,15,0.8
835,Старобельский вестник,Starobilsk,2025-02-14,ukraine_as_enemy,5,15,0.333
835,Старобельский вестник,Starobilsk,2025-02-14,children_and_militarization,4,15,0.267
835,Старобельский вестник,Starobilsk,2025-02-14,leadership_and_loyalty,70,15,4.667
836,Старобельский вестник,Starobilsk,2024-12-20,recruitment_and_contract_service,6,15,0.4
836,Старобельский вестник,Starobilsk,2024-12-20,passportization_and_documents,16,15,1.067
836,Старобельский вестник,Starobilsk,2024-12-20,elections_and_administration,0,15,0.0
836,Старобельский вестник,Starobilsk,2024-12-20,reconstruction_and_integration,18,15,1.2
836,Старобельский вестник,Starobilsk,2024-12-20,ukraine_as_enemy,8,15,0.533
836,Старобельский вестник,Starobilsk,2024-12-20,children_and_militarization,0,15,0.0
836,Старобельский вестник,Starobilsk,2024-12-20,leadership_and_loyalty,166,15,11.067
837,Старобельский вестник,Starobilsk,2024-12-27,recruitment_and_contract_service,1,15,0.067
837,Старобельский вестник,Starobilsk,2024-12-27,passportization_and_documents,15,15,1.0
837,Старобельский вестник,Starobilsk,2024-12-27,elections_and_administration,6,15,0.4
837,Старобельский вестник,Starobilsk,2024-12-27,reconstruction_and_integration,27,15,1.8
837,Старобельский вестник,Starobilsk,2024-12-27,ukraine_as_enemy,3,15,0.2
837,Старобельский вестник,Starobilsk,2024-12-27,children_and_militarization,3,15,0.2
837,Старобельский вестник,Starobilsk,2024-12-27,leadership_and_loyalty,91,15,6.067
838,Старобельский вестник,Starobilsk,2025-02-21,recruitment_and_contract_service,13,15,0.867
838,Старобельский вестник,Starobilsk,2025-02-21,passportization_and_documents,5,15,0.333
838,Старобельский вестник,Starobilsk,2025-02-21,elections_and_administration,2,15,0.133
838,Старобельский вестник,Starobilsk,2025-02-21,reconstruction_and_integration,21,15,1.4
838,Старобельский вестник,Starobilsk,2025-02-21,ukraine_as_enemy,10,15,0.667
838,Старобельский вестник,Starobilsk,2025-02-21,children_and_militarization,2,15,0.133
838,Старобельский вестник,Starobilsk,2025-02-21,leadership_and_loyalty,86,15,5.733
839,Старобельский вестник,Starobilsk,2025-02-28,recruitment_and_contract_service,1,15,0.067
839,Старобельский вестник,Starobilsk,2025-02-28,passportization_and_documents,8,15,0.533
839,Старобельский вестник,Starobilsk,2025-02-28,elections_and_administration,2,15,0.133
839,Старобельский вестник,Starobilsk,2025-02-28,reconstruction_and_integration,15,15,1.0
839,Старобельский вестник,Starobilsk,2025-02-28,ukraine_as_enemy,0,15,0.0
839,Старобельский вестник,Starobilsk,2025-02-28,children_and_militarization,4,15,0.267
839,Старобельский вестник,Starobilsk,2025-02-28,leadership_and_loyalty,80,15,5.333
840,Старобельский вестник,Starobilsk,2025-03-07,recruitment_and_contract_service,1,15,0.067
840,Старобельский вестник,Starobilsk,2025-03-07,passportization_and_documents,9,15,0.6
840,Старобельский вестник,Starobilsk,2025-03-07,elections_and_administration,0,15,0.0
840,Старобельский вестник,Starobilsk,2025-03-07,reconstruction_and_integration,9,15,0.6
840,Старобельский вестник,Starobilsk,2025-03-07,ukraine_as_enemy,1,15,0.067
840,Старобельский вестник,Starobilsk,2025-03-07,children_and_militarization,1,15,0.067
840,Старобельский вестник,Starobilsk,2025-03-07,leadership_and_loyalty,70,15,4.667
841,Старобельский вестник,Starobilsk,2025-03-14,recruitment_and_contract_service,7,15,0.467
841,Старобельский вестник,Starobilsk,2025-03-14,passportization_and_documents,15,15,1.0
841,Старобельский вестник,Starobilsk,2025-03-14,elections_and_administration,3,15,0.2
841,Старобельский вестник,Starobilsk,2025-03-14,reconstruction_and_integration,24,15,1.6
841,Старобельский вестник,Starobilsk,2025-03-14,ukraine_as_enemy,0,15,0.0
841,Старобельский вестник,Starobilsk,2025-03-14,children_and_militarization,3,15,0.2
841,Старобельский вестник,Starobilsk,2025-03-14,leadership_and_loyalty,95,15,6.333
842,Стахановское знамя,Kadiivka,2025-05-14,recruitment_and_contract_service,1,15,0.067
842,Стахановское знамя,Kadiivka,2025-05-14,passportization_and_documents,21,15,1.4
842,Стахановское знамя,Kadiivka,2025-05-14,elections_and_administration,31,15,2.067
842,Стахановское знамя,Kadiivka,2025-05-14,reconstruction_and_integration,9,15,0.6
842,Стахановское знамя,Kadiivka,2025-05-14,ukraine_as_enemy,0,15,0.0
842,Стахановское знамя,Kadiivka,2025-05-14,children_and_militarization,18,15,1.2
842,Стахановское знамя,Kadiivka,2025-05-14,leadership_and_loyalty,105,15,7.0
843,Стахановское знамя,Kadiivka,2024-08-21,recruitment_and_contract_service,16,15,1.067
843,Стахановское знамя,Kadiivka,2024-08-21,passportization_and_documents,34,15,2.267
843,Стахановское знамя,Kadiivka,2024-08-21,elections_and_administration,25,15,1.667
843,Стахановское знамя,Kadiivka,2024-08-21,reconstruction_and_integration,10,15,0.667
843,Стахановское знамя,Kadiivka,2024-08-21,ukraine_as_enemy,4,15,0.267
843,Стахановское знамя,Kadiivka,2024-08-21,children_and_militarization,9,15,0.6
843,Стахановское знамя,Kadiivka,2024-08-21,leadership_and_loyalty,122,15,8.133
844,Стахановское знамя,Kadiivka,2024-08-28,recruitment_and_contract_service,22,15,1.467
844,Стахановское знамя,Kadiivka,2024-08-28,passportization_and_documents,41,15,2.733
844,Стахановское знамя,Kadiivka,2024-08-28,elections_and_administration,3,15,0.2
844,Стахановское знамя,Kadiivka,2024-08-28,reconstruction_and_integration,9,15,0.6
844,Стахановское знамя,Kadiivka,2024-08-28,ukraine_as_enemy,1,15,0.067
844,Стахановское знамя,Kadiivka,2024-08-28,children_and_militarization,18,15,1.2
844,Стахановское знамя,Kadiivka,2024-08-28,leadership_and_loyalty,74,15,4.933
845,Стахановское знамя,Kadiivka,2024-09-11,recruitment_and_contract_service,7,15,0.467
845,Стахановское знамя,Kadiivka,2024-09-11,passportization_and_documents,13,15,0.867
845,Стахановское знамя,Kadiivka,2024-09-11,elections_and_administration,1,15,0.067
845,Стахановское знамя,Kadiivka,2024-09-11,reconstruction_and_integration,15,15,1.0
845,Стахановское знамя,Kadiivka,2024-09-11,ukraine_as_enemy,1,15,0.067
845,Стахановское знамя,Kadiivka,2024-09-11,children_and_militarization,4,15,0.267
845,Стахановское знамя,Kadiivka,2024-09-11,leadership_and_loyalty,80,15,5.333
846,Стахановское знамя,Kadiivka,2024-09-18,recruitment_and_contract_service,1,15,0.067
846,Стахановское знамя,Kadiivka,2024-09-18,passportization_and_documents,22,15,1.467
846,Стахановское знамя,Kadiivka,2024-09-18,elections_and_administration,2,15,0.133
846,Стахановское знамя,Kadiivka,2024-09-18,reconstruction_and_integration,10,15,0.667
846,Стахановское знамя,Kadiivka,2024-09-18,ukraine_as_enemy,2,15,0.133
846,Стахановское знамя,Kadiivka,2024-09-18,children_and_militarization,23,15,1.533
846,Стахановское знамя,Kadiivka,2024-09-18,leadership_and_loyalty,66,15,4.4
847,Стахановское знамя,Kadiivka,2024-09-25,recruitment_and_contract_service,10,16,0.625
847,Стахановское знамя,Kadiivka,2024-09-25,passportization_and_documents,30,16,1.875
847,Стахановское знамя,Kadiivka,2024-09-25,elections_and_administration,7,16,0.438
847,Стахановское знамя,Kadiivka,2024-09-25,reconstruction_and_integration,14,16,0.875
847,Стахановское знамя,Kadiivka,2024-09-25,ukraine_as_enemy,2,16,0.125
847,Стахановское знамя,Kadiivka,2024-09-25,children_and_militarization,7,16,0.438
847,Стахановское знамя,Kadiivka,2024-09-25,leadership_and_loyalty,62,16,3.875
848,Стахановское знамя,Kadiivka,2024-10-02,recruitment_and_contract_service,14,16,0.875
848,Стахановское знамя,Kadiivka,2024-10-02,passportization_and_documents,25,16,1.562
848,Стахановское знамя,Kadiivka,2024-10-02,elections_and_administration,0,16,0.0
848,Стахановское знамя,Kadiivka,2024-10-02,reconstruction_and_integration,91,16,5.688
848,Стахановское знамя,Kadiivka,2024-10-02,ukraine_as_enemy,0,16,0.0
848,Стахановское знамя,Kadiivka,2024-10-02,children_and_militarization,14,16,0.875
848,Стахановское знамя,Kadiivka,2024-10-02,leadership_and_loyalty,74,16,4.625
849,Стахановское знамя,Kadiivka,2024-10-09,recruitment_and_contract_service,0,15,0.0
849,Стахановское знамя,Kadiivka,2024-10-09,passportization_and_documents,27,15,1.8
849,Стахановское знамя,Kadiivka,2024-10-09,elections_and_administration,1,15,0.067
849,Стахановское знамя,Kadiivka,2024-10-09,reconstruction_and_integration,11,15,0.733
849,Стахановское знамя,Kadiivka,2024-10-09,ukraine_as_enemy,0,15,0.0
849,Стахановское знамя,Kadiivka,2024-10-09,children_and_militarization,10,15,0.667
849,Стахановское знамя,Kadiivka,2024-10-09,leadership_and_loyalty,79,15,5.267
850,Стахановское знамя,Kadiivka,2024-10-16,recruitment_and_contract_service,1,15,0.067
850,Стахановское знамя,Kadiivka,2024-10-16,passportization_and_documents,37,15,2.467
850,Стахановское знамя,Kadiivka,2024-10-16,elections_and_administration,0,15,0.0
850,Стахановское знамя,Kadiivka,2024-10-16,reconstruction_and_integration,18,15,1.2
850,Стахановское знамя,Kadiivka,2024-10-16,ukraine_as_enemy,0,15,0.0
850,Стахановское знамя,Kadiivka,2024-10-16,children_and_militarization,6,15,0.4
850,Стахановское знамя,Kadiivka,2024-10-16,leadership_and_loyalty,50,15,3.333
851,Стахановское знамя,Kadiivka,2024-10-23,recruitment_and_contract_service,6,15,0.4
851,Стахановское знамя,Kadiivka,2024-10-23,passportization_and_documents,25,15,1.667
851,Стахановское знамя,Kadiivka,2024-10-23,elections_and_administration,11,15,0.733
851,Стахановское знамя,Kadiivka,2024-10-23,reconstruction_and_integration,22,15,1.467
851,Стахановское знамя,Kadiivka,2024-10-23,ukraine_as_enemy,5,15,0.333
851,Стахановское знамя,Kadiivka,2024-10-23,children_and_militarization,16,15,1.067
851,Стахановское знамя,Kadiivka,2024-10-23,leadership_and_loyalty,77,15,5.133
852,Стахановское знамя,Kadiivka,2024-10-30,recruitment_and_contract_service,0,15,0.0
852,Стахановское знамя,Kadiivka,2024-10-30,passportization_and_documents,4,15,0.267
852,Стахановское знамя,Kadiivka,2024-10-30,elections_and_administration,2,15,0.133
852,Стахановское знамя,Kadiivka,2024-10-30,reconstruction_and_integration,18,15,1.2
852,Стахановское знамя,Kadiivka,2024-10-30,ukraine_as_enemy,0,15,0.0
852,Стахановское знамя,Kadiivka,2024-10-30,children_and_militarization,9,15,0.6
852,Стахановское знамя,Kadiivka,2024-10-30,leadership_and_loyalty,81,15,5.4
853,Стахановское знамя,Kadiivka,2024-11-06,recruitment_and_contract_service,1,15,0.067
853,Стахановское знамя,Kadiivka,2024-11-06,passportization_and_documents,23,15,1.533
853,Стахановское знамя,Kadiivka,2024-11-06,elections_and_administration,15,15,1.0
853,Стахановское знамя,Kadiivka,2024-11-06,reconstruction_and_integration,20,15,1.333
853,Стахановское знамя,Kadiivka,2024-11-06,ukraine_as_enemy,0,15,0.0
853,Стахановское знамя,Kadiivka,2024-11-06,children_and_militarization,12,15,0.8
853,Стахановское знамя,Kadiivka,2024-11-06,leadership_and_loyalty,88,15,5.867
854,Стахановское знамя,Kadiivka,2024-11-13,recruitment_and_contract_service,10,16,0.625
854,Стахановское знамя,Kadiivka,2024-11-13,passportization_and_documents,164,16,10.25
854,Стахановское знамя,Kadiivka,2024-11-13,elections_and_administration,1,16,0.062
854,Стахановское знамя,Kadiivka,2024-11-13,reconstruction_and_integration,67,16,4.188
854,Стахановское знамя,Kadiivka,2024-11-13,ukraine_as_enemy,3,16,0.188
854,Стахановское знамя,Kadiivka,2024-11-13,children_and_militarization,10,16,0.625
854,Стахановское знамя,Kadiivka,2024-11-13,leadership_and_loyalty,128,16,8.0
855,Стахановское знамя,Kadiivka,2025-04-02,recruitment_and_contract_service,1,15,0.067
855,Стахановское знамя,Kadiivka,2025-04-02,passportization_and_documents,12,15,0.8
855,Стахановское знамя,Kadiivka,2025-04-02,elections_and_administration,2,15,0.133
855,Стахановское знамя,Kadiivka,2025-04-02,reconstruction_and_integration,4,15,0.267
855,Стахановское знамя,Kadiivka,2025-04-02,ukraine_as_enemy,1,15,0.067
855,Стахановское знамя,Kadiivka,2025-04-02,children_and_militarization,5,15,0.333
855,Стахановское знамя,Kadiivka,2025-04-02,leadership_and_loyalty,104,15,6.933
856,Стахановское знамя,Kadiivka,2025-04-16,recruitment_and_contract_service,2,15,0.133
856,Стахановское знамя,Kadiivka,2025-04-16,passportization_and_documents,24,15,1.6
856,Стахановское знамя,Kadiivka,2025-04-16,elections_and_administration,1,15,0.067
856,Стахановское знамя,Kadiivka,2025-04-16,reconstruction_and_integration,14,15,0.933
856,Стахановское знамя,Kadiivka,2025-04-16,ukraine_as_enemy,4,15,0.267
856,Стахановское знамя,Kadiivka,2025-04-16,children_and_militarization,9,15,0.6
856,Стахановское знамя,Kadiivka,2025-04-16,leadership_and_loyalty,83,15,5.533
857,Стахановское знамя,Kadiivka,2025-04-23,recruitment_and_contract_service,3,15,0.2
857,Стахановское знамя,Kadiivka,2025-04-23,passportization_and_documents,11,15,0.733
857,Стахановское знамя,Kadiivka,2025-04-23,elections_and_administration,12,15,0.8
857,Стахановское знамя,Kadiivka,2025-04-23,reconstruction_and_integration,11,15,0.733
857,Стахановское знамя,Kadiivka,2025-04-23,ukraine_as_enemy,5,15,0.333
857,Стахановское знамя,Kadiivka,2025-04-23,children_and_militarization,18,15,1.2
857,Стахановское знамя,Kadiivka,2025-04-23,leadership_and_loyalty,92,15,6.133
858,Стахановское знамя,Kadiivka,2025-01-15,recruitment_and_contract_service,2,15,0.133
858,Стахановское знамя,Kadiivka,2025-01-15,passportization_and_documents,9,15,0.6
858,Стахановское знамя,Kadiivka,2025-01-15,elections_and_administration,7,15,0.467
858,Стахановское знамя,Kadiivka,2025-01-15,reconstruction_and_integration,34,15,2.267
858,Стахановское знамя,Kadiivka,2025-01-15,ukraine_as_enemy,2,15,0.133
858,Стахановское знамя,Kadiivka,2025-01-15,children_and_militarization,11,15,0.733
858,Стахановское знамя,Kadiivka,2025-01-15,leadership_and_loyalty,92,15,6.133
859,Стахановское знамя,Kadiivka,2025-06-04,recruitment_and_contract_service,1,15,0.067
859,Стахановское знамя,Kadiivka,2025-06-04,passportization_and_documents,19,15,1.267
859,Стахановское знамя,Kadiivka,2025-06-04,elections_and_administration,1,15,0.067
859,Стахановское знамя,Kadiivka,2025-06-04,reconstruction_and_integration,15,15,1.0
859,Стахановское знамя,Kadiivka,2025-06-04,ukraine_as_enemy,1,15,0.067
859,Стахановское знамя,Kadiivka,2025-06-04,children_and_militarization,3,15,0.2
859,Стахановское знамя,Kadiivka,2025-06-04,leadership_and_loyalty,76,15,5.067
860,Стахановское знамя,Kadiivka,2025-06-11,recruitment_and_contract_service,2,15,0.133
860,Стахановское знамя,Kadiivka,2025-06-11,passportization_and_documents,11,15,0.733
860,Стахановское знамя,Kadiivka,2025-06-11,elections_and_administration,0,15,0.0
860,Стахановское знамя,Kadiivka,2025-06-11,reconstruction_and_integration,28,15,1.867
860,Стахановское знамя,Kadiivka,2025-06-11,ukraine_as_enemy,0,15,0.0
860,Стахановское знамя,Kadiivka,2025-06-11,children_and_militarization,9,15,0.6
860,Стахановское знамя,Kadiivka,2025-06-11,leadership_and_loyalty,92,15,6.133
861,Стахановское знамя,Kadiivka,2025-06-18,recruitment_and_contract_service,6,15,0.4
861,Стахановское знамя,Kadiivka,2025-06-18,passportization_and_documents,19,15,1.267
861,Стахановское знамя,Kadiivka,2025-06-18,elections_and_administration,17,15,1.133
861,Стахановское знамя,Kadiivka,2025-06-18,reconstruction_and_integration,15,15,1.0
861,Стахановское знамя,Kadiivka,2025-06-18,ukraine_as_enemy,5,15,0.333
861,Стахановское знамя,Kadiivka,2025-06-18,children_and_militarization,8,15,0.533
861,Стахановское знамя,Kadiivka,2025-06-18,leadership_and_loyalty,96,15,6.4
862,Стахановское знамя,Kadiivka,2025-06-25,recruitment_and_contract_service,6,15,0.4
862,Стахановское знамя,Kadiivka,2025-06-25,passportization_and_documents,7,15,0.467
862,Стахановское знамя,Kadiivka,2025-06-25,elections_and_administration,7,15,0.467
862,Стахановское знамя,Kadiivka,2025-06-25,reconstruction_and_integration,11,15,0.733
862,Стахановское знамя,Kadiivka,2025-06-25,ukraine_as_enemy,4,15,0.267
862,Стахановское знамя,Kadiivka,2025-06-25,children_and_militarization,13,15,0.867
862,Стахановское знамя,Kadiivka,2025-06-25,leadership_and_loyalty,101,15,6.733
863,Стахановское знамя,Kadiivka,2025-07-02,recruitment_and_contract_service,1,15,0.067
863,Стахановское знамя,Kadiivka,2025-07-02,passportization_and_documents,37,15,2.467
863,Стахановское знамя,Kadiivka,2025-07-02,elections_and_administration,3,15,0.2
863,Стахановское знамя,Kadiivka,2025-07-02,reconstruction_and_integration,26,15,1.733
863,Стахановское знамя,Kadiivka,2025-07-02,ukraine_as_enemy,8,15,0.533
863,Стахановское знамя,Kadiivka,2025-07-02,children_and_militarization,8,15,0.533
863,Стахановское знамя,Kadiivka,2025-07-02,leadership_and_loyalty,75,15,5.0
864,Стахановское знамя,Kadiivka,2025-07-16,recruitment_and_contract_service,3,15,0.2
864,Стахановское знамя,Kadiivka,2025-07-16,passportization_and_documents,17,15,1.133
864,Стахановское знамя,Kadiivka,2025-07-16,elections_and_administration,1,15,0.067
864,Стахановское знамя,Kadiivka,2025-07-16,reconstruction_and_integration,36,15,2.4
864,Стахановское знамя,Kadiivka,2025-07-16,ukraine_as_enemy,5,15,0.333
864,Стахановское знамя,Kadiivka,2025-07-16,children_and_militarization,5,15,0.333
864,Стахановское знамя,Kadiivka,2025-07-16,leadership_and_loyalty,80,15,5.333
865,Стахановское знамя,Kadiivka,2025-01-22,recruitment_and_contract_service,2,15,0.133
865,Стахановское знамя,Kadiivka,2025-01-22,passportization_and_documents,11,15,0.733
865,Стахановское знамя,Kadiivka,2025-01-22,elections_and_administration,6,15,0.4
865,Стахановское знамя,Kadiivka,2025-01-22,reconstruction_and_integration,24,15,1.6
865,Стахановское знамя,Kadiivka,2025-01-22,ukraine_as_enemy,8,15,0.533
865,Стахановское знамя,Kadiivka,2025-01-22,children_and_militarization,8,15,0.533
865,Стахановское знамя,Kadiivka,2025-01-22,leadership_and_loyalty,89,15,5.933
866,Стахановское знамя,Kadiivka,2025-07-30,recruitment_and_contract_service,3,15,0.2
866,Стахановское знамя,Kadiivka,2025-07-30,passportization_and_documents,27,15,1.8
866,Стахановское знамя,Kadiivka,2025-07-30,elections_and_administration,3,15,0.2
866,Стахановское знамя,Kadiivka,2025-07-30,reconstruction_and_integration,18,15,1.2
866,Стахановское знамя,Kadiivka,2025-07-30,ukraine_as_enemy,3,15,0.2
866,Стахановское знамя,Kadiivka,2025-07-30,children_and_militarization,11,15,0.733
866,Стахановское знамя,Kadiivka,2025-07-30,leadership_and_loyalty,88,15,5.867
867,Стахановское знамя,Kadiivka,2025-08-06,recruitment_and_contract_service,5,15,0.333
867,Стахановское знамя,Kadiivka,2025-08-06,passportization_and_documents,14,15,0.933
867,Стахановское знамя,Kadiivka,2025-08-06,elections_and_administration,2,15,0.133
867,Стахановское знамя,Kadiivka,2025-08-06,reconstruction_and_integration,20,15,1.333
867,Стахановское знамя,Kadiivka,2025-08-06,ukraine_as_enemy,1,15,0.067
867,Стахановское знамя,Kadiivka,2025-08-06,children_and_militarization,7,15,0.467
867,Стахановское знамя,Kadiivka,2025-08-06,leadership_and_loyalty,67,15,4.467
868,Стахановское знамя,Kadiivka,2025-08-13,recruitment_and_contract_service,3,15,0.2
868,Стахановское знамя,Kadiivka,2025-08-13,passportization_and_documents,25,15,1.667
868,Стахановское знамя,Kadiivka,2025-08-13,elections_and_administration,3,15,0.2
868,Стахановское знамя,Kadiivka,2025-08-13,reconstruction_and_integration,21,15,1.4
868,Стахановское знамя,Kadiivka,2025-08-13,ukraine_as_enemy,2,15,0.133
868,Стахановское знамя,Kadiivka,2025-08-13,children_and_militarization,9,15,0.6
868,Стахановское знамя,Kadiivka,2025-08-13,leadership_and_loyalty,69,15,4.6
869,Стахановское знамя,Kadiivka,2025-08-20,recruitment_and_contract_service,2,15,0.133
869,Стахановское знамя,Kadiivka,2025-08-20,passportization_and_documents,17,15,1.133
869,Стахановское знамя,Kadiivka,2025-08-20,elections_and_administration,1,15,0.067
869,Стахановское знамя,Kadiivka,2025-08-20,reconstruction_and_integration,20,15,1.333
869,Стахановское знамя,Kadiivka,2025-08-20,ukraine_as_enemy,6,15,0.4
869,Стахановское знамя,Kadiivka,2025-08-20,children_and_militarization,7,15,0.467
869,Стахановское знамя,Kadiivka,2025-08-20,leadership_and_loyalty,70,15,4.667
870,Стахановское знамя,Kadiivka,2025-09-03,recruitment_and_contract_service,6,15,0.4
870,Стахановское знамя,Kadiivka,2025-09-03,passportization_and_documents,9,15,0.6
870,Стахановское знамя,Kadiivka,2025-09-03,elections_and_administration,2,15,0.133
870,Стахановское знамя,Kadiivka,2025-09-03,reconstruction_and_integration,13,15,0.867
870,Стахановское знамя,Kadiivka,2025-09-03,ukraine_as_enemy,1,15,0.067
870,Стахановское знамя,Kadiivka,2025-09-03,children_and_militarization,8,15,0.533
870,Стахановское знамя,Kadiivka,2025-09-03,leadership_and_loyalty,80,15,5.333
871,Стахановское знамя,Kadiivka,2025-09-10,recruitment_and_contract_service,1,15,0.067
871,Стахановское знамя,Kadiivka,2025-09-10,passportization_and_documents,23,15,1.533
871,Стахановское знамя,Kadiivka,2025-09-10,elections_and_administration,5,15,0.333
871,Стахановское знамя,Kadiivka,2025-09-10,reconstruction_and_integration,13,15,0.867
871,Стахановское знамя,Kadiivka,2025-09-10,ukraine_as_enemy,2,15,0.133
871,Стахановское знамя,Kadiivka,2025-09-10,children_and_militarization,7,15,0.467
871,Стахановское знамя,Kadiivka,2025-09-10,leadership_and_loyalty,69,15,4.6
872,Стахановское знамя,Kadiivka,2024-09-04,recruitment_and_contract_service,18,15,1.2
872,Стахановское знамя,Kadiivka,2024-09-04,passportization_and_documents,47,15,3.133
872,Стахановское знамя,Kadiivka,2024-09-04,elections_and_administration,1,15,0.067
872,Стахановское знамя,Kadiivka,2024-09-04,reconstruction_and_integration,19,15,1.267
872,Стахановское знамя,Kadiivka,2024-09-04,ukraine_as_enemy,0,15,0.0
872,Стахановское знамя,Kadiivka,2024-09-04,children_and_militarization,5,15,0.333
872,Стахановское знамя,Kadiivka,2024-09-04,leadership_and_loyalty,67,15,4.467
873,Стахановское знамя,Kadiivka,2025-01-29,recruitment_and_contract_service,4,15,0.267
873,Стахановское знамя,Kadiivka,2025-01-29,passportization_and_documents,12,15,0.8
873,Стахановское знамя,Kadiivka,2025-01-29,elections_and_administration,15,15,1.0
873,Стахановское знамя,Kadiivka,2025-01-29,reconstruction_and_integration,11,15,0.733
873,Стахановское знамя,Kadiivka,2025-01-29,ukraine_as_enemy,2,15,0.133
873,Стахановское знамя,Kadiivka,2025-01-29,children_and_militarization,17,15,1.133
873,Стахановское знамя,Kadiivka,2025-01-29,leadership_and_loyalty,70,15,4.667
874,Стахановское знамя,Kadiivka,2025-02-05,recruitment_and_contract_service,7,15,0.467
874,Стахановское знамя,Kadiivka,2025-02-05,passportization_and_documents,8,15,0.533
874,Стахановское знамя,Kadiivka,2025-02-05,elections_and_administration,2,15,0.133
874,Стахановское знамя,Kadiivka,2025-02-05,reconstruction_and_integration,3,15,0.2
874,Стахановское знамя,Kadiivka,2025-02-05,ukraine_as_enemy,6,15,0.4
874,Стахановское знамя,Kadiivka,2025-02-05,children_and_militarization,14,15,0.933
874,Стахановское знамя,Kadiivka,2025-02-05,leadership_and_loyalty,127,15,8.467
875,Стахановское знамя,Kadiivka,2024-11-20,recruitment_and_contract_service,1,15,0.067
875,Стахановское знамя,Kadiivka,2024-11-20,passportization_and_documents,15,15,1.0
875,Стахановское знамя,Kadiivka,2024-11-20,elections_and_administration,3,15,0.2
875,Стахановское знамя,Kadiivka,2024-11-20,reconstruction_and_integration,22,15,1.467
875,Стахановское знамя,Kadiivka,2024-11-20,ukraine_as_enemy,0,15,0.0
875,Стахановское знамя,Kadiivka,2024-11-20,children_and_militarization,21,15,1.4
875,Стахановское знамя,Kadiivka,2024-11-20,leadership_and_loyalty,68,15,4.533
876,Стахановское знамя,Kadiivka,2024-11-27,recruitment_and_contract_service,0,15,0.0
876,Стахановское знамя,Kadiivka,2024-11-27,passportization_and_documents,120,15,8.0
876,Стахановское знамя,Kadiivka,2024-11-27,elections_and_administration,11,15,0.733
876,Стахановское знамя,Kadiivka,2024-11-27,reconstruction_and_integration,49,15,3.267
876,Стахановское знамя,Kadiivka,2024-11-27,ukraine_as_enemy,2,15,0.133
876,Стахановское знамя,Kadiivka,2024-11-27,children_and_militarization,13,15,0.867
876,Стахановское знамя,Kadiivka,2024-11-27,leadership_and_loyalty,126,15,8.4
877,Стахановское знамя,Kadiivka,2025-02-12,recruitment_and_contract_service,4,15,0.267
877,Стахановское знамя,Kadiivka,2025-02-12,passportization_and_documents,19,15,1.267
877,Стахановское знамя,Kadiivka,2025-02-12,elections_and_administration,21,15,1.4
877,Стахановское знамя,Kadiivka,2025-02-12,reconstruction_and_integration,16,15,1.067
877,Стахановское знамя,Kadiivka,2025-02-12,ukraine_as_enemy,2,15,0.133
877,Стахановское знамя,Kadiivka,2025-02-12,children_and_militarization,10,15,0.667
877,Стахановское знамя,Kadiivka,2025-02-12,leadership_and_loyalty,93,15,6.2
878,Стахановское знамя,Kadiivka,2024-12-18,recruitment_and_contract_service,40,15,2.667
878,Стахановское знамя,Kadiivka,2024-12-18,passportization_and_documents,48,15,3.2
878,Стахановское знамя,Kadiivka,2024-12-18,elections_and_administration,93,15,6.2
878,Стахановское знамя,Kadiivka,2024-12-18,reconstruction_and_integration,6,15,0.4
878,Стахановское знамя,Kadiivka,2024-12-18,ukraine_as_enemy,2,15,0.133
878,Стахановское знамя,Kadiivka,2024-12-18,children_and_militarization,4,15,0.267
878,Стахановское знамя,Kadiivka,2024-12-18,leadership_and_loyalty,81,15,5.4
879,Стахановское знамя,Kadiivka,2024-12-25,recruitment_and_contract_service,20,15,1.333
879,Стахановское знамя,Kadiivka,2024-12-25,passportization_and_documents,27,15,1.8
879,Стахановское знамя,Kadiivka,2024-12-25,elections_and_administration,8,15,0.533
879,Стахановское знамя,Kadiivka,2024-12-25,reconstruction_and_integration,19,15,1.267
879,Стахановское знамя,Kadiivka,2024-12-25,ukraine_as_enemy,4,15,0.267
879,Стахановское знамя,Kadiivka,2024-12-25,children_and_militarization,3,15,0.2
879,Стахановское знамя,Kadiivka,2024-12-25,leadership_and_loyalty,135,15,9.0
880,Стахановское знамя,Kadiivka,2025-02-19,recruitment_and_contract_service,2,15,0.133
880,Стахановское знамя,Kadiivka,2025-02-19,passportization_and_documents,16,15,1.067
880,Стахановское знамя,Kadiivka,2025-02-19,elections_and_administration,1,15,0.067
880,Стахановское знамя,Kadiivka,2025-02-19,reconstruction_and_integration,19,15,1.267
880,Стахановское знамя,Kadiivka,2025-02-19,ukraine_as_enemy,12,15,0.8
880,Стахановское знамя,Kadiivka,2025-02-19,children_and_militarization,8,15,0.533
880,Стахановское знамя,Kadiivka,2025-02-19,leadership_and_loyalty,109,15,7.267
881,Стахановское знамя,Kadiivka,2025-02-26,recruitment_and_contract_service,9,15,0.6
881,Стахановское знамя,Kadiivka,2025-02-26,passportization_and_documents,21,15,1.4
881,Стахановское знамя,Kadiivka,2025-02-26,elections_and_administration,9,15,0.6
881,Стахановское знамя,Kadiivka,2025-02-26,reconstruction_and_integration,6,15,0.4
881,Стахановское знамя,Kadiivka,2025-02-26,ukraine_as_enemy,6,15,0.4
881,Стахановское знамя,Kadiivka,2025-02-26,children_and_militarization,20,15,1.333
881,Стахановское знамя,Kadiivka,2025-02-26,leadership_and_loyalty,117,15,7.8
882,Стахановское знамя,Kadiivka,2025-03-05,recruitment_and_contract_service,2,15,0.133
882,Стахановское знамя,Kadiivka,2025-03-05,passportization_and_documents,13,15,0.867
882,Стахановское знамя,Kadiivka,2025-03-05,elections_and_administration,1,15,0.067
882,Стахановское знамя,Kadiivka,2025-03-05,reconstruction_and_integration,28,15,1.867
882,Стахановское знамя,Kadiivka,2025-03-05,ukraine_as_enemy,1,15,0.067
882,Стахановское знамя,Kadiivka,2025-03-05,children_and_militarization,11,15,0.733
882,Стахановское знамя,Kadiivka,2025-03-05,leadership_and_loyalty,98,15,6.533
883,Стахановское знамя,Kadiivka,2025-03-19,recruitment_and_contract_service,3,15,0.2
883,Стахановское знамя,Kadiivka,2025-03-19,passportization_and_documents,28,15,1.867
883,Стахановское знамя,Kadiivka,2025-03-19,elections_and_administration,2,15,0.133
883,Стахановское знамя,Kadiivka,2025-03-19,reconstruction_and_integration,23,15,1.533
883,Стахановское знамя,Kadiivka,2025-03-19,ukraine_as_enemy,7,15,0.467
883,Стахановское знамя,Kadiivka,2025-03-19,children_and_militarization,12,15,0.8
883,Стахановское знамя,Kadiivka,2025-03-19,leadership_and_loyalty,102,15,6.8
884,Стахановское знамя,Kadiivka,2025-03-26,recruitment_and_contract_service,1,15,0.067
884,Стахановское знамя,Kadiivka,2025-03-26,passportization_and_documents,6,15,0.4
884,Стахановское знамя,Kadiivka,2025-03-26,elections_and_administration,21,15,1.4
884,Стахановское знамя,Kadiivka,2025-03-26,reconstruction_and_integration,25,15,1.667
884,Стахановское знамя,Kadiivka,2025-03-26,ukraine_as_enemy,5,15,0.333
884,Стахановское знамя,Kadiivka,2025-03-26,children_and_militarization,3,15,0.2
884,Стахановское знамя,Kadiivka,2025-03-26,leadership_and_loyalty,103,15,6.867
885,Стахановское знамя,Kadiivka,2025-04-09,recruitment_and_contract_service,2,15,0.133
885,Стахановское знамя,Kadiivka,2025-04-09,passportization_and_documents,8,15,0.533
885,Стахановское знамя,Kadiivka,2025-04-09,elections_and_administration,3,15,0.2
885,Стахановское знамя,Kadiivka,2025-04-09,reconstruction_and_integration,14,15,0.933
885,Стахановское знамя,Kadiivka,2025-04-09,ukraine_as_enemy,3,15,0.2
885,Стахановское знамя,Kadiivka,2025-04-09,children_and_militarization,12,15,0.8
885,Стахановское знамя,Kadiivka,2025-04-09,leadership_and_loyalty,100,15,6.667
886,Стахановское знамя,Kadiivka,2025-04-30,recruitment_and_contract_service,1,15,0.067
886,Стахановское знамя,Kadiivka,2025-04-30,passportization_and_documents,10,15,0.667
886,Стахановское знамя,Kadiivka,2025-04-30,elections_and_administration,17,15,1.133
886,Стахановское знамя,Kadiivka,2025-04-30,reconstruction_and_integration,13,15,0.867
886,Стахановское знамя,Kadiivka,2025-04-30,ukraine_as_enemy,9,15,0.6
886,Стахановское знамя,Kadiivka,2025-04-30,children_and_militarization,15,15,1.0
886,Стахановское знамя,Kadiivka,2025-04-30,leadership_and_loyalty,96,15,6.4
887,Стахановское знамя,Kadiivka,2024-12-04,recruitment_and_contract_service,0,15,0.0
887,Стахановское знамя,Kadiivka,2024-12-04,passportization_and_documents,9,15,0.6
887,Стахановское знамя,Kadiivka,2024-12-04,elections_and_administration,1,15,0.067
887,Стахановское знамя,Kadiivka,2024-12-04,reconstruction_and_integration,17,15,1.133
887,Стахановское знамя,Kadiivka,2024-12-04,ukraine_as_enemy,0,15,0.0
887,Стахановское знамя,Kadiivka,2024-12-04,children_and_militarization,11,15,0.733
887,Стахановское знамя,Kadiivka,2024-12-04,leadership_and_loyalty,55,15,3.667
888,Стахановское знамя,Kadiivka,2024-12-11,recruitment_and_contract_service,39,15,2.6
888,Стахановское знамя,Kadiivka,2024-12-11,passportization_and_documents,20,15,1.333
888,Стахановское знамя,Kadiivka,2024-12-11,elections_and_administration,4,15,0.267
888,Стахановское знамя,Kadiivka,2024-12-11,reconstruction_and_integration,38,15,2.533
888,Стахановское знамя,Kadiivka,2024-12-11,ukraine_as_enemy,4,15,0.267
888,Стахановское знамя,Kadiivka,2024-12-11,children_and_militarization,11,15,0.733
888,Стахановское знамя,Kadiivka,2024-12-11,leadership_and_loyalty,68,15,4.533
889,Стахановское знамя,Kadiivka,2025-03-12,recruitment_and_contract_service,5,15,0.333
889,Стахановское знамя,Kadiivka,2025-03-12,passportization_and_documents,16,15,1.067
889,Стахановское знамя,Kadiivka,2025-03-12,elections_and_administration,116,15,7.733
889,Стахановское знамя,Kadiivka,2025-03-12,reconstruction_and_integration,21,15,1.4
889,Стахановское знамя,Kadiivka,2025-03-12,ukraine_as_enemy,1,15,0.067
889,Стахановское знамя,Kadiivka,2025-03-12,children_and_militarization,9,15,0.6
889,Стахановское знамя,Kadiivka,2025-03-12,leadership_and_loyalty,117,15,7.8
890,Троицкие вести,Troitske,2025-01-17,recruitment_and_contract_service,2,15,0.133
890,Троицкие вести,Troitske,2025-01-17,passportization_and_documents,17,15,1.133
890,Троицкие вести,Troitske,2025-01-17,elections_and_administration,1,15,0.067
890,Троицкие вести,Troitske,2025-01-17,reconstruction_and_integration,6,15,0.4
890,Троицкие вести,Troitske,2025-01-17,ukraine_as_enemy,0,15,0.0
890,Троицкие вести,Troitske,2025-01-17,children_and_militarization,7,15,0.467
890,Троицкие вести,Troitske,2025-01-17,leadership_and_loyalty,95,15,6.333
891,Троицкие вести,Troitske,2025-01-24,recruitment_and_contract_service,10,15,0.667
891,Троицкие вести,Troitske,2025-01-24,passportization_and_documents,17,15,1.133
891,Троицкие вести,Troitske,2025-01-24,elections_and_administration,0,15,0.0
891,Троицкие вести,Troitske,2025-01-24,reconstruction_and_integration,13,15,0.867
891,Троицкие вести,Troitske,2025-01-24,ukraine_as_enemy,3,15,0.2
891,Троицкие вести,Troitske,2025-01-24,children_and_militarization,2,15,0.133
891,Троицкие вести,Troitske,2025-01-24,leadership_and_loyalty,127,15,8.467
892,Троицкие вести,Troitske,2025-01-31,recruitment_and_contract_service,4,15,0.267
892,Троицкие вести,Troitske,2025-01-31,passportization_and_documents,14,15,0.933
892,Троицкие вести,Troitske,2025-01-31,elections_and_administration,4,15,0.267
892,Троицкие вести,Troitske,2025-01-31,reconstruction_and_integration,4,15,0.267
892,Троицкие вести,Troitske,2025-01-31,ukraine_as_enemy,3,15,0.2
892,Троицкие вести,Troitske,2025-01-31,children_and_militarization,10,15,0.667
892,Троицкие вести,Troitske,2025-01-31,leadership_and_loyalty,90,15,6.0
893,Троицкие вести,Troitske,2024-08-30,recruitment_and_contract_service,11,16,0.688
893,Троицкие вести,Troitske,2024-08-30,passportization_and_documents,67,16,4.188
893,Троицкие вести,Troitske,2024-08-30,elections_and_administration,16,16,1.0
893,Троицкие вести,Troitske,2024-08-30,reconstruction_and_integration,162,16,10.125
893,Троицкие вести,Troitske,2024-08-30,ukraine_as_enemy,0,16,0.0
893,Троицкие вести,Troitske,2024-08-30,children_and_militarization,4,16,0.25
893,Троицкие вести,Troitske,2024-08-30,leadership_and_loyalty,75,16,4.688
894,Троицкие вести,Troitske,2024-09-06,recruitment_and_contract_service,8,16,0.5
894,Троицкие вести,Troitske,2024-09-06,passportization_and_documents,86,16,5.375
894,Троицкие вести,Troitske,2024-09-06,elections_and_administration,20,16,1.25
894,Троицкие вести,Troitske,2024-09-06,reconstruction_and_integration,37,16,2.312
894,Троицкие вести,Troitske,2024-09-06,ukraine_as_enemy,0,16,0.0
894,Троицкие вести,Troitske,2024-09-06,children_and_militarization,3,16,0.188
894,Троицкие вести,Troitske,2024-09-06,leadership_and_loyalty,75,16,4.688
895,Троицкие вести,Troitske,2024-09-13,recruitment_and_contract_service,8,16,0.5
895,Троицкие вести,Troitske,2024-09-13,passportization_and_documents,27,16,1.688
895,Троицкие вести,Troitske,2024-09-13,elections_and_administration,0,16,0.0
895,Троицкие вести,Troitske,2024-09-13,reconstruction_and_integration,18,16,1.125
895,Троицкие вести,Troitske,2024-09-13,ukraine_as_enemy,0,16,0.0
895,Троицкие вести,Troitske,2024-09-13,children_and_militarization,12,16,0.75
895,Троицкие вести,Troitske,2024-09-13,leadership_and_loyalty,35,16,2.188
896,Троицкие вести,Troitske,2024-09-20,recruitment_and_contract_service,0,15,0.0
896,Троицкие вести,Troitske,2024-09-20,passportization_and_documents,20,15,1.333
896,Троицкие вести,Troitske,2024-09-20,elections_and_administration,0,15,0.0
896,Троицкие вести,Troitske,2024-09-20,reconstruction_and_integration,4,15,0.267
896,Троицкие вести,Troitske,2024-09-20,ukraine_as_enemy,1,15,0.067
896,Троицкие вести,Troitske,2024-09-20,children_and_militarization,6,15,0.4
896,Троицкие вести,Troitske,2024-09-20,leadership_and_loyalty,66,15,4.4
897,Троицкие вести,Troitske,2024-09-27,recruitment_and_contract_service,0,15,0.0
897,Троицкие вести,Troitske,2024-09-27,passportization_and_documents,12,15,0.8
897,Троицкие вести,Troitske,2024-09-27,elections_and_administration,2,15,0.133
897,Троицкие вести,Troitske,2024-09-27,reconstruction_and_integration,11,15,0.733
897,Троицкие вести,Troitske,2024-09-27,ukraine_as_enemy,1,15,0.067
897,Троицкие вести,Troitske,2024-09-27,children_and_militarization,10,15,0.667
897,Троицкие вести,Troitske,2024-09-27,leadership_and_loyalty,84,15,5.6
898,Троицкие вести,Troitske,2024-10-04,recruitment_and_contract_service,0,15,0.0
898,Троицкие вести,Troitske,2024-10-04,passportization_and_documents,15,15,1.0
898,Троицкие вести,Troitske,2024-10-04,elections_and_administration,0,15,0.0
898,Троицкие вести,Troitske,2024-10-04,reconstruction_and_integration,9,15,0.6
898,Троицкие вести,Troitske,2024-10-04,ukraine_as_enemy,5,15,0.333
898,Троицкие вести,Troitske,2024-10-04,children_and_militarization,7,15,0.467
898,Троицкие вести,Troitske,2024-10-04,leadership_and_loyalty,76,15,5.067
899,Троицкие вести,Troitske,2025-02-07,recruitment_and_contract_service,6,15,0.4
899,Троицкие вести,Troitske,2025-02-07,passportization_and_documents,6,15,0.4
899,Троицкие вести,Troitske,2025-02-07,elections_and_administration,0,15,0.0
899,Троицкие вести,Troitske,2025-02-07,reconstruction_and_integration,20,15,1.333
899,Троицкие вести,Troitske,2025-02-07,ukraine_as_enemy,4,15,0.267
899,Троицкие вести,Troitske,2025-02-07,children_and_militarization,1,15,0.067
899,Троицкие вести,Troitske,2025-02-07,leadership_and_loyalty,108,15,7.2
900,Троицкие вести,Troitske,2024-10-11,recruitment_and_contract_service,2,15,0.133
900,Троицкие вести,Troitske,2024-10-11,passportization_and_documents,12,15,0.8
900,Троицкие вести,Troitske,2024-10-11,elections_and_administration,1,15,0.067
900,Троицкие вести,Troitske,2024-10-11,reconstruction_and_integration,14,15,0.933
900,Троицкие вести,Troitske,2024-10-11,ukraine_as_enemy,1,15,0.067
900,Троицкие вести,Troitske,2024-10-11,children_and_militarization,7,15,0.467
900,Троицкие вести,Troitske,2024-10-11,leadership_and_loyalty,51,15,3.4
901,Троицкие вести,Troitske,2024-10-18,recruitment_and_contract_service,0,15,0.0
901,Троицкие вести,Troitske,2024-10-18,passportization_and_documents,40,15,2.667
901,Троицкие вести,Troitske,2024-10-18,elections_and_administration,46,15,3.067
901,Троицкие вести,Troitske,2024-10-18,reconstruction_and_integration,13,15,0.867
901,Троицкие вести,Troitske,2024-10-18,ukraine_as_enemy,0,15,0.0
901,Троицкие вести,Troitske,2024-10-18,children_and_militarization,9,15,0.6
901,Троицкие вести,Troitske,2024-10-18,leadership_and_loyalty,76,15,5.067
902,Троицкие вести,Troitske,2024-10-25,recruitment_and_contract_service,0,15,0.0
902,Троицкие вести,Troitske,2024-10-25,passportization_and_documents,20,15,1.333
902,Троицкие вести,Troitske,2024-10-25,elections_and_administration,2,15,0.133
902,Троицкие вести,Troitske,2024-10-25,reconstruction_and_integration,9,15,0.6
902,Троицкие вести,Troitske,2024-10-25,ukraine_as_enemy,1,15,0.067
902,Троицкие вести,Troitske,2024-10-25,children_and_militarization,0,15,0.0
902,Троицкие вести,Troitske,2024-10-25,leadership_and_loyalty,36,15,2.4
903,Троицкие вести,Troitske,2024-11-01,recruitment_and_contract_service,3,15,0.2
903,Троицкие вести,Troitske,2024-11-01,passportization_and_documents,20,15,1.333
903,Троицкие вести,Troitske,2024-11-01,elections_and_administration,4,15,0.267
903,Троицкие вести,Troitske,2024-11-01,reconstruction_and_integration,11,15,0.733
903,Троицкие вести,Troitske,2024-11-01,ukraine_as_enemy,0,15,0.0
903,Троицкие вести,Troitske,2024-11-01,children_and_militarization,7,15,0.467
903,Троицкие вести,Troitske,2024-11-01,leadership_and_loyalty,83,15,5.533
904,Троицкие вести,Troitske,2024-11-08,recruitment_and_contract_service,5,16,0.312
904,Троицкие вести,Troitske,2024-11-08,passportization_and_documents,75,16,4.688
904,Троицкие вести,Troitske,2024-11-08,elections_and_administration,3,16,0.188
904,Троицкие вести,Troitske,2024-11-08,reconstruction_and_integration,172,16,10.75
904,Троицкие вести,Troitske,2024-11-08,ukraine_as_enemy,0,16,0.0
904,Троицкие вести,Troitske,2024-11-08,children_and_militarization,4,16,0.25
904,Троицкие вести,Troitske,2024-11-08,leadership_and_loyalty,84,16,5.25
905,Троицкие вести,Troitske,2024-11-22,recruitment_and_contract_service,0,15,0.0
905,Троицкие вести,Troitske,2024-11-22,passportization_and_documents,11,15,0.733
905,Троицкие вести,Troitske,2024-11-22,elections_and_administration,3,15,0.2
905,Троицкие вести,Troitske,2024-11-22,reconstruction_and_integration,8,15,0.533
905,Троицкие вести,Troitske,2024-11-22,ukraine_as_enemy,1,15,0.067
905,Троицкие вести,Troitske,2024-11-22,children_and_militarization,8,15,0.533
905,Троицкие вести,Troitske,2024-11-22,leadership_and_loyalty,80,15,5.333
906,Троицкие вести,Troitske,2024-11-29,recruitment_and_contract_service,0,15,0.0
906,Троицкие вести,Troitske,2024-11-29,passportization_and_documents,4,15,0.267
906,Троицкие вести,Troitske,2024-11-29,elections_and_administration,2,15,0.133
906,Троицкие вести,Troitske,2024-11-29,reconstruction_and_integration,5,15,0.333
906,Троицкие вести,Troitske,2024-11-29,ukraine_as_enemy,1,15,0.067
906,Троицкие вести,Troitske,2024-11-29,children_and_militarization,8,15,0.533
906,Троицкие вести,Troitske,2024-11-29,leadership_and_loyalty,67,15,4.467
907,Троицкие вести,Troitske,2024-12-06,recruitment_and_contract_service,3,15,0.2
907,Троицкие вести,Troitske,2024-12-06,passportization_and_documents,15,15,1.0
907,Троицкие вести,Troitske,2024-12-06,elections_and_administration,3,15,0.2
907,Троицкие вести,Troitske,2024-12-06,reconstruction_and_integration,25,15,1.667
907,Троицкие вести,Troitske,2024-12-06,ukraine_as_enemy,0,15,0.0
907,Троицкие вести,Troitske,2024-12-06,children_and_militarization,4,15,0.267
907,Троицкие вести,Troitske,2024-12-06,leadership_and_loyalty,47,15,3.133
908,Троицкие вести,Troitske,2024-12-13,recruitment_and_contract_service,3,15,0.2
908,Троицкие вести,Troitske,2024-12-13,passportization_and_documents,33,15,2.2
908,Троицкие вести,Troitske,2024-12-13,elections_and_administration,6,15,0.4
908,Троицкие вести,Troitske,2024-12-13,reconstruction_and_integration,26,15,1.733
908,Троицкие вести,Troitske,2024-12-13,ukraine_as_enemy,6,15,0.4
908,Троицкие вести,Troitske,2024-12-13,children_and_militarization,7,15,0.467
908,Троицкие вести,Troitske,2024-12-13,leadership_and_loyalty,69,15,4.6
909,Троицкие вести,Troitske,2025-02-14,recruitment_and_contract_service,4,15,0.267
909,Троицкие вести,Troitske,2025-02-14,passportization_and_documents,2,15,0.133
909,Троицкие вести,Troitske,2025-02-14,elections_and_administration,2,15,0.133
909,Троицкие вести,Troitske,2025-02-14,reconstruction_and_integration,3,15,0.2
909,Троицкие вести,Troitske,2025-02-14,ukraine_as_enemy,3,15,0.2
909,Троицкие вести,Troitske,2025-02-14,children_and_militarization,3,15,0.2
909,Троицкие вести,Troitske,2025-02-14,leadership_and_loyalty,77,15,5.133
910,Троицкие вести,Troitske,2024-12-20,recruitment_and_contract_service,5,15,0.333
910,Троицкие вести,Troitske,2024-12-20,passportization_and_documents,45,15,3.0
910,Троицкие вести,Troitske,2024-12-20,elections_and_administration,1,15,0.067
910,Троицкие вести,Troitske,2024-12-20,reconstruction_and_integration,21,15,1.4
910,Троицкие вести,Troitske,2024-12-20,ukraine_as_enemy,3,15,0.2
910,Троицкие вести,Troitske,2024-12-20,children_and_militarization,2,15,0.133
910,Троицкие вести,Troitske,2024-12-20,leadership_and_loyalty,161,15,10.733
911,Троицкие вести,Troitske,2024-12-27,recruitment_and_contract_service,0,15,0.0
911,Троицкие вести,Troitske,2024-12-27,passportization_and_documents,12,15,0.8
911,Троицкие вести,Troitske,2024-12-27,elections_and_administration,7,15,0.467
911,Троицкие вести,Troitske,2024-12-27,reconstruction_and_integration,10,15,0.667
911,Троицкие вести,Troitske,2024-12-27,ukraine_as_enemy,5,15,0.333
911,Троицкие вести,Troitske,2024-12-27,children_and_militarization,9,15,0.6
911,Троицкие вести,Troitske,2024-12-27,leadership_and_loyalty,102,15,6.8
912,Троицкие вести,Troitske,2025-02-21,recruitment_and_contract_service,2,15,0.133
912,Троицкие вести,Troitske,2025-02-21,passportization_and_documents,19,15,1.267
912,Троицкие вести,Troitske,2025-02-21,elections_and_administration,1,15,0.067
912,Троицкие вести,Troitske,2025-02-21,reconstruction_and_integration,12,15,0.8
912,Троицкие вести,Troitske,2025-02-21,ukraine_as_enemy,9,15,0.6
912,Троицкие вести,Troitske,2025-02-21,children_and_militarization,2,15,0.133
912,Троицкие вести,Troitske,2025-02-21,leadership_and_loyalty,98,15,6.533
913,Троицкие вести,Troitske,2025-02-28,recruitment_and_contract_service,5,15,0.333
913,Троицкие вести,Troitske,2025-02-28,passportization_and_documents,10,15,0.667
913,Троицкие вести,Troitske,2025-02-28,elections_and_administration,8,15,0.533
913,Троицкие вести,Troitske,2025-02-28,reconstruction_and_integration,6,15,0.4
913,Троицкие вести,Troitske,2025-02-28,ukraine_as_enemy,10,15,0.667
913,Троицкие вести,Troitske,2025-02-28,children_and_militarization,7,15,0.467
913,Троицкие вести,Troitske,2025-02-28,leadership_and_loyalty,99,15,6.6
914,Троицкие вести,Troitske,2025-03-14,recruitment_and_contract_service,9,15,0.6
914,Троицкие вести,Troitske,2025-03-14,passportization_and_documents,17,15,1.133
914,Троицкие вести,Troitske,2025-03-14,elections_and_administration,6,15,0.4
914,Троицкие вести,Troitske,2025-03-14,reconstruction_and_integration,11,15,0.733
914,Троицкие вести,Troitske,2025-03-14,ukraine_as_enemy,1,15,0.067
914,Троицкие вести,Troitske,2025-03-14,children_and_militarization,2,15,0.133
914,Троицкие вести,Troitske,2025-03-14,leadership_and_loyalty,108,15,7.2
915,Троицкие вести,Troitske,2025-03-21,recruitment_and_contract_service,5,15,0.333
915,Троицкие вести,Troitske,2025-03-21,passportization_and_documents,10,15,0.667
915,Троицкие вести,Troitske,2025-03-21,elections_and_administration,6,15,0.4
915,Троицкие вести,Troitske,2025-03-21,reconstruction_and_integration,16,15,1.067
915,Троицкие вести,Troitske,2025-03-21,ukraine_as_enemy,12,15,0.8
915,Троицкие вести,Troitske,2025-03-21,children_and_militarization,8,15,0.533
915,Троицкие вести,Troitske,2025-03-21,leadership_and_loyalty,115,15,7.667
916,Троицкие вести,Troitske,2025-03-28,recruitment_and_contract_service,1,15,0.067
916,Троицкие вести,Troitske,2025-03-28,passportization_and_documents,13,15,0.867
916,Троицкие вести,Troitske,2025-03-28,elections_and_administration,6,15,0.4
916,Троицкие вести,Troitske,2025-03-28,reconstruction_and_integration,6,15,0.4
916,Троицкие вести,Troitske,2025-03-28,ukraine_as_enemy,5,15,0.333
916,Троицкие вести,Troitske,2025-03-28,children_and_militarization,13,15,0.867
916,Троицкие вести,Troitske,2025-03-28,leadership_and_loyalty,89,15,5.933
917,Троицкие вести,Troitske,2025-04-04,recruitment_and_contract_service,1,15,0.067
917,Троицкие вести,Troitske,2025-04-04,passportization_and_documents,8,15,0.533
917,Троицкие вести,Troitske,2025-04-04,elections_and_administration,2,15,0.133
917,Троицкие вести,Troitske,2025-04-04,reconstruction_and_integration,7,15,0.467
917,Троицкие вести,Troitske,2025-04-04,ukraine_as_enemy,1,15,0.067
917,Троицкие вести,Troitske,2025-04-04,children_and_militarization,4,15,0.267
917,Троицкие вести,Troitske,2025-04-04,leadership_and_loyalty,101,15,6.733
918,Троицкие вести,Troitske,2024-08-23,recruitment_and_contract_service,6,15,0.4
918,Троицкие вести,Troitske,2024-08-23,passportization_and_documents,52,15,3.467
918,Троицкие вести,Troitske,2024-08-23,elections_and_administration,1,15,0.067
918,Троицкие вести,Troitske,2024-08-23,reconstruction_and_integration,18,15,1.2
918,Троицкие вести,Troitske,2024-08-23,ukraine_as_enemy,0,15,0.0
918,Троицкие вести,Troitske,2024-08-23,children_and_militarization,1,15,0.067
918,Троицкие вести,Troitske,2024-08-23,leadership_and_loyalty,77,15,5.133
919,Троицкие вести,Troitske,2024-11-15,recruitment_and_contract_service,1,15,0.067
919,Троицкие вести,Troitske,2024-11-15,passportization_and_documents,23,15,1.533
919,Троицкие вести,Troitske,2024-11-15,elections_and_administration,3,15,0.2
919,Троицкие вести,Troitske,2024-11-15,reconstruction_and_integration,21,15,1.4
919,Троицкие вести,Troitske,2024-11-15,ukraine_as_enemy,0,15,0.0
919,Троицкие вести,Troitske,2024-11-15,children_and_militarization,7,15,0.467
919,Троицкие вести,Troitske,2024-11-15,leadership_and_loyalty,90,15,6.0
920,Троицкие вести,Troitske,2025-03-07,recruitment_and_contract_service,1,15,0.067
920,Троицкие вести,Troitske,2025-03-07,passportization_and_documents,16,15,1.067
920,Троицкие вести,Troitske,2025-03-07,elections_and_administration,3,15,0.2
920,Троицкие вести,Troitske,2025-03-07,reconstruction_and_integration,6,15,0.4
920,Троицкие вести,Troitske,2025-03-07,ukraine_as_enemy,1,15,0.067
920,Троицкие вести,Troitske,2025-03-07,children_and_militarization,3,15,0.2
920,Троицкие вести,Troitske,2025-03-07,leadership_and_loyalty,90,15,6.0
921,Труд горняка,Bryanka,2024-08-21,recruitment_and_contract_service,10,15,0.667
921,Труд горняка,Bryanka,2024-08-21,passportization_and_documents,136,15,9.067
921,Труд горняка,Bryanka,2024-08-21,elections_and_administration,8,15,0.533
921,Труд горняка,Bryanka,2024-08-21,reconstruction_and_integration,25,15,1.667
921,Труд горняка,Bryanka,2024-08-21,ukraine_as_enemy,0,15,0.0
921,Труд горняка,Bryanka,2024-08-21,children_and_militarization,8,15,0.533
921,Труд горняка,Bryanka,2024-08-21,leadership_and_loyalty,113,15,7.533
922,Труд горняка,Bryanka,2024-08-28,recruitment_and_contract_service,30,15,2.0
922,Труд горняка,Bryanka,2024-08-28,passportization_and_documents,69,15,4.6
922,Труд горняка,Bryanka,2024-08-28,elections_and_administration,6,15,0.4
922,Труд горняка,Bryanka,2024-08-28,reconstruction_and_integration,22,15,1.467
922,Труд горняка,Bryanka,2024-08-28,ukraine_as_enemy,1,15,0.067
922,Труд горняка,Bryanka,2024-08-28,children_and_militarization,6,15,0.4
922,Труд горняка,Bryanka,2024-08-28,leadership_and_loyalty,76,15,5.067
923,Труд горняка,Bryanka,2024-09-04,recruitment_and_contract_service,8,15,0.533
923,Труд горняка,Bryanka,2024-09-04,passportization_and_documents,34,15,2.267
923,Труд горняка,Bryanka,2024-09-04,elections_and_administration,102,15,6.8
923,Труд горняка,Bryanka,2024-09-04,reconstruction_and_integration,22,15,1.467
923,Труд горняка,Bryanka,2024-09-04,ukraine_as_enemy,0,15,0.0
923,Труд горняка,Bryanka,2024-09-04,children_and_militarization,18,15,1.2
923,Труд горняка,Bryanka,2024-09-04,leadership_and_loyalty,76,15,5.067
924,Труд горняка,Bryanka,2024-09-11,recruitment_and_contract_service,4,15,0.267
924,Труд горняка,Bryanka,2024-09-11,passportization_and_documents,30,15,2.0
924,Труд горняка,Bryanka,2024-09-11,elections_and_administration,1,15,0.067
924,Труд горняка,Bryanka,2024-09-11,reconstruction_and_integration,37,15,2.467
924,Труд горняка,Bryanka,2024-09-11,ukraine_as_enemy,0,15,0.0
924,Труд горняка,Bryanka,2024-09-11,children_and_militarization,2,15,0.133
924,Труд горняка,Bryanka,2024-09-11,leadership_and_loyalty,60,15,4.0
925,Труд горняка,Bryanka,2025-01-15,recruitment_and_contract_service,2,15,0.133
925,Труд горняка,Bryanka,2025-01-15,passportization_and_documents,12,15,0.8
925,Труд горняка,Bryanka,2025-01-15,elections_and_administration,2,15,0.133
925,Труд горняка,Bryanka,2025-01-15,reconstruction_and_integration,57,15,3.8
925,Труд горняка,Bryanka,2025-01-15,ukraine_as_enemy,1,15,0.067
925,Труд горняка,Bryanka,2025-01-15,children_and_militarization,5,15,0.333
925,Труд горняка,Bryanka,2025-01-15,leadership_and_loyalty,37,15,2.467
926,Труд горняка,Bryanka,2025-01-22,recruitment_and_contract_service,3,15,0.2
926,Труд горняка,Bryanka,2025-01-22,passportization_and_documents,25,15,1.667
926,Труд горняка,Bryanka,2025-01-22,elections_and_administration,2,15,0.133
926,Труд горняка,Bryanka,2025-01-22,reconstruction_and_integration,28,15,1.867
926,Труд горняка,Bryanka,2025-01-22,ukraine_as_enemy,6,15,0.4
926,Труд горняка,Bryanka,2025-01-22,children_and_militarization,5,15,0.333
926,Труд горняка,Bryanka,2025-01-22,leadership_and_loyalty,84,15,5.6
927,Труд горняка,Bryanka,2025-01-29,recruitment_and_contract_service,5,15,0.333
927,Труд горняка,Bryanka,2025-01-29,passportization_and_documents,18,15,1.2
927,Труд горняка,Bryanka,2025-01-29,elections_and_administration,4,15,0.267
927,Труд горняка,Bryanka,2025-01-29,reconstruction_and_integration,20,15,1.333
927,Труд горняка,Bryanka,2025-01-29,ukraine_as_enemy,4,15,0.267
927,Труд горняка,Bryanka,2025-01-29,children_and_militarization,9,15,0.6
927,Труд горняка,Bryanka,2025-01-29,leadership_and_loyalty,62,15,4.133
928,Труд горняка,Bryanka,2025-02-05,recruitment_and_contract_service,7,15,0.467
928,Труд горняка,Bryanka,2025-02-05,passportization_and_documents,13,15,0.867
928,Труд горняка,Bryanka,2025-02-05,elections_and_administration,1,15,0.067
928,Труд горняка,Bryanka,2025-02-05,reconstruction_and_integration,33,15,2.2
928,Труд горняка,Bryanka,2025-02-05,ukraine_as_enemy,6,15,0.4
928,Труд горняка,Bryanka,2025-02-05,children_and_militarization,2,15,0.133
928,Труд горняка,Bryanka,2025-02-05,leadership_and_loyalty,101,15,6.733
929,Труд горняка,Bryanka,2025-02-12,recruitment_and_contract_service,5,15,0.333
929,Труд горняка,Bryanka,2025-02-12,passportization_and_documents,19,15,1.267
929,Труд горняка,Bryanka,2025-02-12,elections_and_administration,2,15,0.133
929,Труд горняка,Bryanka,2025-02-12,reconstruction_and_integration,26,15,1.733
929,Труд горняка,Bryanka,2025-02-12,ukraine_as_enemy,6,15,0.4
929,Труд горняка,Bryanka,2025-02-12,children_and_militarization,5,15,0.333
929,Труд горняка,Bryanka,2025-02-12,leadership_and_loyalty,99,15,6.6
930,Труд горняка,Bryanka,2025-02-19,recruitment_and_contract_service,6,15,0.4
930,Труд горняка,Bryanka,2025-02-19,passportization_and_documents,6,15,0.4
930,Труд горняка,Bryanka,2025-02-19,elections_and_administration,2,15,0.133
930,Труд горняка,Bryanka,2025-02-19,reconstruction_and_integration,23,15,1.533
930,Труд горняка,Bryanka,2025-02-19,ukraine_as_enemy,7,15,0.467
930,Труд горняка,Bryanka,2025-02-19,children_and_militarization,11,15,0.733
930,Труд горняка,Bryanka,2025-02-19,leadership_and_loyalty,120,15,8.0
931,Труд горняка,Bryanka,2025-02-26,recruitment_and_contract_service,11,15,0.733
931,Труд горняка,Bryanka,2025-02-26,passportization_and_documents,26,15,1.733
931,Труд горняка,Bryanka,2025-02-26,elections_and_administration,4,15,0.267
931,Труд горняка,Bryanka,2025-02-26,reconstruction_and_integration,9,15,0.6
931,Труд горняка,Bryanka,2025-02-26,ukraine_as_enemy,10,15,0.667
931,Труд горняка,Bryanka,2025-02-26,children_and_militarization,11,15,0.733
931,Труд горняка,Bryanka,2025-02-26,leadership_and_loyalty,104,15,6.933
932,Труд горняка,Bryanka,2025-03-05,recruitment_and_contract_service,3,15,0.2
932,Труд горняка,Bryanka,2025-03-05,passportization_and_documents,7,15,0.467
932,Труд горняка,Bryanka,2025-03-05,elections_and_administration,7,15,0.467
932,Труд горняка,Bryanka,2025-03-05,reconstruction_and_integration,18,15,1.2
932,Труд горняка,Bryanka,2025-03-05,ukraine_as_enemy,2,15,0.133
932,Труд горняка,Bryanka,2025-03-05,children_and_militarization,6,15,0.4
932,Труд горняка,Bryanka,2025-03-05,leadership_and_loyalty,98,15,6.533
933,Труд горняка,Bryanka,2025-03-12,recruitment_and_contract_service,8,15,0.533
933,Труд горняка,Bryanka,2025-03-12,passportization_and_documents,9,15,0.6
933,Труд горняка,Bryanka,2025-03-12,elections_and_administration,5,15,0.333
933,Труд горняка,Bryanka,2025-03-12,reconstruction_and_integration,18,15,1.2
933,Труд горняка,Bryanka,2025-03-12,ukraine_as_enemy,1,15,0.067
933,Труд горняка,Bryanka,2025-03-12,children_and_militarization,5,15,0.333
933,Труд горняка,Bryanka,2025-03-12,leadership_and_loyalty,112,15,7.467
934,Труд горняка,Bryanka,2025-03-19,recruitment_and_contract_service,4,15,0.267
934,Труд горняка,Bryanka,2025-03-19,passportization_and_documents,11,15,0.733
934,Труд горняка,Bryanka,2025-03-19,elections_and_administration,4,15,0.267
934,Труд горняка,Bryanka,2025-03-19,reconstruction_and_integration,32,15,2.133
934,Труд горняка,Bryanka,2025-03-19,ukraine_as_enemy,5,15,0.333
934,Труд горняка,Bryanka,2025-03-19,children_and_militarization,2,15,0.133
934,Труд горняка,Bryanka,2025-03-19,leadership_and_loyalty,91,15,6.067
935,Труд горняка,Bryanka,2025-03-26,recruitment_and_contract_service,1,15,0.067
935,Труд горняка,Bryanka,2025-03-26,passportization_and_documents,10,15,0.667
935,Труд горняка,Bryanka,2025-03-26,elections_and_administration,3,15,0.2
935,Труд горняка,Bryanka,2025-03-26,reconstruction_and_integration,24,15,1.6
935,Труд горняка,Bryanka,2025-03-26,ukraine_as_enemy,7,15,0.467
935,Труд горняка,Bryanka,2025-03-26,children_and_militarization,4,15,0.267
935,Труд горняка,Bryanka,2025-03-26,leadership_and_loyalty,113,15,7.533
936,Труд горняка,Bryanka,2025-04-02,recruitment_and_contract_service,2,15,0.133
936,Труд горняка,Bryanka,2025-04-02,passportization_and_documents,15,15,1.0
936,Труд горняка,Bryanka,2025-04-02,elections_and_administration,2,15,0.133
936,Труд горняка,Bryanka,2025-04-02,reconstruction_and_integration,16,15,1.067
936,Труд горняка,Bryanka,2025-04-02,ukraine_as_enemy,1,15,0.067
936,Труд горняка,Bryanka,2025-04-02,children_and_militarization,5,15,0.333
936,Труд горняка,Bryanka,2025-04-02,leadership_and_loyalty,102,15,6.8
937,Труд горняка,Bryanka,2025-04-16,recruitment_and_contract_service,9,15,0.6
937,Труд горняка,Bryanka,2025-04-16,passportization_and_documents,12,15,0.8
937,Труд горняка,Bryanka,2025-04-16,elections_and_administration,2,15,0.133
937,Труд горняка,Bryanka,2025-04-16,reconstruction_and_integration,17,15,1.133
937,Труд горняка,Bryanka,2025-04-16,ukraine_as_enemy,6,15,0.4
937,Труд горняка,Bryanka,2025-04-16,children_and_militarization,4,15,0.267
937,Труд горняка,Bryanka,2025-04-16,leadership_and_loyalty,58,15,3.867
938,Труд горняка,Bryanka,2025-04-23,recruitment_and_contract_service,6,15,0.4
938,Труд горняка,Bryanka,2025-04-23,passportization_and_documents,8,15,0.533
938,Труд горняка,Bryanka,2025-04-23,elections_and_administration,22,15,1.467
938,Труд горняка,Bryanka,2025-04-23,reconstruction_and_integration,22,15,1.467
938,Труд горняка,Bryanka,2025-04-23,ukraine_as_enemy,3,15,0.2
938,Труд горняка,Bryanka,2025-04-23,children_and_militarization,1,15,0.067
938,Труд горняка,Bryanka,2025-04-23,leadership_and_loyalty,94,15,6.267
939,Труд горняка,Bryanka,2025-08-06,recruitment_and_contract_service,5,15,0.333
939,Труд горняка,Bryanka,2025-08-06,passportization_and_documents,18,15,1.2
939,Труд горняка,Bryanka,2025-08-06,elections_and_administration,2,15,0.133
939,Труд горняка,Bryanka,2025-08-06,reconstruction_and_integration,46,15,3.067
939,Труд горняка,Bryanka,2025-08-06,ukraine_as_enemy,4,15,0.267
939,Труд горняка,Bryanka,2025-08-06,children_and_militarization,6,15,0.4
939,Труд горняка,Bryanka,2025-08-06,leadership_and_loyalty,73,15,4.867
940,Труд горняка,Bryanka,2025-08-13,recruitment_and_contract_service,5,15,0.333
940,Труд горняка,Bryanka,2025-08-13,passportization_and_documents,25,15,1.667
940,Труд горняка,Bryanka,2025-08-13,elections_and_administration,3,15,0.2
940,Труд горняка,Bryanka,2025-08-13,reconstruction_and_integration,21,15,1.4
940,Труд горняка,Bryanka,2025-08-13,ukraine_as_enemy,4,15,0.267
940,Труд горняка,Bryanka,2025-08-13,children_and_militarization,3,15,0.2
940,Труд горняка,Bryanka,2025-08-13,leadership_and_loyalty,92,15,6.133
941,Труд горняка,Bryanka,2025-08-20,recruitment_and_contract_service,2,15,0.133
941,Труд горняка,Bryanka,2025-08-20,passportization_and_documents,13,15,0.867
941,Труд горняка,Bryanka,2025-08-20,elections_and_administration,0,15,0.0
941,Труд горняка,Bryanka,2025-08-20,reconstruction_and_integration,29,15,1.933
941,Труд горняка,Bryanka,2025-08-20,ukraine_as_enemy,4,15,0.267
941,Труд горняка,Bryanka,2025-08-20,children_and_militarization,6,15,0.4
941,Труд горняка,Bryanka,2025-08-20,leadership_and_loyalty,78,15,5.2
942,Труд горняка,Bryanka,2025-09-03,recruitment_and_contract_service,5,15,0.333
942,Труд горняка,Bryanka,2025-09-03,passportization_and_documents,20,15,1.333
942,Труд горняка,Bryanka,2025-09-03,elections_and_administration,4,15,0.267
942,Труд горняка,Bryanka,2025-09-03,reconstruction_and_integration,23,15,1.533
942,Труд горняка,Bryanka,2025-09-03,ukraine_as_enemy,2,15,0.133
942,Труд горняка,Bryanka,2025-09-03,children_and_militarization,21,15,1.4
942,Труд горняка,Bryanka,2025-09-03,leadership_and_loyalty,102,15,6.8
943,Труд горняка,Bryanka,2024-09-18,recruitment_and_contract_service,1,15,0.067
943,Труд горняка,Bryanka,2024-09-18,passportization_and_documents,26,15,1.733
943,Труд горняка,Bryanka,2024-09-18,elections_and_administration,13,15,0.867
943,Труд горняка,Bryanka,2024-09-18,reconstruction_and_integration,23,15,1.533
943,Труд горняка,Bryanka,2024-09-18,ukraine_as_enemy,0,15,0.0
943,Труд горняка,Bryanka,2024-09-18,children_and_militarization,8,15,0.533
943,Труд горняка,Bryanka,2024-09-18,leadership_and_loyalty,60,15,4.0
944,Труд горняка,Bryanka,2024-09-25,recruitment_and_contract_service,1,15,0.067
944,Труд горняка,Bryanka,2024-09-25,passportization_and_documents,25,15,1.667
944,Труд горняка,Bryanka,2024-09-25,elections_and_administration,3,15,0.2
944,Труд горняка,Bryanka,2024-09-25,reconstruction_and_integration,35,15,2.333
944,Труд горняка,Bryanka,2024-09-25,ukraine_as_enemy,3,15,0.2
944,Труд горняка,Bryanka,2024-09-25,children_and_militarization,3,15,0.2
944,Труд горняка,Bryanka,2024-09-25,leadership_and_loyalty,66,15,4.4
945,Труд горняка,Bryanka,2024-10-02,recruitment_and_contract_service,4,15,0.267
945,Труд горняка,Bryanka,2024-10-02,passportization_and_documents,31,15,2.067
945,Труд горняка,Bryanka,2024-10-02,elections_and_administration,9,15,0.6
945,Труд горняка,Bryanka,2024-10-02,reconstruction_and_integration,141,15,9.4
945,Труд горняка,Bryanka,2024-10-02,ukraine_as_enemy,0,15,0.0
945,Труд горняка,Bryanka,2024-10-02,children_and_militarization,6,15,0.4
945,Труд горняка,Bryanka,2024-10-02,leadership_and_loyalty,100,15,6.667
946,Труд горняка,Bryanka,2024-10-09,recruitment_and_contract_service,0,16,0.0
946,Труд горняка,Bryanka,2024-10-09,passportization_and_documents,35,16,2.188
946,Труд горняка,Bryanka,2024-10-09,elections_and_administration,7,16,0.438
946,Труд горняка,Bryanka,2024-10-09,reconstruction_and_integration,13,16,0.812
946,Труд горняка,Bryanka,2024-10-09,ukraine_as_enemy,1,16,0.062
946,Труд горняка,Bryanka,2024-10-09,children_and_militarization,4,16,0.25
946,Труд горняка,Bryanka,2024-10-09,leadership_and_loyalty,69,16,4.312
947,Труд горняка,Bryanka,2024-10-16,recruitment_and_contract_service,0,15,0.0
947,Труд горняка,Bryanka,2024-10-16,passportization_and_documents,47,15,3.133
947,Труд горняка,Bryanka,2024-10-16,elections_and_administration,3,15,0.2
947,Труд горняка,Bryanka,2024-10-16,reconstruction_and_integration,29,15,1.933
947,Труд горняка,Bryanka,2024-10-16,ukraine_as_enemy,0,15,0.0
947,Труд горняка,Bryanka,2024-10-16,children_and_militarization,8,15,0.533
947,Труд горняка,Bryanka,2024-10-16,leadership_and_loyalty,67,15,4.467
948,Труд горняка,Bryanka,2024-10-23,recruitment_and_contract_service,9,15,0.6
948,Труд горняка,Bryanka,2024-10-23,passportization_and_documents,52,15,3.467
948,Труд горняка,Bryanka,2024-10-23,elections_and_administration,8,15,0.533
948,Труд горняка,Bryanka,2024-10-23,reconstruction_and_integration,32,15,2.133
948,Труд горняка,Bryanka,2024-10-23,ukraine_as_enemy,1,15,0.067
948,Труд горняка,Bryanka,2024-10-23,children_and_militarization,5,15,0.333
948,Труд горняка,Bryanka,2024-10-23,leadership_and_loyalty,74,15,4.933
949,Труд горняка,Bryanka,2024-10-30,recruitment_and_contract_service,1,15,0.067
949,Труд горняка,Bryanka,2024-10-30,passportization_and_documents,32,15,2.133
949,Труд горняка,Bryanka,2024-10-30,elections_and_administration,5,15,0.333
949,Труд горняка,Bryanka,2024-10-30,reconstruction_and_integration,29,15,1.933
949,Труд горняка,Bryanka,2024-10-30,ukraine_as_enemy,1,15,0.067
949,Труд горняка,Bryanka,2024-10-30,children_and_militarization,2,15,0.133
949,Труд горняка,Bryanka,2024-10-30,leadership_and_loyalty,43,15,2.867
950,Труд горняка,Bryanka,2024-11-20,recruitment_and_contract_service,4,15,0.267
950,Труд горняка,Bryanka,2024-11-20,passportization_and_documents,44,15,2.933
950,Труд горняка,Bryanka,2024-11-20,elections_and_administration,1,15,0.067
950,Труд горняка,Bryanka,2024-11-20,reconstruction_and_integration,151,15,10.067
950,Труд горняка,Bryanka,2024-11-20,ukraine_as_enemy,1,15,0.067
950,Труд горняка,Bryanka,2024-11-20,children_and_militarization,10,15,0.667
950,Труд горняка,Bryanka,2024-11-20,leadership_and_loyalty,98,15,6.533
951,Труд горняка,Bryanka,2024-11-27,recruitment_and_contract_service,13,15,0.867
951,Труд горняка,Bryanka,2024-11-27,passportization_and_documents,39,15,2.6
951,Труд горняка,Bryanka,2024-11-27,elections_and_administration,6,15,0.4
951,Труд горняка,Bryanka,2024-11-27,reconstruction_and_integration,23,15,1.533
951,Труд горняка,Bryanka,2024-11-27,ukraine_as_enemy,2,15,0.133
951,Труд горняка,Bryanka,2024-11-27,children_and_militarization,4,15,0.267
951,Труд горняка,Bryanka,2024-11-27,leadership_and_loyalty,66,15,4.4
952,Труд горняка,Bryanka,2024-12-04,recruitment_and_contract_service,5,15,0.333
952,Труд горняка,Bryanka,2024-12-04,passportization_and_documents,60,15,4.0
952,Труд горняка,Bryanka,2024-12-04,elections_and_administration,8,15,0.533
952,Труд горняка,Bryanka,2024-12-04,reconstruction_and_integration,12,15,0.8
952,Труд горняка,Bryanka,2024-12-04,ukraine_as_enemy,0,15,0.0
952,Труд горняка,Bryanka,2024-12-04,children_and_militarization,4,15,0.267
952,Труд горняка,Bryanka,2024-12-04,leadership_and_loyalty,37,15,2.467
953,Труд горняка,Bryanka,2024-12-11,recruitment_and_contract_service,47,15,3.133
953,Труд горняка,Bryanka,2024-12-11,passportization_and_documents,17,15,1.133
953,Труд горняка,Bryanka,2024-12-11,elections_and_administration,5,15,0.333
953,Труд горняка,Bryanka,2024-12-11,reconstruction_and_integration,56,15,3.733
953,Труд горняка,Bryanka,2024-12-11,ukraine_as_enemy,4,15,0.267
953,Труд горняка,Bryanka,2024-12-11,children_and_militarization,4,15,0.267
953,Труд горняка,Bryanka,2024-12-11,leadership_and_loyalty,58,15,3.867
954,Труд горняка,Bryanka,2024-12-18,recruitment_and_contract_service,3,15,0.2
954,Труд горняка,Bryanka,2024-12-18,passportization_and_documents,86,15,5.733
954,Труд горняка,Bryanka,2024-12-18,elections_and_administration,5,15,0.333
954,Труд горняка,Bryanka,2024-12-18,reconstruction_and_integration,23,15,1.533
954,Труд горняка,Bryanka,2024-12-18,ukraine_as_enemy,1,15,0.067
954,Труд горняка,Bryanka,2024-12-18,children_and_militarization,4,15,0.267
954,Труд горняка,Bryanka,2024-12-18,leadership_and_loyalty,72,15,4.8
955,Труд горняка,Bryanka,2024-12-25,recruitment_and_contract_service,11,15,0.733
955,Труд горняка,Bryanka,2024-12-25,passportization_and_documents,52,15,3.467
955,Труд горняка,Bryanka,2024-12-25,elections_and_administration,21,15,1.4
955,Труд горняка,Bryanka,2024-12-25,reconstruction_and_integration,27,15,1.8
955,Труд горняка,Bryanka,2024-12-25,ukraine_as_enemy,7,15,0.467
955,Труд горняка,Bryanka,2024-12-25,children_and_militarization,4,15,0.267
955,Труд горняка,Bryanka,2024-12-25,leadership_and_loyalty,202,15,13.467
956,Антрацитовский вестник,Antratsyt,2026-06-01,recruitment_and_contract_service,9,23,0.391
956,Антрацитовский вестник,Antratsyt,2026-06-01,passportization_and_documents,7,23,0.304
956,Антрацитовский вестник,Antratsyt,2026-06-01,elections_and_administration,20,23,0.87
956,Антрацитовский вестник,Antratsyt,2026-06-01,reconstruction_and_integration,50,23,2.174
956,Антрацитовский вестник,Antratsyt,2026-06-01,ukraine_as_enemy,7,23,0.304
956,Антрацитовский вестник,Antratsyt,2026-06-01,children_and_militarization,9,23,0.391
956,Антрацитовский вестник,Antratsyt,2026-06-01,leadership_and_loyalty,114,23,4.957
957,Антрацитовский вестник,Antratsyt,2026-06-03,recruitment_and_contract_service,2,23,0.087
957,Антрацитовский вестник,Antratsyt,2026-06-03,passportization_and_documents,16,23,0.696
957,Антрацитовский вестник,Antratsyt,2026-06-03,elections_and_administration,7,23,0.304
957,Антрацитовский вестник,Antratsyt,2026-06-03,reconstruction_and_integration,14,23,0.609
957,Антрацитовский вестник,Antratsyt,2026-06-03,ukraine_as_enemy,8,23,0.348
957,Антрацитовский вестник,Antratsyt,2026-06-03,children_and_militarization,26,23,1.13
957,Антрацитовский вестник,Antratsyt,2026-06-03,leadership_and_loyalty,120,23,5.217
958,Антрацитовский вестник,Antratsyt,2026-06-06,recruitment_and_contract_service,20,23,0.87
958,Антрацитовский вестник,Antratsyt,2026-06-06,passportization_and_documents,25,23,1.087
958,Антрацитовский вестник,Antratsyt,2026-06-06,elections_and_administration,8,23,0.348
958,Антрацитовский вестник,Antratsyt,2026-06-06,reconstruction_and_integration,27,23,1.174
958,Антрацитовский вестник,Antratsyt,2026-06-06,ukraine_as_enemy,1,23,0.043
958,Антрацитовский вестник,Antratsyt,2026-06-06,children_and_militarization,7,23,0.304
958,Антрацитовский вестник,Antratsyt,2026-06-06,leadership_and_loyalty,94,23,4.087
959,Антрацитовский вестник,Antratsyt,2026-07-01,recruitment_and_contract_service,1,23,0.043
959,Антрацитовский вестник,Antratsyt,2026-07-01,passportization_and_documents,10,23,0.435
959,Антрацитовский вестник,Antratsyt,2026-07-01,elections_and_administration,1,23,0.043
959,Антрацитовский вестник,Antratsyt,2026-07-01,reconstruction_and_integration,30,23,1.304
959,Антрацитовский вестник,Antratsyt,2026-07-01,ukraine_as_enemy,0,23,0.0
959,Антрацитовский вестник,Antratsyt,2026-07-01,children_and_militarization,15,23,0.652
959,Антрацитовский вестник,Antratsyt,2026-07-01,leadership_and_loyalty,104,23,4.522
960,Антрацитовский вестник,Antratsyt,2026-03-05,recruitment_and_contract_service,1,23,0.043
960,Антрацитовский вестник,Antratsyt,2026-03-05,passportization_and_documents,14,23,0.609
960,Антрацитовский вестник,Antratsyt,2026-03-05,elections_and_administration,11,23,0.478
960,Антрацитовский вестник,Antratsyt,2026-03-05,reconstruction_and_integration,11,23,0.478
960,Антрацитовский вестник,Antratsyt,2026-03-05,ukraine_as_enemy,4,23,0.174
960,Антрацитовский вестник,Antratsyt,2026-03-05,children_and_militarization,10,23,0.435
960,Антрацитовский вестник,Antratsyt,2026-03-05,leadership_and_loyalty,117,23,5.087
961,Антрацитовский вестник,Antratsyt,2026-04-15,recruitment_and_contract_service,1,23,0.043
961,Антрацитовский вестник,Antratsyt,2026-04-15,passportization_and_documents,16,23,0.696
961,Антрацитовский вестник,Antratsyt,2026-04-15,elections_and_administration,9,23,0.391
961,Антрацитовский вестник,Antratsyt,2026-04-15,reconstruction_and_integration,25,23,1.087
961,Антрацитовский вестник,Antratsyt,2026-04-15,ukraine_as_enemy,0,23,0.0
961,Антрацитовский вестник,Antratsyt,2026-04-15,children_and_militarization,8,23,0.348
961,Антрацитовский вестник,Antratsyt,2026-04-15,leadership_and_loyalty,133,23,5.783
962,Антрацитовский вестник,Antratsyt,2026-04-08,recruitment_and_contract_service,6,23,0.261
962,Антрацитовский вестник,Antratsyt,2026-04-08,passportization_and_documents,61,23,2.652
962,Антрацитовский вестник,Antratsyt,2026-04-08,elections_and_administration,6,23,0.261
962,Антрацитовский вестник,Antratsyt,2026-04-08,reconstruction_and_integration,24,23,1.043
962,Антрацитовский вестник,Antratsyt,2026-04-08,ukraine_as_enemy,2,23,0.087
962,Антрацитовский вестник,Antratsyt,2026-04-08,children_and_militarization,9,23,0.391
962,Антрацитовский вестник,Antratsyt,2026-04-08,leadership_and_loyalty,97,23,4.217
963,Антрацитовский вестник,Antratsyt,2026-04-29,recruitment_and_contract_service,1,23,0.043
963,Антрацитовский вестник,Antratsyt,2026-04-29,passportization_and_documents,12,23,0.522
963,Антрацитовский вестник,Antratsyt,2026-04-29,elections_and_administration,20,23,0.87
963,Антрацитовский вестник,Antratsyt,2026-04-29,reconstruction_and_integration,27,23,1.174
963,Антрацитовский вестник,Antratsyt,2026-04-29,ukraine_as_enemy,5,23,0.217
963,Антрацитовский вестник,Antratsyt,2026-04-29,children_and_militarization,8,23,0.348
963,Антрацитовский вестник,Antratsyt,2026-04-29,leadership_and_loyalty,115,23,5.0
964,Антрацитовский вестник,Antratsyt,2026-05-06,recruitment_and_contract_service,2,23,0.087
964,Антрацитовский вестник,Antratsyt,2026-05-06,passportization_and_documents,23,23,1.0
964,Антрацитовский вестник,Antratsyt,2026-05-06,elections_and_administration,5,23,0.217
964,Антрацитовский вестник,Antratsyt,2026-05-06,reconstruction_and_integration,37,23,1.609
964,Антрацитовский вестник,Antratsyt,2026-05-06,ukraine_as_enemy,4,23,0.174
964,Антрацитовский вестник,Antratsyt,2026-05-06,children_and_militarization,13,23,0.565
964,Антрацитовский вестник,Antratsyt,2026-05-06,leadership_and_loyalty,132,23,5.739
965,Антрацитовский вестник,Antratsyt,2026-05-13,recruitment_and_contract_service,4,23,0.174
965,Антрацитовский вестник,Antratsyt,2026-05-13,passportization_and_documents,13,23,0.565
965,Антрацитовский вестник,Antratsyt,2026-05-13,elections_and_administration,22,23,0.957
965,Антрацитовский вестник,Antratsyt,2026-05-13,reconstruction_and_integration,34,23,1.478
965,Антрацитовский вестник,Antratsyt,2026-05-13,ukraine_as_enemy,8,23,0.348
965,Антрацитовский вестник,Antratsyt,2026-05-13,children_and_militarization,12,23,0.522
965,Антрацитовский вестник,Antratsyt,2026-05-13,leadership_and_loyalty,108,23,4.696
966,Антрацитовский вестник,Antratsyt,2026-05-20,recruitment_and_contract_service,0,23,0.0
966,Антрацитовский вестник,Antratsyt,2026-05-20,passportization_and_documents,25,23,1.087
966,Антрацитовский вестник,Antratsyt,2026-05-20,elections_and_administration,6,23,0.261
966,Антрацитовский вестник,Antratsyt,2026-05-20,reconstruction_and_integration,28,23,1.217
966,Антрацитовский вестник,Antratsyt,2026-05-20,ukraine_as_enemy,2,23,0.087
966,Антрацитовский вестник,Antratsyt,2026-05-20,children_and_militarization,7,23,0.304
966,Антрацитовский вестник,Antratsyt,2026-05-20,leadership_and_loyalty,105,23,4.565
967,Антрацитовский вестник,Antratsyt,2026-05-27,recruitment_and_contract_service,0,23,0.0
967,Антрацитовский вестник,Antratsyt,2026-05-27,passportization_and_documents,26,23,1.13
967,Антрацитовский вестник,Antratsyt,2026-05-27,elections_and_administration,5,23,0.217
967,Антрацитовский вестник,Antratsyt,2026-05-27,reconstruction_and_integration,27,23,1.174
967,Антрацитовский вестник,Antratsyt,2026-05-27,ukraine_as_enemy,9,23,0.391
967,Антрацитовский вестник,Antratsyt,2026-05-27,children_and_militarization,5,23,0.217
967,Антрацитовский вестник,Antratsyt,2026-05-27,leadership_and_loyalty,97,23,4.217
968,Беловодский вестник,Bilovodsk,2026-04-17,recruitment_and_contract_service,1,15,0.067
968,Беловодский вестник,Bilovodsk,2026-04-17,passportization_and_documents,18,15,1.2
968,Беловодский вестник,Bilovodsk,2026-04-17,elections_and_administration,2,15,0.133
968,Беловодский вестник,Bilovodsk,2026-04-17,reconstruction_and_integration,15,15,1.0
968,Беловодский вестник,Bilovodsk,2026-04-17,ukraine_as_enemy,1,15,0.067
968,Беловодский вестник,Bilovodsk,2026-04-17,children_and_militarization,3,15,0.2
968,Беловодский вестник,Bilovodsk,2026-04-17,leadership_and_loyalty,90,15,6.0
969,Беловодский вестник,Bilovodsk,2026-04-03,recruitment_and_contract_service,2,15,0.133
969,Беловодский вестник,Bilovodsk,2026-04-03,passportization_and_documents,5,15,0.333
969,Беловодский вестник,Bilovodsk,2026-04-03,elections_and_administration,9,15,0.6
969,Беловодский вестник,Bilovodsk,2026-04-03,reconstruction_and_integration,9,15,0.6
969,Беловодский вестник,Bilovodsk,2026-04-03,ukraine_as_enemy,3,15,0.2
969,Беловодский вестник,Bilovodsk,2026-04-03,children_and_militarization,2,15,0.133
969,Беловодский вестник,Bilovodsk,2026-04-03,leadership_and_loyalty,67,15,4.467
970,Беловодский вестник,Bilovodsk,2026-06-05,recruitment_and_contract_service,2,15,0.133
970,Беловодский вестник,Bilovodsk,2026-06-05,passportization_and_documents,7,15,0.467
970,Беловодский вестник,Bilovodsk,2026-06-05,elections_and_administration,9,15,0.6
970,Беловодский вестник,Bilovodsk,2026-06-05,reconstruction_and_integration,2,15,0.133
970,Беловодский вестник,Bilovodsk,2026-06-05,ukraine_as_enemy,8,15,0.533
970,Беловодский вестник,Bilovodsk,2026-06-05,children_and_militarization,3,15,0.2
970,Беловодский вестник,Bilovodsk,2026-06-05,leadership_and_loyalty,100,15,6.667
971,Беловодский вестник,Bilovodsk,2026-06-12,recruitment_and_contract_service,10,15,0.667
971,Беловодский вестник,Bilovodsk,2026-06-12,passportization_and_documents,13,15,0.867
971,Беловодский вестник,Bilovodsk,2026-06-12,elections_and_administration,7,15,0.467
971,Беловодский вестник,Bilovodsk,2026-06-12,reconstruction_and_integration,9,15,0.6
971,Беловодский вестник,Bilovodsk,2026-06-12,ukraine_as_enemy,5,15,0.333
971,Беловодский вестник,Bilovodsk,2026-06-12,children_and_militarization,4,15,0.267
971,Беловодский вестник,Bilovodsk,2026-06-12,leadership_and_loyalty,82,15,5.467
972,Беловодский вестник,Bilovodsk,2026-06-17,recruitment_and_contract_service,2,15,0.133
972,Беловодский вестник,Bilovodsk,2026-06-17,passportization_and_documents,9,15,0.6
972,Беловодский вестник,Bilovodsk,2026-06-17,elections_and_administration,3,15,0.2
972,Беловодский вестник,Bilovodsk,2026-06-17,reconstruction_and_integration,8,15,0.533
972,Беловодский вестник,Bilovodsk,2026-06-17,ukraine_as_enemy,3,15,0.2
972,Беловодский вестник,Bilovodsk,2026-06-17,children_and_militarization,7,15,0.467
972,Беловодский вестник,Bilovodsk,2026-06-17,leadership_and_loyalty,87,15,5.8
973,Беловодский вестник,Bilovodsk,2026-04-10,recruitment_and_contract_service,0,15,0.0
973,Беловодский вестник,Bilovodsk,2026-04-10,passportization_and_documents,11,15,0.733
973,Беловодский вестник,Bilovodsk,2026-04-10,elections_and_administration,17,15,1.133
973,Беловодский вестник,Bilovodsk,2026-04-10,reconstruction_and_integration,13,15,0.867
973,Беловодский вестник,Bilovodsk,2026-04-10,ukraine_as_enemy,5,15,0.333
973,Беловодский вестник,Bilovodsk,2026-04-10,children_and_militarization,2,15,0.133
973,Беловодский вестник,Bilovodsk,2026-04-10,leadership_and_loyalty,70,15,4.667
974,Беловодский вестник,Bilovodsk,2026-04-24,recruitment_and_contract_service,1,15,0.067
974,Беловодский вестник,Bilovodsk,2026-04-24,passportization_and_documents,10,15,0.667
974,Беловодский вестник,Bilovodsk,2026-04-24,elections_and_administration,6,15,0.4
974,Беловодский вестник,Bilovodsk,2026-04-24,reconstruction_and_integration,13,15,0.867
974,Беловодский вестник,Bilovodsk,2026-04-24,ukraine_as_enemy,1,15,0.067
974,Беловодский вестник,Bilovodsk,2026-04-24,children_and_militarization,7,15,0.467
974,Беловодский вестник,Bilovodsk,2026-04-24,leadership_and_loyalty,70,15,4.667
975,Беловодский вестник,Bilovodsk,2026-05-01,recruitment_and_contract_service,3,15,0.2
975,Беловодский вестник,Bilovodsk,2026-05-01,passportization_and_documents,8,15,0.533
975,Беловодский вестник,Bilovodsk,2026-05-01,elections_and_administration,16,15,1.067
975,Беловодский вестник,Bilovodsk,2026-05-01,reconstruction_and_integration,6,15,0.4
975,Беловодский вестник,Bilovodsk,2026-05-01,ukraine_as_enemy,4,15,0.267
975,Беловодский вестник,Bilovodsk,2026-05-01,children_and_militarization,1,15,0.067
975,Беловодский вестник,Bilovodsk,2026-05-01,leadership_and_loyalty,86,15,5.733
976,Беловодский вестник,Bilovodsk,2026-05-08,recruitment_and_contract_service,4,15,0.267
976,Беловодский вестник,Bilovodsk,2026-05-08,passportization_and_documents,3,15,0.2
976,Беловодский вестник,Bilovodsk,2026-05-08,elections_and_administration,1,15,0.067
976,Беловодский вестник,Bilovodsk,2026-05-08,reconstruction_and_integration,11,15,0.733
976,Беловодский вестник,Bilovodsk,2026-05-08,ukraine_as_enemy,3,15,0.2
976,Беловодский вестник,Bilovodsk,2026-05-08,children_and_militarization,1,15,0.067
976,Беловодский вестник,Bilovodsk,2026-05-08,leadership_and_loyalty,101,15,6.733
977,Беловодский вестник,Bilovodsk,2026-05-15,recruitment_and_contract_service,4,16,0.25
977,Беловодский вестник,Bilovodsk,2026-05-15,passportization_and_documents,18,16,1.125
977,Беловодский вестник,Bilovodsk,2026-05-15,elections_and_administration,13,16,0.812
977,Беловодский вестник,Bilovodsk,2026-05-15,reconstruction_and_integration,16,16,1.0
977,Беловодский вестник,Bilovodsk,2026-05-15,ukraine_as_enemy,2,16,0.125
977,Беловодский вестник,Bilovodsk,2026-05-15,children_and_militarization,1,16,0.062
977,Беловодский вестник,Bilovodsk,2026-05-15,leadership_and_loyalty,61,16,3.812
978,Беловодский вестник,Bilovodsk,2026-05-22,recruitment_and_contract_service,0,15,0.0
978,Беловодский вестник,Bilovodsk,2026-05-22,passportization_and_documents,12,15,0.8
978,Беловодский вестник,Bilovodsk,2026-05-22,elections_and_administration,9,15,0.6
978,Беловодский вестник,Bilovodsk,2026-05-22,reconstruction_and_integration,10,15,0.667
978,Беловодский вестник,Bilovodsk,2026-05-22,ukraine_as_enemy,5,15,0.333
978,Беловодский вестник,Bilovodsk,2026-05-22,children_and_militarization,8,15,0.533
978,Беловодский вестник,Bilovodsk,2026-05-22,leadership_and_loyalty,111,15,7.4
979,Беловодский вестник,Bilovodsk,2026-05-27,recruitment_and_contract_service,0,15,0.0
979,Беловодский вестник,Bilovodsk,2026-05-27,passportization_and_documents,34,15,2.267
979,Беловодский вестник,Bilovodsk,2026-05-27,elections_and_administration,7,15,0.467
979,Беловодский вестник,Bilovodsk,2026-05-27,reconstruction_and_integration,4,15,0.267
979,Беловодский вестник,Bilovodsk,2026-05-27,ukraine_as_enemy,8,15,0.533
979,Беловодский вестник,Bilovodsk,2026-05-27,children_and_militarization,6,15,0.4
979,Беловодский вестник,Bilovodsk,2026-05-27,leadership_and_loyalty,48,15,3.2
980,Белокуракинский вестник,Bilokurakyne,2026-04-03,recruitment_and_contract_service,6,15,0.4
980,Белокуракинский вестник,Bilokurakyne,2026-04-03,passportization_and_documents,7,15,0.467
980,Белокуракинский вестник,Bilokurakyne,2026-04-03,elections_and_administration,6,15,0.4
980,Белокуракинский вестник,Bilokurakyne,2026-04-03,reconstruction_and_integration,11,15,0.733
980,Белокуракинский вестник,Bilokurakyne,2026-04-03,ukraine_as_enemy,2,15,0.133
980,Белокуракинский вестник,Bilokurakyne,2026-04-03,children_and_militarization,2,15,0.133
980,Белокуракинский вестник,Bilokurakyne,2026-04-03,leadership_and_loyalty,65,15,4.333
981,Белокуракинский вестник,Bilokurakyne,2026-06-05,recruitment_and_contract_service,2,15,0.133
981,Белокуракинский вестник,Bilokurakyne,2026-06-05,passportization_and_documents,13,15,0.867
981,Белокуракинский вестник,Bilokurakyne,2026-06-05,elections_and_administration,4,15,0.267
981,Белокуракинский вестник,Bilokurakyne,2026-06-05,reconstruction_and_integration,6,15,0.4
981,Белокуракинский вестник,Bilokurakyne,2026-06-05,ukraine_as_enemy,10,15,0.667
981,Белокуракинский вестник,Bilokurakyne,2026-06-05,children_and_militarization,5,15,0.333
981,Белокуракинский вестник,Bilokurakyne,2026-06-05,leadership_and_loyalty,94,15,6.267
982,Белокуракинский вестник,Bilokurakyne,2026-06-10,recruitment_and_contract_service,1,15,0.067
982,Белокуракинский вестник,Bilokurakyne,2026-06-10,passportization_and_documents,5,15,0.333
982,Белокуракинский вестник,Bilokurakyne,2026-06-10,elections_and_administration,4,15,0.267
982,Белокуракинский вестник,Bilokurakyne,2026-06-10,reconstruction_and_integration,21,15,1.4
982,Белокуракинский вестник,Bilokurakyne,2026-06-10,ukraine_as_enemy,1,15,0.067
982,Белокуракинский вестник,Bilokurakyne,2026-06-10,children_and_militarization,3,15,0.2
982,Белокуракинский вестник,Bilokurakyne,2026-06-10,leadership_and_loyalty,76,15,5.067
983,Белокуракинский вестник,Bilokurakyne,2026-06-17,recruitment_and_contract_service,1,15,0.067
983,Белокуракинский вестник,Bilokurakyne,2026-06-17,passportization_and_documents,27,15,1.8
983,Белокуракинский вестник,Bilokurakyne,2026-06-17,elections_and_administration,0,15,0.0
983,Белокуракинский вестник,Bilokurakyne,2026-06-17,reconstruction_and_integration,9,15,0.6
983,Белокуракинский вестник,Bilokurakyne,2026-06-17,ukraine_as_enemy,1,15,0.067
983,Белокуракинский вестник,Bilokurakyne,2026-06-17,children_and_militarization,3,15,0.2
983,Белокуракинский вестник,Bilokurakyne,2026-06-17,leadership_and_loyalty,87,15,5.8
984,Белокуракинский вестник,Bilokurakyne,2025-09-01,recruitment_and_contract_service,0,15,0.0
984,Белокуракинский вестник,Bilokurakyne,2025-09-01,passportization_and_documents,12,15,0.8
984,Белокуракинский вестник,Bilokurakyne,2025-09-01,elections_and_administration,8,15,0.533
984,Белокуракинский вестник,Bilokurakyne,2025-09-01,reconstruction_and_integration,4,15,0.267
984,Белокуракинский вестник,Bilokurakyne,2025-09-01,ukraine_as_enemy,3,15,0.2
984,Белокуракинский вестник,Bilokurakyne,2025-09-01,children_and_militarization,5,15,0.333
984,Белокуракинский вестник,Bilokurakyne,2025-09-01,leadership_and_loyalty,88,15,5.867
985,Белокуракинский вестник,Bilokurakyne,2026-04-29,recruitment_and_contract_service,1,15,0.067
985,Белокуракинский вестник,Bilokurakyne,2026-04-29,passportization_and_documents,7,15,0.467
985,Белокуракинский вестник,Bilokurakyne,2026-04-29,elections_and_administration,11,15,0.733
985,Белокуракинский вестник,Bilokurakyne,2026-04-29,reconstruction_and_integration,10,15,0.667
985,Белокуракинский вестник,Bilokurakyne,2026-04-29,ukraine_as_enemy,3,15,0.2
985,Белокуракинский вестник,Bilokurakyne,2026-04-29,children_and_militarization,2,15,0.133
985,Белокуракинский вестник,Bilokurakyne,2026-04-29,leadership_and_loyalty,77,15,5.133
986,Белокуракинский вестник,Bilokurakyne,2026-05-01,recruitment_and_contract_service,2,15,0.133
986,Белокуракинский вестник,Bilokurakyne,2026-05-01,passportization_and_documents,9,15,0.6
986,Белокуракинский вестник,Bilokurakyne,2026-05-01,elections_and_administration,0,15,0.0
986,Белокуракинский вестник,Bilokurakyne,2026-05-01,reconstruction_and_integration,8,15,0.533
986,Белокуракинский вестник,Bilokurakyne,2026-05-01,ukraine_as_enemy,1,15,0.067
986,Белокуракинский вестник,Bilokurakyne,2026-05-01,children_and_militarization,8,15,0.533
986,Белокуракинский вестник,Bilokurakyne,2026-05-01,leadership_and_loyalty,74,15,4.933
987,Белокуракинский вестник,Bilokurakyne,2026-07-01,recruitment_and_contract_service,3,16,0.188
987,Белокуракинский вестник,Bilokurakyne,2026-07-01,passportization_and_documents,19,16,1.188
987,Белокуракинский вестник,Bilokurakyne,2026-07-01,elections_and_administration,7,16,0.438
987,Белокуракинский вестник,Bilokurakyne,2026-07-01,reconstruction_and_integration,9,16,0.562
987,Белокуракинский вестник,Bilokurakyne,2026-07-01,ukraine_as_enemy,4,16,0.25
987,Белокуракинский вестник,Bilokurakyne,2026-07-01,children_and_militarization,9,16,0.562
987,Белокуракинский вестник,Bilokurakyne,2026-07-01,leadership_and_loyalty,78,16,4.875
988,Белокуракинский вестник,Bilokurakyne,2026-05-22,recruitment_and_contract_service,0,15,0.0
988,Белокуракинский вестник,Bilokurakyne,2026-05-22,passportization_and_documents,17,15,1.133
988,Белокуракинский вестник,Bilokurakyne,2026-05-22,elections_and_administration,11,15,0.733
988,Белокуракинский вестник,Bilokurakyne,2026-05-22,reconstruction_and_integration,13,15,0.867
988,Белокуракинский вестник,Bilokurakyne,2026-05-22,ukraine_as_enemy,1,15,0.067
988,Белокуракинский вестник,Bilokurakyne,2026-05-22,children_and_militarization,3,15,0.2
988,Белокуракинский вестник,Bilokurakyne,2026-05-22,leadership_and_loyalty,81,15,5.4
989,Белокуракинский вестник,Bilokurakyne,2026-05-27,recruitment_and_contract_service,1,15,0.067
989,Белокуракинский вестник,Bilokurakyne,2026-05-27,passportization_and_documents,35,15,2.333
989,Белокуракинский вестник,Bilokurakyne,2026-05-27,elections_and_administration,4,15,0.267
989,Белокуракинский вестник,Bilokurakyne,2026-05-27,reconstruction_and_integration,11,15,0.733
989,Белокуракинский вестник,Bilokurakyne,2026-05-27,ukraine_as_enemy,9,15,0.6
989,Белокуракинский вестник,Bilokurakyne,2026-05-27,children_and_militarization,2,15,0.133
989,Белокуракинский вестник,Bilokurakyne,2026-05-27,leadership_and_loyalty,57,15,3.8
990,Белокуракинский вестник,Bilokurakyne,2026-06-01,recruitment_and_contract_service,0,15,0.0
990,Белокуракинский вестник,Bilokurakyne,2026-06-01,passportization_and_documents,11,15,0.733
990,Белокуракинский вестник,Bilokurakyne,2026-06-01,elections_and_administration,2,15,0.133
990,Белокуракинский вестник,Bilokurakyne,2026-06-01,reconstruction_and_integration,20,15,1.333
990,Белокуракинский вестник,Bilokurakyne,2026-06-01,ukraine_as_enemy,1,15,0.067
990,Белокуракинский вестник,Bilokurakyne,2026-06-01,children_and_militarization,5,15,0.333
990,Белокуракинский вестник,Bilokurakyne,2026-06-01,leadership_and_loyalty,73,15,4.867
991,Вестник Северодонецка,Sievierodonetsk,2026-04-01,recruitment_and_contract_service,1,15,0.067
991,Вестник Северодонецка,Sievierodonetsk,2026-04-01,passportization_and_documents,5,15,0.333
991,Вестник Северодонецка,Sievierodonetsk,2026-04-01,elections_and_administration,14,15,0.933
991,Вестник Северодонецка,Sievierodonetsk,2026-04-01,reconstruction_and_integration,20,15,1.333
991,Вестник Северодонецка,Sievierodonetsk,2026-04-01,ukraine_as_enemy,7,15,0.467
991,Вестник Северодонецка,Sievierodonetsk,2026-04-01,children_and_militarization,0,15,0.0
991,Вестник Северодонецка,Sievierodonetsk,2026-04-01,leadership_and_loyalty,67,15,4.467
992,Вестник Северодонецка,Sievierodonetsk,2026-04-08,recruitment_and_contract_service,0,15,0.0
992,Вестник Северодонецка,Sievierodonetsk,2026-04-08,passportization_and_documents,13,15,0.867
992,Вестник Северодонецка,Sievierodonetsk,2026-04-08,elections_and_administration,21,15,1.4
992,Вестник Северодонецка,Sievierodonetsk,2026-04-08,reconstruction_and_integration,13,15,0.867
992,Вестник Северодонецка,Sievierodonetsk,2026-04-08,ukraine_as_enemy,3,15,0.2
992,Вестник Северодонецка,Sievierodonetsk,2026-04-08,children_and_militarization,5,15,0.333
992,Вестник Северодонецка,Sievierodonetsk,2026-04-08,leadership_and_loyalty,69,15,4.6
993,Вестник Северодонецка,Sievierodonetsk,2026-04-15,recruitment_and_contract_service,1,15,0.067
993,Вестник Северодонецка,Sievierodonetsk,2026-04-15,passportization_and_documents,11,15,0.733
993,Вестник Северодонецка,Sievierodonetsk,2026-04-15,elections_and_administration,8,15,0.533
993,Вестник Северодонецка,Sievierodonetsk,2026-04-15,reconstruction_and_integration,30,15,2.0
993,Вестник Северодонецка,Sievierodonetsk,2026-04-15,ukraine_as_enemy,3,15,0.2
993,Вестник Северодонецка,Sievierodonetsk,2026-04-15,children_and_militarization,3,15,0.2
993,Вестник Северодонецка,Sievierodonetsk,2026-04-15,leadership_and_loyalty,86,15,5.733
994,Вестник Северодонецка,Sievierodonetsk,2026-04-22,recruitment_and_contract_service,0,15,0.0
994,Вестник Северодонецка,Sievierodonetsk,2026-04-22,passportization_and_documents,11,15,0.733
994,Вестник Северодонецка,Sievierodonetsk,2026-04-22,elections_and_administration,19,15,1.267
994,Вестник Северодонецка,Sievierodonetsk,2026-04-22,reconstruction_and_integration,15,15,1.0
994,Вестник Северодонецка,Sievierodonetsk,2026-04-22,ukraine_as_enemy,3,15,0.2
994,Вестник Северодонецка,Sievierodonetsk,2026-04-22,children_and_militarization,14,15,0.933
994,Вестник Северодонецка,Sievierodonetsk,2026-04-22,leadership_and_loyalty,77,15,5.133
995,Вестник Северодонецка,Sievierodonetsk,2026-04-29,recruitment_and_contract_service,1,15,0.067
995,Вестник Северодонецка,Sievierodonetsk,2026-04-29,passportization_and_documents,13,15,0.867
995,Вестник Северодонецка,Sievierodonetsk,2026-04-29,elections_and_administration,16,15,1.067
995,Вестник Северодонецка,Sievierodonetsk,2026-04-29,reconstruction_and_integration,8,15,0.533
995,Вестник Северодонецка,Sievierodonetsk,2026-04-29,ukraine_as_enemy,3,15,0.2
995,Вестник Северодонецка,Sievierodonetsk,2026-04-29,children_and_militarization,4,15,0.267
995,Вестник Северодонецка,Sievierodonetsk,2026-04-29,leadership_and_loyalty,85,15,5.667
996,Восточный Донбасс,Dovzhansk,2026-04-15,recruitment_and_contract_service,0,23,0.0
996,Восточный Донбасс,Dovzhansk,2026-04-15,passportization_and_documents,16,23,0.696
996,Восточный Донбасс,Dovzhansk,2026-04-15,elections_and_administration,4,23,0.174
996,Восточный Донбасс,Dovzhansk,2026-04-15,reconstruction_and_integration,17,23,0.739
996,Восточный Донбасс,Dovzhansk,2026-04-15,ukraine_as_enemy,1,23,0.043
996,Восточный Донбасс,Dovzhansk,2026-04-15,children_and_militarization,5,23,0.217
996,Восточный Донбасс,Dovzhansk,2026-04-15,leadership_and_loyalty,93,23,4.043
997,Восточный Донбасс,Dovzhansk,2026-04-01,recruitment_and_contract_service,4,23,0.174
997,Восточный Донбасс,Dovzhansk,2026-04-01,passportization_and_documents,4,23,0.174
997,Восточный Донбасс,Dovzhansk,2026-04-01,elections_and_administration,7,23,0.304
997,Восточный Донбасс,Dovzhansk,2026-04-01,reconstruction_and_integration,33,23,1.435
997,Восточный Донбасс,Dovzhansk,2026-04-01,ukraine_as_enemy,2,23,0.087
997,Восточный Донбасс,Dovzhansk,2026-04-01,children_and_militarization,1,23,0.043
997,Восточный Донбасс,Dovzhansk,2026-04-01,leadership_and_loyalty,83,23,3.609
998,Восточный Донбасс,Dovzhansk,2026-06-03,recruitment_and_contract_service,3,23,0.13
998,Восточный Донбасс,Dovzhansk,2026-06-03,passportization_and_documents,9,23,0.391
998,Восточный Донбасс,Dovzhansk,2026-06-03,elections_and_administration,9,23,0.391
998,Восточный Донбасс,Dovzhansk,2026-06-03,reconstruction_and_integration,10,23,0.435
998,Восточный Донбасс,Dovzhansk,2026-06-03,ukraine_as_enemy,6,23,0.261
998,Восточный Донбасс,Dovzhansk,2026-06-03,children_and_militarization,13,23,0.565
998,Восточный Донбасс,Dovzhansk,2026-06-03,leadership_and_loyalty,140,23,6.087
999,Восточный Донбасс,Dovzhansk,2026-06-10,recruitment_and_contract_service,1,23,0.043
999,Восточный Донбасс,Dovzhansk,2026-06-10,passportization_and_documents,16,23,0.696
999,Восточный Донбасс,Dovzhansk,2026-06-10,elections_and_administration,5,23,0.217
999,Восточный Донбасс,Dovzhansk,2026-06-10,reconstruction_and_integration,29,23,1.261
999,Восточный Донбасс,Dovzhansk,2026-06-10,ukraine_as_enemy,2,23,0.087
999,Восточный Донбасс,Dovzhansk,2026-06-10,children_and_militarization,8,23,0.348
999,Восточный Донбасс,Dovzhansk,2026-06-10,leadership_and_loyalty,86,23,3.739
1000,Восточный Донбасс,Dovzhansk,2026-06-17,recruitment_and_contract_service,1,23,0.043
1000,Восточный Донбасс,Dovzhansk,2026-06-17,passportization_and_documents,13,23,0.565
1000,Восточный Донбасс,Dovzhansk,2026-06-17,elections_and_administration,3,23,0.13
1000,Восточный Донбасс,Dovzhansk,2026-06-17,reconstruction_and_integration,18,23,0.783
1000,Восточный Донбасс,Dovzhansk,2026-06-17,ukraine_as_enemy,0,23,0.0
1000,Восточный Донбасс,Dovzhansk,2026-06-17,children_and_militarization,1,23,0.043
1000,Восточный Донбасс,Dovzhansk,2026-06-17,leadership_and_loyalty,81,23,3.522
1001,Восточный Донбасс,Dovzhansk,2026-04-22,recruitment_and_contract_service,3,23,0.13
1001,Восточный Донбасс,Dovzhansk,2026-04-22,passportization_and_documents,13,23,0.565
1001,Восточный Донбасс,Dovzhansk,2026-04-22,elections_and_administration,13,23,0.565
1001,Восточный Донбасс,Dovzhansk,2026-04-22,reconstruction_and_integration,31,23,1.348
1001,Восточный Донбасс,Dovzhansk,2026-04-22,ukraine_as_enemy,0,23,0.0
1001,Восточный Донбасс,Dovzhansk,2026-04-22,children_and_militarization,9,23,0.391
1001,Восточный Донбасс,Dovzhansk,2026-04-22,leadership_and_loyalty,79,23,3.435
1002,Восточный Донбасс,Dovzhansk,2026-04-29,recruitment_and_contract_service,2,23,0.087
1002,Восточный Донбасс,Dovzhansk,2026-04-29,passportization_and_documents,11,23,0.478
1002,Восточный Донбасс,Dovzhansk,2026-04-29,elections_and_administration,17,23,0.739
1002,Восточный Донбасс,Dovzhansk,2026-04-29,reconstruction_and_integration,17,23,0.739
1002,Восточный Донбасс,Dovzhansk,2026-04-29,ukraine_as_enemy,1,23,0.043
1002,Восточный Донбасс,Dovzhansk,2026-04-29,children_and_militarization,8,23,0.348
1002,Восточный Донбасс,Dovzhansk,2026-04-29,leadership_and_loyalty,101,23,4.391
1003,Восточный Донбасс,Dovzhansk,2026-05-06,recruitment_and_contract_service,3,23,0.13
1003,Восточный Донбасс,Dovzhansk,2026-05-06,passportization_and_documents,7,23,0.304
1003,Восточный Донбасс,Dovzhansk,2026-05-06,elections_and_administration,3,23,0.13
1003,Восточный Донбасс,Dovzhansk,2026-05-06,reconstruction_and_integration,17,23,0.739
1003,Восточный Донбасс,Dovzhansk,2026-05-06,ukraine_as_enemy,1,23,0.043
1003,Восточный Донбасс,Dovzhansk,2026-05-06,children_and_militarization,2,23,0.087
1003,Восточный Донбасс,Dovzhansk,2026-05-06,leadership_and_loyalty,120,23,5.217
1004,Восточный Донбасс,Dovzhansk,2026-05-13,recruitment_and_contract_service,8,24,0.333
1004,Восточный Донбасс,Dovzhansk,2026-05-13,passportization_and_documents,13,24,0.542
1004,Восточный Донбасс,Dovzhansk,2026-05-13,elections_and_administration,23,24,0.958
1004,Восточный Донбасс,Dovzhansk,2026-05-13,reconstruction_and_integration,26,24,1.083
1004,Восточный Донбасс,Dovzhansk,2026-05-13,ukraine_as_enemy,6,24,0.25
1004,Восточный Донбасс,Dovzhansk,2026-05-13,children_and_militarization,5,24,0.208
1004,Восточный Донбасс,Dovzhansk,2026-05-13,leadership_and_loyalty,89,24,3.708
1005,Восточный Донбасс,Dovzhansk,2026-05-20,recruitment_and_contract_service,0,23,0.0
1005,Восточный Донбасс,Dovzhansk,2026-05-20,passportization_and_documents,16,23,0.696
1005,Восточный Донбасс,Dovzhansk,2026-05-20,elections_and_administration,9,23,0.391
1005,Восточный Донбасс,Dovzhansk,2026-05-20,reconstruction_and_integration,28,23,1.217
1005,Восточный Донбасс,Dovzhansk,2026-05-20,ukraine_as_enemy,1,23,0.043
1005,Восточный Донбасс,Dovzhansk,2026-05-20,children_and_militarization,2,23,0.087
1005,Восточный Донбасс,Dovzhansk,2026-05-20,leadership_and_loyalty,96,23,4.174
1006,Восточный Донбасс,Dovzhansk,2026-05-27,recruitment_and_contract_service,0,23,0.0
1006,Восточный Донбасс,Dovzhansk,2026-05-27,passportization_and_documents,21,23,0.913
1006,Восточный Донбасс,Dovzhansk,2026-05-27,elections_and_administration,5,23,0.217
1006,Восточный Донбасс,Dovzhansk,2026-05-27,reconstruction_and_integration,18,23,0.783
1006,Восточный Донбасс,Dovzhansk,2026-05-27,ukraine_as_enemy,9,23,0.391
1006,Восточный Донбасс,Dovzhansk,2026-05-27,children_and_militarization,6,23,0.261
1006,Восточный Донбасс,Dovzhansk,2026-05-27,leadership_and_loyalty,69,23,3.0
1007,Вперёд. Ровеньки,Rovenky,2026-04-02,recruitment_and_contract_service,5,15,0.333
1007,Вперёд. Ровеньки,Rovenky,2026-04-02,passportization_and_documents,8,15,0.533
1007,Вперёд. Ровеньки,Rovenky,2026-04-02,elections_and_administration,8,15,0.533
1007,Вперёд. Ровеньки,Rovenky,2026-04-02,reconstruction_and_integration,8,15,0.533
1007,Вперёд. Ровеньки,Rovenky,2026-04-02,ukraine_as_enemy,2,15,0.133
1007,Вперёд. Ровеньки,Rovenky,2026-04-02,children_and_militarization,5,15,0.333
1007,Вперёд. Ровеньки,Rovenky,2026-04-02,leadership_and_loyalty,69,15,4.6
1008,Вперёд. Ровеньки,Rovenky,2026-04-09,recruitment_and_contract_service,12,15,0.8
1008,Вперёд. Ровеньки,Rovenky,2026-04-09,passportization_and_documents,21,15,1.4
1008,Вперёд. Ровеньки,Rovenky,2026-04-09,elections_and_administration,11,15,0.733
1008,Вперёд. Ровеньки,Rovenky,2026-04-09,reconstruction_and_integration,25,15,1.667
1008,Вперёд. Ровеньки,Rovenky,2026-04-09,ukraine_as_enemy,3,15,0.2
1008,Вперёд. Ровеньки,Rovenky,2026-04-09,children_and_militarization,3,15,0.2
1008,Вперёд. Ровеньки,Rovenky,2026-04-09,leadership_and_loyalty,76,15,5.067
1009,Вперёд. Ровеньки,Rovenky,2026-04-16,recruitment_and_contract_service,0,15,0.0
1009,Вперёд. Ровеньки,Rovenky,2026-04-16,passportization_and_documents,7,15,0.467
1009,Вперёд. Ровеньки,Rovenky,2026-04-16,elections_and_administration,1,15,0.067
1009,Вперёд. Ровеньки,Rovenky,2026-04-16,reconstruction_and_integration,20,15,1.333
1009,Вперёд. Ровеньки,Rovenky,2026-04-16,ukraine_as_enemy,2,15,0.133
1009,Вперёд. Ровеньки,Rovenky,2026-04-16,children_and_militarization,6,15,0.4
1009,Вперёд. Ровеньки,Rovenky,2026-04-16,leadership_and_loyalty,83,15,5.533
1010,Вперёд. Ровеньки,Rovenky,2026-04-23,recruitment_and_contract_service,1,15,0.067
1010,Вперёд. Ровеньки,Rovenky,2026-04-23,passportization_and_documents,27,15,1.8
1010,Вперёд. Ровеньки,Rovenky,2026-04-23,elections_and_administration,5,15,0.333
1010,Вперёд. Ровеньки,Rovenky,2026-04-23,reconstruction_and_integration,19,15,1.267
1010,Вперёд. Ровеньки,Rovenky,2026-04-23,ukraine_as_enemy,0,15,0.0
1010,Вперёд. Ровеньки,Rovenky,2026-04-23,children_and_militarization,3,15,0.2
1010,Вперёд. Ровеньки,Rovenky,2026-04-23,leadership_and_loyalty,83,15,5.533
1011,Вперёд. Ровеньки,Rovenky,2026-04-30,recruitment_and_contract_service,1,15,0.067
1011,Вперёд. Ровеньки,Rovenky,2026-04-30,passportization_and_documents,13,15,0.867
1011,Вперёд. Ровеньки,Rovenky,2026-04-30,elections_and_administration,20,15,1.333
1011,Вперёд. Ровеньки,Rovenky,2026-04-30,reconstruction_and_integration,13,15,0.867
1011,Вперёд. Ровеньки,Rovenky,2026-04-30,ukraine_as_enemy,2,15,0.133
1011,Вперёд. Ровеньки,Rovenky,2026-04-30,children_and_militarization,1,15,0.067
1011,Вперёд. Ровеньки,Rovenky,2026-04-30,leadership_and_loyalty,72,15,4.8
1012,Восточный Донбасс,Dovzhansk,2026-04-08,recruitment_and_contract_service,0,23,0.0
1012,Восточный Донбасс,Dovzhansk,2026-04-08,passportization_and_documents,12,23,0.522
1012,Восточный Донбасс,Dovzhansk,2026-04-08,elections_and_administration,18,23,0.783
1012,Восточный Донбасс,Dovzhansk,2026-04-08,reconstruction_and_integration,32,23,1.391
1012,Восточный Донбасс,Dovzhansk,2026-04-08,ukraine_as_enemy,4,23,0.174
1012,Восточный Донбасс,Dovzhansk,2026-04-08,children_and_militarization,3,23,0.13
1012,Восточный Донбасс,Dovzhansk,2026-04-08,leadership_and_loyalty,85,23,3.696
1013,Кировск сегодня,Kadiivka,2026-04-02,recruitment_and_contract_service,1,15,0.067
1013,Кировск сегодня,Kadiivka,2026-04-02,passportization_and_documents,9,15,0.6
1013,Кировск сегодня,Kadiivka,2026-04-02,elections_and_administration,7,15,0.467
1013,Кировск сегодня,Kadiivka,2026-04-02,reconstruction_and_integration,13,15,0.867
1013,Кировск сегодня,Kadiivka,2026-04-02,ukraine_as_enemy,2,15,0.133
1013,Кировск сегодня,Kadiivka,2026-04-02,children_and_militarization,12,15,0.8
1013,Кировск сегодня,Kadiivka,2026-04-02,leadership_and_loyalty,83,15,5.533
1014,Кировск сегодня,Kadiivka,2026-04-09,recruitment_and_contract_service,0,15,0.0
1014,Кировск сегодня,Kadiivka,2026-04-09,passportization_and_documents,10,15,0.667
1014,Кировск сегодня,Kadiivka,2026-04-09,elections_and_administration,9,15,0.6
1014,Кировск сегодня,Kadiivka,2026-04-09,reconstruction_and_integration,10,15,0.667
1014,Кировск сегодня,Kadiivka,2026-04-09,ukraine_as_enemy,3,15,0.2
1014,Кировск сегодня,Kadiivka,2026-04-09,children_and_militarization,9,15,0.6
1014,Кировск сегодня,Kadiivka,2026-04-09,leadership_and_loyalty,91,15,6.067
1015,Кировск сегодня,Kadiivka,2026-04-16,recruitment_and_contract_service,0,15,0.0
1015,Кировск сегодня,Kadiivka,2026-04-16,passportization_and_documents,28,15,1.867
1015,Кировск сегодня,Kadiivka,2026-04-16,elections_and_administration,3,15,0.2
1015,Кировск сегодня,Kadiivka,2026-04-16,reconstruction_and_integration,21,15,1.4
1015,Кировск сегодня,Kadiivka,2026-04-16,ukraine_as_enemy,1,15,0.067
1015,Кировск сегодня,Kadiivka,2026-04-16,children_and_militarization,5,15,0.333
1015,Кировск сегодня,Kadiivka,2026-04-16,leadership_and_loyalty,90,15,6.0
1016,Кировск сегодня,Kadiivka,2026-04-23,recruitment_and_contract_service,0,15,0.0
1016,Кировск сегодня,Kadiivka,2026-04-23,passportization_and_documents,18,15,1.2
1016,Кировск сегодня,Kadiivka,2026-04-23,elections_and_administration,10,15,0.667
1016,Кировск сегодня,Kadiivka,2026-04-23,reconstruction_and_integration,22,15,1.467
1016,Кировск сегодня,Kadiivka,2026-04-23,ukraine_as_enemy,0,15,0.0
1016,Кировск сегодня,Kadiivka,2026-04-23,children_and_militarization,10,15,0.667
1016,Кировск сегодня,Kadiivka,2026-04-23,leadership_and_loyalty,80,15,5.333
1017,Кировск сегодня,Kadiivka,2026-04-30,recruitment_and_contract_service,1,15,0.067
1017,Кировск сегодня,Kadiivka,2026-04-30,passportization_and_documents,19,15,1.267
1017,Кировск сегодня,Kadiivka,2026-04-30,elections_and_administration,13,15,0.867
1017,Кировск сегодня,Kadiivka,2026-04-30,reconstruction_and_integration,13,15,0.867
1017,Кировск сегодня,Kadiivka,2026-04-30,ukraine_as_enemy,2,15,0.133
1017,Кировск сегодня,Kadiivka,2026-04-30,children_and_militarization,6,15,0.4
1017,Кировск сегодня,Kadiivka,2026-04-30,leadership_and_loyalty,80,15,5.333
1018,Красный Луч,Khrustalnyi,2026-04-02,recruitment_and_contract_service,1,23,0.043
1018,Красный Луч,Khrustalnyi,2026-04-02,passportization_and_documents,11,23,0.478
1018,Красный Луч,Khrustalnyi,2026-04-02,elections_and_administration,6,23,0.261
1018,Красный Луч,Khrustalnyi,2026-04-02,reconstruction_and_integration,16,23,0.696
1018,Красный Луч,Khrustalnyi,2026-04-02,ukraine_as_enemy,2,23,0.087
1018,Красный Луч,Khrustalnyi,2026-04-02,children_and_militarization,18,23,0.783
1018,Красный Луч,Khrustalnyi,2026-04-02,leadership_and_loyalty,136,23,5.913
1019,Красный Луч,Khrustalnyi,2026-04-09,recruitment_and_contract_service,8,23,0.348
1019,Красный Луч,Khrustalnyi,2026-04-09,passportization_and_documents,19,23,0.826
1019,Красный Луч,Khrustalnyi,2026-04-09,elections_and_administration,10,23,0.435
1019,Красный Луч,Khrustalnyi,2026-04-09,reconstruction_and_integration,16,23,0.696
1019,Красный Луч,Khrustalnyi,2026-04-09,ukraine_as_enemy,4,23,0.174
1019,Красный Луч,Khrustalnyi,2026-04-09,children_and_militarization,15,23,0.652
1019,Красный Луч,Khrustalnyi,2026-04-09,leadership_and_loyalty,108,23,4.696
1020,Красный Луч,Khrustalnyi,2026-04-16,recruitment_and_contract_service,12,23,0.522
1020,Красный Луч,Khrustalnyi,2026-04-16,passportization_and_documents,23,23,1.0
1020,Красный Луч,Khrustalnyi,2026-04-16,elections_and_administration,3,23,0.13
1020,Красный Луч,Khrustalnyi,2026-04-16,reconstruction_and_integration,29,23,1.261
1020,Красный Луч,Khrustalnyi,2026-04-16,ukraine_as_enemy,1,23,0.043
1020,Красный Луч,Khrustalnyi,2026-04-16,children_and_militarization,12,23,0.522
1020,Красный Луч,Khrustalnyi,2026-04-16,leadership_and_loyalty,126,23,5.478
1021,Красный Луч,Khrustalnyi,2026-04-23,recruitment_and_contract_service,6,23,0.261
1021,Красный Луч,Khrustalnyi,2026-04-23,passportization_and_documents,18,23,0.783
1021,Красный Луч,Khrustalnyi,2026-04-23,elections_and_administration,15,23,0.652
1021,Красный Луч,Khrustalnyi,2026-04-23,reconstruction_and_integration,30,23,1.304
1021,Красный Луч,Khrustalnyi,2026-04-23,ukraine_as_enemy,2,23,0.087
1021,Красный Луч,Khrustalnyi,2026-04-23,children_and_militarization,16,23,0.696
1021,Красный Луч,Khrustalnyi,2026-04-23,leadership_and_loyalty,81,23,3.522
1022,Красный Луч,Khrustalnyi,2026-04-30,recruitment_and_contract_service,1,23,0.043
1022,Красный Луч,Khrustalnyi,2026-04-30,passportization_and_documents,14,23,0.609
1022,Красный Луч,Khrustalnyi,2026-04-30,elections_and_administration,13,23,0.565
1022,Красный Луч,Khrustalnyi,2026-04-30,reconstruction_and_integration,37,23,1.609
1022,Красный Луч,Khrustalnyi,2026-04-30,ukraine_as_enemy,2,23,0.087
1022,Красный Луч,Khrustalnyi,2026-04-30,children_and_militarization,19,23,0.826
1022,Красный Луч,Khrustalnyi,2026-04-30,leadership_and_loyalty,123,23,5.348
1023,Марковский вестник,Markivka,2026-04-03,recruitment_and_contract_service,1,15,0.067
1023,Марковский вестник,Markivka,2026-04-03,passportization_and_documents,3,15,0.2
1023,Марковский вестник,Markivka,2026-04-03,elections_and_administration,8,15,0.533
1023,Марковский вестник,Markivka,2026-04-03,reconstruction_and_integration,14,15,0.933
1023,Марковский вестник,Markivka,2026-04-03,ukraine_as_enemy,2,15,0.133
1023,Марковский вестник,Markivka,2026-04-03,children_and_militarization,6,15,0.4
1023,Марковский вестник,Markivka,2026-04-03,leadership_and_loyalty,64,15,4.267
1024,Марковский вестник,Markivka,2026-04-10,recruitment_and_contract_service,0,15,0.0
1024,Марковский вестник,Markivka,2026-04-10,passportization_and_documents,15,15,1.0
1024,Марковский вестник,Markivka,2026-04-10,elections_and_administration,12,15,0.8
1024,Марковский вестник,Markivka,2026-04-10,reconstruction_and_integration,11,15,0.733
1024,Марковский вестник,Markivka,2026-04-10,ukraine_as_enemy,5,15,0.333
1024,Марковский вестник,Markivka,2026-04-10,children_and_militarization,5,15,0.333
1024,Марковский вестник,Markivka,2026-04-10,leadership_and_loyalty,72,15,4.8
1025,Марковский вестник,Markivka,2026-04-24,recruitment_and_contract_service,0,15,0.0
1025,Марковский вестник,Markivka,2026-04-24,passportization_and_documents,19,15,1.267
1025,Марковский вестник,Markivka,2026-04-24,elections_and_administration,9,15,0.6
1025,Марковский вестник,Markivka,2026-04-24,reconstruction_and_integration,10,15,0.667
1025,Марковский вестник,Markivka,2026-04-24,ukraine_as_enemy,0,15,0.0
1025,Марковский вестник,Markivka,2026-04-24,children_and_militarization,11,15,0.733
1025,Марковский вестник,Markivka,2026-04-24,leadership_and_loyalty,61,15,4.067
1026,Марковский вестник,Markivka,2026-05-01,recruitment_and_contract_service,1,15,0.067
1026,Марковский вестник,Markivka,2026-05-01,passportization_and_documents,12,15,0.8
1026,Марковский вестник,Markivka,2026-05-01,elections_and_administration,13,15,0.867
1026,Марковский вестник,Markivka,2026-05-01,reconstruction_and_integration,16,15,1.067
1026,Марковский вестник,Markivka,2026-05-01,ukraine_as_enemy,4,15,0.267
1026,Марковский вестник,Markivka,2026-05-01,children_and_militarization,4,15,0.267
1026,Марковский вестник,Markivka,2026-05-01,leadership_and_loyalty,81,15,5.4
1027,Марковский вестник,Markivka,2026-04-17,recruitment_and_contract_service,0,15,0.0
1027,Марковский вестник,Markivka,2026-04-17,passportization_and_documents,16,15,1.067
1027,Марковский вестник,Markivka,2026-04-17,elections_and_administration,19,15,1.267
1027,Марковский вестник,Markivka,2026-04-17,reconstruction_and_integration,19,15,1.267
1027,Марковский вестник,Markivka,2026-04-17,ukraine_as_enemy,1,15,0.067
1027,Марковский вестник,Markivka,2026-04-17,children_and_militarization,7,15,0.467
1027,Марковский вестник,Markivka,2026-04-17,leadership_and_loyalty,74,15,4.933
1028,Меловской вестник,Milove,2026-04-03,recruitment_and_contract_service,7,15,0.467
1028,Меловской вестник,Milove,2026-04-03,passportization_and_documents,2,15,0.133
1028,Меловской вестник,Milove,2026-04-03,elections_and_administration,9,15,0.6
1028,Меловской вестник,Milove,2026-04-03,reconstruction_and_integration,6,15,0.4
1028,Меловской вестник,Milove,2026-04-03,ukraine_as_enemy,2,15,0.133
1028,Меловской вестник,Milove,2026-04-03,children_and_militarization,10,15,0.667
1028,Меловской вестник,Milove,2026-04-03,leadership_and_loyalty,60,15,4.0
1029,Меловской вестник,Milove,2026-04-10,recruitment_and_contract_service,0,15,0.0
1029,Меловской вестник,Milove,2026-04-10,passportization_and_documents,10,15,0.667
1029,Меловской вестник,Milove,2026-04-10,elections_and_administration,8,15,0.533
1029,Меловской вестник,Milove,2026-04-10,reconstruction_and_integration,9,15,0.6
1029,Меловской вестник,Milove,2026-04-10,ukraine_as_enemy,3,15,0.2
1029,Меловской вестник,Milove,2026-04-10,children_and_militarization,11,15,0.733
1029,Меловской вестник,Milove,2026-04-10,leadership_and_loyalty,75,15,5.0
1030,Меловской вестник,Milove,2026-04-17,recruitment_and_contract_service,0,15,0.0
1030,Меловской вестник,Milove,2026-04-17,passportization_and_documents,7,15,0.467
1030,Меловской вестник,Milove,2026-04-17,elections_and_administration,4,15,0.267
1030,Меловской вестник,Milove,2026-04-17,reconstruction_and_integration,12,15,0.8
1030,Меловской вестник,Milove,2026-04-17,ukraine_as_enemy,1,15,0.067
1030,Меловской вестник,Milove,2026-04-17,children_and_militarization,7,15,0.467
1030,Меловской вестник,Milove,2026-04-17,leadership_and_loyalty,75,15,5.0
1031,Меловской вестник,Milove,2026-04-24,recruitment_and_contract_service,1,15,0.067
1031,Меловской вестник,Milove,2026-04-24,passportization_and_documents,10,15,0.667
1031,Меловской вестник,Milove,2026-04-24,elections_and_administration,9,15,0.6
1031,Меловской вестник,Milove,2026-04-24,reconstruction_and_integration,9,15,0.6
1031,Меловской вестник,Milove,2026-04-24,ukraine_as_enemy,0,15,0.0
1031,Меловской вестник,Milove,2026-04-24,children_and_militarization,5,15,0.333
1031,Меловской вестник,Milove,2026-04-24,leadership_and_loyalty,60,15,4.0
1032,Меловской вестник,Milove,2026-05-01,recruitment_and_contract_service,1,15,0.067
1032,Меловской вестник,Milove,2026-05-01,passportization_and_documents,10,15,0.667
1032,Меловской вестник,Milove,2026-05-01,elections_and_administration,14,15,0.933
1032,Меловской вестник,Milove,2026-05-01,reconstruction_and_integration,8,15,0.533
1032,Меловской вестник,Milove,2026-05-01,ukraine_as_enemy,2,15,0.133
1032,Меловской вестник,Milove,2026-05-01,children_and_militarization,3,15,0.2
1032,Меловской вестник,Milove,2026-05-01,leadership_and_loyalty,69,15,4.6
1033,Наш Первомайск,Pervomaisk,2026-04-02,recruitment_and_contract_service,1,15,0.067
1033,Наш Первомайск,Pervomaisk,2026-04-02,passportization_and_documents,5,15,0.333
1033,Наш Первомайск,Pervomaisk,2026-04-02,elections_and_administration,8,15,0.533
1033,Наш Первомайск,Pervomaisk,2026-04-02,reconstruction_and_integration,17,15,1.133
1033,Наш Первомайск,Pervomaisk,2026-04-02,ukraine_as_enemy,6,15,0.4
1033,Наш Первомайск,Pervomaisk,2026-04-02,children_and_militarization,9,15,0.6
1033,Наш Первомайск,Pervomaisk,2026-04-02,leadership_and_loyalty,74,15,4.933
1034,Наш Первомайск,Pervomaisk,2026-04-09,recruitment_and_contract_service,1,15,0.067
1034,Наш Первомайск,Pervomaisk,2026-04-09,passportization_and_documents,9,15,0.6
1034,Наш Первомайск,Pervomaisk,2026-04-09,elections_and_administration,9,15,0.6
1034,Наш Первомайск,Pervomaisk,2026-04-09,reconstruction_and_integration,9,15,0.6
1034,Наш Первомайск,Pervomaisk,2026-04-09,ukraine_as_enemy,3,15,0.2
1034,Наш Первомайск,Pervomaisk,2026-04-09,children_and_militarization,10,15,0.667
1034,Наш Первомайск,Pervomaisk,2026-04-09,leadership_and_loyalty,72,15,4.8
1035,Наш Первомайск,Pervomaisk,2026-04-16,recruitment_and_contract_service,1,15,0.067
1035,Наш Первомайск,Pervomaisk,2026-04-16,passportization_and_documents,11,15,0.733
1035,Наш Первомайск,Pervomaisk,2026-04-16,elections_and_administration,5,15,0.333
1035,Наш Первомайск,Pervomaisk,2026-04-16,reconstruction_and_integration,34,15,2.267
1035,Наш Первомайск,Pervomaisk,2026-04-16,ukraine_as_enemy,3,15,0.2
1035,Наш Первомайск,Pervomaisk,2026-04-16,children_and_militarization,8,15,0.533
1035,Наш Первомайск,Pervomaisk,2026-04-16,leadership_and_loyalty,80,15,5.333
1036,Наш Первомайск,Pervomaisk,2026-04-23,recruitment_and_contract_service,2,15,0.133
1036,Наш Первомайск,Pervomaisk,2026-04-23,passportization_and_documents,15,15,1.0
1036,Наш Первомайск,Pervomaisk,2026-04-23,elections_and_administration,13,15,0.867
1036,Наш Первомайск,Pervomaisk,2026-04-23,reconstruction_and_integration,20,15,1.333
1036,Наш Первомайск,Pervomaisk,2026-04-23,ukraine_as_enemy,0,15,0.0
1036,Наш Первомайск,Pervomaisk,2026-04-23,children_and_militarization,5,15,0.333
1036,Наш Первомайск,Pervomaisk,2026-04-23,leadership_and_loyalty,54,15,3.6
1037,Наш Первомайск,Pervomaisk,2026-04-30,recruitment_and_contract_service,20,15,1.333
1037,Наш Первомайск,Pervomaisk,2026-04-30,passportization_and_documents,11,15,0.733
1037,Наш Первомайск,Pervomaisk,2026-04-30,elections_and_administration,19,15,1.267
1037,Наш Первомайск,Pervomaisk,2026-04-30,reconstruction_and_integration,11,15,0.733
1037,Наш Первомайск,Pervomaisk,2026-04-30,ukraine_as_enemy,7,15,0.467
1037,Наш Первомайск,Pervomaisk,2026-04-30,children_and_militarization,2,15,0.133
1037,Наш Первомайск,Pervomaisk,2026-04-30,leadership_and_loyalty,72,15,4.8
1038,Наша Народная Трибуна,Perevalsk,2026-04-02,recruitment_and_contract_service,1,15,0.067
1038,Наша Народная Трибуна,Perevalsk,2026-04-02,passportization_and_documents,5,15,0.333
1038,Наша Народная Трибуна,Perevalsk,2026-04-02,elections_and_administration,8,15,0.533
1038,Наша Народная Трибуна,Perevalsk,2026-04-02,reconstruction_and_integration,19,15,1.267
1038,Наша Народная Трибуна,Perevalsk,2026-04-02,ukraine_as_enemy,5,15,0.333
1038,Наша Народная Трибуна,Perevalsk,2026-04-02,children_and_militarization,2,15,0.133
1038,Наша Народная Трибуна,Perevalsk,2026-04-02,leadership_and_loyalty,65,15,4.333
1039,Наша Народная Трибуна,Perevalsk,2026-04-08,recruitment_and_contract_service,0,15,0.0
1039,Наша Народная Трибуна,Perevalsk,2026-04-08,passportization_and_documents,10,15,0.667
1039,Наша Народная Трибуна,Perevalsk,2026-04-08,elections_and_administration,6,15,0.4
1039,Наша Народная Трибуна,Perevalsk,2026-04-08,reconstruction_and_integration,16,15,1.067
1039,Наша Народная Трибуна,Perevalsk,2026-04-08,ukraine_as_enemy,4,15,0.267
1039,Наша Народная Трибуна,Perevalsk,2026-04-08,children_and_militarization,10,15,0.667
1039,Наша Народная Трибуна,Perevalsk,2026-04-08,leadership_and_loyalty,76,15,5.067
1040,Наша Народная Трибуна,Perevalsk,2026-06-01,recruitment_and_contract_service,0,15,0.0
1040,Наша Народная Трибуна,Perevalsk,2026-06-01,passportization_and_documents,25,15,1.667
1040,Наша Народная Трибуна,Perevalsk,2026-06-01,elections_and_administration,1,15,0.067
1040,Наша Народная Трибуна,Perevalsk,2026-06-01,reconstruction_and_integration,31,15,2.067
1040,Наша Народная Трибуна,Perevalsk,2026-06-01,ukraine_as_enemy,3,15,0.2
1040,Наша Народная Трибуна,Perevalsk,2026-06-01,children_and_militarization,9,15,0.6
1040,Наша Народная Трибуна,Perevalsk,2026-06-01,leadership_and_loyalty,80,15,5.333
1041,Наша Народная Трибуна,Perevalsk,2026-01-01,recruitment_and_contract_service,2,15,0.133
1041,Наша Народная Трибуна,Perevalsk,2026-01-01,passportization_and_documents,16,15,1.067
1041,Наша Народная Трибуна,Perevalsk,2026-01-01,elections_and_administration,7,15,0.467
1041,Наша Народная Трибуна,Perevalsk,2026-01-01,reconstruction_and_integration,14,15,0.933
1041,Наша Народная Трибуна,Perevalsk,2026-01-01,ukraine_as_enemy,1,15,0.067
1041,Наша Народная Трибуна,Perevalsk,2026-01-01,children_and_militarization,5,15,0.333
1041,Наша Народная Трибуна,Perevalsk,2026-01-01,leadership_and_loyalty,67,15,4.467
1042,Наша Народная Трибуна,Perevalsk,2026-04-30,recruitment_and_contract_service,1,15,0.067
1042,Наша Народная Трибуна,Perevalsk,2026-04-30,passportization_and_documents,8,15,0.533
1042,Наша Народная Трибуна,Perevalsk,2026-04-30,elections_and_administration,10,15,0.667
1042,Наша Народная Трибуна,Perevalsk,2026-04-30,reconstruction_and_integration,19,15,1.267
1042,Наша Народная Трибуна,Perevalsk,2026-04-30,ukraine_as_enemy,3,15,0.2
1042,Наша Народная Трибуна,Perevalsk,2026-04-30,children_and_militarization,0,15,0.0
1042,Наша Народная Трибуна,Perevalsk,2026-04-30,leadership_and_loyalty,89,15,5.933
1043,Наша трудовая слава,Lutuhyne,2026-04-02,recruitment_and_contract_service,2,15,0.133
1043,Наша трудовая слава,Lutuhyne,2026-04-02,passportization_and_documents,3,15,0.2
1043,Наша трудовая слава,Lutuhyne,2026-04-02,elections_and_administration,8,15,0.533
1043,Наша трудовая слава,Lutuhyne,2026-04-02,reconstruction_and_integration,6,15,0.4
1043,Наша трудовая слава,Lutuhyne,2026-04-02,ukraine_as_enemy,2,15,0.133
1043,Наша трудовая слава,Lutuhyne,2026-04-02,children_and_militarization,6,15,0.4
1043,Наша трудовая слава,Lutuhyne,2026-04-02,leadership_and_loyalty,64,15,4.267
1044,Наша трудовая слава,Lutuhyne,2026-04-09,recruitment_and_contract_service,1,15,0.067
1044,Наша трудовая слава,Lutuhyne,2026-04-09,passportization_and_documents,11,15,0.733
1044,Наша трудовая слава,Lutuhyne,2026-04-09,elections_and_administration,10,15,0.667
1044,Наша трудовая слава,Lutuhyne,2026-04-09,reconstruction_and_integration,14,15,0.933
1044,Наша трудовая слава,Lutuhyne,2026-04-09,ukraine_as_enemy,5,15,0.333
1044,Наша трудовая слава,Lutuhyne,2026-04-09,children_and_militarization,1,15,0.067
1044,Наша трудовая слава,Lutuhyne,2026-04-09,leadership_and_loyalty,72,15,4.8
1045,Наша трудовая слава,Lutuhyne,2026-04-16,recruitment_and_contract_service,0,15,0.0
1045,Наша трудовая слава,Lutuhyne,2026-04-16,passportization_and_documents,10,15,0.667
1045,Наша трудовая слава,Lutuhyne,2026-04-16,elections_and_administration,2,15,0.133
1045,Наша трудовая слава,Lutuhyne,2026-04-16,reconstruction_and_integration,22,15,1.467
1045,Наша трудовая слава,Lutuhyne,2026-04-16,ukraine_as_enemy,1,15,0.067
1045,Наша трудовая слава,Lutuhyne,2026-04-16,children_and_militarization,2,15,0.133
1045,Наша трудовая слава,Lutuhyne,2026-04-16,leadership_and_loyalty,72,15,4.8
1046,Наша трудовая слава,Lutuhyne,2026-04-23,recruitment_and_contract_service,3,15,0.2
1046,Наша трудовая слава,Lutuhyne,2026-04-23,passportization_and_documents,10,15,0.667
1046,Наша трудовая слава,Lutuhyne,2026-04-23,elections_and_administration,7,15,0.467
1046,Наша трудовая слава,Lutuhyne,2026-04-23,reconstruction_and_integration,21,15,1.4
1046,Наша трудовая слава,Lutuhyne,2026-04-23,ukraine_as_enemy,0,15,0.0
1046,Наша трудовая слава,Lutuhyne,2026-04-23,children_and_militarization,2,15,0.133
1046,Наша трудовая слава,Lutuhyne,2026-04-23,leadership_and_loyalty,63,15,4.2
1047,Наша трудовая слава,Lutuhyne,2026-04-30,recruitment_and_contract_service,1,15,0.067
1047,Наша трудовая слава,Lutuhyne,2026-04-30,passportization_and_documents,6,15,0.4
1047,Наша трудовая слава,Lutuhyne,2026-04-30,elections_and_administration,15,15,1.0
1047,Наша трудовая слава,Lutuhyne,2026-04-30,reconstruction_and_integration,13,15,0.867
1047,Наша трудовая слава,Lutuhyne,2026-04-30,ukraine_as_enemy,2,15,0.133
1047,Наша трудовая слава,Lutuhyne,2026-04-30,children_and_militarization,3,15,0.2
1047,Наша трудовая слава,Lutuhyne,2026-04-30,leadership_and_loyalty,72,15,4.8
1048,Новоайдарский вестник,Novoaidar,2026-04-03,recruitment_and_contract_service,16,15,1.067
1048,Новоайдарский вестник,Novoaidar,2026-04-03,passportization_and_documents,20,15,1.333
1048,Новоайдарский вестник,Novoaidar,2026-04-03,elections_and_administration,10,15,0.667
1048,Новоайдарский вестник,Novoaidar,2026-04-03,reconstruction_and_integration,13,15,0.867
1048,Новоайдарский вестник,Novoaidar,2026-04-03,ukraine_as_enemy,2,15,0.133
1048,Новоайдарский вестник,Novoaidar,2026-04-03,children_and_militarization,3,15,0.2
1048,Новоайдарский вестник,Novoaidar,2026-04-03,leadership_and_loyalty,70,15,4.667
1049,Новоайдарский вестник,Novoaidar,2026-04-10,recruitment_and_contract_service,0,15,0.0
1049,Новоайдарский вестник,Novoaidar,2026-04-10,passportization_and_documents,15,15,1.0
1049,Новоайдарский вестник,Novoaidar,2026-04-10,elections_and_administration,7,15,0.467
1049,Новоайдарский вестник,Novoaidar,2026-04-10,reconstruction_and_integration,12,15,0.8
1049,Новоайдарский вестник,Novoaidar,2026-04-10,ukraine_as_enemy,3,15,0.2
1049,Новоайдарский вестник,Novoaidar,2026-04-10,children_and_militarization,2,15,0.133
1049,Новоайдарский вестник,Novoaidar,2026-04-10,leadership_and_loyalty,71,15,4.733
1050,Новоайдарский вестник,Novoaidar,2026-04-17,recruitment_and_contract_service,1,15,0.067
1050,Новоайдарский вестник,Novoaidar,2026-04-17,passportization_and_documents,20,15,1.333
1050,Новоайдарский вестник,Novoaidar,2026-04-17,elections_and_administration,2,15,0.133
1050,Новоайдарский вестник,Novoaidar,2026-04-17,reconstruction_and_integration,20,15,1.333
1050,Новоайдарский вестник,Novoaidar,2026-04-17,ukraine_as_enemy,2,15,0.133
1050,Новоайдарский вестник,Novoaidar,2026-04-17,children_and_militarization,5,15,0.333
1050,Новоайдарский вестник,Novoaidar,2026-04-17,leadership_and_loyalty,65,15,4.333
1051,Новоайдарский вестник,Novoaidar,2026-04-24,recruitment_and_contract_service,0,15,0.0
1051,Новоайдарский вестник,Novoaidar,2026-04-24,passportization_and_documents,17,15,1.133
1051,Новоайдарский вестник,Novoaidar,2026-04-24,elections_and_administration,8,15,0.533
1051,Новоайдарский вестник,Novoaidar,2026-04-24,reconstruction_and_integration,15,15,1.0
1051,Новоайдарский вестник,Novoaidar,2026-04-24,ukraine_as_enemy,0,15,0.0
1051,Новоайдарский вестник,Novoaidar,2026-04-24,children_and_militarization,4,15,0.267
1051,Новоайдарский вестник,Novoaidar,2026-04-24,leadership_and_loyalty,63,15,4.2
1052,Новоайдарский вестник,Novoaidar,2026-05-01,recruitment_and_contract_service,2,15,0.133
1052,Новоайдарский вестник,Novoaidar,2026-05-01,passportization_and_documents,16,15,1.067
1052,Новоайдарский вестник,Novoaidar,2026-05-01,elections_and_administration,11,15,0.733
1052,Новоайдарский вестник,Novoaidar,2026-05-01,reconstruction_and_integration,15,15,1.0
1052,Новоайдарский вестник,Novoaidar,2026-05-01,ukraine_as_enemy,5,15,0.333
1052,Новоайдарский вестник,Novoaidar,2026-05-01,children_and_militarization,4,15,0.267
1052,Новоайдарский вестник,Novoaidar,2026-05-01,leadership_and_loyalty,70,15,4.667
1053,Новопсковский вестник,Novopskov,2026-04-03,recruitment_and_contract_service,1,15,0.067
1053,Новопсковский вестник,Novopskov,2026-04-03,passportization_and_documents,4,15,0.267
1053,Новопсковский вестник,Novopskov,2026-04-03,elections_and_administration,8,15,0.533
1053,Новопсковский вестник,Novopskov,2026-04-03,reconstruction_and_integration,24,15,1.6
1053,Новопсковский вестник,Novopskov,2026-04-03,ukraine_as_enemy,2,15,0.133
1053,Новопсковский вестник,Novopskov,2026-04-03,children_and_militarization,0,15,0.0
1053,Новопсковский вестник,Novopskov,2026-04-03,leadership_and_loyalty,53,15,3.533
1054,Новопсковский вестник,Novopskov,2026-04-10,recruitment_and_contract_service,0,15,0.0
1054,Новопсковский вестник,Novopskov,2026-04-10,passportization_and_documents,11,15,0.733
1054,Новопсковский вестник,Novopskov,2026-04-10,elections_and_administration,9,15,0.6
1054,Новопсковский вестник,Novopskov,2026-04-10,reconstruction_and_integration,4,15,0.267
1054,Новопсковский вестник,Novopskov,2026-04-10,ukraine_as_enemy,3,15,0.2
1054,Новопсковский вестник,Novopskov,2026-04-10,children_and_militarization,4,15,0.267
1054,Новопсковский вестник,Novopskov,2026-04-10,leadership_and_loyalty,99,15,6.6
1055,Новопсковский вестник,Novopskov,2026-04-15,recruitment_and_contract_service,0,15,0.0
1055,Новопсковский вестник,Novopskov,2026-04-15,passportization_and_documents,8,15,0.533
1055,Новопсковский вестник,Novopskov,2026-04-15,elections_and_administration,1,15,0.067
1055,Новопсковский вестник,Novopskov,2026-04-15,reconstruction_and_integration,19,15,1.267
1055,Новопсковский вестник,Novopskov,2026-04-15,ukraine_as_enemy,2,15,0.133
1055,Новопсковский вестник,Novopskov,2026-04-15,children_and_militarization,9,15,0.6
1055,Новопсковский вестник,Novopskov,2026-04-15,leadership_and_loyalty,78,15,5.2
1056,Новопсковский вестник,Novopskov,2026-04-08,recruitment_and_contract_service,0,15,0.0
1056,Новопсковский вестник,Novopskov,2026-04-08,passportization_and_documents,13,15,0.867
1056,Новопсковский вестник,Novopskov,2026-04-08,elections_and_administration,34,15,2.267
1056,Новопсковский вестник,Novopskov,2026-04-08,reconstruction_and_integration,12,15,0.8
1056,Новопсковский вестник,Novopskov,2026-04-08,ukraine_as_enemy,3,15,0.2
1056,Новопсковский вестник,Novopskov,2026-04-08,children_and_militarization,9,15,0.6
1056,Новопсковский вестник,Novopskov,2026-04-08,leadership_and_loyalty,74,15,4.933
1057,Новопсковский вестник,Novopskov,2026-04-29,recruitment_and_contract_service,1,15,0.067
1057,Новопсковский вестник,Novopskov,2026-04-29,passportization_and_documents,8,15,0.533
1057,Новопсковский вестник,Novopskov,2026-04-29,elections_and_administration,14,15,0.933
1057,Новопсковский вестник,Novopskov,2026-04-29,reconstruction_and_integration,12,15,0.8
1057,Новопсковский вестник,Novopskov,2026-04-29,ukraine_as_enemy,6,15,0.4
1057,Новопсковский вестник,Novopskov,2026-04-29,children_and_militarization,2,15,0.133
1057,Новопсковский вестник,Novopskov,2026-04-29,leadership_and_loyalty,78,15,5.2
1058,Огни,Alchevsk,2026-04-17,recruitment_and_contract_service,5,15,0.333
1058,Огни,Alchevsk,2026-04-17,passportization_and_documents,9,15,0.6
1058,Огни,Alchevsk,2026-04-17,elections_and_administration,1,15,0.067
1058,Огни,Alchevsk,2026-04-17,reconstruction_and_integration,28,15,1.867
1058,Огни,Alchevsk,2026-04-17,ukraine_as_enemy,4,15,0.267
1058,Огни,Alchevsk,2026-04-17,children_and_militarization,1,15,0.067
1058,Огни,Alchevsk,2026-04-17,leadership_and_loyalty,78,15,5.2
1059,Огни,Alchevsk,2026-04-03,recruitment_and_contract_service,4,15,0.267
1059,Огни,Alchevsk,2026-04-03,passportization_and_documents,5,15,0.333
1059,Огни,Alchevsk,2026-04-03,elections_and_administration,6,15,0.4
1059,Огни,Alchevsk,2026-04-03,reconstruction_and_integration,13,15,0.867
1059,Огни,Alchevsk,2026-04-03,ukraine_as_enemy,5,15,0.333
1059,Огни,Alchevsk,2026-04-03,children_and_militarization,5,15,0.333
1059,Огни,Alchevsk,2026-04-03,leadership_and_loyalty,76,15,5.067
1060,Огни,Alchevsk,2026-04-10,recruitment_and_contract_service,1,15,0.067
1060,Огни,Alchevsk,2026-04-10,passportization_and_documents,11,15,0.733
1060,Огни,Alchevsk,2026-04-10,elections_and_administration,10,15,0.667
1060,Огни,Alchevsk,2026-04-10,reconstruction_and_integration,11,15,0.733
1060,Огни,Alchevsk,2026-04-10,ukraine_as_enemy,4,15,0.267
1060,Огни,Alchevsk,2026-04-10,children_and_militarization,6,15,0.4
1060,Огни,Alchevsk,2026-04-10,leadership_and_loyalty,79,15,5.267
1061,Огни,Alchevsk,2026-05-01,recruitment_and_contract_service,1,15,0.067
1061,Огни,Alchevsk,2026-05-01,passportization_and_documents,6,15,0.4
1061,Огни,Alchevsk,2026-05-01,elections_and_administration,14,15,0.933
1061,Огни,Alchevsk,2026-05-01,reconstruction_and_integration,21,15,1.4
1061,Огни,Alchevsk,2026-05-01,ukraine_as_enemy,2,15,0.133
1061,Огни,Alchevsk,2026-05-01,children_and_militarization,1,15,0.067
1061,Огни,Alchevsk,2026-05-01,leadership_and_loyalty,68,15,4.533
1062,Огни,Alchevsk,2026-04-24,recruitment_and_contract_service,2,15,0.133
1062,Огни,Alchevsk,2026-04-24,passportization_and_documents,10,15,0.667
1062,Огни,Alchevsk,2026-04-24,elections_and_administration,11,15,0.733
1062,Огни,Alchevsk,2026-04-24,reconstruction_and_integration,10,15,0.667
1062,Огни,Alchevsk,2026-04-24,ukraine_as_enemy,0,15,0.0
1062,Огни,Alchevsk,2026-04-24,children_and_militarization,4,15,0.267
1062,Огни,Alchevsk,2026-04-24,leadership_and_loyalty,62,15,4.133
1063,Сватовский вестник,Svatove,2026-04-02,recruitment_and_contract_service,2,15,0.133
1063,Сватовский вестник,Svatove,2026-04-02,passportization_and_documents,6,15,0.4
1063,Сватовский вестник,Svatove,2026-04-02,elections_and_administration,11,15,0.733
1063,Сватовский вестник,Svatove,2026-04-02,reconstruction_and_integration,16,15,1.067
1063,Сватовский вестник,Svatove,2026-04-02,ukraine_as_enemy,2,15,0.133
1063,Сватовский вестник,Svatove,2026-04-02,children_and_militarization,2,15,0.133
1063,Сватовский вестник,Svatove,2026-04-02,leadership_and_loyalty,69,15,4.6
1064,Сватовский вестник,Svatove,2026-04-09,recruitment_and_contract_service,0,15,0.0
1064,Сватовский вестник,Svatove,2026-04-09,passportization_and_documents,18,15,1.2
1064,Сватовский вестник,Svatove,2026-04-09,elections_and_administration,13,15,0.867
1064,Сватовский вестник,Svatove,2026-04-09,reconstruction_and_integration,12,15,0.8
1064,Сватовский вестник,Svatove,2026-04-09,ukraine_as_enemy,3,15,0.2
1064,Сватовский вестник,Svatove,2026-04-09,children_and_militarization,7,15,0.467
1064,Сватовский вестник,Svatove,2026-04-09,leadership_and_loyalty,82,15,5.467
1065,Сватовский вестник,Svatove,2026-04-16,recruitment_and_contract_service,0,15,0.0
1065,Сватовский вестник,Svatove,2026-04-16,passportization_and_documents,10,15,0.667
1065,Сватовский вестник,Svatove,2026-04-16,elections_and_administration,5,15,0.333
1065,Сватовский вестник,Svatove,2026-04-16,reconstruction_and_integration,18,15,1.2
1065,Сватовский вестник,Svatove,2026-04-16,ukraine_as_enemy,4,15,0.267
1065,Сватовский вестник,Svatove,2026-04-16,children_and_militarization,16,15,1.067
1065,Сватовский вестник,Svatove,2026-04-16,leadership_and_loyalty,88,15,5.867
1066,Сватовский вестник,Svatove,2026-04-23,recruitment_and_contract_service,2,15,0.133
1066,Сватовский вестник,Svatove,2026-04-23,passportization_and_documents,24,15,1.6
1066,Сватовский вестник,Svatove,2026-04-23,elections_and_administration,6,15,0.4
1066,Сватовский вестник,Svatove,2026-04-23,reconstruction_and_integration,16,15,1.067
1066,Сватовский вестник,Svatove,2026-04-23,ukraine_as_enemy,4,15,0.267
1066,Сватовский вестник,Svatove,2026-04-23,children_and_militarization,4,15,0.267
1066,Сватовский вестник,Svatove,2026-04-23,leadership_and_loyalty,68,15,4.533
1067,Сватовский вестник,Svatove,2026-04-30,recruitment_and_contract_service,17,15,1.133
1067,Сватовский вестник,Svatove,2026-04-30,passportization_and_documents,11,15,0.733
1067,Сватовский вестник,Svatove,2026-04-30,elections_and_administration,15,15,1.0
1067,Сватовский вестник,Svatove,2026-04-30,reconstruction_and_integration,7,15,0.467
1067,Сватовский вестник,Svatove,2026-04-30,ukraine_as_enemy,2,15,0.133
1067,Сватовский вестник,Svatove,2026-04-30,children_and_militarization,3,15,0.2
1067,Сватовский вестник,Svatove,2026-04-30,leadership_and_loyalty,93,15,6.2
1068,Слава Краснодона,Sorokyne,2026-04-01,recruitment_and_contract_service,4,23,0.174
1068,Слава Краснодона,Sorokyne,2026-04-01,passportization_and_documents,7,23,0.304
1068,Слава Краснодона,Sorokyne,2026-04-01,elections_and_administration,11,23,0.478
1068,Слава Краснодона,Sorokyne,2026-04-01,reconstruction_and_integration,12,23,0.522
1068,Слава Краснодона,Sorokyne,2026-04-01,ukraine_as_enemy,2,23,0.087
1068,Слава Краснодона,Sorokyne,2026-04-01,children_and_militarization,8,23,0.348
1068,Слава Краснодона,Sorokyne,2026-04-01,leadership_and_loyalty,102,23,4.435
1069,Слава Краснодона,Sorokyne,2026-04-08,recruitment_and_contract_service,5,23,0.217
1069,Слава Краснодона,Sorokyne,2026-04-08,passportization_and_documents,23,23,1.0
1069,Слава Краснодона,Sorokyne,2026-04-08,elections_and_administration,12,23,0.522
1069,Слава Краснодона,Sorokyne,2026-04-08,reconstruction_and_integration,20,23,0.87
1069,Слава Краснодона,Sorokyne,2026-04-08,ukraine_as_enemy,3,23,0.13
1069,Слава Краснодона,Sorokyne,2026-04-08,children_and_militarization,16,23,0.696
1069,Слава Краснодона,Sorokyne,2026-04-08,leadership_and_loyalty,113,23,4.913
1070,Слава Краснодона,Sorokyne,2026-04-15,recruitment_and_contract_service,2,23,0.087
1070,Слава Краснодона,Sorokyne,2026-04-15,passportization_and_documents,21,23,0.913
1070,Слава Краснодона,Sorokyne,2026-04-15,elections_and_administration,4,23,0.174
1070,Слава Краснодона,Sorokyne,2026-04-15,reconstruction_and_integration,24,23,1.043
1070,Слава Краснодона,Sorokyne,2026-04-15,ukraine_as_enemy,2,23,0.087
1070,Слава Краснодона,Sorokyne,2026-04-15,children_and_militarization,3,23,0.13
1070,Слава Краснодона,Sorokyne,2026-04-15,leadership_and_loyalty,100,23,4.348
1071,Слава Краснодона,Sorokyne,2026-04-22,recruitment_and_contract_service,18,23,0.783
1071,Слава Краснодона,Sorokyne,2026-04-22,passportization_and_documents,17,23,0.739
1071,Слава Краснодона,Sorokyne,2026-04-22,elections_and_administration,13,23,0.565
1071,Слава Краснодона,Sorokyne,2026-04-22,reconstruction_and_integration,15,23,0.652
1071,Слава Краснодона,Sorokyne,2026-04-22,ukraine_as_enemy,2,23,0.087
1071,Слава Краснодона,Sorokyne,2026-04-22,children_and_militarization,23,23,1.0
1071,Слава Краснодона,Sorokyne,2026-04-22,leadership_and_loyalty,105,23,4.565
1072,Слава Краснодона,Sorokyne,2026-04-29,recruitment_and_contract_service,4,23,0.174
1072,Слава Краснодона,Sorokyne,2026-04-29,passportization_and_documents,32,23,1.391
1072,Слава Краснодона,Sorokyne,2026-04-29,elections_and_administration,19,23,0.826
1072,Слава Краснодона,Sorokyne,2026-04-29,reconstruction_and_integration,28,23,1.217
1072,Слава Краснодона,Sorokyne,2026-04-29,ukraine_as_enemy,1,23,0.043
1072,Слава Краснодона,Sorokyne,2026-04-29,children_and_militarization,4,23,0.174
1072,Слава Краснодона,Sorokyne,2026-04-29,leadership_and_loyalty,118,23,5.13
1073,Славяносербские вести,Slovianoserbsk,2026-04-01,recruitment_and_contract_service,3,15,0.2
1073,Славяносербские вести,Slovianoserbsk,2026-04-01,passportization_and_documents,5,15,0.333
1073,Славяносербские вести,Slovianoserbsk,2026-04-01,elections_and_administration,6,15,0.4
1073,Славяносербские вести,Slovianoserbsk,2026-04-01,reconstruction_and_integration,19,15,1.267
1073,Славяносербские вести,Slovianoserbsk,2026-04-01,ukraine_as_enemy,3,15,0.2
1073,Славяносербские вести,Slovianoserbsk,2026-04-01,children_and_militarization,5,15,0.333
1073,Славяносербские вести,Slovianoserbsk,2026-04-01,leadership_and_loyalty,61,15,4.067
1074,Славяносербские вести,Slovianoserbsk,2026-04-08,recruitment_and_contract_service,1,15,0.067
1074,Славяносербские вести,Slovianoserbsk,2026-04-08,passportization_and_documents,18,15,1.2
1074,Славяносербские вести,Slovianoserbsk,2026-04-08,elections_and_administration,9,15,0.6
1074,Славяносербские вести,Slovianoserbsk,2026-04-08,reconstruction_and_integration,26,15,1.733
1074,Славяносербские вести,Slovianoserbsk,2026-04-08,ukraine_as_enemy,4,15,0.267
1074,Славяносербские вести,Slovianoserbsk,2026-04-08,children_and_militarization,2,15,0.133
1074,Славяносербские вести,Slovianoserbsk,2026-04-08,leadership_and_loyalty,70,15,4.667
1075,Славяносербские вести,Slovianoserbsk,2026-04-15,recruitment_and_contract_service,0,15,0.0
1075,Славяносербские вести,Slovianoserbsk,2026-04-15,passportization_and_documents,8,15,0.533
1075,Славяносербские вести,Slovianoserbsk,2026-04-15,elections_and_administration,5,15,0.333
1075,Славяносербские вести,Slovianoserbsk,2026-04-15,reconstruction_and_integration,16,15,1.067
1075,Славяносербские вести,Slovianoserbsk,2026-04-15,ukraine_as_enemy,2,15,0.133
1075,Славяносербские вести,Slovianoserbsk,2026-04-15,children_and_militarization,2,15,0.133
1075,Славяносербские вести,Slovianoserbsk,2026-04-15,leadership_and_loyalty,91,15,6.067
1076,Славяносербские вести,Slovianoserbsk,2026-04-17,recruitment_and_contract_service,1,15,0.067
1076,Славяносербские вести,Slovianoserbsk,2026-04-17,passportization_and_documents,11,15,0.733
1076,Славяносербские вести,Slovianoserbsk,2026-04-17,elections_and_administration,9,15,0.6
1076,Славяносербские вести,Slovianoserbsk,2026-04-17,reconstruction_and_integration,18,15,1.2
1076,Славяносербские вести,Slovianoserbsk,2026-04-17,ukraine_as_enemy,0,15,0.0
1076,Славяносербские вести,Slovianoserbsk,2026-04-17,children_and_militarization,6,15,0.4
1076,Славяносербские вести,Slovianoserbsk,2026-04-17,leadership_and_loyalty,58,15,3.867
1077,Славяносербские вести,Slovianoserbsk,2026-04-29,recruitment_and_contract_service,1,15,0.067
1077,Славяносербские вести,Slovianoserbsk,2026-04-29,passportization_and_documents,12,15,0.8
1077,Славяносербские вести,Slovianoserbsk,2026-04-29,elections_and_administration,22,15,1.467
1077,Славяносербские вести,Slovianoserbsk,2026-04-29,reconstruction_and_integration,17,15,1.133
1077,Славяносербские вести,Slovianoserbsk,2026-04-29,ukraine_as_enemy,1,15,0.067
1077,Славяносербские вести,Slovianoserbsk,2026-04-29,children_and_militarization,0,15,0.0
1077,Славяносербские вести,Slovianoserbsk,2026-04-29,leadership_and_loyalty,68,15,4.533
1078,Станично-Луганский вестник,Stanytsia Luhanska,2026-04-03,recruitment_and_contract_service,3,15,0.2
1078,Станично-Луганский вестник,Stanytsia Luhanska,2026-04-03,passportization_and_documents,6,15,0.4
1078,Станично-Луганский вестник,Stanytsia Luhanska,2026-04-03,elections_and_administration,14,15,0.933
1078,Станично-Луганский вестник,Stanytsia Luhanska,2026-04-03,reconstruction_and_integration,25,15,1.667
1078,Станично-Луганский вестник,Stanytsia Luhanska,2026-04-03,ukraine_as_enemy,2,15,0.133
1078,Станично-Луганский вестник,Stanytsia Luhanska,2026-04-03,children_and_militarization,2,15,0.133
1078,Станично-Луганский вестник,Stanytsia Luhanska,2026-04-03,leadership_and_loyalty,73,15,4.867
1079,Станично-Луганский вестник,Stanytsia Luhanska,2026-04-17,recruitment_and_contract_service,0,15,0.0
1079,Станично-Луганский вестник,Stanytsia Luhanska,2026-04-17,passportization_and_documents,7,15,0.467
1079,Станично-Луганский вестник,Stanytsia Luhanska,2026-04-17,elections_and_administration,2,15,0.133
1079,Станично-Луганский вестник,Stanytsia Luhanska,2026-04-17,reconstruction_and_integration,24,15,1.6
1079,Станично-Луганский вестник,Stanytsia Luhanska,2026-04-17,ukraine_as_enemy,6,15,0.4
1079,Станично-Луганский вестник,Stanytsia Luhanska,2026-04-17,children_and_militarization,4,15,0.267
1079,Станично-Луганский вестник,Stanytsia Luhanska,2026-04-17,leadership_and_loyalty,82,15,5.467
1080,Станично-Луганский вестник,Stanytsia Luhanska,2026-04-24,recruitment_and_contract_service,2,15,0.133
1080,Станично-Луганский вестник,Stanytsia Luhanska,2026-04-24,passportization_and_documents,13,15,0.867
1080,Станично-Луганский вестник,Stanytsia Luhanska,2026-04-24,elections_and_administration,10,15,0.667
1080,Станично-Луганский вестник,Stanytsia Luhanska,2026-04-24,reconstruction_and_integration,16,15,1.067
1080,Станично-Луганский вестник,Stanytsia Luhanska,2026-04-24,ukraine_as_enemy,2,15,0.133
1080,Станично-Луганский вестник,Stanytsia Luhanska,2026-04-24,children_and_militarization,3,15,0.2
1080,Станично-Луганский вестник,Stanytsia Luhanska,2026-04-24,leadership_and_loyalty,84,15,5.6
1081,Станично-Луганский вестник,Stanytsia Luhanska,2026-05-01,recruitment_and_contract_service,1,15,0.067
1081,Станично-Луганский вестник,Stanytsia Luhanska,2026-05-01,passportization_and_documents,7,15,0.467
1081,Станично-Луганский вестник,Stanytsia Luhanska,2026-05-01,elections_and_administration,18,15,1.2
1081,Станично-Луганский вестник,Stanytsia Luhanska,2026-05-01,reconstruction_and_integration,15,15,1.0
1081,Станично-Луганский вестник,Stanytsia Luhanska,2026-05-01,ukraine_as_enemy,4,15,0.267
1081,Станично-Луганский вестник,Stanytsia Luhanska,2026-05-01,children_and_militarization,2,15,0.133
1081,Станично-Луганский вестник,Stanytsia Luhanska,2026-05-01,leadership_and_loyalty,92,15,6.133
1082,Станично-Луганский вестник,Stanytsia Luhanska,2026-04-10,recruitment_and_contract_service,0,15,0.0
1082,Станично-Луганский вестник,Stanytsia Luhanska,2026-04-10,passportization_and_documents,11,15,0.733
1082,Станично-Луганский вестник,Stanytsia Luhanska,2026-04-10,elections_and_administration,11,15,0.733
1082,Станично-Луганский вестник,Stanytsia Luhanska,2026-04-10,reconstruction_and_integration,14,15,0.933
1082,Станично-Луганский вестник,Stanytsia Luhanska,2026-04-10,ukraine_as_enemy,4,15,0.267
1082,Станично-Луганский вестник,Stanytsia Luhanska,2026-04-10,children_and_militarization,4,15,0.267
1082,Станично-Луганский вестник,Stanytsia Luhanska,2026-04-10,leadership_and_loyalty,73,15,4.867
1083,Старобельский вестник,Starobilsk,2026-04-03,recruitment_and_contract_service,1,15,0.067
1083,Старобельский вестник,Starobilsk,2026-04-03,passportization_and_documents,8,15,0.533
1083,Старобельский вестник,Starobilsk,2026-04-03,elections_and_administration,6,15,0.4
1083,Старобельский вестник,Starobilsk,2026-04-03,reconstruction_and_integration,9,15,0.6
1083,Старобельский вестник,Starobilsk,2026-04-03,ukraine_as_enemy,3,15,0.2
1083,Старобельский вестник,Starobilsk,2026-04-03,children_and_militarization,3,15,0.2
1083,Старобельский вестник,Starobilsk,2026-04-03,leadership_and_loyalty,55,15,3.667
1084,Старобельский вестник,Starobilsk,2026-04-10,recruitment_and_contract_service,2,15,0.133
1084,Старобельский вестник,Starobilsk,2026-04-10,passportization_and_documents,18,15,1.2
1084,Старобельский вестник,Starobilsk,2026-04-10,elections_and_administration,6,15,0.4
1084,Старобельский вестник,Starobilsk,2026-04-10,reconstruction_and_integration,4,15,0.267
1084,Старобельский вестник,Starobilsk,2026-04-10,ukraine_as_enemy,5,15,0.333
1084,Старобельский вестник,Starobilsk,2026-04-10,children_and_militarization,4,15,0.267
1084,Старобельский вестник,Starobilsk,2026-04-10,leadership_and_loyalty,68,15,4.533
1085,Старобельский вестник,Starobilsk,2026-04-17,recruitment_and_contract_service,0,15,0.0
1085,Старобельский вестник,Starobilsk,2026-04-17,passportization_and_documents,21,15,1.4
1085,Старобельский вестник,Starobilsk,2026-04-17,elections_and_administration,6,15,0.4
1085,Старобельский вестник,Starobilsk,2026-04-17,reconstruction_and_integration,18,15,1.2
1085,Старобельский вестник,Starobilsk,2026-04-17,ukraine_as_enemy,7,15,0.467
1085,Старобельский вестник,Starobilsk,2026-04-17,children_and_militarization,1,15,0.067
1085,Старобельский вестник,Starobilsk,2026-04-17,leadership_and_loyalty,64,15,4.267
1086,Старобельский вестник,Starobilsk,2026-04-24,recruitment_and_contract_service,1,15,0.067
1086,Старобельский вестник,Starobilsk,2026-04-24,passportization_and_documents,24,15,1.6
1086,Старобельский вестник,Starobilsk,2026-04-24,elections_and_administration,7,15,0.467
1086,Старобельский вестник,Starobilsk,2026-04-24,reconstruction_and_integration,16,15,1.067
1086,Старобельский вестник,Starobilsk,2026-04-24,ukraine_as_enemy,0,15,0.0
1086,Старобельский вестник,Starobilsk,2026-04-24,children_and_militarization,2,15,0.133
1086,Старобельский вестник,Starobilsk,2026-04-24,leadership_and_loyalty,66,15,4.4
1087,Старобельский вестник,Starobilsk,2026-05-01,recruitment_and_contract_service,2,15,0.133
1087,Старобельский вестник,Starobilsk,2026-05-01,passportization_and_documents,9,15,0.6
1087,Старобельский вестник,Starobilsk,2026-05-01,elections_and_administration,10,15,0.667
1087,Старобельский вестник,Starobilsk,2026-05-01,reconstruction_and_integration,14,15,0.933
1087,Старобельский вестник,Starobilsk,2026-05-01,ukraine_as_enemy,2,15,0.133
1087,Старобельский вестник,Starobilsk,2026-05-01,children_and_militarization,3,15,0.2
1087,Старобельский вестник,Starobilsk,2026-05-01,leadership_and_loyalty,69,15,4.6
1088,Стахановское знамя,Kadiivka,2026-04-01,recruitment_and_contract_service,1,15,0.067
1088,Стахановское знамя,Kadiivka,2026-04-01,passportization_and_documents,9,15,0.6
1088,Стахановское знамя,Kadiivka,2026-04-01,elections_and_administration,14,15,0.933
1088,Стахановское знамя,Kadiivka,2026-04-01,reconstruction_and_integration,19,15,1.267
1088,Стахановское знамя,Kadiivka,2026-04-01,ukraine_as_enemy,2,15,0.133
1088,Стахановское знамя,Kadiivka,2026-04-01,children_and_militarization,7,15,0.467
1088,Стахановское знамя,Kadiivka,2026-04-01,leadership_and_loyalty,74,15,4.933
1089,Стахановское знамя,Kadiivka,2026-04-08,recruitment_and_contract_service,0,15,0.0
1089,Стахановское знамя,Kadiivka,2026-04-08,passportization_and_documents,25,15,1.667
1089,Стахановское знамя,Kadiivka,2026-04-08,elections_and_administration,13,15,0.867
1089,Стахановское знамя,Kadiivka,2026-04-08,reconstruction_and_integration,26,15,1.733
1089,Стахановское знамя,Kadiivka,2026-04-08,ukraine_as_enemy,3,15,0.2
1089,Стахановское знамя,Kadiivka,2026-04-08,children_and_militarization,6,15,0.4
1089,Стахановское знамя,Kadiivka,2026-04-08,leadership_and_loyalty,75,15,5.0
1090,Стахановское знамя,Kadiivka,2026-04-15,recruitment_and_contract_service,7,15,0.467
1090,Стахановское знамя,Kadiivka,2026-04-15,passportization_and_documents,22,15,1.467
1090,Стахановское знамя,Kadiivka,2026-04-15,elections_and_administration,7,15,0.467
1090,Стахановское знамя,Kadiivka,2026-04-15,reconstruction_and_integration,19,15,1.267
1090,Стахановское знамя,Kadiivka,2026-04-15,ukraine_as_enemy,2,15,0.133
1090,Стахановское знамя,Kadiivka,2026-04-15,children_and_militarization,13,15,0.867
1090,Стахановское знамя,Kadiivka,2026-04-15,leadership_and_loyalty,85,15,5.667
1091,Стахановское знамя,Kadiivka,2026-04-22,recruitment_and_contract_service,0,15,0.0
1091,Стахановское знамя,Kadiivka,2026-04-22,passportization_and_documents,24,15,1.6
1091,Стахановское знамя,Kadiivka,2026-04-22,elections_and_administration,10,15,0.667
1091,Стахановское знамя,Kadiivka,2026-04-22,reconstruction_and_integration,11,15,0.733
1091,Стахановское знамя,Kadiivka,2026-04-22,ukraine_as_enemy,1,15,0.067
1091,Стахановское знамя,Kadiivka,2026-04-22,children_and_militarization,7,15,0.467
1091,Стахановское знамя,Kadiivka,2026-04-22,leadership_and_loyalty,89,15,5.933
1092,Стахановское знамя,Kadiivka,2026-04-29,recruitment_and_contract_service,1,15,0.067
1092,Стахановское знамя,Kadiivka,2026-04-29,passportization_and_documents,19,15,1.267
1092,Стахановское знамя,Kadiivka,2026-04-29,elections_and_administration,16,15,1.067
1092,Стахановское знамя,Kadiivka,2026-04-29,reconstruction_and_integration,19,15,1.267
1092,Стахановское знамя,Kadiivka,2026-04-29,ukraine_as_enemy,5,15,0.333
1092,Стахановское знамя,Kadiivka,2026-04-29,children_and_militarization,4,15,0.267
1092,Стахановское знамя,Kadiivka,2026-04-29,leadership_and_loyalty,89,15,5.933
1093,Троицкие вести,Troitske,2026-04-03,recruitment_and_contract_service,4,15,0.267
1093,Троицкие вести,Troitske,2026-04-03,passportization_and_documents,16,15,1.067
1093,Троицкие вести,Troitske,2026-04-03,elections_and_administration,404,15,26.933
1093,Троицкие вести,Troitske,2026-04-03,reconstruction_and_integration,36,15,2.4
1093,Троицкие вести,Troitske,2026-04-03,ukraine_as_enemy,2,15,0.133
1093,Троицкие вести,Troitske,2026-04-03,children_and_militarization,0,15,0.0
1093,Троицкие вести,Troitske,2026-04-03,leadership_and_loyalty,114,15,7.6
1094,Троицкие вести,Troitske,2026-04-10,recruitment_and_contract_service,0,15,0.0
1094,Троицкие вести,Troitske,2026-04-10,passportization_and_documents,13,15,0.867
1094,Троицкие вести,Troitske,2026-04-10,elections_and_administration,44,15,2.933
1094,Троицкие вести,Troitske,2026-04-10,reconstruction_and_integration,7,15,0.467
1094,Троицкие вести,Troitske,2026-04-10,ukraine_as_enemy,6,15,0.4
1094,Троицкие вести,Troitske,2026-04-10,children_and_militarization,2,15,0.133
1094,Троицкие вести,Troitske,2026-04-10,leadership_and_loyalty,76,15,5.067
1095,Троицкие вести,Troitske,2026-04-17,recruitment_and_contract_service,0,15,0.0
1095,Троицкие вести,Troitske,2026-04-17,passportization_and_documents,9,15,0.6
1095,Троицкие вести,Troitske,2026-04-17,elections_and_administration,4,15,0.267
1095,Троицкие вести,Troitske,2026-04-17,reconstruction_and_integration,29,15,1.933
1095,Троицкие вести,Troitske,2026-04-17,ukraine_as_enemy,1,15,0.067
1095,Троицкие вести,Troitske,2026-04-17,children_and_militarization,1,15,0.067
1095,Троицкие вести,Troitske,2026-04-17,leadership_and_loyalty,92,15,6.133
1096,Троицкие вести,Troitske,2026-04-24,recruitment_and_contract_service,3,15,0.2
1096,Троицкие вести,Troitske,2026-04-24,passportization_and_documents,12,15,0.8
1096,Троицкие вести,Troitske,2026-04-24,elections_and_administration,11,15,0.733
1096,Троицкие вести,Troitske,2026-04-24,reconstruction_and_integration,7,15,0.467
1096,Троицкие вести,Troitske,2026-04-24,ukraine_as_enemy,2,15,0.133
1096,Троицкие вести,Troitske,2026-04-24,children_and_militarization,4,15,0.267
1096,Троицкие вести,Troitske,2026-04-24,leadership_and_loyalty,82,15,5.467
1097,Троицкие вести,Troitske,2026-05-01,recruitment_and_contract_service,1,15,0.067
1097,Троицкие вести,Troitske,2026-05-01,passportization_and_documents,6,15,0.4
1097,Троицкие вести,Troitske,2026-05-01,elections_and_administration,13,15,0.867
1097,Троицкие вести,Troitske,2026-05-01,reconstruction_and_integration,9,15,0.6
1097,Троицкие вести,Troitske,2026-05-01,ukraine_as_enemy,3,15,0.2
1097,Троицкие вести,Troitske,2026-05-01,children_and_militarization,0,15,0.0
1097,Троицкие вести,Troitske,2026-05-01,leadership_and_loyalty,79,15,5.267
1098,Труд горняка,Bryanka,2026-04-01,recruitment_and_contract_service,1,15,0.067
1098,Труд горняка,Bryanka,2026-04-01,passportization_and_documents,15,15,1.0
1098,Труд горняка,Bryanka,2026-04-01,elections_and_administration,12,15,0.8
1098,Труд горняка,Bryanka,2026-04-01,reconstruction_and_integration,14,15,0.933
1098,Труд горняка,Bryanka,2026-04-01,ukraine_as_enemy,3,15,0.2
1098,Труд горняка,Bryanka,2026-04-01,children_and_militarization,2,15,0.133
1098,Труд горняка,Bryanka,2026-04-01,leadership_and_loyalty,86,15,5.733
1099,Труд горняка,Bryanka,2026-04-08,recruitment_and_contract_service,1,15,0.067
1099,Труд горняка,Bryanka,2026-04-08,passportization_and_documents,12,15,0.8
1099,Труд горняка,Bryanka,2026-04-08,elections_and_administration,13,15,0.867
1099,Труд горняка,Bryanka,2026-04-08,reconstruction_and_integration,29,15,1.933
1099,Труд горняка,Bryanka,2026-04-08,ukraine_as_enemy,9,15,0.6
1099,Труд горняка,Bryanka,2026-04-08,children_and_militarization,3,15,0.2
1099,Труд горняка,Bryanka,2026-04-08,leadership_and_loyalty,84,15,5.6
1100,Труд горняка,Bryanka,2026-04-15,recruitment_and_contract_service,1,15,0.067
1100,Труд горняка,Bryanka,2026-04-15,passportization_and_documents,24,15,1.6
1100,Труд горняка,Bryanka,2026-04-15,elections_and_administration,2,15,0.133
1100,Труд горняка,Bryanka,2026-04-15,reconstruction_and_integration,34,15,2.267
1100,Труд горняка,Bryanka,2026-04-15,ukraine_as_enemy,2,15,0.133
1100,Труд горняка,Bryanka,2026-04-15,children_and_militarization,7,15,0.467
1100,Труд горняка,Bryanka,2026-04-15,leadership_and_loyalty,99,15,6.6
1101,Труд горняка,Bryanka,2026-04-22,recruitment_and_contract_service,7,15,0.467
1101,Труд горняка,Bryanka,2026-04-22,passportization_and_documents,15,15,1.0
1101,Труд горняка,Bryanka,2026-04-22,elections_and_administration,12,15,0.8
1101,Труд горняка,Bryanka,2026-04-22,reconstruction_and_integration,16,15,1.067
1101,Труд горняка,Bryanka,2026-04-22,ukraine_as_enemy,0,15,0.0
1101,Труд горняка,Bryanka,2026-04-22,children_and_militarization,12,15,0.8
1101,Труд горняка,Bryanka,2026-04-22,leadership_and_loyalty,83,15,5.533
1102,Труд горняка,Bryanka,2026-04-29,recruitment_and_contract_service,1,15,0.067
1102,Труд горняка,Bryanka,2026-04-29,passportization_and_documents,17,15,1.133
1102,Труд горняка,Bryanka,2026-04-29,elections_and_administration,15,15,1.0
1102,Труд горняка,Bryanka,2026-04-29,reconstruction_and_integration,10,15,0.667
1102,Труд горняка,Bryanka,2026-04-29,ukraine_as_enemy,1,15,0.067
1102,Труд горняка,Bryanka,2026-04-29,children_and_militarization,4,15,0.267
1102,Труд горняка,Bryanka,2026-04-29,leadership_and_loyalty,79,15,5.267
